Rank,TeamId,TeamName,LastSubmissionDate,Score,SubmissionCount,TeamMemberUserNames
1,16714457,"Crop Dusta","2026-09-01 02:01:06",3007.0,2,rishigottumukkala
2,16651244,"Knight of Favonius","2026-09-03 14:04:54",2961.3,2,ladyfaye
3,16674508,"Giulio Ravasio","2026-09-03 07:34:49",2939.4,2,giuliorav
4,16633790,curiosity,"2026-09-03 10:57:31",2914.6,2,chmffwn1
5,16622898,"sbol ball","2026-09-02 20:50:54",2907.9,2,"linearbasis,maksimkostritsya"
6,16623990,senkin13,"2026-09-03 15:45:20",2897.5,2,senkin13
7,16684093,"fog flower","2026-09-03 09:43:20",2895.0,2,fogflower
8,16657785,"Himanshu Kumar","2026-09-03 18:49:53",2894.3,2,himanshujha2812
9,16698308,Yuan800,"2026-09-03 13:44:36",2890.5,2,yuan800
10,16697229,"Masashi Nishimoto","2026-09-03 10:46:11",2890.2,2,masashinishimoto
11,16730676,ActiveMusyoku,"2026-09-03 12:54:41",2887.8,2,"daiki0381,kohei0okazaki,noriyukimori,ryonatori,seipon"
12,16632240,Deepseek的恩情还不完,"2026-09-03 17:30:04",2885.1,2,"iwanys,pedianeko,realybin"
13,16688294,"hft farming","2026-09-03 08:54:42",2885.0,2,"gunhcolab,hweowe,markslavin"
14,16795062,"Satoshi Nguyen","2026-09-03 13:09:51",2880.9,2,satoshinguyenai
15,16621243,"Jesse Bullard","2026-09-03 14:05:15",2877.3,2,jessebullard
16,16743647,bono,"2026-09-03 08:18:46",2868.9,2,kjoonha
17,16743484,"薄和叶 Lv.INF","2026-09-03 14:24:47",2866.7,2,lumine01
18,16772723,"Zhou Haonan","2026-09-03 13:07:49",2861.7,2,hatsuseizuna
19,16749061,"Wang H2O","2026-09-03 08:00:15",2856.1,2,wangh2o
20,16767215,keiz,"2026-09-03 19:10:56",2848.3,2,keizkeiz
21,16728071,AI是我的豆包,"2026-09-03 16:19:04",2846.7,2,"blht2026,wocenmma"
22,16712863,ominteam,"2026-09-03 12:28:59",2844.8,2,"luantony,suruikk"
23,16773041,Lixin73,"2026-09-03 12:36:37",2836.7,2,lixin73
24,16677337,"xi luo","2026-09-03 10:03:58",2834.0,2,xiluo00
25,16623630,noobanot,"2026-09-03 12:05:20",2830.5,2,noobanot
26,16635969,"Omkar Kadam","2026-09-03 15:02:38",2826.1,2,"itzzomkar,khanayanayub,princypaonam"
27,16768603,Kinance,"2026-09-03 00:53:56",2823.9,2,kinance
28,16757809,dasfds,"2026-09-03 17:11:04",2823.1,2,dasfds
29,16681405,"Yusuke Hayashi","2026-09-03 06:27:30",2822.6,2,yhay81
30,16684402,vn1111,"2026-09-03 13:49:48",2821.8,2,vn1111
31,16749520,"Andrey Tikhomirov","2026-09-02 18:24:48",2821.7,2,andreytikhomirov
32,16807802,嘴爷,"2026-09-03 12:43:25",2819.0,2,zui0711
33,16662883,OceanMix,"2026-09-03 03:37:27",2803.8,2,"cggonzalezsc,fierus,liesvyvalladares"
34,16654266,古德拜吃,"2026-09-03 11:26:52",2797.9,2,nosaewang
35,16727103,sword3522,"2026-09-03 02:37:30",2794.6,2,"qinyanqiu,sword3522"
36,16623608,"Dmitry Larko","2026-09-02 19:13:28",2792.6,2,dmitrylarko
37,16685763,"koren sabag","2026-09-03 04:49:26",2792.0,2,korensabag
38,16735252,LagrangianLocomotive,"2026-09-03 19:42:12",2791.6,2,lagrangianlocomotive
39,16641524,AkiraIshikawa,"2026-09-03 15:29:14",2788.5,2,akiraishikawa
40,16624484,"Tomoki Hirose","2026-09-02 15:58:38",2786.4,2,tomokihirose
41,16790585,wzyxp_123,"2026-09-03 11:19:04",2786.0,2,cloudssdut
42,16670041,tc-al,"2026-09-03 08:24:55",2781.9,2,bobmyersthesecond
43,16665233,"Akash Deep","2026-09-03 18:22:52",2780.5,2,akashdeepo
44,16801457,"Who Stole My Vegetables?","2026-09-03 12:46:44",2778.6,2,subaru486
45,16663867,"Stephen Schott","2026-09-03 17:30:38",2778.5,2,steve421471
46,16701685,shawloong,"2026-09-03 13:58:40",2776.9,2,shawloong
47,16778340,NayuNayu,"2026-09-03 08:24:46",2774.5,2,nayunayu1005
48,16730881,hank0123,"2026-09-03 16:36:36",2772.6,2,hank0123
49,16665809,"Saravanan Jaichandaran","2026-09-03 07:21:34",2771.2,2,saranchandar
50,16660840,"An Garcia","2026-09-03 12:47:20",2770.2,2,angarcia
51,16670384,"Gordeev Max","2026-09-03 10:44:58",2768.5,2,gordeevmax
52,16656776,ShaoCharles,"2026-09-03 02:50:36",2768.1,2,shaocharles
53,16730761,ElephtAI,"2026-09-02 21:57:31",2766.6,2,yuchengj
54,16804549,Feidudu,"2026-09-03 16:32:17",2766.5,2,zenanshao
55,16784217,MMN0222,"2026-09-03 08:48:54",2766.2,2,mmn0222
56,16768043,"Cropy and Paste","2026-09-03 08:34:15",2765.6,2,tfriedel
57,16655098,"Brotron Carbide","2026-09-03 13:25:50",2765.2,2,brotroncarbide
58,16709967,Matsu,"2026-09-03 13:55:06",2762.0,2,matsuzawahayato
59,16820794,"Yuxuan Ba","2026-09-03 14:12:34",2758.4,2,yuxuanba
60,16786517,"TongYi Hong_HENU","2026-09-03 15:44:49",2757.4,2,"hongtongyi,lizhe125,ypeng1234"
61,16820116,cotora2121,"2026-09-03 13:20:39",2755.9,1,cotora2121
62,16730357,"My second life","2026-09-03 18:04:14",2755.4,2,"jjinho,ttyn4519"
63,16674385,"qr farm","2026-09-03 11:11:03",2754.9,2,qrz1201
64,16671767,Kaileh57,"2026-09-03 02:59:21",2754.0,2,kaileh57
65,16655383,MtN,"2026-09-03 15:22:40",2751.0,2,mariotrsn
66,16802410,"Aleksandr  Larko","2026-09-03 14:27:36",2750.7,2,alexxanderlarko
67,16635062,DL,"2026-09-03 16:13:24",2748.1,2,distiller
68,16664640,"Tiannan Zhang","2026-09-03 19:49:38",2745.5,2,underestimated
69,16637597,venks,"2026-09-02 21:33:23",2744.5,2,vterli
70,16695685,"kwon yong deuk","2026-09-03 13:48:18",2742.7,2,kwonyongdeuk
71,16658149,X,"2026-09-03 14:03:51",2742.6,2,lohithhb
72,16768236,Baligh,"2026-09-01 11:15:18",2742.4,2,balighmehrez
73,16633340,"Tim Zagrebelny","2026-09-03 12:58:04",2739.1,2,timzagrebelny
74,16793553,hoon0303,"2026-09-03 15:34:54",2739.0,2,hoon0303
75,16811433,"Bx LLLLLLLL","2026-09-03 11:13:01",2738.8,2,bxllllllll
76,16782520,Durian,"2026-09-03 14:06:20",2737.2,2,rainyjin
77,16719123,"Thomas Tschinkel","2026-09-03 16:38:00",2737.0,2,thomastschinkel
78,16655478,Bruce,"2026-09-03 14:15:22",2736.1,2,bruceqdu
79,16636536,tetsu2131,"2026-09-03 17:16:43",2728.7,2,tetsutani
80,16683936,Cyrus,"2026-09-03 12:47:59",2726.4,2,jamalsaeedi
81,16668406,"VAP RF5","2026-09-03 15:31:55",2725.7,2,vaprf5
82,16695229,X1a0Ch3n,"2026-09-03 13:57:36",2724.9,2,xiaochen20236673
83,16713262,"Seyit kaan Gunes","2026-09-03 08:08:58",2724.4,2,seyitkaangunes
84,16716821,めめっち,"2026-09-03 15:50:08",2723.4,2,mechi22
85,16637987,Xander,"2026-09-03 08:53:01",2717.8,2,canqiang
86,16659920,vkhydras,"2026-09-03 18:17:29",2715.7,2,vickimar
87,16763669,cm391,"2026-09-03 14:46:10",2712.8,2,mccocoful
88,16779254,MaxZhuCHN,"2026-09-03 08:08:17",2711.0,2,maxzhuchn
89,16692956,VanKoha,"2026-09-03 06:31:52",2708.3,2,kohasama
90,16742139,ALLAI,"2026-09-03 02:10:02",2708.2,2,glorysing
91,16705139,gogogo,"2026-09-03 09:56:08",2707.1,2,huzech
92,16806000,wyz0210,"2026-09-03 16:09:31",2699.9,2,weiyouzhen
93,16669148,"Syed Muhammad Gillani","2026-09-03 14:25:18",2698.8,2,syedmuhammadgillani
94,16660483,TIM,"2026-09-03 13:10:13",2698.7,2,daynoryamil
95,16741542,Jiro2,"2026-09-03 17:23:45",2697.8,2,amonkizawa
96,16707144,Kirderf,"2026-09-03 12:34:01",2695.4,2,kirderf
97,16665829,Shadowfishes,"2026-09-03 14:22:01",2693.2,2,"boandme,ronitagarwal1,shauryasahdev2"
98,16730735,YUK,"2026-09-03 17:20:49",2692.4,2,yu0307
99,16732292,takaygiiiiiiii,"2026-09-03 08:46:29",2692.1,2,takaygiiiiiiii
100,16792542,RB25det,"2026-09-03 15:28:44",2691.6,2,rb25det
101,16762957,邪悪な暁山瑞希、ジャガイモを量産してフライドポテト市場を独占,"2026-09-02 16:00:32",2691.2,2,yinzimike
102,16681744,team_fn,"2026-09-03 06:54:24",2688.4,2,fjklmn
103,16743639,Hanserong,"2026-09-03 13:06:48",2687.7,2,"ronghedragon,rufus666"
104,16711752,"Atakan Aldemir","2026-09-03 09:24:35",2686.3,2,atakanaldemir
105,16761293,cha7ura,"2026-09-03 19:15:09",2683.6,2,cha7ura
106,16677149,"Umataro Tenma","2026-09-03 06:52:15",2682.8,2,umatarotenma
107,16720316,"Hưng Trần","2026-09-03 11:26:17",2679.6,2,hungtrabiz
108,16656496,"Vaibhav Gupta","2026-09-03 11:26:35",2678.3,2,vaihero
109,16630251,"Handry Novianto","2026-09-03 14:18:59",2676.1,2,handrynovianto
110,16764546,Thirst,"2026-09-03 17:19:54",2675.6,2,wahidakram
111,16729102,"Bruce Zheng","2026-09-03 15:58:33",2672.8,2,brucezheng666
112,16681601,Hanaro,"2026-09-03 08:46:56",2670.7,2,lucas040
113,16657229,"Adam Li","2026-09-03 11:01:57",2668.2,2,lizhiiii
114,16710140,Lynxx,"2026-09-03 14:28:29",2667.7,2,lynnsakurai
115,16644808,"Rotation Theory","2026-09-03 04:03:36",2665.8,2,mikhsank
116,16682494,Phi,"2026-09-03 13:31:45",2664.7,2,ajinomoto132
117,16750268,"Harris Bashir","2026-09-03 16:57:02",2662.1,2,harrisbashir
118,16641138,"Bharath Varma","2026-09-03 07:41:35",2661.6,2,bharath111l
119,16641710,yjshyfy,"2026-09-03 13:31:24",2660.5,2,yjshyfy
120,16743392,tellurium_rrr,"2026-09-03 15:20:57",2660.3,2,telluriumrrr
121,16756591,"Hamed Vakili","2026-09-03 09:41:14",2657.6,2,"hamedvakilit0,maryam7713"
122,16625060,"Subin An","2026-09-02 22:51:32",2657.3,2,subinium
123,16674949,"Lev Neganov","2026-09-03 04:55:48",2657.0,2,levoel
124,16637546,Forrest,"2026-09-03 10:34:34",2654.8,2,yinxiaogang
125,16644724,"Kaggriculture Agent","2026-09-03 12:17:01",2654.1,2,"jiweiliu,tonylica,yiheng"
126,16734551,"junseok lee","2026-09-03 00:36:56",2652.8,2,jaslee2
127,16781166,Ant,"2026-09-03 02:47:35",2651.2,2,anthonytrevino
128,16744979,"Ahmed Alhassan","2026-09-02 14:14:55",2650.2,2,ahmed55
129,16685556,binghua,"2026-09-03 12:11:52",2648.9,2,binghua123
130,16678462,"Eric Han Wang","2026-09-03 06:11:14",2646.7,2,ericwang03
131,16794090,Euphor_M,"2026-09-03 12:37:05",2645.4,2,euphor
132,16793600,mogura2.0,"2026-09-03 14:52:18",2643.6,2,mogura20
133,16693534,HireMe,"2026-09-03 04:15:06",2642.9,2,junta1104
134,16804863,JezzLynn,"2026-09-03 16:50:03",2642.7,2,jezzlin
135,16637973,StephenNedumpally,"2026-09-03 14:05:33",2641.9,2,stephennedumpally
136,16791248,"Ioannis Tzachristas","2026-09-03 09:29:54",2641.4,2,"ioannistzachristas,lilishyxf"
137,16778388,"straw hats","2026-09-03 18:16:21",2640.7,2,rushikeshgaonkar
138,16746025,Hamachi,"2026-09-03 11:55:58",2640.2,2,hamatz
139,16712258,Yizhou,"2026-09-03 01:40:21",2639.1,2,yaphellee
140,16677217,Panos,"2026-09-03 16:25:21",2638.7,2,panosc
141,16782564,"Chris Tu","2026-09-03 13:26:41",2637.4,2,christu831004
142,16731803,JYShane,"2026-09-03 07:00:05",2637.3,2,jyshane
143,16624893,"GURU Prasaatha S","2026-09-03 18:38:26",2637.1,2,guruprasaathas111
144,16779388,"Mohammad Alnajdawi","2026-09-03 15:43:25",2635.1,2,mohammadalnajdawi
145,16780279,"N Divij","2026-09-02 17:41:10",2634.5,2,divijio
146,16672128,Cliffton,"2026-09-03 03:49:29",2625.8,2,rieltzx
147,16654463,Mark,"2026-09-03 16:57:54",2622.8,2,robotmf
148,16758882,mtmr_s1,"2026-09-03 17:03:02",2622.3,2,mtmrs1
149,16732051,Jeryos,"2026-09-03 16:29:44",2621.3,2,joulskaf
150,16656514,"Soan papdi","2026-09-03 16:53:31",2619.1,2,praveensahukari
151,16791712,"xiang W","2026-09-03 09:44:55",2618.9,2,"dekonsu,xiangwaaaaa"
152,16718138,Haalandspring,"2026-09-03 17:47:11",2618.1,2,haalandspring
153,16623382,diamond_hoe,"2026-09-02 08:18:46",2617.5,2,bbrage
154,16663649,"Akhil Chinta","2026-09-03 01:26:54",2617.1,2,akhilchinta1505
155,16684202,Ignat,"2026-09-03 10:45:24",2616.7,2,ignatgotin
156,16689748,cheesytoasts,"2026-09-03 13:30:45",2616.5,2,cheesinnn
157,16672315,CemBas,"2026-09-03 05:26:45",2616.5,2,cembas
158,16768385,neibyr,"2026-09-03 13:23:00",2615.4,2,neibyr
159,16634765,democatXamer,"2026-09-03 16:53:56",2615.4,2,w1326627677
160,16657449,Timass,"2026-09-03 07:28:02",2615.4,2,timmass2
161,16712189,"Kostiantyn Isaienkov","2026-09-03 14:30:07",2613.9,2,isaienkov
162,16697767,"Teddy Tennant","2026-09-03 03:48:54",2613.1,2,thtennant
163,16727171,yfy,"2026-09-03 18:42:17",2612.4,2,qwidndbdjss
164,16775076,hiros,"2026-09-03 04:15:51",2611.1,2,hiroshige1
165,16630825,"Black Mamba Farm","2026-09-03 06:03:21",2607.5,2,"asherjyd,qizhiran,yukundu231100"
166,16794536,HirokiTaniai,"2026-09-03 13:16:05",2607.2,2,nyokinyoki
167,16655654,Cacinie,"2026-09-03 17:12:51",2607.0,2,cacinie
168,16640807,TS,"2026-09-03 06:42:28",2605.9,2,"milkcoffeen,takumi0220"
169,16658038,Khanh,"2026-09-03 09:53:41",2599.8,2,khanhp142
170,16677847,ShiviWhivi,"2026-09-03 12:00:43",2599.3,2,blackpearls1
171,16716263,"Ugnė Miklovaitė","2026-09-03 09:47:50",2599.1,2,ugnmiklovait
172,16745006,UjjwalPardeshi,"2026-09-03 06:11:37",2595.9,2,ujjwalpardeshi
173,16622454,automatylicza,"2026-09-02 19:21:39",2595.3,2,automatylicza
174,16711376,"Arman Tuganbaev","2026-09-03 12:56:03",2594.6,2,armantuganbaev
175,16769836,weense,"2026-09-03 13:36:00",2591.6,2,weense
176,16691270,"Piyal Chowdhury","2026-09-03 14:08:20",2587.7,2,piyalchowdhury
177,16756764,"Alperen Aydın","2026-09-03 12:40:06",2586.0,2,alperen5252525
178,16784561,"Rodrigo Ramón","2026-09-03 15:56:50",2585.7,2,rodrigoramn
179,16747273,ra1nac1d,"2026-09-03 17:11:17",2585.5,2,ra1nac1d
180,16805370,"Gaiar Baimuratov","2026-09-03 05:34:15",2585.5,2,baimuratov
181,16728069,Taisei7,"2026-09-03 15:43:42",2584.1,2,taisei7
182,16730323,fufufukakaka,"2026-09-03 03:12:23",2576.6,2,fufufukakaka
183,16794730,Fanch,"2026-09-03 10:01:44",2576.6,2,fanch123
184,16806862,JudyWatermelon,"2026-09-02 23:16:13",2575.6,2,judywatermelon
185,16732578,nao.kwmr,"2026-09-03 10:49:42",2575.0,2,naokwmr
186,16623458,datnt114,"2026-09-03 07:16:55",2573.3,2,kingkong153
187,16660281,"xiy lin","2026-09-03 11:37:38",2571.4,2,xiylin
188,16781279,zhyphirus,"2026-09-03 17:19:05",2569.5,2,zhyphirus
189,16623877,Chikuwabu,"2026-09-03 06:41:05",2568.6,2,prgckwb
190,16659295,snaykey,"2026-09-03 18:03:53",2568.2,2,snaykey
191,16655129,"Morylov Yehor","2026-09-03 12:19:33",2559.9,2,morylov
192,16659776,"Ben Hamilton","2026-09-03 03:45:17",2557.2,2,kineticaxisstudio
193,16694149,maxout,"2026-09-03 12:58:09",2557.0,2,"aadijoshi19,kavyabhand"
194,16655150,"Benjamin H Pepper","2026-09-03 10:18:17",2554.7,2,bhpepper
195,16675344,PP_Azalearn,"2026-09-03 12:13:03",2554.1,2,"androidss,keitookamoto,pptakehirokawada"
196,16811890,Bobbbbbbbbx,"2026-09-03 15:25:01",2553.4,2,bobbbbbbbbx
197,16723955,chunsuri,"2026-09-03 07:02:53",2553.1,2,chunsuri
198,16670879,"old macdonald","2026-09-01 15:55:31",2551.9,2,djschmit
199,16659464,"Héctor Valverde","2026-09-03 06:43:27",2550.4,2,hvpareja
200,16659555,"Joseph Adamski","2026-09-03 13:39:43",2549.2,2,josephadamski91
201,16664111,"John Park","2026-09-02 18:18:46",2548.2,2,sigint
202,16651332,"Le Viet","2026-09-03 15:39:10",2547.5,2,sleepyssr
203,16738822,shakedamo0w0,"2026-09-03 12:54:26",2547.2,2,shakedamo0w0
204,16729280,"Ryoya Tsuruoka","2026-09-03 08:48:38",2544.7,2,"irohasorange,mrooto,rahaia"
205,16746599,Borrun,"2026-09-02 20:40:23",2544.4,2,borrun
206,16736120,"Ricky #2","2026-09-03 08:15:15",2544.0,2,rickyds97
207,16806938,boominginging,"2026-09-03 10:30:11",2543.8,2,boominginging
208,16621590,Yaroslav,"2026-09-03 17:56:19",2542.7,2,yaroslavrogoza
209,16756153,INV,"2026-09-03 12:49:54",2541.2,2,yutomuroshima
210,16714134,"Raul Tinajero","2026-09-02 23:46:23",2539.2,2,raultinajeroo
211,16631640,"Danielle Lesin fan","2026-09-03 17:50:26",2537.3,2,caoyupeng
212,16762019,yukino,"2026-09-02 14:55:02",2536.8,2,"jifengjianhao666,mqingcs"
213,16635745,DataRockstar,"2026-09-03 00:20:51",2536.8,2,"amaropeter,jvlegend"
214,16691867,huyang111,"2026-09-03 13:11:52",2536.4,2,huyang111
215,16713291,Lperalt,"2026-09-03 06:39:35",2535.8,2,lucianobastidas
216,16811571,"Daniel Guo","2026-09-03 18:54:10",2535.0,2,denialguo
217,16704247,WeAreFarmers,"2026-09-03 16:23:52",2534.1,2,gbmorris1
218,16789561,"Rohan Kishibe","2026-09-03 12:31:56",2533.3,2,anbianluban1
219,16748733,"Driz Lo","2026-09-02 23:28:29",2533.1,2,drizlo
220,16671454,Shadow,"2026-09-03 07:30:08",2533.1,2,uziahmd
221,16775378,TK256,"2026-09-03 11:14:24",2532.8,2,tk256ailab
222,16811224,yuya,"2026-09-03 13:08:39",2532.0,2,yuomori
223,16762289,NineThree,"2026-09-03 12:02:26",2530.4,2,xiaoazuzong
224,16632423,goh,"2026-09-03 03:12:02",2530.2,2,bungohatayama
225,16780141,"One Zero001","2026-09-03 08:43:16",2529.1,2,onezero001
226,16626979,"An - Claudex","2026-09-03 16:34:01",2527.2,2,myotterspace
227,16670371,rkd,"2026-09-03 02:18:11",2526.3,2,ryookd
228,16806014,"weihao huang2004","2026-09-03 04:02:14",2523.9,2,weihaohuang2004
229,16654704,mandgeee,"2026-09-03 10:57:59",2522.6,2,mandgeee
230,16777406,"Toheeb Ogunade","2026-09-03 17:29:43",2521.7,2,toheebogunade
231,16745569,kitchs,"2026-09-03 02:00:55",2520.5,2,kitchs
232,16645426,Jun_value,"2026-09-03 01:11:51",2519.5,2,junvalue
233,16621595,OverfitOracle,"2026-09-03 18:06:30",2516.7,2,alisalmanrana
234,16799934,auhulu,"2026-09-03 12:11:03",2516.6,2,auhulu
235,16683199,"Filippo Gombac","2026-09-02 17:16:47",2514.6,2,filippogombac
236,16759578,Randy,"2026-09-03 15:08:22",2514.1,2,rvndyerwin
237,16814716,edder0798,"2026-09-03 15:03:26",2513.6,2,"edder0798,wangxi608"
238,16655789,"wen chong yu","2026-09-02 22:15:30",2513.6,2,wenchongyu
239,16665637,Luvsh81,"2026-09-03 00:00:30",2513.3,2,luvsh81
240,16671150,Mc10nys0n,"2026-09-03 14:18:45",2512.5,2,rattanunt
241,16621315,"Reyhan Ksatria","2026-09-03 13:02:45",2511.0,2,reyhanksatria
242,16721805,kavunidze,"2026-09-03 11:04:48",2510.6,2,kartu72
243,16622459,"Munal Singh","2026-09-03 01:12:07",2510.3,2,munalsingh
244,16667922,JungHwan,"2026-09-03 06:32:38",2510.2,2,najunghwan
245,16769059,"Shaw Sebastian","2026-09-02 21:58:27",2510.0,2,"shawsebastian,tvtdddd"
246,16762735,"Zenith Ye","2026-09-02 02:25:46",2509.4,2,zenithye
247,16668783,Zyy7390,"2026-09-03 16:22:24",2509.1,2,"tigerrrrrr,zyy7390"
248,16797543,Tarang222,"2026-09-03 12:08:38",2509.0,2,tarang222
249,16730578,BostonKaggle,"2026-09-03 15:50:19",2505.0,2,"isthereanycode,lynnkim0"
250,16794740,"Alexander R Luz","2026-09-03 18:16:58",2503.2,2,alexanderrluz
251,16665641,"Alexander Shahramanyan","2026-09-03 12:01:17",2499.2,2,alexshah
252,16632566,maco-macoo,"2026-09-03 15:52:42",2498.8,2,macomacoo
253,16731686,SaiKushal185,"2026-09-03 06:41:12",2498.1,2,saikushal185
254,16749466,"The Wolf of Wheat Street","2026-09-02 18:05:09",2496.9,2,"lijuantang19,yuemengzheng01"
255,16806195,unreal,"2026-09-02 12:35:10",2495.2,2,gauravgs1007
256,16736542,YuRuiZe,"2026-09-03 07:50:35",2493.3,2,ruoyuruize
257,16623805,"Howon Kang","2026-09-03 11:47:17",2492.7,2,howonkang
258,16696304,"Utkarsh #2","2026-09-03 16:58:10",2492.5,2,n0va007
259,16748476,sam_the_rice_cake,"2026-09-03 05:43:47",2489.7,2,"hash548,wliilamsam"
260,16702975,RicardoLópez,"2026-09-03 15:07:56",2489.5,2,richi2489
261,16746395,Levin,"2026-09-03 12:28:43",2483.0,2,"sophiexs,zhengliwen"
262,16734979,NiuLAI,"2026-09-03 10:05:50",2481.6,2,"chunsingyu,chunyinhui,jaminmei"
263,16731415,BOB,"2026-09-03 10:31:46",2481.0,2,hotpotbro
264,16811868,luyinn,"2026-09-03 15:39:43",2478.8,2,luyinn
265,16635029,"Oleg Melnik","2026-09-02 21:05:03",2475.6,2,olegmelnik
266,16696999,"HD h Joratos","2026-09-03 14:59:13",2475.5,2,hdhjoratos
267,16658343,aisamhottman,"2026-09-03 11:37:02",2472.6,2,heuingttiang
268,16628951,"Hiro Nomo","2026-09-03 12:59:53",2469.6,2,morinokuma3
269,16676321,"tao wu11","2026-09-03 19:40:13",2467.1,2,"taowu11,xujchill"
270,16766128,"Oleksandr Parfionov","2026-09-03 14:45:51",2466.3,2,parfyon
271,16641230,"An V1","2026-09-03 13:49:26",2466.0,2,barakuga
272,16742684,Inzilbêth,"2026-09-03 05:11:48",2465.7,2,inzilbth
273,16680144,AM,"2026-09-03 14:20:55",2464.3,2,adammekky
274,16665294,"Thái Văn Tài","2026-09-02 10:02:36",2464.1,2,thivnti
275,16622842,Will,"2026-09-03 18:08:05",2461.9,2,wguesdon
276,16661558,안녕하세요이세입니다잘부탁드립니다,"2026-09-03 12:09:58",2461.1,2,"moonswalk,municef1"
277,16677107,gagacrow,"2026-09-02 23:03:53",2460.8,2,gagacrow
278,16760515,"Kazuo Watanabe","2026-09-03 04:35:24",2459.3,2,watanabekazuo
279,16660041,"Hoàng Quốc Việt ","2026-09-03 09:43:52",2458.2,2,viethwang3i
280,16698136,"David Estevez","2026-09-03 16:59:40",2457.0,2,destbreso
281,16645203,easonyanyan,"2026-09-03 04:46:56",2456.0,2,easonyanyan
282,16730719,Xiaowenhao404,"2026-09-03 03:41:57",2455.7,2,xiaowenhao404
283,16795131,XuanxuChem,"2026-09-03 11:45:04",2455.3,2,zhaonoah
284,16651695,"Abnormal Guys","2026-09-03 10:16:50",2453.5,2,"gwey1025,koushikrudra"
285,16684954,"Suneeth reddy","2026-09-03 18:38:38",2452.1,2,suneethreddy
286,16669926,Jince,"2026-09-03 12:45:39",2451.3,2,jincesaju
287,16730473,Kyohei,"2026-09-03 11:16:05",2449.4,2,kyohei3
288,16808178,qianyuatkaggle,"2026-09-03 13:25:39",2449.2,2,qianyuatkaggle
289,16623716,tetsuya,"2026-09-03 00:49:35",2448.3,2,"tetsuya3510,yuanzhezhou"
290,16752019,"Kaipeng Zheng","2026-09-03 12:35:26",2447.8,2,kaipengzheng
291,16764349,Solo,"2026-09-03 08:42:29",2446.6,2,solosolo
292,16661743,"Sergey Kutepov","2026-09-03 16:58:19",2445.4,2,natsyst
293,16653044,"Claudex - An","2026-09-03 19:30:54",2444.6,2,"binhdth,buphmquc,hainguyenthien,pntan17"
294,16745949,"Miaohua Zhang","2026-09-03 13:09:35",2443.1,2,miaohuazhang
295,16677810,"Maksim Borisov","2026-09-03 10:17:56",2442.4,2,ma4ypic4y
296,16783642,base_camp_2002,"2026-09-03 03:44:07",2438.0,2,basecamp2002
297,16667604,L7n,"2026-09-03 12:20:30",2437.0,2,znwe342
298,16737650,sime_saba,"2026-09-03 04:34:25",2435.8,2,watarukawashima
299,16636079,"Pawan Rama Mali","2026-09-03 03:36:12",2434.5,2,pawanmali
300,16752740,BorisV,"2026-09-02 12:19:20",2433.8,2,bvoskresenskii
301,16807411,tamura_aicon,"2026-09-03 16:46:57",2431.0,2,hayatetaf
302,16659679,Civitasmass,"2026-09-03 05:24:29",2430.2,2,godhand
303,16732210,tanadai,"2026-09-03 12:20:14",2427.5,2,da0516
304,16673205,"Arda Ceylan","2026-09-03 12:43:12",2424.8,2,ardacey
305,16693965,ra5anchor,"2026-09-03 12:50:31",2420.9,2,junmitsui
306,16688787,Fih,"2026-09-02 08:01:59",2419.0,2,vencerlanz09
307,16796600,skyShenzi5822,"2026-09-03 05:48:32",2415.7,2,skyshenzi
308,16629165,lingyu07,"2026-09-03 00:56:41",2415.3,2,lingyu07
309,16622349,"Mengfei Li","2026-09-02 21:07:09",2415.2,2,meli19
310,16715235,l1aF,"2026-09-03 14:24:05",2415.0,2,hhhoang
311,16640510,SpaTaro,"2026-09-03 02:54:45",2413.9,2,tarosqrd2
312,16809211,"Aleix López","2026-09-03 10:13:15",2410.4,2,aleixlopez
313,16805980,Kifine,"2026-09-03 14:44:15",2408.5,2,liaoyingxi
314,16710499,sukeke,"2026-09-03 08:33:43",2408.3,2,sukeke
315,16655520,"kaggle Osaka","2026-09-03 18:28:12",2405.8,2,toshiyukitanaka
316,16735094,RngRng,"2026-09-02 23:51:40",2403.5,2,rngrng
317,16763505,"Sai Reddy Pothireddy","2026-09-02 22:56:19",2403.0,2,saireddypothireddy
318,16637255,"Peter Parker","2026-09-03 11:26:22",2403.0,2,superallen001
319,16730344,lvisdd,"2026-09-03 02:33:37",2401.2,2,lvisdd
320,16734447,"Ali Bauyrzhan","2026-09-02 13:59:43",2400.7,2,alibauyrzhan
321,16795853,GaoKui,"2026-09-03 08:15:53",2399.4,2,gaokui
322,16810275,Adam,"2026-09-03 00:29:24",2399.0,2,potonglantie93
323,16707562,Snipine,"2026-09-03 01:59:46",2399.0,2,boluosnow
324,16672997,"Francesco Montone","2026-09-02 15:13:04",2397.9,2,francescomontone
325,16652750,"Bahadir Selim Bakla ","2026-09-03 16:16:56",2395.8,2,bahadirselimbakla
326,16769411,Beyond,"2026-09-03 19:43:10",2395.3,2,themanysh
327,16621533,"Vladislav Kartashov","2026-09-03 18:23:05",2394.5,2,phoenix0501
328,16736124,GIN,"2026-09-03 10:26:10",2394.5,2,runjinzhang
329,16634312,"Linh Le","2026-09-02 14:01:54",2393.1,2,linhlethuy
330,16645596,Kosakunin,"2026-09-03 13:33:57",2393.0,2,yugoawawa
331,16668262,spbforce,"2026-09-03 19:05:56",2391.6,2,spbforce
332,16630752,motemen,"2026-09-03 12:31:04",2391.4,2,motemen
333,16693976,rererenore,"2026-09-03 14:36:36",2389.2,2,rererenore
334,16810078,Sam-wiz,"2026-09-03 18:10:17",2388.1,2,samwiz
335,16764089,UtaAzu,"2026-09-02 23:44:37",2387.4,2,utaazu
336,16662833,"umair zia","2026-09-03 18:43:22",2387.2,2,aimerscoding
337,16660255,"Revanth Tambisetty","2026-09-03 02:28:10",2384.8,2,revanthtambisetty
338,16720797,"Vibe Farmer","2026-09-02 16:43:00",2384.5,2,pulakkantibhowmick
339,16773964,trung,"2026-09-03 09:13:37",2382.6,2,trung2006
340,16714159,Lonnie,"2026-09-02 19:07:22",2382.0,2,lonnieqin
341,16624979,"Mohamed abdelrazik","2026-09-02 06:19:46",2381.9,2,mohamed3abdelrazik
342,16658382,vladee,"2026-09-03 12:56:54",2381.6,2,vladee
343,16797154,"Elvern Neylmav Tanny","2026-09-03 04:45:14",2379.8,2,elvernneylmavtanny
344,16732714,Mforg,"2026-09-02 20:30:48",2379.7,2,mforg74911
345,16806535,"zhangzhuang li","2026-09-03 18:31:12",2378.4,2,zhangzhuangli
346,16726559,william,"2026-09-03 16:56:05",2378.3,2,hiricodev
347,16654068,"Renoir Vieira","2026-09-03 11:15:30",2377.2,2,renoirvieira0
348,16740405,ibyyue,"2026-09-03 02:11:37",2376.2,2,ibyyue
349,16734580,shyjin,"2026-09-03 08:28:50",2376.2,2,shyjin
350,16655277,GUAM,"2026-09-03 12:06:44",2376.2,2,"analyticaobscura,jeongminlee92,kmmmvs,wnmgrn"
351,16805778,"Dương Đức Anh","2026-09-03 16:43:18",2374.0,2,dda2k6
352,16638994,wpl,"2026-09-02 20:25:07",2373.1,2,peilwang
353,16630804,"Emre Cirak","2026-09-03 10:59:16",2371.9,2,biohack44
354,16627032,"Kaito Fukami","2026-09-03 12:41:33",2369.8,2,kaitofukami
355,16661039,Abracadabra,"2026-09-03 14:45:21",2369.1,2,giovannicr
356,16695664,Bantam,"2026-09-02 06:51:24",2368.8,2,bantam
357,16806587,"Dear Shark","2026-09-03 13:19:58",2366.8,2,dearshark
358,16782203,"rui xiong","2026-09-02 16:25:53",2366.5,2,xiongruihumingyu
359,16689366,"Cuong Le","2026-09-03 10:51:25",2362.8,2,ad1999
360,16735744,老乡,"2026-09-03 04:38:32",2362.7,2,hboyang
361,16797251,"Nguyễn Mạnh Niên","2026-09-02 06:19:44",2362.4,2,jacobrichard312
362,16670537,Silhouette,"2026-09-03 14:42:07",2361.1,2,jamessargsyan
363,16733766,Paarthpowa,"2026-09-03 10:18:35",2360.8,2,paarthpowa
364,16727536,lelelove1225,"2026-09-03 07:17:45",2359.7,2,lelelove1225
365,16641077,lucaskna,"2026-09-02 14:48:27",2359.3,2,lucaskna
366,16738492,"Follow Me Gradient","2026-09-03 07:18:19",2359.1,2,farukece
367,16630312,beijijun,"2026-09-03 06:17:33",2356.9,2,beijijun
368,16758709,dk07dk,"2026-09-03 11:21:30",2356.6,2,dk07dk
369,16743836,"Auto Fermers","2026-09-03 16:22:59",2356.5,2,"artemboltaev,dmitriigluzdov"
370,16662121,One-For-All,"2026-09-02 15:34:38",2355.2,2,indarkarhana
371,16773069,Grant,"2026-09-03 04:55:18",2354.6,2,leolin05
372,16655519,CurveCowboy,"2026-09-03 17:56:47",2354.3,2,curvecowboy
373,16622567,"Georgy Mamarin","2026-09-03 16:28:14",2352.3,2,georgymamarin
374,16738759,YJR,"2026-09-03 02:04:15",2352.3,2,misakamikoto66
375,16742439,"Shangshang Zhang","2026-09-03 15:24:39",2350.3,2,msvzss
376,16658221,"Roshan Roy","2026-09-03 18:04:31",2349.2,2,"adhilvt,mohamedarifj,roshanroy333"
377,16656432,"CornHub Premium","2026-09-02 23:40:50",2347.9,2,nihilisticneuralnet
378,16822602,haru0707,"2026-09-03 16:59:34",2346.2,2,haru0707
379,16744342,"glupez ","2026-09-03 14:47:40",2345.8,2,glupez
380,16681116,Kagamihara,"2026-09-02 16:38:03",2345.3,2,kagamihara
381,16624276,陈胜吴广,"2026-09-03 15:34:24",2343.8,2,"horizen12,zejunfool"
382,16679688,"Sathwik Chinthakayala","2026-09-03 13:13:50",2343.7,2,sathwikchinthakayala
383,16633226,test_money,"2026-09-03 13:01:19",2343.5,2,michaelsemenoff
384,16654490,"Furious Monk","2026-09-03 14:46:22",2343.1,2,furiousmonk
385,16731186,Naru041104,"2026-09-03 13:53:18",2342.2,2,naru041104
386,16632715,cmasch,"2026-09-02 08:54:55",2341.7,2,cmasch
387,16675063,"King Tian","2026-09-03 08:16:10",2340.7,2,tianwang1210
388,16732478,Ken_Ken_Pa,"2026-09-03 13:58:43",2339.3,2,kenkenpa
389,16654715,"Aqib Raza","2026-09-02 19:21:26",2336.9,2,aqibrazadev
390,16765884,洛希边际,"2026-09-03 03:01:44",2334.4,2,bxz2003
391,16755705,"Semyon Epanov","2026-09-03 18:24:55",2334.2,2,semyonepanov
392,16779564,oycr,"2026-09-03 10:42:32",2333.5,2,"oyxiaobai159,wdt124"
393,16740207,"As Long As You Love Me","2026-09-03 09:28:13",2333.4,2,theunforgiven7
394,16623400,Less,"2026-09-03 16:46:59",2333.3,2,jiaoyouzhang
395,16684045,zekenoe,"2026-09-03 02:01:17",2333.2,2,"yizhewong,zekenos"
396,16811637,mohui666,"2026-09-03 09:21:41",2329.8,2,mohui666
397,16666442,"SHALWIN SANJU","2026-09-03 17:46:54",2329.6,2,shalwinsanju
398,16743582,ShunkiKyoya,"2026-09-03 00:45:23",2326.0,2,shunkikyoya
399,16742183,alessandrozonta,"2026-09-03 11:43:48",2324.7,2,azonta
400,16622420,RuiFSPinto,"2026-09-03 07:33:07",2323.5,2,ruifspinto
401,16663632,Seho.Connect,"2026-09-03 16:05:19",2323.1,2,sehoconnect
402,16701258,ln,"2026-09-03 13:32:32",2323.1,2,nazarov
403,16665134,edteoh,"2026-09-03 15:25:58",2322.4,2,edteoh
404,16730301,wonder777,"2026-09-03 03:15:10",2319.6,2,wonder777
405,16677855,Mehrdad_LU,"2026-09-03 18:44:20",2318.8,2,mehrdadal2023
406,16671012,"Sean Zhang","2026-09-03 02:59:51",2318.5,2,seanzhang2445
407,16632224,"牧瀬 紅莉栖","2026-09-03 11:38:17",2312.0,2,yamakawanin
408,16730076,SJY321,"2026-09-03 10:40:23",2311.6,2,sjy321
409,16731270,"Arthurs Torres24","2026-09-03 15:07:16",2308.7,2,arthurstorres24
410,16674312,yuxuan,"2026-09-03 15:21:53",2307.0,2,yuxuan1221
411,16806376,pardival,"2026-09-03 13:44:24",2304.1,2,pardival
412,16671017,"Pablo César Ruíz","2026-09-03 02:39:59",2303.1,2,pcruiher08
413,16676114,Gekkotron,"2026-09-03 14:14:58",2302.7,2,gekkotron
414,16749205,"Wish Coding Guy","2026-09-02 10:33:15",2301.2,2,tommycyd
415,16663783,WBF_USA_NYC,"2026-09-03 18:14:37",2300.7,2,wbfranci
416,16707915,MGöksu,"2026-09-03 08:47:51",2300.0,2,mgoksu
417,16740996,ikevayansky,"2026-09-02 18:43:34",2299.1,2,ikevayansky
418,16763897,BackFiring,"2026-09-02 17:33:38",2298.7,2,backfiring
419,16695931,"Kers Aoyagi","2026-09-03 14:02:00",2298.3,2,kersaoyagi
420,16782954,"Team Dajiang","2026-09-02 12:18:53",2296.3,2,"jihuaye,toolazyhhh123"
421,16660209,"Whyme Labs","2026-09-03 09:02:23",2295.3,2,whymelabs
422,16669856,StrugglerK,"2026-09-03 17:42:29",2294.7,2,muhammedkaanlker
423,16736435,Dieter,"2026-09-02 23:12:03",2294.2,2,"arc144,christofhenkel,crodoc"
424,16785483,xiongrui666,"2026-09-03 03:55:04",2292.2,2,xiongrui666
425,16657904,xfhdh1,"2026-09-03 08:52:57",2289.7,2,xfhdh1
426,16810490,katlun,"2026-09-03 17:03:01",2288.1,2,"hoyin1212,katlun"
427,16760241,"Collin Christensen","2026-09-03 08:28:58",2287.6,2,cchristens
428,16770424,masspeaks,"2026-09-03 08:36:34",2286.8,2,masspeaks
429,16665416,"zeyu lau","2026-09-03 17:25:39",2286.8,2,zeyulau
430,16774712,icelemon2004,"2026-09-03 15:43:39",2284.0,2,"guanghuchen,icelemon2004,mustard64"
431,16688568,Sophie555,"2026-09-02 20:46:15",2282.4,2,sophie555
432,16665746,Chiranjieev,"2026-09-03 16:19:44",2281.8,2,"abhirajhiwale,amitambhore27,himanshu2605"
433,16697411,VynoDePal,"2026-09-03 18:14:26",2280.3,2,kvynodjo
434,16664836,"Adnan Zaman","2026-09-02 18:18:04",2279.1,2,adnanzamanniloy
435,16661118,"Sirui Zeng","2026-09-02 18:51:24",2277.6,2,siruizeng
436,16785523,Doranap,"2026-09-03 18:36:31",2277.5,2,doranap
437,16677568,yarneo,"2026-09-03 11:09:18",2275.5,2,yarneo
438,16697089,"aghbalou Anass","2026-09-03 17:55:23",2274.0,2,aghbalouanass
439,16796937,Alan,"2026-09-03 13:15:19",2270.0,2,amunsentom
440,16769849,"Shuwen(Shawn) Ge","2026-09-03 08:12:28",2269.0,2,shuwenshawnge
441,16655190,"Will Rice","2026-09-03 13:41:23",2268.9,2,willrice
442,16810171,kta_jpn,"2026-09-03 15:21:30",2268.9,2,ktajpn
443,16731926,"Pardheev Krishna","2026-09-03 16:26:49",2268.5,2,"anandkumar0901,ayushjiwatramani,nidhibsh,nitindatanylatics,pardheev"
444,16783173,"Michael Shihong Zhang","2026-09-03 16:52:53",2268.1,2,"excelexx,festyve"
445,16806219,"Yiwei Pu","2026-09-03 06:58:18",2268.0,2,"lvyihan1210,raven20010261,yiweipu"
446,16624919,"Juste Me (●'◡'●)","2026-09-03 13:13:31",2267.4,2,degnonguidi
447,16715733,peikopon,"2026-09-03 06:04:52",2265.8,2,peikopon
448,16751820,yy,"2026-09-03 12:22:24",2265.8,2,hirokiyamazaki
449,16755099,"Aleksandr Ulianin","2026-09-03 18:08:42",2265.3,2,aleksandrulianin
450,16630689,yw8837,"2026-09-03 18:53:51",2263.8,2,yw8837
451,16687649,track,"2026-09-03 17:18:07",2259.8,2,"ahmedberatozer,omerlleez"
452,16810859,"Michael Silverblatt","2026-09-03 18:42:56",2258.2,2,msilverblatt
453,16734914,bharat,"2026-09-03 09:20:19",2258.0,2,bharatmohan
454,16751152,"Andrew Reed","2026-09-03 12:14:15",2254.6,2,andrewreed
455,16624934,"Haramball forever!","2026-09-03 18:27:39",2254.6,2,envyy23120093
456,16669089,YujieXing10,"2026-09-03 04:57:15",2253.8,2,yujiexing10
457,16622509,Ali,"2026-09-03 17:47:50",2253.4,2,asalhi
458,16803103,hugghngkai,"2026-09-03 14:59:12",2253.0,2,hugghngkai
459,16657032,"Ayaan Ghosh","2026-09-03 14:22:59",2252.3,2,ayan9001
460,16705830,"Grim Reaper","2026-09-03 05:09:23",2251.3,2,fathomable
461,16632593,skomuro,"2026-09-03 15:50:08",2249.2,2,skomuro
462,16811251,poijio,"2026-09-03 17:35:44",2249.1,2,poijio
463,16669826,Jesse,"2026-09-03 02:18:19",2249.1,2,jesneuman
464,16640933,"Bhanu prasad","2026-09-03 06:54:08",2248.6,2,restlesseagle
465,16806053,hisatarosu,"2026-09-03 05:53:53",2248.2,2,tomako4390
466,16623399,Kendamarron,"2026-09-03 13:49:15",2246.8,2,kazuhirokuriyama
467,16723379,local,"2026-09-03 16:31:41",2246.2,2,matteo123383iend
468,16774674,"Perminov Matvey","2026-09-03 08:08:59",2244.6,2,mperminiov
469,16704466,"QQ Farming","2026-08-31 14:47:21",2244.4,2,"dzjiann,hdhsjdjd,mitubant,ngyzly"
470,16700634,"Alperen Söylen","2026-09-03 15:27:23",2241.7,2,alperensylen
471,16632867,"Rayk Kretzschmar","2026-09-03 06:04:18",2237.9,2,raykkretzschmar
472,16634704,"Maham Haroon","2026-09-03 07:36:14",2237.2,2,mahamhc
473,16624056,Raggriculture,"2026-09-02 14:53:48",2234.0,2,ravi123a321at
474,16663175,Anaconda,"2026-09-03 15:42:52",2228.9,2,anaconda
475,16682879,"Ace Team","2026-09-03 19:43:32",2228.5,2,drpatrickchan
476,16737237,"Ayodeji Adesegun","2026-09-02 12:09:57",2228.1,2,ayodejiadesegun
477,16671163,"Suyash Verma","2026-09-03 18:12:30",2226.8,2,suyashdiamond1
478,16688896,"JianYuan Deng","2026-09-03 10:16:20",2226.5,2,jianyuandeng
479,16732055,DASH村,"2026-09-03 11:25:54",2226.4,2,sobameshi
480,16623466,len8487,"2026-09-03 17:24:08",2225.7,2,len8487
481,16681369,GanadorPlusUltra,"2026-09-02 20:53:05",2225.5,2,ganadorplusultra
482,16806006,2,"2026-09-03 12:33:49",2224.6,2,smallvv
483,16667964,Shuiys,"2026-09-02 12:47:23",2224.1,2,ysshui
484,16765763,latter0206,"2026-09-03 14:58:21",2224.0,2,shoheiyamanaka
485,16633773,copasta,"2026-09-03 16:14:22",2223.6,2,copasta
486,16664788,rian,"2026-09-03 19:47:14",2222.7,2,rian55
487,16623799,"Akhilesh godugu","2026-09-02 13:46:26",2221.5,2,"akhileshgodugu,ashokgodugu"
488,16784056,"anh nông dân may mắn","2026-09-03 17:04:53",2221.0,2,nguyen1tri
489,16793427,wuwuwu,"2026-09-03 16:28:21",2220.4,2,wu1570
490,16764605,"Bandito Gangesterito","2026-09-02 14:43:01",2220.1,2,"mrtrueteller,restovrator"
491,16732735,MMMMMMMMMMMM,"2026-09-03 13:14:56",2218.4,2,hyh273279
492,16730834,TomoyaM,"2026-09-03 13:03:51",2215.2,2,tomoyamiyaake
493,16746010,"Khoi Tuan Nguyen","2026-09-02 16:07:55",2214.0,2,khoingt
494,16657576,"SUBHASH B","2026-09-02 14:20:11",2212.1,2,"rishikrish1,subhashb21022"
495,16767360,"Sinh Nguyễn Đức","2026-09-03 15:05:51",2211.9,2,sinhnguync
496,16676278,"Om Sangwan","2026-09-02 19:27:26",2211.4,2,omsangwan
497,16777767,"Miyanogawa Yuya","2026-09-03 17:00:59",2209.5,2,veritalogos
498,16669490,hinemos,"2026-09-03 12:36:23",2208.7,2,hinemos
499,16696720,"JAZ COLD HORN","2026-09-03 08:14:27",2208.1,2,"evanmaksud,jazivxt,maulikgajera,niazmohaimanabtahi,victorhorn"
500,16629033,"Igor V","2026-09-03 18:09:28",2207.9,2,rostigor
501,16762935,"ibr mo sal","2026-09-03 15:22:36",2207.0,2,ibrmosal
502,16757621,Kurokawa,"2026-09-02 12:49:54",2206.2,2,hiroshikurokawa
503,16641169,boatlee,"2026-09-02 12:45:49",2205.4,2,boatlee
504,16719884,ykhnkf,"2026-09-02 12:47:32",2205.1,2,ykhnkf
505,16623635,HiroyukiSasaki,"2026-09-03 00:15:22",2205.1,2,hiroyukisasaki815
506,16654881,Freddy,"2026-09-02 22:13:37",2204.3,2,twoxding
507,16668227,Yusuraume,"2026-09-03 09:14:10",2203.6,2,sugitatomohiko
508,16771200,DeeSaa,"2026-09-03 11:48:02",2203.1,2,deesaa
509,16789946,"Oriol Pi Morell","2026-09-03 18:06:37",2203.0,2,oriolpi
510,16738487,"Andrey Shpigar","2026-09-03 19:13:21",2202.6,2,andreyshpigar
511,16747577,"Nolan BONHOMME","2026-09-03 13:22:05",2201.8,2,nolanbonhomme
512,16811072,Rafael,"2026-09-02 21:30:49",2201.0,1,rafaeldsjhkas
513,16654373,thwaitsusa2,"2026-09-03 18:17:09",2199.7,2,thwaitsusa2
514,16657276,"Пётр П","2026-09-03 16:43:53",2197.6,2,petrinvest
515,16732403,ymg_aq,"2026-09-02 23:15:29",2197.4,2,ymgpalaqs
516,16667479,"Leon Christians","2026-09-03 00:07:03",2195.2,2,leonchristians
517,16632493,"oni chan arigato","2026-09-02 18:34:13",2194.9,2,"kindasomethin,nabidnur"
518,16811247,"Luca Mussino","2026-09-03 18:53:00",2194.8,2,lucamussino
519,16760523,"Joseph Ayanda","2026-09-02 23:45:58",2193.7,2,josephayanda
520,16774727,"Dannya AbdulHadi","2026-09-03 06:10:10",2193.2,2,dannyaabdulhadi
521,16698688,JeremiahMannings,"2026-09-03 07:44:21",2193.2,2,jmannings
522,16661607,choqui62,"2026-09-03 08:47:33",2193.1,2,choqui62
523,16742369,"Ömer Faruk Yüce","2026-09-02 15:50:49",2192.5,2,merfarukyce
524,16799554,dengddd,"2026-09-03 15:30:23",2191.7,2,dengdgq
525,16717756,Dominick,"2026-09-03 16:31:59",2191.4,2,kcinimod
526,16657877,zigiella,"2026-09-03 15:36:02",2190.0,2,zigiella
527,16699165,lime0001,"2026-09-03 16:09:24",2189.3,2,lime0001
528,16742159,mimi！,"2026-09-02 09:43:12",2189.0,2,"morongzhu,we111135"
529,16773039,zyiqun,"2026-09-03 11:30:02",2187.3,2,zyiqun
530,16810308,"Congying Ma","2026-09-02 23:47:08",2187.2,2,congyingma
531,16681007,AkiraOnojp,"2026-09-02 13:01:48",2187.2,2,akiraonojp
532,16809874,もたざる,"2026-09-03 15:46:43",2186.6,2,havenox
533,16758982,Boredom,"2026-09-03 13:36:08",2186.3,2,cudacoding
534,16654379,"Sebastian Mateus","2026-09-03 18:38:20",2186.2,2,sebastianmateus
535,16696738,rekhasri,"2026-09-03 00:01:07",2186.2,2,rekhasri
536,16765151,htnhtn,"2026-09-03 18:21:35",2186.1,2,htnhtn
537,16798172,"Dmytro Maliarenko","2026-09-03 16:50:47",2185.7,2,arxitekton
538,16774823,fan2goa1,"2026-09-02 21:51:39",2183.4,2,zfun0926
539,16682932,"Iulian Curte","2026-09-03 06:57:29",2182.1,2,iuliancurte
540,16696703,"Aleksei Churashev","2026-09-03 19:41:54",2179.3,2,alekseic
541,16779957,养了一群扫福瑞,"2026-09-02 12:13:01",2177.0,2,whq0q7
542,16685634,"Syed Asad Ali","2026-09-03 15:56:36",2175.8,2,syed3000
543,16775350,"Sourabh Nirwanevht","2026-09-03 11:37:44",2174.7,2,sourabhnirwanevht
544,16693342,takemo,"2026-09-03 05:58:24",2173.4,2,takemoriyuto
545,16722995,July,"2026-09-02 09:58:07",2172.8,2,julyzseven
546,16680172,TTANE,"2026-09-03 01:52:55",2172.5,2,otmaneelmahdaouy
547,16653199,Koba,"2026-09-02 15:11:48",2172.0,2,zone0906
548,16734966,kigasudayooo,"2026-09-03 07:31:34",2170.4,2,argon1215
549,16647192,"Sailor Ren","2026-09-03 06:32:00",2170.2,2,sailorren
550,16686424,"Thần Thoại","2026-09-02 17:01:58",2169.6,2,thanthoai
551,16712329,"Andrej Carpenter","2026-09-03 06:30:50",2168.5,2,andrejcarpenter
552,16681125,"M & M & P & Q","2026-09-03 13:12:57",2166.4,2,"morimo,msd0110,piiiiiiiii,qistripute"
553,16743342,"Артём Свинобоев","2026-09-03 09:22:50",2165.3,2,ssstelmah
554,16662318,"Bardia Bahadori","2026-09-03 01:56:29",2165.3,2,bardiabahadori
555,16792410,"Taewoong Kim","2026-09-03 00:07:51",2163.9,2,aleaiest
556,16640991,Xinyi,"2026-09-03 13:50:56",2163.6,2,xinyeee
557,16621063,"Aikyatan Sinha","2026-09-02 11:27:34",2162.4,2,"aikyatansinha,vamshikrishnaemmadi"
558,16684716,kumanomi,"2026-09-03 11:33:22",2161.7,2,kkkggg
559,16728492,ほのぼの牧場,"2026-09-03 11:04:26",2161.0,2,masatoshitaniguchi
560,16695046,"Farmers Is All You Need","2026-09-03 10:39:04",2159.0,2,"aurax7,coolinlai,davidsarrat,pseree,zongzishuang"
561,16682210,Boiled-Sweet-Potato,"2026-09-03 04:23:10",2158.1,2,boiledsweetpotato
562,16639520,"Cary Jin","2026-09-03 17:49:08",2158.0,2,strigiformes
563,16653982,"Arul Prasad S P","2026-09-03 17:46:12",2157.9,2,arulprasadsp
564,16714365,meryol,"2026-09-03 18:24:58",2156.8,2,meryol
565,16729192,1m0ke,"2026-09-03 15:50:59",2154.2,2,smokelate
566,16734803,guoziyi123456,"2026-09-03 07:25:00",2154.1,2,"ax1lec,guoziyi123456,linhexlu,xuanzhechen"
567,16725793,Krilin,"2026-09-03 18:41:48",2153.9,2,krilin
568,16679393,"Anvith Pothula","2026-09-03 04:03:20",2150.9,2,anvithpothula
569,16716078,WENJIE_Wang,"2026-09-01 17:08:17",2150.4,2,"jenzenhuang,luwyeb,wafflebear,wenjiewangdev"
570,16705523,"Brian Chua","2026-09-03 05:49:15",2149.3,2,chuazhengweibrian
571,16735794,宗宗没有英文名,"2026-09-03 13:11:59",2147.9,2,iver666
572,16736874,mhiro2,"2026-09-03 00:01:19",2147.4,2,mhiro2
573,16777107,Pipiripipap,"2026-09-03 13:23:52",2144.1,2,yohalf
574,16694346,ywwywww,"2026-09-03 08:26:28",2143.9,2,ywywww
575,16657594,"Wojciech Krasowski","2026-09-02 20:37:04",2143.3,2,ci3l4k
576,16640472,"Vsevolod Rakita","2026-09-03 14:16:52",2143.0,2,vsevolodrakita
577,16810299,spencersi123,"2026-09-03 11:58:56",2140.2,2,spencersi123
578,16663827,magoemu,"2026-09-02 23:14:13",2138.3,2,magoemu
579,16709126,"Jamie Nojek","2026-09-03 14:29:55",2136.9,2,jamienojek
580,16722399,"Meta learners","2026-09-03 14:43:15",2136.1,2,aditya2909rb
581,16783124,Logorhythms,"2026-09-03 17:25:30",2131.9,2,mohammadsaidulislam
582,16698999,Odyssey,"2026-09-03 01:53:15",2131.8,2,a1spirit
583,16750314,Captainuknow,"2026-09-03 17:48:29",2129.4,2,captainuknow
584,16799304,"Rlug mb","2026-09-03 13:29:39",2128.5,2,"minhtrph,rlugmb"
585,16672251,"Kavinkumar M","2026-09-03 08:33:52",2127.7,2,kavinkumarrkm
586,16803592,"Bishal Lamichhane","2026-09-03 13:32:06",2127.0,2,bishallamichhane44
587,16622198,"THUNDER THUNDER","2026-09-03 15:46:33",2126.8,2,thunderthunder
588,16719563,"GPT-5.6 Sol🏆","2026-09-03 12:27:19",2125.4,2,"ctfxiao,gaoruihua,otherworldly777,wennaliu2007,xgentle"
589,16686918,JustinLee,"2026-09-03 00:21:14",2124.4,2,justin2061
590,16738424,Yunioshi,"2026-09-03 14:50:53",2123.8,2,yunioshi
591,16702754,"ИТМОНИ AI B2B 67 SaaS","2026-09-03 18:48:32",2122.0,2,"borismatsakov,kirya1"
592,16731678,ShadowT_T,"2026-09-02 20:57:42",2121.8,2,shadowtt
593,16627600,"NiA Farms","2026-09-03 11:19:49",2120.5,2,"adriaft,natliablascoandreo"
594,16713281,SirShifu,"2026-08-31 09:19:51",2120.2,2,sirshifu
595,16635067,"Berat Egemen Gök","2026-09-03 19:48:46",2119.3,2,berategemengk
596,16716566,"Junliang Ye","2026-09-03 12:01:05",2118.3,2,junliangye
597,16778946,yuki0731,"2026-08-31 00:00:21",2118.3,2,yuki0731
598,16740815,Remielle,"2026-09-03 09:16:34",2117.9,2,remielle
599,16626332,"MD. Nazmus Sakib Anik","2026-09-03 00:00:29",2115.9,2,beyondlogic
600,16621500,"Reinforcement Larping","2026-09-01 15:56:45",2115.5,2,egortkachenko
601,16670715,i3,"2026-09-03 12:50:34",2113.2,2,ishijima
602,16644481,Liquidus,"2026-09-02 01:29:04",2112.4,2,liquidus
603,16731264,kiduna1228,"2026-09-02 14:09:18",2111.5,2,kiduna
604,16634580,akmr,"2026-09-02 17:22:35",2111.1,2,akimaru
605,16786126,"Max Bloom","2026-09-03 05:06:36",2110.7,2,maxbloom
606,16741096,"Yohanes Lengkong","2026-09-02 22:29:16",2106.3,2,yohanesfc
607,16658677,大山,"2026-09-02 23:16:12",2104.6,2,mapodoufu
608,16652272,"nadhir hasan","2026-09-03 13:13:35",2104.5,2,nadhirhasan
609,16641751,Hikari_30,"2026-09-03 08:44:15",2103.2,2,hikari30
610,16805952,hatakazu93,"2026-09-03 02:27:56",2102.3,2,hatakazu93
611,16768104,"Ivan Aleksandrov","2026-09-02 23:40:03",2101.9,2,ivanblch
612,16707467,kay.liechtenstein,"2026-09-03 19:33:18",2101.4,2,kayliechtenstein
613,16670276,"Egor Trushin","2026-09-02 18:56:14",2099.7,2,egortrushin
614,16632245,u,"2026-09-03 13:09:10",2099.1,2,"apostoloskontarinis,curbotron13,halzweiman,josephmcgonaglebrown,shreyanshpoddar"
615,16738820,"Ying Li","2026-09-02 14:39:23",2098.9,2,lyee919
616,16630675,"Lucien de Rubempre","2026-08-30 17:20:05",2098.0,2,lucienderubempre
617,16716533,wiffany,"2026-09-02 14:51:09",2097.5,2,wiffany
618,16670948,wally0593,"2026-09-02 08:31:29",2096.5,2,wally0593
619,16697395,darktetradgod,"2026-09-03 12:38:39",2096.3,2,darktetradgod
620,16654403,"Skibidi Six Seven","2026-09-03 09:33:46",2095.9,2,iam4722202468
621,16731605,datatuu,"2026-09-03 13:04:14",2094.5,2,yaoguang516
622,16666434,"JOSHNA ACSHA S 21CS","2026-09-03 17:46:35",2093.9,2,joshnaacshas21cs
623,16743858,kawauso9n,"2026-09-03 14:42:00",2093.3,2,kawauso9n
624,16736427,KouFu,"2026-09-02 09:58:52",2092.4,2,kouheif
625,16809294,Cherie01,"2026-09-03 10:08:20",2090.4,1,cherie01
626,16655912,sssskilo,"2026-09-01 23:48:09",2089.6,2,wellkilo
627,16674102,没落者,"2026-09-03 08:02:06",2089.3,2,needless090
628,16654995,"Artem Voronov","2026-09-03 14:19:13",2089.0,2,artemyvoronov
629,16741819,"Paritosh Kumar Tripathi","2026-09-03 07:44:14",2087.5,2,paritoshtripathi5
630,16784416,tatt:)ch,"2026-09-03 06:07:23",2087.3,2,tattch
631,16725899,Zhenghongshuang,"2026-09-02 01:44:40",2087.2,2,zhenghongshuang
632,16769885,kurushun,"2026-09-03 08:08:46",2086.6,2,kurushun
633,16659957,"Jaydon J P","2026-09-02 04:45:33",2086.5,2,jaydonjp
634,16795982,Vordax,"2026-09-03 18:17:12",2085.9,2,vordax
635,16699741,Tom3,"2026-09-01 19:55:33",2085.8,2,tomohiroaz
636,16802039,"Anna Currie","2026-09-01 17:53:02",2084.0,2,hcnfgxsghvbkhbty
637,16806023,"Eesh saxena","2026-09-03 19:05:44",2083.2,2,eeshsaxena
638,16634149,"Hozuma ITOBAYASHI","2026-08-31 22:48:33",2083.0,2,hozumaitobayashi
639,16797063,Nianhua1,"2026-09-03 04:54:41",2081.2,2,nianhua1
640,16694016,"Prajwal M","2026-09-02 16:15:52",2081.0,2,estrick
641,16683435,CoorDi,"2026-09-03 07:47:31",2080.4,2,bxy0125
642,16790432,"Field General","2026-09-01 01:53:02",2080.0,2,kevinarvai
643,16725195,易研学社,"2026-09-03 06:50:18",2079.4,2,"chency17,fengwann,mingyingxin,sjojasdq,tbtbbb"
644,16738852,ZJUwlm,"2026-09-01 02:44:23",2079.1,2,zjuwlm
645,16623488,"Kevin E R MILLE","2026-09-03 16:20:22",2078.2,2,kevinermille
646,16709068,Vib,"2026-09-01 04:44:16",2076.9,2,viblal
647,16631752,"Junichiro Morita","2026-09-03 13:23:29",2076.4,2,junichiromorita
648,16654158,"Md. Hamid Hosen","2026-09-01 08:31:35",2076.2,2,"esfersami50,foysalemonshanto,hosen42"
649,16716475,"dong & shen","2026-09-03 04:47:45",2075.5,2,"dongcookies,muyouqian4"
650,16734715,史永刚,"2026-09-02 06:35:46",2074.9,2,shizehao
651,16661768,"Lợi Trần Bảo","2026-09-03 01:59:46",2074.3,2,litrnbo
652,16775030,makishis,"2026-09-03 17:41:17",2074.0,2,makishis
653,16671425,"Gajenddra Raj","2026-09-02 15:47:38",2074.0,2,gajenddra
654,16623371,MoZayed,"2026-09-03 10:15:16",2073.2,2,mohamedzayedahmed
655,16673303,"Samuel Sundararaman ","2026-09-02 06:16:43",2072.2,2,neopok919
656,16727544,"Mostafa H","2026-09-01 10:03:53",2071.0,2,mostafahaghiri68
657,16741500,weichy7,"2026-09-02 07:15:59",2069.8,2,weichy7
658,16684748,"nailong alpha","2026-09-02 04:15:02",2069.7,2,"dejavucry,weiyun22021,yoruet"
659,16802630,takotakosan,"2026-09-02 15:25:45",2069.6,2,takotakosan
660,16796840,ezalbxx,"2026-09-02 14:26:04",2067.5,2,ezalbxx
661,16730675,"SOUTA Sakurai","2026-09-03 07:40:12",2066.5,2,soutasakurai
662,16688460,lllleeeo,"2026-09-03 17:28:09",2066.1,2,lllleeeo
663,16659550,"Sai Syam","2026-09-03 06:56:22",2065.4,2,saisyam
664,16652710,Ryutogrrr,"2026-09-01 08:02:58",2065.0,2,ryutogrrr
665,16676885,"Riva Kajangu","2026-09-02 20:38:21",2065.0,2,rivakajangu
666,16705659,"srijan k.r keshri","2026-09-03 05:55:39",2064.3,2,srijankrkeshri
667,16639565,yasu,"2026-08-31 06:23:59",2063.4,2,yasutakababa
668,16750416,G!vIOne,"2026-08-31 05:37:40",2063.1,2,gvione
669,16763375,Makus,"2026-09-01 19:06:00",2062.8,2,alexmartinez75
670,16705390,"Subramanya N","2026-08-25 16:45:45",2062.4,2,subramanya1997
671,16663247,Ak,"2026-09-03 19:39:54",2062.1,2,abisheksrivastav
672,16689430,"Terry Luo","2026-09-02 10:05:48",2061.6,2,eimhluo1764
673,16711398,Claude我崇拜你啊,"2026-09-03 10:25:25",2060.1,2,chenxizhao21
674,16621585,"Rokaiya Somapti","2026-09-01 12:16:52",2058.0,2,rokaiyasomapti
675,16631460,Kosuke.T,"2026-09-02 06:08:27",2057.8,2,kosuke1992
676,16623875,"Pavlo Ivanin","2026-09-03 16:01:27",2055.9,2,pavloivanin
677,16697893,YWehbe,"2026-09-03 19:44:49",2055.5,2,youssefwehbe
678,16728160,Ozi,"2026-09-03 03:38:32",2053.4,2,muhammaduzair21
679,16806394,Flowers,"2026-09-02 04:03:16",2052.6,1,"guyueyuan,oliver34"
680,16775286,DanilAbdullin,"2026-09-02 05:42:51",2052.6,2,danilabdullin
681,16634104,FarmGoose,"2026-09-02 14:56:52",2050.5,2,yizhanglou
682,16718033,TheMightiestMan,"2026-09-03 13:17:40",2049.3,2,themightiestman
683,16740892,"yuki matsumori","2026-09-02 23:30:23",2047.8,2,yukimatsumori
684,16675684,washamba_bots,"2026-09-03 17:54:26",2046.3,2,"billygmwangi,futurecentaur,peterkibetspidey,stephanenjoki"
685,16777394,antadam127,"2026-09-02 09:36:25",2045.7,2,antadam127
686,16775474,ERS,"2026-09-01 11:18:15",2045.4,2,shingo257
687,16642570,"Mathurin Ache","2026-09-03 18:50:40",2044.1,2,mathurinache
688,16740851,Zefirrr,"2026-09-01 16:46:15",2044.0,2,zefirrrr
689,16659395,HyperX,"2026-09-01 15:04:00",2043.2,2,"diversedharun,harishinkaggle"
690,16663264,Adarsh,"2026-09-01 13:51:29",2043.2,2,madarshbb
691,16678693,"Maher el Ouahabi","2026-09-03 17:03:40",2041.8,2,maherelouahabi
692,16652536,Satoshi_SsSs,"2026-09-03 10:41:52",2041.5,2,satoshissss
693,16731834,Kamma,"2026-09-02 02:35:42",2041.0,2,"cheliu0307,makerfly"
694,16661708,"Stanley Honkpehedji","2026-09-03 11:13:53",2040.3,2,stanleyhonkpehedji
695,16805870,"Ngo Trung","2026-09-03 09:34:22",2039.9,2,trungngotdt
696,16753567,Davics,"2026-09-02 03:13:14",2038.2,2,davics
697,16754112,"rhythm master","2026-09-02 02:01:23",2037.4,2,lukaswong
698,16718649,"Zakaria Aala","2026-09-02 20:53:54",2036.1,2,zlordgrim
699,16658830,"Farhat Pachisa","2026-09-01 12:21:28",2035.9,2,farhatpachisa
700,16626093,"Pilkwang Kim","2026-09-03 02:19:53",2035.8,2,pilkwang
701,16802322,HongchenDai,"2026-09-01 10:08:03",2035.4,2,hongchendai
702,16682195,celefefwefwe1,"2026-09-02 16:48:52",2034.9,2,celefefwefwe1
703,16692845,"Yassine Ben Zekri","2026-09-01 12:05:28",2032.9,2,yassinebenzekri
704,16688217,"The Grower","2026-09-01 15:35:50",2032.1,2,vigneshsankar1962
705,16639625,"Dr Chandrasen Pandey","2026-09-01 03:02:40",2032.1,2,devchandra
706,16709176,Efnutrrionpy,"2026-09-01 22:41:29",2030.8,2,efnutrrionpy
707,16783459,LKQ669,"2026-09-02 14:33:50",2030.8,2,lkq669
708,16732878,modelcollapse,"2026-09-01 10:23:20",2030.3,2,modelcollapse
709,16817750,"Baiqing Wang","2026-09-03 12:31:08",2028.0,2,wangbqbqbq
710,16793474,"Liu Classmate","2026-09-03 18:15:39",2026.4,2,liuclassmate
711,16728959,"no pain no gain","2026-09-03 14:13:24",2026.1,2,ilyayurov2000
712,16626462,mango,"2026-09-02 00:56:25",2026.0,2,mango789
713,16644255,Rister,"2026-09-02 23:33:16",2025.9,2,rister101
714,16764068,"Chika Komari","2026-09-02 11:18:48",2024.7,2,gothamjocker
715,16730223,Ojaswy,"2026-09-03 03:33:40",2022.5,2,ojaswy
716,16658300,"Thành Toàn Vương","2026-09-01 13:22:01",2022.1,2,thnhtonvng
717,16626191,"kevin park","2026-09-02 22:46:35",2022.0,2,k3v1npark
718,16791924,magu1234,"2026-09-01 06:35:21",2021.8,2,magu1234
719,16689844,"Hồ Tuấn Khôi","2026-09-03 15:28:13",2019.9,2,htunkhi
720,16767960,"Yuvraj Bhati","2026-09-03 19:07:51",2019.6,2,avioon
721,16733851,tangaii,"2026-09-03 07:43:18",2018.5,2,tangai1
722,16744983,Gappy,"2026-09-03 09:37:52",2017.5,2,takahirohigasa
723,16665311,"huayang sun","2026-09-02 09:02:22",2017.3,2,okami001
724,16701051,"Komi ShouKo","2026-09-03 13:05:42",2016.3,2,asdwswdxd
725,16668430,"john inan","2026-09-03 17:49:41",2015.8,2,johninan
726,16654742,"Aastik Rajan15","2026-09-03 09:22:53",2015.5,2,aastikrajan15
727,16634179,daoviet,"2026-09-01 04:19:33",2015.5,2,daoviet
728,16738503,dddmd,"2026-09-01 14:31:12",2015.4,2,dddmdd
729,16692185,"Xu Suyi","2026-09-01 11:32:05",2013.8,2,xuyuhaosuyi
730,16633944,Toru59er,"2026-09-03 09:34:17",2013.4,2,toru59er
731,16802745,"Fuat Çakıcı","2026-09-03 15:01:23",2012.5,2,fuatcakiicii
732,16662492,"Lester Leong","2026-09-01 09:17:42",2012.4,2,lesterleong
733,16775353,"YK Pan","2026-09-02 16:06:15",2011.3,2,vansher
734,16790091,ChengxuGu,"2026-09-03 19:20:25",2010.7,2,chengxugu
735,16775242,"Timothee Henry","2026-09-03 14:55:28",2010.7,2,timhenry
736,16622422,ss,"2026-09-03 11:29:32",2010.4,2,forest2026
737,16679694,"Yaro Perventsev","2026-09-02 16:18:13",2008.8,2,yaroslavperventsev
738,16659961,faahh,"2026-09-02 10:14:47",2007.3,2,shivam98saini
739,16674919,yukiZ,"2026-09-02 00:40:52",2006.2,2,hideyukizushi
740,16758954,shenjj02,"2026-09-03 00:57:48",2006.1,2,shenjj26
741,16727998,hidsaito,"2026-09-03 13:05:07",2005.9,2,hidsaito
742,16740659,haodou092,"2026-09-02 13:27:06",2005.8,2,haodou092
743,16722705,我的AI是豆包,"2026-09-03 17:35:49",2005.8,2,"carrotliang,haoxuanjng,kaoqiangzhang,rainhuang0220"
744,16775684,ketterking,"2026-09-01 12:16:58",2005.5,2,"ketterwang,wwppyywwww"
745,16792109,rogerrogerroger3r,"2026-09-03 14:41:41",2005.3,2,rogerrogerroger3r
746,16803930,"Farrukh Ismoilov","2026-09-02 11:30:29",2005.0,2,fismoilo
747,16697898,"Yin Li","2026-09-02 04:34:48",2004.6,2,kevin250304
748,16793396,...,"2026-09-03 12:38:01",2004.1,2,shackles6966
749,16651792,LX,"2026-09-02 10:29:49",2003.6,2,sunnylx
750,16717794,souldrive,"2026-09-03 08:47:35",2003.1,2,souldrive
751,16657316,SCNU,"2026-09-03 09:12:43",2003.1,2,jasonxusk
752,16627888,atl132,"2026-09-03 03:11:31",2002.6,2,atl132
753,16625798,grifth,"2026-09-01 01:10:39",2002.4,2,grifth
754,16687901,Khalid,"2026-09-03 01:10:48",2002.2,2,khalid000000
755,16668157,"vineet dairashri","2026-09-01 17:46:14",2001.9,2,vineetdairashri
756,16630548,"YJ Wee 2807","2026-09-03 15:30:32",2001.7,2,yjwee2807
757,16772109,Yashvs56,"2026-09-03 17:53:16",2000.5,2,yashvs56
758,16810499,佐藤滉太,"2026-09-03 14:16:08",1999.5,2,s1300200
759,16798317,"Baran Akyıldız","2026-09-03 11:18:23",1997.6,2,baranakyldz
760,16718480,PLReddy23,"2026-09-03 00:19:46",1997.3,2,plreddy23
761,16735837,yaki-imo,"2026-09-02 05:06:46",1997.3,2,taichiakiyama
762,16762769,"Jacques Buis","2026-09-02 15:30:28",1997.3,2,jacquesbuis
763,16624040,kumk,"2026-09-02 11:26:15",1996.1,2,kknagoya
764,16655758,patience,"2026-09-03 13:24:57",1995.8,2,"weirdocurry,wenjunkai124"
765,16634239,"Radhakrishnan Guhan","2026-09-03 09:08:52",1995.7,2,rmsgrk
766,16795798,"Refrain 1","2026-09-01 09:36:19",1995.3,2,"chisatoy,refrain1"
767,16656011,"Jiashun Tan","2026-09-02 07:55:59",1994.3,2,jiashuntan
768,16730707,"James Michael","2026-09-03 12:27:13",1994.0,2,ingenio
769,16745761,mitomeat823,"2026-09-03 05:12:00",1993.6,2,mitomeat823
770,16785321,HaoChi,"2026-09-02 08:32:17",1992.5,2,"lishi321,moxi21"
771,16682183,lihaha.36,"2026-09-02 16:51:46",1991.4,2,lihaha36
772,16662628,AbhiniveshSharma5354,"2026-09-02 04:24:07",1991.0,2,abhiniveshsharma5354
773,16672136,chupaletas,"2026-09-03 11:15:05",1990.6,2,urvesh
774,16775571,Gaurav06520,"2026-09-02 12:00:14",1989.8,2,gaurav06520
775,16804859,DevashishSoni123,"2026-09-02 08:18:03",1987.4,2,devashishsoni123
776,16769967,"Bill Fan","2026-09-02 08:23:52",1984.3,2,billfan88
777,16793895,"Moh Notif","2026-09-03 16:36:05",1983.1,2,mohnotif
778,16810802,"Musa Khan","2026-09-03 16:40:12",1982.8,1,lazer999
779,16654585,"David Pedersen","2026-09-03 15:29:06",1981.7,2,semalytics
780,16739633,kwa,"2026-09-02 05:24:22",1981.4,2,ikaroskaggle
781,16811036,"Jayden Szeto","2026-09-03 19:15:40",1978.8,2,jaydenszeto123
782,16657931,t-enstar,"2026-09-02 20:05:01",1977.7,2,tstustatama
783,16749576,heralces,"2026-09-02 13:59:21",1977.7,2,heralces
784,16644145,"Mehdi Azouz","2026-08-31 10:03:12",1977.1,2,mehdiazouz
785,16712121,"Hai Dang","2026-08-30 08:06:26",1976.1,2,haidang2405
786,16793656,王子铖,"2026-09-02 15:06:03",1976.0,2,aurantium
787,16779519,"Xiangsong Tian","2026-09-03 08:20:42",1973.8,2,xiangsongtian25
788,16721501,αίνιγμα,"2026-09-03 12:15:00",1973.6,2,"muditnagori09,shahidnadaf001"
789,16693215,"Izzoudine Mohamed KANTA","2026-09-03 14:54:56",1972.7,2,izzoudeenkanta
790,16732552,RyutoKeshi,"2026-09-03 17:55:49",1968.6,2,ryutokeshi
791,16755328,"yang zhang","2026-09-03 16:38:14",1967.8,2,zhang1221ai
792,16681927,"Dariush Afshar","2026-09-03 12:28:15",1967.4,2,dariushafshar
793,16740010,"Kobe BRYANT","2026-09-03 11:09:13",1967.1,2,kobebryantjohn
794,16722888,GarrieD,"2026-09-03 16:35:37",1966.9,2,garried
795,16817077,"Dinesh kumar Thiyagarajan","2026-09-03 18:35:07",1966.1,1,dineshkumar0705
796,16779831,地里偷偷尿尿,"2026-09-02 04:17:57",1965.4,2,jjsdfd22
797,16797393,lingmingzi,"2026-09-03 12:42:51",1962.5,2,lingmingzi
798,16769990,delai50,"2026-09-03 16:40:18",1960.0,2,delai50
799,16655311,"Plant City Planter","2026-09-02 19:03:12",1959.1,2,michaellombard
800,16659103,Arin,"2026-09-01 16:15:10",1959.1,2,skarin
801,16754823,"tiki tiki tiki","2026-09-03 19:34:25",1955.9,2,slangitup
802,16786496,"Lê Quang Cảnh","2026-09-03 08:06:10",1953.9,2,zhincez
803,16786595,"dbvz sbsbs","2026-09-02 09:40:48",1953.8,2,dbvzsbsbs
804,16639871,"Aura Farming","2026-08-31 18:01:31",1953.8,2,gauthieravite
805,16709101,"Djaafar Lecheheb DL","2026-09-03 00:40:29",1952.0,2,djaafarlechehebdl
806,16622919,Waffle,"2026-09-03 00:25:52",1949.3,2,waffle3z
807,16732521,redblackbst,"2026-09-03 04:53:15",1948.0,2,redblackbst
808,16657657,ArnabKarmakar,"2026-09-03 03:27:51",1946.2,2,arnabkarmakar
809,16748154,taiseiu,"2026-09-03 11:37:17",1943.4,2,taiseiu
810,16716317,yzyhello,"2026-09-03 04:16:02",1940.8,2,yzyhello
811,16730247,DOM-VASCONCELOS,"2026-09-03 07:14:21",1940.1,2,domcreator
812,16732666,"Stefano Blando","2026-09-03 13:10:45",1939.2,2,stefanoblando
813,16625220,thisray,"2026-09-01 07:55:59",1939.1,2,thisray
814,16669911,"Batuhan Ustun","2026-09-02 11:38:43",1938.7,2,batustun
815,16664609,Re2lawd,"2026-08-31 05:42:43",1937.9,2,re2lawd
816,16791163,woldy,"2026-09-02 21:46:16",1936.8,2,woldywei
817,16662914,"Apollo's cattles","2026-09-02 21:41:39",1935.9,2,"icr007,kennethlie16,romanrozen"
818,16732221,ringbearer,"2026-08-30 09:45:04",1935.8,2,mehmetbarankrat
819,16660987,AdrianWang2003,"2026-09-03 09:56:32",1935.6,2,"adrianwang2003,benlou04"
820,16658732,Olympus,"2026-09-03 15:11:53",1935.2,2,jiseungwoo
821,16783721,"LI Mufeng","2026-09-03 17:24:29",1934.8,2,"alkaidchen,limufeng"
822,16798174,"Jan Bartos","2026-09-01 21:31:27",1934.3,2,janbartos
823,16665700,张广麒,"2026-08-31 08:41:33",1933.8,2,zzggqq
824,16784401,east,"2026-09-03 15:26:52",1932.7,2,eastxe
825,16749034,digitalChaos,"2026-08-31 14:50:30",1930.2,2,digitalchaos666
826,16679987,"Said Mohamed Omary","2026-09-02 20:39:13",1929.4,2,saidmohamedomary
827,16734822,Zcy,"2026-08-30 15:01:54",1928.8,2,laura831
828,16709435,"Artyom Lyan","2026-09-03 19:12:30",1927.2,2,arli2016
829,16714057,"T0m0t0m0 W","2026-08-30 07:55:00",1924.6,2,t0m0t0m0w
830,16739543,"Akshay #2","2026-08-31 15:39:22",1923.7,2,theakshay
831,16673870,"Yuxiao Wang","2026-09-01 23:47:26",1923.7,2,yuxiaowangx
832,16658962,"Fabian Friedland","2026-09-01 02:35:18",1923.6,2,fabotelli
833,16727266,Agricola,"2026-09-03 13:10:53",1921.7,2,ebisuya
834,16757635,"Sridip Basu","2026-08-30 14:10:40",1921.6,2,sridipbasu
835,16633178,"Cow Boy","2026-09-02 14:46:23",1920.5,2,shanzhong8
836,16811948,"xiao xiongwei","2026-09-03 15:49:16",1920.1,2,xiaoxiongwei
837,16735628,perrodawn,"2026-09-03 02:33:32",1919.4,2,perrodawn
838,16694186,souju00,"2026-09-01 09:06:28",1918.9,2,souju00
839,16722487,Zotar,"2026-08-30 19:24:43",1916.6,2,chunhinma
840,16726915,"인공저능연구소( Artificial Idiocy Lab )","2026-09-03 13:55:16",1915.5,2,megayak
841,16639731,williamrawling,"2026-09-03 00:00:59",1913.2,2,williamrawling
842,16683567,supr3mum,"2026-08-31 17:58:38",1913.0,2,friklez
843,16665357,XW,"2026-08-31 14:08:45",1913.0,2,xuewei
844,16630331,"Mohamed El-Nageeb","2026-09-03 15:22:20",1912.2,2,thelastsmilodon
845,16721384,Hackoholics,"2026-09-02 02:00:49",1912.1,2,"limyenhui,richierx"
846,16796238,"Zhongyi Dai","2026-09-01 09:19:24",1911.6,2,zhongyidai
847,16670967,xnryxd,"2026-09-03 18:53:26",1911.6,2,al55522me
848,16753646,"[Deleted] 7d100524-25e6-4751-98db-b4fdce26a5ee","2026-09-02 14:22:45",1911.5,2,del=effabded1aa6d176
849,16656500,我的豆包是AI,"2026-09-03 14:10:02",1911.1,2,"a982295350,bertmacutata,blencanierice,dangzhiyuan,imoxzm"
850,16692432,"Les 2 oies","2026-09-03 05:03:09",1911.0,2,"sanarceate,youyoucrf"
851,16696997,coolin666,"2026-09-02 11:27:39",1910.6,2,coolin666
852,16691512,"Hongxin Su","2026-08-30 12:14:25",1909.6,2,hongxinsu
853,16771558,"Vitalie Cervinschi","2026-09-01 00:08:11",1907.3,2,vitaliecervinschi
854,16721980,pend_ts19,"2026-09-03 03:03:36",1906.6,2,pendts19
855,16775190,bianfu,"2026-09-03 16:30:22",1906.3,2,bianfu
856,16739419,danilka200300,"2026-08-31 12:47:04",1906.0,2,daniilsergeevda
857,16760490,"nir afek","2026-08-30 21:08:22",1905.5,2,nirafek
858,16658409,AlexMasip,"2026-09-03 15:37:32",1904.9,2,alexmasip
859,16725856,"Abhi Datta","2026-08-31 17:40:35",1903.4,2,abhidatta87
860,16748866,masayoshi,"2026-09-03 09:39:35",1903.3,2,masayoshi64
861,16731194,"Neglected Turtle","2026-09-03 04:29:55",1899.2,2,pleaselike
862,16778792,"Karthik #2","2026-09-02 17:15:47",1898.8,2,karg14
863,16668370,"Matthew Labrador","2026-08-31 03:08:15",1893.0,2,m4tyuuu
864,16743788,"Emmanuel Lo","2026-09-03 17:25:40",1891.6,2,emmanuello
865,16743172,moonzfxs,"2026-09-03 16:14:33",1891.3,2,moonzfxs
866,16693904,DeeperNet,"2026-09-02 09:14:44",1890.9,2,deepernet
867,16736050,SuperZero11,"2026-09-03 10:22:08",1890.9,2,anandaverma
868,16664392,AdamHsieh,"2026-09-03 01:35:09",1890.6,2,adamhsieh
869,16732530,可抽奖的冰棒,"2026-09-01 13:00:28",1890.5,2,daniel1547
870,16702429,iamlonely,"2026-08-30 14:58:21",1890.5,2,iamlonely
871,16766498,"Castian Hans","2026-08-31 15:49:17",1889.6,2,castianhans
872,16660485,"Colin Gaffney","2026-09-03 14:56:44",1888.8,2,colingaffney1
873,16763767,"Carson Zhang","2026-08-30 07:05:07",1888.1,2,zmcddn
874,16759501,BaconT,"2026-09-01 22:47:21",1887.7,2,bacont
875,16640873,"Takumu Hata","2026-08-31 09:40:42",1887.2,2,takumuhata
876,16653311,"Stanislav Tsepa","2026-09-03 16:39:29",1887.1,2,mrtsepa
877,16655296,"peeta pit","2026-09-03 13:17:04",1886.6,2,peetapit
878,16642128,"MAC SAHO","2026-09-02 03:11:46",1884.5,2,macsaho
879,16693488,HarvestZero,"2026-08-31 21:48:42",1883.0,2,bernardboatey
880,16623897,satoooh,"2026-08-30 23:16:07",1882.8,2,satoooh
881,16761641,Diavolo,"2026-08-30 18:32:16",1882.1,2,jeanmarcbah
882,16623856,aowhite,"2026-09-03 06:12:31",1881.9,2,brandnewyork
883,16707547,Lin,"2026-09-02 14:26:11",1881.7,2,linjianrong
884,16734225,"Vijay athithya ","2026-09-02 07:06:29",1881.4,2,vijay09
885,16732879,daulettoibazar,"2026-09-03 03:48:53",1880.8,2,daulettoibazar
886,16658665,ChandramouliNagasundaram,"2026-09-02 08:56:11",1880.6,2,"enginegeneral,mouliindian"
887,16675351,-Beterraba,"2026-09-03 00:41:10",1879.9,2,"afonsoo,miguelottoni"
888,16801995,"XD tsui","2026-09-03 11:25:18",1879.9,2,xdtsui
889,16679812,"Xiang Li","2026-08-30 17:13:30",1877.4,2,xianglipee
890,16736198,JetJetGo,"2026-09-03 07:11:34",1876.2,2,psykrishna
891,16655631,"Djamila Benchikh","2026-09-02 16:29:17",1875.8,2,djamilabenchikh
892,16674174,"Ramesh Arvind","2026-09-03 08:48:16",1873.6,2,rameshln
893,16767929,Timbydude,"2026-09-01 18:47:59",1873.4,2,timbydude
894,16778627,LXZ538,"2026-09-03 06:08:01",1873.0,2,lxz538
895,16688732,tully_boss,"2026-09-02 01:21:17",1872.6,2,"gnux1408,tanakaai24"
896,16623643,LiXingtao,"2026-09-03 03:54:16",1871.5,2,lixingtao123
897,16659215,"Zhizhou Sha","2026-08-31 12:43:52",1871.5,2,zhizhousha
898,16657825,MilanJoshi,"2026-09-01 12:04:31",1868.1,2,mlnjsh
899,16633552,Unkn0wn,"2026-08-31 21:04:39",1867.8,2,"harnadshilpa,nagendraadisesha"
900,16731966,ねねね,"2026-09-03 16:50:15",1867.1,2,napier1550
901,16672549,"ReinFARMent Learning?","2026-09-02 03:19:58",1866.2,2,arksey
902,16783517,"dongdong zhang","2026-09-02 17:00:47",1866.0,2,mcdongdongzhang
903,16793344,zyichi,"2026-09-02 06:41:30",1865.9,2,zyichi
904,16786109,"Thomas Deng","2026-09-03 01:56:41",1865.7,2,tdeng24
905,16718956,hassan,"2026-09-01 16:14:25",1864.6,2,hasankhhan
906,16655633,johnny,"2026-08-31 04:55:56",1864.0,2,jonykarki
907,16717536,c0nrad,"2026-09-03 16:44:01",1863.7,2,stuartlarsen
908,16713335,"Muhammad Imran","2026-08-30 08:37:34",1861.5,2,muhammadimranchitral
909,16728996,autowin,"2026-09-02 17:32:29",1860.7,2,atharvjairath
910,16667767,t3l3k3n3sis,"2026-08-30 21:11:34",1859.9,2,"daffafariq,hashmatzamaryali,malsabbagh05"
911,16623746,Juyong,"2026-09-03 03:59:00",1858.9,2,kimdoong
912,16621075,"Octavi Grau","2026-09-01 21:13:22",1858.8,2,octaviograu
913,16777134,Tom&Jerry,"2026-09-01 17:54:50",1858.7,2,tomjerry101
914,16786255,OceFFFF,"2026-09-03 17:23:13",1858.2,2,oceanfujimoto
915,16623451,Ueddy,"2026-08-30 08:11:25",1857.3,2,ku0807
916,16791943,tamref,"2026-09-03 06:28:07",1855.4,2,tamreff3290
917,16670453,141,"2026-09-03 05:32:40",1854.1,2,"muhammadmustafaxo,siddiqshah"
918,16668737,"Abish Pius","2026-09-03 16:38:16",1852.8,2,abishpius
919,16633688,Ryo,"2026-09-03 13:12:19",1851.6,2,ryosukekurakami
920,16669686,"Mert Bayraktar","2026-09-02 11:21:45",1851.3,2,mertbayraktar
921,16717113,"Dovydas Ruokis","2026-09-02 20:59:10",1851.2,2,dovydasruokis
922,16713543,"Rustam Bazarbayev","2026-09-03 18:06:00",1850.9,2,rustambazarbayev
923,16746275,LittleScottyy,"2026-09-01 18:12:37",1848.6,2,fongwaiyong
924,16738534,"Sakito Horie","2026-09-02 17:47:51",1847.7,2,sakitohorie
925,16743427,Under遊具,"2026-09-03 14:20:55",1847.5,2,andayougui
926,16642036,enddl22,"2026-09-02 17:36:57",1847.0,2,enddl22
927,16754022,Pico,"2026-09-01 17:21:49",1846.8,2,charithgr
928,16748187,"Violet Notes","2026-09-03 04:54:02",1844.7,2,dominicjamil
929,16621154,Zain96,"2026-09-02 02:08:28",1844.7,2,zain96
930,16667951,KoRo2_JP,"2026-08-31 05:47:23",1842.5,2,koro2jp
931,16657100,"Jacky Chan","2026-08-31 02:56:30",1838.9,2,jhkchan
932,16806556,KyryloBakumenko,"2026-09-03 14:38:36",1838.8,2,kyrylobakumenko
933,16689881,"yuki #2","2026-09-02 12:25:29",1837.4,2,hosikusa
934,16795134,"jiawei li","2026-09-01 15:26:21",1836.7,2,jiaweiaaa
935,16685950,"Planned Economy","2026-09-02 12:28:01",1835.2,2,alturutin
936,16654669,"Jordi Corbilla","2026-08-31 07:00:59",1834.7,2,jordicorbilla
937,16730524,"THIRD FARM CLUB","2026-09-02 10:37:58",1832.1,2,"bowwowforeach,mooegi,shunrcn,simann"
938,16658287,ArturoSirvent,"2026-09-02 05:07:04",1830.8,2,arturosirvent
939,16659160,"Dmitry Bardonov","2026-09-02 21:15:39",1830.5,2,bdesim
940,16689863,yukichi0403,"2026-08-30 16:10:08",1829.3,2,yukitake93
941,16686483,"all in kaggle","2026-09-01 10:36:39",1829.1,2,leonstew
942,16785924,Abhinav_26104,"2026-08-31 15:17:41",1828.8,2,abhinav26104
943,16655610,GPTatoes,"2026-08-31 13:13:44",1828.4,2,"angran,kaixuanosmas"
944,16659843,"Amer Alkhalili","2026-09-03 11:14:28",1828.0,2,ameralkhalili
945,16731630,SatoshiN04,"2026-09-03 05:04:13",1827.8,2,satoshinakamura04
946,16795041,"Denis Revenko","2026-09-01 13:02:36",1826.9,2,denizzko
947,16770089,ouga,"2026-08-30 07:52:29",1826.1,2,ouga1shizawa
948,16781110,yqz,"2026-09-03 04:39:46",1825.0,2,yuqizheng
949,16701728,"katya barzova","2026-09-02 21:10:34",1824.6,2,"nipah1,sigmaborov"
950,16730495,joinus,"2026-08-31 22:49:08",1823.9,2,joinus2003
951,16715828,samg,"2026-08-31 02:43:01",1821.8,2,samgreen2046
952,16806249,CLJY_2026,"2026-09-03 08:48:24",1820.9,2,cljy2026
953,16654027,shiv,"2026-08-30 23:28:51",1817.5,2,shivaurora
954,16644229,"Amy Yuan","2026-09-03 05:17:52",1817.2,2,cozytato
955,16732727,brightest66,"2026-08-31 03:04:51",1816.9,2,brightest66
956,16728262,wakawakayu,"2026-09-03 13:41:19",1816.7,2,wakawakayu
957,16757064,"coke lu","2026-09-03 05:42:56",1816.5,2,cokelu
958,16672241,dupakdungking,"2026-08-31 07:26:32",1816.0,2,primarizki
959,16706442,tipstar0125,"2026-09-03 09:58:53",1815.1,2,dragonty
960,16632172,Ayodeji,"2026-08-31 09:17:22",1815.0,2,ayodejiibrahimlateef
961,16656659,"James Y","2026-08-31 09:51:47",1814.6,2,redoctopusk
962,16663252,"MD Concepcion","2026-09-02 20:26:16",1814.0,2,mikedconcepcion
963,16629685,mikelou1,"2026-08-30 10:12:39",1811.6,2,mikelou1
964,16634156,"Hiroyasu Okuno","2026-09-03 14:05:51",1810.8,2,hiroyasuokuno
965,16732748,"revenge pokekaggler","2026-09-03 15:49:16",1809.6,2,denden12
966,16777961,qiwaki,"2026-08-30 10:24:55",1809.1,2,resonayu
967,16660121,10pi,"2026-09-02 01:21:07",1809.1,2,meredith10pi
968,16639263,Yam,"2026-09-03 10:21:51",1806.6,2,minyam
969,16655169,Musliadi,"2026-08-31 05:51:39",1804.6,2,timscientia
970,16764228,"Kaixi Zha","2026-08-31 03:32:32",1804.2,2,"huadutry,kaixizha"
971,16753974,"David Goldrajch","2026-09-03 18:58:33",1802.6,2,elie2003
972,16661667,"Wufang Hong","2026-08-31 03:16:22",1801.8,2,wufanghong
973,16799797,"Zhong Zinmin","2026-09-03 12:47:21",1799.1,2,zhongzinmin
974,16737937,xamad,"2026-09-01 13:19:27",1798.9,2,giannicerrato
975,16798724,"junfan shen","2026-09-03 14:27:06",1798.6,2,junfanshen
976,16751411,"lamb Liu","2026-09-01 05:04:42",1798.0,2,liuxiaohua72
977,16696762,SOSyuki,"2026-08-31 15:37:09",1795.3,2,sosyuki
978,16794841,thisArmin,"2026-08-31 04:29:30",1795.3,1,thisarmin
979,16757418,Janus,"2026-09-02 18:50:22",1793.7,2,khaled1alhasan
980,16768323,thuvuduy16,"2026-08-31 18:59:54",1790.6,2,thuvuduy16
981,16716613,Arvin,"2026-09-01 07:49:12",1790.3,2,chesterx
982,16632558,"Made a Beautiful Bouquet","2026-09-02 03:49:52",1789.4,2,zaiwubian
983,16677597,InformaBook2,"2026-09-01 01:34:10",1789.0,2,informabook2
984,16747069,l'rug,"2026-09-02 23:49:12",1788.7,2,sdfsfsfsdf
985,16761418,"Piggy Piggy","2026-08-31 15:36:35",1786.5,2,txgg123
986,16748941,"Farmer Shuang","2026-08-31 03:59:28",1786.2,2,shuangxue
987,16764342,malone001,"2026-09-03 11:05:03",1785.6,2,malone001
988,16794630,"Yuchuan Ding","2026-09-03 07:32:29",1785.5,1,yuchuanding
989,16664969,"wuliao luis","2026-09-03 16:31:07",1785.2,2,wuliaoluis
990,16707057,tamo,"2026-08-31 11:37:06",1785.1,2,ryotakasuya
991,16655505,Debmalya,"2026-09-03 18:22:09",1784.7,2,debmalya84
992,16668564,"Rikito Kanda","2026-08-30 07:12:30",1784.4,2,rikitokanda
993,16668622,"Michael McGrain","2026-09-02 16:05:34",1782.0,2,michaelmcgrain
994,16671306,Yeswanthperni,"2026-09-02 03:00:19",1781.3,2,"tanvicaaa,yeswanthperni"
995,16644480,"Umut Keltek","2026-09-01 14:34:19",1780.6,2,umutkeltek
996,16655686,Kyle,"2026-09-01 13:47:44",1779.6,2,kylezhouzhou
997,16746796,kaguramena,"2026-09-03 09:44:22",1779.0,2,kaguramena
998,16785753,"Mizero Lucky Gall","2026-09-03 17:36:59",1777.9,2,mizeroluckygall
999,16793287,"Kim Jinseo","2026-08-30 13:47:02",1777.5,2,kimjinseo1
1000,16732857,Rojiomote,"2026-09-03 07:09:10",1777.5,2,rojiomote
1001,16721688,"Hi Im Ryo","2026-08-30 02:14:22",1775.7,2,loto610
1002,16635663,"Pascal Pfeiffer","2026-08-31 08:47:35",1775.5,2,ilu000
1003,16750575,Gronk,"2026-09-02 19:10:03",1775.3,2,jianyicai
1004,16641548,"Indium AI Labs","2026-09-03 14:21:28",1775.0,2,"devaanshpa,wolframbopp"
1005,16700510,"Shadow Recon","2026-08-31 13:10:58",1774.7,2,gaurav065
1006,16662684,"Harshini Reddy","2026-09-02 01:00:45",1774.5,2,luffyh04
1007,16779652,cheezyp,"2026-08-31 06:26:25",1774.3,2,cheezyp
1008,16631421,cg,"2026-09-03 11:45:55",1774.1,2,chaitanyagarg2
1009,16657941,"Nick Styles","2026-08-31 21:15:49",1774.0,2,styles
1010,16660726,孙笑川,"2026-09-03 16:41:57",1773.7,2,gengsr
1011,16717186,"Roumak Das","2026-09-03 03:21:00",1773.4,2,roumak77
1012,16784164,Yaojinming,"2026-08-30 12:22:07",1771.9,2,yjm0905
1013,16769435,"Nguyễn Mạnh","2026-08-30 10:34:31",1771.7,2,nguyenmanh97
1014,16653927,"Fernando GH H","2026-09-01 19:22:12",1768.9,2,fernandoghh2
1015,16635340,"zhuo wamg","2026-08-30 09:35:25",1768.6,2,zhuowamg
1016,16735253,银龙,"2026-08-31 15:05:30",1767.4,2,boyanyanbo
1017,16681049,"SiLin “Can SiLin” Can","2026-09-03 06:22:50",1766.9,2,"k3rn3l,silincansilincan"
1018,16640540,QYQ1693,"2026-09-02 11:52:45",1766.5,2,qyq1693
1019,16799598,RameshG888,"2026-09-01 05:20:53",1766.1,2,ramesh888
1020,16723528,"Singaraj B","2026-09-02 16:37:59",1764.7,2,singarajb
1021,16696743,"wennan cao","2026-09-03 14:34:37",1761.8,2,wennancao
1022,16725410,LE4VES,"2026-09-01 14:40:14",1761.3,2,le4ves
1023,16667724,"Masashi Onda","2026-09-02 12:43:58",1761.1,2,masashionda
1024,16675671,Marlubie,"2026-09-03 17:13:54",1760.5,2,kchuang
1025,16740431,yuikag,"2026-09-03 02:37:50",1760.0,2,yuikag
1026,16798544,esprit,"2026-08-31 23:47:56",1759.3,1,takuji
1027,16623603,"Renji Starfall","2026-09-03 16:39:43",1758.6,2,renjistarfall
1028,16667242,"Gleb Tumanov","2026-09-03 05:39:59",1757.9,2,crachton
1029,16633950,"Matt Motoki","2026-09-01 14:01:55",1757.4,2,mmotoki
1030,16663626,"yvn kaggriculture","2026-08-30 20:03:11",1757.3,2,"garnikdavtyan,mikayelgr"
1031,16717114,uninhibited-scholar,"2026-09-03 04:15:41",1755.7,2,uninhibitedscholar
1032,16641183,"Team Name Pending","2026-08-30 15:18:19",1755.6,2,"abdaathaillahhadyan,oliverspiby"
1033,16658248,Aaweg,"2026-08-31 12:28:56",1755.3,2,aawegbhaladhare
1034,16660488,tehyoni,"2026-08-30 12:25:15",1753.1,2,"gooberdambi,sidcat,suaeng,tehyoni"
1035,16780455,wadigongren,"2026-08-31 00:43:19",1753.0,2,wadigongren
1036,16709304,"Aleksey SCHUKIN","2026-09-03 19:42:54",1753.0,2,alekseyschukin
1037,16773020,HyperNeonByte,"2026-09-01 21:07:13",1752.7,2,hyperneonbyte
1038,16662204,SM_30,"2026-09-03 14:32:03",1752.4,2,sagarmane104
1039,16633853,Alan_Nasibullin,"2026-08-31 23:03:42",1752.2,2,alannasibullin
1040,16663946,"Hello San Francisco","2026-08-29 16:48:21",1750.7,2,"circiumaru,dulgherustefan,radugoga"
1041,16727110,yemaoye,"2026-09-01 03:50:23",1749.9,2,yemaoye
1042,16803448,jiatu.l,"2026-09-01 14:42:47",1749.9,1,jiatul
1043,16693050,Shoko,"2026-09-03 13:05:27",1748.7,2,abreyton
1044,16634432,KARGI,"2026-09-02 20:57:47",1746.8,2,learningkin
1045,16682514,"Pavel Pavlov","2026-08-30 07:31:48",1746.7,2,akakii
1046,16684128,NIklitaCheporev,"2026-09-01 11:32:08",1746.3,2,niklitacheporev
1047,16695695,"Siva Kumar","2026-09-03 15:18:27",1746.3,2,sivapnlr80
1048,16623890,"rapika rosalia","2026-09-01 17:40:24",1746.0,2,rapikarosalia
1049,16778072,oonumberone,"2026-08-30 02:54:33",1745.7,2,oonumberone
1050,16805609,Gleb,"2026-09-01 22:11:48",1745.3,1,korelin
1051,16639979,naphthalene,"2026-09-01 10:40:26",1745.3,2,"aaa0342,leehyungjoon,minjek,trv449"
1052,16756630,Shreyas,"2026-08-30 09:58:08",1744.9,2,shreyasdongre25
1053,16731501,"Shiv Satyam","2026-09-01 19:17:59",1744.4,2,shivsatyam
1054,16673370,JeovaAnderson,"2026-09-03 03:15:05",1744.1,2,jeovaanderson
1055,16765327,master_ssx,"2026-08-30 10:01:34",1743.3,2,masterssx
1056,16777923,Sho,"2026-09-02 19:35:36",1743.3,1,shoito08190904
1057,16676034,"Songyot P","2026-09-03 08:20:14",1743.2,2,songyotpi
1058,16792681,MorS,"2026-09-03 17:34:21",1742.9,2,mors1337
1059,16668215,renta.k,"2026-09-02 00:10:15",1742.9,2,renta0426
1060,16658349,lingxiaojun,"2026-09-03 12:50:39",1742.7,2,lingxiaojun
1061,16740420,Laplacenvmv,"2026-09-02 10:54:42",1742.0,2,laplacenvmv
1062,16741551,"Vedant Tiwari","2026-09-02 20:48:05",1741.9,2,vedant7312
1063,16661393,"razab Bawa","2026-09-02 19:07:24",1741.9,2,razabbawa
1064,16795391,MECHINE,"2026-09-01 03:05:47",1740.5,2,nainglinwai
1065,16663485,"Jacob Alstrup","2026-08-31 15:36:13",1740.1,2,jacobalstrup
1066,16741965,Ryuichi,"2026-09-03 04:21:03",1739.8,2,ryuichigt
1067,16806048,duck_raccooon,"2026-09-02 15:03:04",1739.1,2,duckraccooon
1068,16657796,"parv goyal2","2026-09-02 03:18:09",1739.0,2,parvgoyal2
1069,16669935,"Roman Svet","2026-09-03 12:47:42",1738.6,2,romansvet
1070,16773026,アルモンド,"2026-09-01 00:34:11",1738.5,2,almondman0707
1071,16790765,Aristotle.Chen,"2026-09-02 10:29:35",1738.5,2,aristotlechen
1072,16626655,"Surya milenial","2026-08-30 08:21:22",1738.2,2,suryamilenial
1073,16655381,"Varshith K","2026-09-02 07:13:47",1738.2,2,var3604
1074,16660020,"Gaddam Shiva Teja","2026-08-31 17:27:25",1738.0,2,shivateja005
1075,16701638,"John Stupid","2026-08-30 09:28:55",1737.7,2,bryxosmmm
1076,16652175,"Lucas Boesen","2026-09-03 13:10:29",1737.5,2,lucasboesen
1077,16644565,Suda,"2026-08-31 16:19:38",1737.4,2,chaneyma
1078,16768016,JohnBlake,"2026-09-03 14:32:09",1736.8,2,jaybeeja
1079,16802578,Yuuki4543,"2026-09-03 16:15:00",1736.7,2,yuuki4543
1080,16725177,misaka12435,"2026-09-01 05:06:54",1736.3,2,misaka12435
1081,16658946,theredbluepill,"2026-09-01 03:10:33",1735.2,2,poonszesen
1082,16764901,"Han Chen","2026-09-03 17:20:43",1734.5,2,puffohan
1083,16719451,"Syed Toubur","2026-09-02 07:58:35",1734.0,2,syedtoubur
1084,16790931,100rabh,"2026-09-03 04:56:54",1733.9,2,saurabhkumar234
1085,16774475,LoveB4Sunrise,"2026-09-01 04:42:09",1732.9,2,demacia1314
1086,16756633,TheDanKing,"2026-08-31 05:49:23",1732.8,2,thedanking
1087,16790658,lxymmd,"2026-09-03 04:22:29",1732.7,2,lxymmd
1088,16760158,"apple farmer","2026-08-30 01:15:01",1732.6,2,gustavoknudsen
1089,16768143,KingDellaFarm,"2026-09-02 12:49:02",1732.6,2,"alessandrodestasi,disteroas"
1090,16725851,hetspookjee,"2026-09-03 09:45:55",1732.2,2,hetspookjee
1091,16773125,kuroko1t,"2026-09-03 01:28:37",1731.9,2,kuroko1t
1092,16779321,HarryP12,"2026-08-30 00:57:22",1731.6,2,harryp12
1093,16762248,KongKongDe,"2026-08-30 07:11:45",1731.0,2,kongkongde
1094,16746191,だれかっち,"2026-08-31 05:25:39",1730.9,2,drktti
1095,16794527,linyifangzhenshuai,"2026-09-03 09:20:28",1730.4,2,linyifangzhenshuai
1096,16755229,theearthcheng,"2026-09-02 14:23:55",1729.6,2,theearthcheng
1097,16634952,"Igor Zharov","2026-09-03 14:23:09",1729.0,2,flexonafft
1098,16778019,Mr.Frundles,"2026-09-03 02:21:58",1728.7,2,watehell
1099,16791828,Ling,"2026-08-30 03:32:21",1727.2,2,lingbia
1100,16733016,Quillbolt,"2026-09-02 04:49:03",1726.7,2,tunminhhunh
1101,16748511,HarshPandey-yt-auto,"2026-09-02 08:58:44",1725.6,2,harshpandeyytauto
1102,16645705,wataru420,"2026-09-03 15:39:34",1725.6,2,wataru420
1103,16765154,dreamcxy,"2026-08-31 03:54:16",1725.2,2,dreamcxy
1104,16808396,Dr_F,"2026-09-02 10:02:09",1724.8,1,algebraictopology
1105,16629873,UncleWKTK,"2026-08-29 01:15:07",1724.7,2,unclewktk
1106,16621616,insuperabilehart,"2026-09-03 04:49:37",1723.9,2,insuperabile
1107,16641536,"Michael Timbs","2026-08-27 07:30:56",1723.5,2,michaeltimbs
1108,16731074,UmutUygurr,"2026-08-31 17:00:52",1723.1,2,umuttuygurr
1109,16761652,"Dhruv #2","2026-09-03 11:47:18",1722.9,2,dhruvrama
1110,16629972,"forever young","2026-09-03 09:07:47",1720.9,2,keisukeyokota0428
1111,16759913,"Peter Cnudde","2026-08-31 14:53:21",1719.2,2,petercnudde
1112,16755203,TY0912,"2026-09-03 17:08:40",1718.8,2,samejimatink0
1113,16760480,yat0i811,"2026-09-02 13:25:15",1718.6,2,yat0i811
1114,16665077,"Mohit Babel","2026-08-31 22:56:51",1717.6,2,mohitbabel
1115,16657637,"Ronnie Atuhaire","2026-09-03 13:52:22",1717.3,2,ronnieatuhaire
1116,16751899,peggy,"2026-09-03 08:40:48",1717.2,2,refrigerator21
1117,16624969,tf,"2026-09-03 12:47:47",1717.1,2,tfukuhara
1118,16779110,markastra,"2026-09-02 14:26:25",1714.4,2,markastra
1119,16671088,jasonstillchasin,"2026-08-28 13:02:54",1714.4,2,jasonstillchasin
1120,16726889,stnick,"2026-09-03 13:22:14",1714.2,2,stnick
1121,16632783,chocolat,"2026-09-03 19:15:30",1710.2,2,chocolatnya999
1122,16740644,Terence0914,"2026-08-31 23:55:50",1709.7,2,terence0914
1123,16623691,KevlarZanderChi,"2026-08-31 17:19:02",1709.0,2,kevlarzanderchi
1124,16621153,"Addison Howard (ineligible)","2026-09-03 19:05:30",1708.2,2,addisonhoward
1125,16784725,prairieee,"2026-08-28 14:23:36",1707.5,2,"haideptry,prairieee"
1126,16704818,probably6767,"2026-08-28 13:03:16",1707.3,2,probably6767
1127,16759058,Miz,"2026-08-31 02:14:38",1705.4,2,ryota040
1128,16623577,"Jiayi Tang","2026-09-02 06:12:43",1703.6,2,mannguo
1129,16666188,"XueFeng Chen","2026-09-02 14:16:49",1702.8,2,chxfmcs
1130,16752104,WYSSR1225,"2026-09-03 02:37:22",1702.8,2,wyssr1225
1131,16671520,sci-shi,"2026-08-29 01:10:54",1700.7,2,scishi
1132,16634426,ertu,"2026-09-03 18:56:50",1699.1,2,ozertuu
1133,16623530,khursani,"2026-09-03 07:01:10",1699.1,2,khursani8
1134,16745995,"Guido Tapia","2026-09-03 02:20:23",1698.1,2,guidotapia
1135,16791752,bayachay,"2026-09-02 22:30:37",1698.0,2,bayachay
1136,16773607,sky1,"2026-09-01 14:13:15",1697.7,2,skyk1jn
1137,16764431,"William Diment","2026-09-01 02:33:07",1697.4,2,williamdiment
1138,16677252,カワシギ,"2026-09-03 05:11:27",1696.6,2,kawashigi
1139,16669843,"hikaru kitagawa","2026-09-01 17:42:05",1696.6,2,hikarukitagawa
1140,16632377,"Legend Brothers","2026-09-03 15:49:48",1695.8,2,"holeguma,shunhirota"
1141,16630274,yutoAb,"2026-09-01 01:08:37",1695.1,2,yutoab
1142,16662338,jaepyeocho,"2026-09-03 04:24:50",1694.6,2,jaepyeocho
1143,16679214,alban,"2026-09-03 08:37:32",1694.5,2,albantiacoh
1144,16719002,Astraeus,"2026-09-02 17:10:21",1693.9,2,astraeusdotdev
1145,16771457,"HK Fama","2026-09-03 01:38:55",1693.0,2,kenho211
1146,16693439,"Ankit Hemant Lade","2026-09-03 17:43:44",1692.5,2,"ankitlade12,jsaikrishna"
1147,16765484,smsxgz,"2026-08-28 06:36:48",1691.9,2,smsxgz
1148,16763200,"Alexander Nord","2026-08-28 19:47:12",1688.9,2,"alexandernord123,pizza987"
1149,16661665,"Leonardo Viola10","2026-09-01 18:16:04",1688.2,2,leonardoviola10
1150,16758381,"Yang Kuang Ou","2026-08-31 00:26:04",1687.1,2,yangkuangou
1151,16669403,mrgrishninsb,"2026-08-30 07:38:50",1686.4,2,mrgrishninsb
1152,16654196,"Aryaman Chokhani","2026-08-31 06:30:01",1685.7,2,"aryamanchokhani,pranrocky"
1153,16741639,kirito83,"2026-09-03 08:43:17",1685.3,2,lishsh83
1154,16730049,"r2d2 Dasari","2026-09-02 12:17:08",1685.1,2,r2d2dasari
1155,16777359,"Dmitriy Ulybin","2026-09-03 19:08:02",1685.0,2,dmitriyulybin
1156,16686444,"Syakirin Pahimi","2026-08-31 01:45:58",1685.0,2,syakirinpahimi
1157,16678534,"Filip Strzałka","2026-08-28 18:42:16",1684.9,2,snufkin77
1158,16775443,NoName,"2026-08-28 21:11:20",1684.9,2,thesonalsingh
1159,16747408,すずき,"2026-08-29 21:27:31",1684.2,2,shumpeace
1160,16688642,"Natalia Mawyin","2026-08-29 20:28:24",1684.1,2,nmawyin
1161,16793106,"Пал Лаич","2026-08-30 12:45:34",1682.8,1,skypunkaudiowalker
1162,16671476,"Mingkang YAN","2026-08-26 08:13:57",1681.8,2,mingkangyan
1163,16659467,AlexMoura2026,"2026-09-03 03:17:39",1681.6,2,alexmoura2023
1164,16734699,PangMinShih,"2026-08-28 08:39:27",1680.3,2,shihbonbon
1165,16654914,Nozprod,"2026-08-27 18:44:09",1680.0,2,nozprod
1166,16625339,kazusw,"2026-09-02 10:13:45",1679.9,2,kazusw
1167,16671741,Excluding,"2026-08-24 11:37:13",1679.8,2,excluding
1168,16701024,Selene,"2026-09-01 00:58:10",1678.8,2,ejlthomas
1169,16665402,PrasadChopade213,"2026-09-03 18:12:15",1678.5,2,prasadchopade213
1170,16662696,"Cengizhan Tümer","2026-08-31 20:54:21",1677.9,2,cengizhantmer
1171,16759632,"Rifqi Haikal","2026-08-31 00:10:15",1677.2,2,rifqihaikal
1172,16621481,"zero waste","2026-08-30 10:50:27",1676.7,2,chinnaphatkhun
1173,16735353,我是刘大聪,"2026-09-03 15:57:36",1676.6,2,smartorz
1174,16644287,"Ryo Hasegawa","2026-08-19 04:08:02",1676.4,2,ryohasegawa926
1175,16664619,"Trupen Patel","2026-09-02 16:09:34",1674.9,2,trupenpatel
1176,16710466,"Charles Backman on LinkedIn","2026-08-31 23:46:50",1673.2,2,charlesbackman
1177,16739019,quzhihang,"2026-09-03 14:54:36",1673.2,2,quzhihang
1178,16715358,wuy1hao,"2026-09-02 07:12:49",1673.2,2,wuy1hao
1179,16755049,gamesu7107,"2026-08-31 03:11:27",1672.1,2,gamesu7107
1180,16775803,Robson,"2026-08-30 17:27:12",1671.2,2,robsonsan
1181,16662222,MinerUNLEASHED,"2026-08-24 16:28:40",1671.1,2,minerunleashed
1182,16762926,"Ricky RTG","2026-09-03 16:30:20",1670.9,2,rickyrtg
1183,16686827,Kronki,"2026-08-26 12:41:40",1670.9,2,kronki
1184,16678061,"Sushanth Tiruvaipati","2026-09-03 10:16:40",1669.8,2,sushanthtiruvaipati
1185,16780317,jrcjrcjrc,"2026-09-02 09:18:57",1669.4,2,jrcjrcjrc
1186,16689154,CrossEngineered,"2026-08-28 19:01:41",1668.9,2,"danyalsahin1,gkenurk"
1187,16665224,tyz123456,"2026-08-25 16:52:50",1668.7,2,tyz123456
1188,16655477,Aurora,"2026-09-01 22:53:16",1668.6,2,"niteshranjansingh,themeghajoshi"
1189,16783630,"fan yanbing","2026-08-30 11:33:12",1668.3,2,jackpudding
1190,16707453,"Kaan Dınız","2026-08-28 09:11:10",1668.3,2,kaandnz
1191,16730065,Blu3s,"2026-08-29 22:33:42",1668.2,2,atteincueo
1192,16726547,"Ezra Kho","2026-08-28 04:04:46",1668.0,2,ezrakho
1193,16772119,Workybara.ai,"2026-09-03 03:21:54",1667.0,2,workybaraai
1194,16730946,"Bohannn Wang","2026-09-03 04:48:18",1666.3,2,bohannnwang
1195,16659081,"JALKARNA GAUTAM","2026-08-27 11:53:22",1665.1,2,jalkarnagautam
1196,16724755,K.nosaka,"2026-08-28 04:55:49",1663.4,2,kenseinosaka
1197,16755414,Danzzzl,"2026-08-30 12:53:27",1662.6,2,okunevda
1198,16745416,yamato035073,"2026-08-30 22:24:34",1662.1,2,yamato035073
1199,16771080,"Ricky Shao","2026-08-31 10:59:44",1662.0,2,rickyshao
1200,16672468,ComposeMage,"2026-09-03 04:09:25",1662.0,2,composemage
1201,16677565,"Avish Sinha","2026-08-28 19:30:34",1662.0,2,avish006
1202,16732507,iwashhh,"2026-09-03 12:43:04",1661.6,2,yuinokogawa
1203,16653260,"Kadouci Abdelhak","2026-08-29 00:16:50",1660.6,2,kadouciabdelhak
1204,16765233,Shun,"2026-09-03 07:07:37",1660.4,2,shunchan0677
1205,16702590,"Aashka Kapadia","2026-09-03 06:53:05",1659.8,2,aashka
1206,16790391,"Kevin Cao","2026-08-29 13:38:03",1658.7,1,kevincao2
1207,16633850,Pascal,"2026-09-01 21:53:38",1658.3,2,pascalledesma
1208,16659670,MeeMee,"2026-08-29 09:22:18",1658.3,2,yagi46
1209,16777137,Bernardus,"2026-08-31 18:30:43",1657.9,2,bernubritz
1210,16763001,Eb3lss,"2026-08-26 00:25:53",1656.9,2,eb3lss
1211,16666805,Kaggs,"2026-08-30 04:15:17",1656.6,2,ayush21042004
1212,16712714,MiMi,"2026-08-31 08:39:16",1656.4,2,"frank0921,rickytsou"
1213,16708546,"Blue Rain","2026-08-27 17:44:12",1655.7,2,bluefeather386
1214,16781506,un0o7,"2026-08-28 11:47:12",1654.6,2,hjhsdsdww
1215,16719578,blueblue222,"2026-09-03 14:41:34",1654.0,2,blueblue222
1216,16632757,taopy2,"2026-09-03 07:27:24",1653.3,2,taopy2
1217,16728229,twomoon,"2026-08-27 12:35:54",1653.1,2,twomoon036
1218,16778489,dataWr3cker,"2026-08-28 20:40:52",1652.0,2,gourabr0y555
1219,16778358,"Lê Nguyễn Việt Cường","2026-08-28 03:46:51",1651.9,2,lengvietcuong
1220,16630015,星之海,"2026-09-02 18:51:54",1651.2,2,web3cainiao
1221,16732670,minoneru,"2026-09-02 09:31:12",1651.1,2,kotaminoshima
1222,16638781,itsuki-data,"2026-08-31 11:06:29",1651.1,2,itsuki89
1223,16748382,shiiin9,"2026-08-29 15:30:13",1650.8,2,shiiin9
1224,16768065,"Gradient Grazing","2026-08-31 21:17:50",1650.8,2,adamhusein
1225,16731776,ASH,"2026-09-01 06:05:15",1649.7,2,pentannnn
1226,16689569,JovanaLab,"2026-08-27 22:43:51",1648.9,2,"choonesenlu,joxitsai"
1227,16712432,hengck23,"2026-08-25 17:58:30",1648.8,2,hengck23
1228,16743656,Deskbo,"2026-08-26 16:14:12",1648.5,2,deskbo
1229,16654710,"Ray Brothers","2026-08-31 21:16:18",1648.3,2,"madhurjyaray,vibekodr"
1230,16771361,"It's Ratcha","2026-08-28 09:23:00",1648.1,2,itsratcha
1231,16779067,fishwg,"2026-08-28 09:12:54",1647.8,2,fishwg
1232,16752121,adhsdrtjh,"2026-08-23 15:02:25",1647.5,2,adhsdrtjh
1233,16717572,kiyomiya-k,"2026-08-27 09:30:13",1646.9,2,kiyomiyak
1234,16669810,CREART,"2026-08-29 16:06:18",1646.3,2,gustardust
1235,16639550,"HIDEYO CHIBA","2026-08-26 17:10:15",1646.3,2,hideyochiba
1236,16713457,"Poor farmer","2026-09-01 12:30:05",1645.3,2,trnhip
1237,16672202,HealthStone,"2026-08-29 21:04:07",1644.9,2,healthstone
1238,16798989,"Harvest Sun","2026-09-03 06:13:24",1644.6,2,zaoooo29
1239,16773098,Apa,"2026-09-03 02:15:16",1643.6,2,yasso1
1240,16778808,"Candace Dudleson","2026-08-31 23:19:12",1643.2,2,candacedudleson
1241,16676762,"Tomas Escobar Rivera","2026-08-27 23:25:05",1643.0,2,tomasescobarrivera
1242,16790233,"prateek chandra","2026-08-30 15:55:55",1642.9,2,prateekchandra7005
1243,16717440,那个男人,"2026-08-27 16:27:08",1641.8,2,muran169633
1244,16729906,"Krzysztof Madziar","2026-08-28 05:05:13",1640.9,2,krzysztofmadziar
1245,16780995,"Silver Surfer","2026-08-29 06:37:04",1640.7,2,hausch11
1246,16759250,"Harsh Jain","2026-08-28 06:55:29",1640.6,2,harshjain123
1247,16773170,"yy li","2026-08-28 07:05:37",1639.0,2,yangyili11
1248,16626272,"ömer kiraz","2026-08-29 19:24:10",1638.6,2,merkiraz
1249,16755921,"Natnael Yerga","2026-08-24 16:43:22",1638.3,2,natnaelyerga
1250,16762537,Controlvector,"2026-08-25 08:28:11",1637.7,2,"controlvector,yxdu01"
1251,16626582,"Omer Faruk Merey","2026-09-02 10:38:00",1637.6,2,omerfarukmerey
1252,16758791,"qw yi123","2026-09-03 17:17:57",1637.1,2,qwyi123
1253,16638557,"Araik Tamazian","2026-09-03 07:11:00",1636.0,2,atamazian
1254,16786102,"Anay Garodia","2026-09-03 15:48:18",1636.0,2,anaygarodia
1255,16709115,"PARK HYUNSIK","2026-08-26 01:51:31",1635.5,2,hyunsikpark
1256,16675777,"Ml BOY","2026-09-03 16:19:28",1635.4,2,mlboy1
1257,16660988,"AI After Hours","2026-09-01 16:43:31",1635.3,2,"akshaythammana,mmehersaipreetam"
1258,16728084,iwance,"2026-08-24 12:23:07",1632.7,2,iwance
1259,16627472,CloverFarm,"2026-09-02 07:48:13",1632.2,2,ljs2546
1260,16762302,OxFFFs,"2026-08-24 13:49:44",1631.7,1,oxfffs
1261,16727214,"Jaivardhan Raahi","2026-09-02 08:50:18",1631.5,2,jaivardhanraahi
1262,16682867,sneaky6767,"2026-08-28 13:03:35",1631.5,2,sneaky6767
1263,16765834,Oakzen,"2026-08-31 12:25:21",1631.3,2,gyx517120273
1264,16748765,"A. R. SEKKAT","2026-08-25 20:36:41",1631.3,2,arsekkat
1265,16753125,"Rudransh Singh Rathore","2026-08-26 03:10:23",1630.9,2,rudranshsinghrathore
1266,16659771,DieByTheSword,"2026-09-03 06:33:41",1630.8,2,przemysawstroiws
1267,16632516,"Jiachen Li","2026-08-25 08:16:42",1629.3,2,llccqq624
1268,16766941,"S Kim","2026-08-31 16:22:19",1628.8,2,sunnyk92
1269,16778334,"Onkar Belure","2026-09-01 00:20:13",1627.7,2,onkarbelure
1270,16641982,ZotAZaw3,"2026-08-28 09:43:47",1627.5,2,zotazaw3
1271,16623199,"Jesse Ferguson","2026-08-31 15:33:09",1626.5,2,jesseferguson
1272,16744503,"Jun AKita","2026-08-26 13:20:13",1626.3,2,junakita
1273,16656312,"retiring to farm","2026-08-23 17:04:44",1626.0,2,"avnermlim,belati,hilariusjeremy,matthewpramana,nicholasarditirta"
1274,16688450,SpiralTip,"2026-09-03 06:53:43",1625.9,2,spiraltip
1275,16666468,"J Penman","2026-08-29 11:53:02",1625.7,2,jpenman
1276,16752733,zjukop1,"2026-08-25 03:29:28",1624.2,2,zjukop1
1277,16770998,ket,"2026-08-31 22:14:53",1624.1,2,kentken
1278,16724298,Orig_lab,"2026-08-23 18:39:17",1623.4,2,chengxixixi
1279,16768702,"Crop It Like It's Hot","2026-09-03 08:37:35",1622.2,2,"davidben10,rachel79"
1280,16701768,darasty,"2026-09-03 10:44:05",1622.2,2,darasty
1281,16691247,"Aneesh Rao","2026-08-27 17:11:07",1621.9,2,sidrao2006
1282,16661846,"Jeffrey Pike","2026-09-03 17:23:01",1621.8,2,jeffreypikeai
1283,16715066,akahane,"2026-08-30 00:31:26",1621.7,2,shuheiakahane
1284,16700771,"Disuru Coba Ama Jaki","2026-08-31 09:50:50",1621.7,2,reiiihel
1285,16639746,"Kyle Wang","2026-09-01 02:17:00",1621.5,2,ky1ewan9
1286,16728076,uuu,"2026-08-24 10:02:45",1621.4,2,vovafinogenov
1287,16684994,"Katasonov Evgeny","2026-08-30 01:39:34",1621.3,2,katasonoveugene
1288,16784611,sardarkhanyadav,"2026-08-28 16:45:33",1620.2,2,sardarkhanyadav
1289,16667147,"Daksh Bhalala","2026-08-26 06:41:04",1620.1,2,dakshbhalala
1290,16671412,Xman,"2026-09-02 13:44:22",1620.1,2,xuanzhang001
1291,16632327,midnq,"2026-08-25 18:36:32",1620.1,2,midnqly
1292,16738626,李BCDEFGA,"2026-08-25 06:55:39",1620.0,2,bcdefga
1293,16633132,"Kaggledew Valley","2026-08-25 16:39:59",1620.0,2,yanzhou06
1294,16762139,AltriaE,"2026-08-25 15:27:52",1619.7,2,altriae
1295,16748647,"Adar Cohen","2026-08-24 21:27:43",1619.3,2,adarcohen
1296,16759508,george-nigmatulin,"2026-09-01 08:28:06",1619.2,2,georgenigmatulin
1297,16670883,G*Sim,"2026-08-28 07:55:59",1618.6,2,guillaumesimiand
1298,16742267,chandora,"2026-09-02 11:20:41",1618.0,2,chandora
1299,16760656,CharTFboy,"2026-08-24 09:19:37",1617.7,2,chartfboy
1300,16666195,"Yihan Guo","2026-08-28 08:44:06",1617.5,2,yihanguo
1301,16782193,nal_nh906,"2026-09-02 01:42:32",1617.3,2,hhan09
1302,16758767,"Mikhail Karchevskiy","2026-09-03 19:41:50",1617.2,2,suvalex
1303,16641884,Blacklions.,"2026-08-26 14:05:59",1616.2,2,blacklions
1304,16685450,Nadeem,"2026-08-25 09:21:14",1616.1,2,nadeembinshajahan
1305,16674451,NycteacoBa,"2026-08-28 23:49:23",1615.9,2,nycteaowl
1306,16764738,Lucasty,"2026-08-25 07:04:36",1615.9,2,lucaswty
1307,16732129,"payne yam","2026-09-02 01:23:13",1615.7,2,payneyam
1308,16676455,"Sarthak Sharma ","2026-08-29 20:41:53",1615.6,2,sarthaksharma14
1309,16674948,habe.sq,"2026-08-26 11:48:32",1615.6,2,habesq
1310,16749257,rsraki,"2026-09-01 13:56:02",1615.3,2,rsraki
1311,16771010,42X,"2026-08-28 15:45:11",1614.7,2,infcyx
1312,16733839,"Fabian Ruiz","2026-09-01 15:26:07",1614.6,2,fabianruiz3
1313,16685548,"Erfan Eshratifar","2026-09-03 17:50:20",1614.3,2,erfaneshrati
1314,16698340,"Yanxi Jiang","2026-08-26 03:24:55",1614.2,2,yanxijiang
1315,16755244,SZU蓝心,"2026-09-01 11:50:45",1613.7,2,jiazhanliu
1316,16758279,"GO HIROSHIMA 2","2026-08-29 02:51:47",1613.5,2,gohiroshima2
1317,16746632,tingyu516,"2026-08-24 06:05:33",1613.2,2,tingyu516
1318,16733708,RyanHo,"2026-08-29 03:59:12",1612.5,2,ryanrx
1319,16679389,"JOMIN URK21CS1077","2026-09-03 05:59:12",1612.3,2,jominurk21cs1077
1320,16796980,ChenyuBaii,"2026-09-01 21:22:16",1612.0,2,chenyubaii
1321,16635504,"Datta Dhebe","2026-08-30 01:52:44",1611.6,2,dattadhebe
1322,16748907,EdwardHwang@123,"2026-08-24 15:32:00",1611.2,2,edwardhwang123
1323,16661325,"Max Fofanov","2026-08-26 14:28:28",1610.8,2,maxfofanov
1324,16692443,xmkevin2004,"2026-08-30 02:44:13",1610.2,2,xmkevin2004
1325,16738279,zhangshuosc,"2026-08-26 05:11:57",1609.9,2,zhangshuosc
1326,16676739,"Jonathan Zheng Jiahao","2026-08-28 03:22:42",1609.0,2,jonathanzhengjiahao
1327,16692744,"VAIBHAV RASTOGI 90","2026-08-29 19:13:31",1608.4,2,vaibhavrastogi90
1328,16744837,JuliaGastellu,"2026-08-29 17:55:01",1608.1,2,juliagastellu
1329,16654526,"Jin Niu","2026-08-26 18:25:33",1608.0,2,gufanmingmie
1330,16664537,"Lenin Goud","2026-08-27 01:07:37",1607.9,2,leningoud
1331,16768676,Doit,"2026-08-25 02:09:47",1607.3,1,aifccnb
1332,16689741,shinamonmon,"2026-08-24 03:05:45",1607.2,2,shinamonmon
1333,16659419,"Chahat Mehra","2026-08-31 12:35:51",1606.8,2,chahatmehra
1334,16621165,"xisheng feng","2026-09-02 04:40:18",1606.8,2,xishengfeng
1335,16732586,Juniex,"2026-08-29 00:11:02",1606.6,2,juniex
1336,16626814,"Vu Tran Hoang","2026-08-27 09:46:58",1606.2,2,hoangvux
1337,16753194,"Saicharan Ramineni","2026-08-26 19:33:02",1606.2,2,godlydonuts
1338,16710546,"Russlan Ramdowar","2026-08-28 03:27:30",1605.1,2,russlan
1339,16760569,"Otter Vibe","2026-09-03 10:27:48",1605.1,2,gyuminsong
1340,16665753,"Mansour A. S. Ataa","2026-08-26 10:28:34",1604.5,2,profmansoor
1341,16633100,"Emile Andrieu","2026-08-27 15:36:35",1604.5,2,emileandrieu
1342,16704603,Tmaxxer,"2026-08-28 14:45:38",1603.5,2,tmaxxer
1343,16670569,Ezzzzzekki,"2026-08-27 16:49:31",1603.3,2,abdullahelzeki
1344,16682843,underline12311,"2026-09-03 13:17:45",1602.8,2,underline12311
1345,16761019,"yiwen hou","2026-08-25 14:48:43",1601.9,2,hevenhina
1346,16706523,"Aussie lover","2026-08-30 21:08:39",1601.8,2,aussielover
1347,16761788,"Corenthin Buffard","2026-08-26 13:16:28",1601.5,2,cbuffard
1348,16630516,"Seb (allegedly)","2026-09-02 11:38:59",1601.4,2,sebmallia
1349,16670999,Maksonch1k,"2026-08-28 23:01:42",1601.3,2,maksonch1k
1350,16687294,"Madiyar Khamzanov","2026-08-29 20:07:26",1600.8,2,mkhamzanov
1351,16639507,Homii_N,"2026-08-24 21:14:01",1600.6,2,homeshwarrao
1352,16621515,"Alexander Gremyakov","2026-08-31 21:09:58",1600.0,2,alexandergremyakov
1353,16760509,"gnanadeepika karanam","2026-08-29 03:35:25",1599.9,2,gnanadeepikakaranam
1354,16639771,"DK Armada","2026-08-30 14:43:29",1599.5,2,dkarmada
1355,16770927,kaptaan45,"2026-08-28 08:06:32",1599.5,2,kaptaan45
1356,16741826,StackKnight,"2026-08-28 02:12:12",1599.1,2,stackknight
1357,16672456,hangglider5,"2026-08-26 08:39:29",1598.4,2,hangglider5
1358,16747982,"Affriza Wildan Fauzan","2026-09-03 01:30:27",1597.2,2,affrizawildanfauzan
1359,16752082,"Tian hao Qing Nano7ko","2026-08-25 05:25:19",1597.0,2,tianhaoqingnano7ko
1360,16754974,BurntPotato,"2026-08-25 08:25:24",1596.0,2,burntpotato
1361,16682753,"Cam-Luan Truong","2026-08-28 04:28:48",1595.6,2,luantruong
1362,16631115,prvsiyan,"2026-09-03 09:26:33",1595.2,2,prvsiyan
1363,16669191,"Mohammed Nomaan","2026-08-28 18:14:25",1594.2,2,nomaanz
1364,16660492,"Deven Bagul","2026-08-29 11:56:30",1594.2,2,devenbagul
1365,16807054,"JSU xiaopoche","2026-09-03 06:35:02",1594.0,1,xhmuvw
1366,16632214,roomer,"2026-08-29 08:47:48",1593.8,2,"matsuphy,mqme526,yasunamiura"
1367,16774410,"Rishabh Roy","2026-08-26 09:01:38",1593.3,1,rishabhr0y
1368,16732433,syuuuuu,"2026-09-03 08:09:17",1591.8,2,syuuuuukun
1369,16796235,"Keside Onyeocha","2026-08-31 20:04:15",1591.2,2,kesideonyeocha
1370,16661570,"sissoko cheick","2026-09-03 17:28:46",1590.3,2,sissokocheick
1371,16730705,chris,"2026-09-03 15:19:31",1589.6,2,chris62
1372,16720056,"Heads or Tails","2026-08-29 15:06:32",1588.7,2,headsortails
1373,16770299,"أحمد فهد الربيش","2026-08-25 09:55:13",1588.5,2,ghr111
1374,16662819,THeLAB,"2026-08-17 18:55:16",1588.3,2,feuorme
1375,16626732,islet,"2026-09-03 08:30:33",1588.3,2,kojimar
1376,16756902,"Matt Palmer","2026-09-02 19:47:57",1587.7,2,palmsey
1377,16655255,MalelizarazoP,"2026-08-26 13:34:53",1587.4,2,malelizarazop
1378,16753515,"Yosif EL-Rammaal","2026-08-25 16:57:09",1587.3,2,yosifelrammaal
1379,16742825,"Ritwik Raha","2026-08-27 20:20:34",1587.3,2,ritzraha
1380,16634519,"Darshan Makwana","2026-08-24 04:10:09",1586.6,2,ellipticaloranges
1381,16734435,"Jai Kamal","2026-09-03 18:56:02",1586.0,2,jtheyogi
1382,16693663,"YoungCheol Son","2026-08-27 00:51:34",1585.6,2,sonyc5720
1383,16770055,"san yin26","2026-09-03 06:49:29",1585.0,2,"amadeusan,sanyin26"
1384,16767625,"Saurabh Yadav","2026-08-24 17:56:22",1584.1,1,saurabhyadav1305
1385,16627799,"navazsh fathi","2026-08-26 17:10:17",1584.0,2,navazshfathi
1386,16668071,"Ali Eren Oğuztaş","2026-08-31 19:52:03",1583.1,2,alierenouzta
1387,16706576,王一凡,"2026-08-20 02:24:40",1582.9,2,"liuziyang1016,mikakohinata68"
1388,16665337,BHackers,"2026-08-26 17:13:11",1582.8,2,clarencepagaduan
1389,16777894,"Matthew Neba","2026-08-31 15:59:03",1582.4,2,matthewneba
1390,16791369,dataix,"2026-09-02 21:54:55",1581.9,2,codymachody
1391,16771337,titako0000,"2026-09-01 15:15:47",1581.7,2,titako0000
1392,16689274,Anyeson,"2026-08-30 09:24:43",1581.1,2,anyeson
1393,16655083,ktyser,"2026-08-22 21:44:20",1580.6,2,keithtyser
1394,16735341,Ryui68925,"2026-08-24 16:22:30",1580.0,2,ryui68925
1395,16684401,WQAAAA,"2026-09-03 02:09:35",1578.4,2,wqaaaa
1396,16703045,ReCurSiON,"2026-08-14 14:14:52",1577.8,2,ashok205
1397,16734199,Iliamna,"2026-09-02 03:11:56",1577.0,2,decotoj
1398,16672709,"RS Turley","2026-08-28 22:21:12",1575.7,2,rturley
1399,16634153,AnpAn_Men,"2026-08-29 19:47:31",1575.3,2,anpanmen
1400,16748000,"Rohit Raj Singh","2026-09-03 09:38:10",1573.7,2,rohitrajsingh555
1401,16691572,"Lord Momo","2026-08-23 11:54:53",1573.4,2,stevenleehans
1402,16701633,"Jacob Davis","2026-08-23 15:06:50",1573.3,2,jacobtdavis
1403,16763274,vinceybb,"2026-09-03 04:11:33",1573.3,2,vinceybb
1404,16769082,"Little Xi","2026-08-26 03:31:32",1572.7,2,littlexi0
1405,16765313,Hosuke,"2026-09-01 04:19:31",1571.9,1,hosuke
1406,16655704,heinado,"2026-08-25 13:29:15",1571.9,2,heinado
1407,16764459,chaojiwudiwujie,"2026-09-03 15:38:28",1571.8,2,chaojiwudiwujie
1408,16624571,"Baidalin Adilzhan [dsml.kz]","2026-08-25 08:52:17",1571.5,2,baidalinadilzhan
1409,16727404,Yichi,"2026-08-27 16:06:01",1571.3,2,yichi02
1410,16770979,"Paulo Martins","2026-08-30 05:28:35",1570.9,2,paulomartins87
1411,16621497,"Victor @ Tufa Labs","2026-08-26 20:41:50",1569.8,2,vmerckle
1412,16666393,saikyo,"2026-08-22 16:09:23",1569.5,2,kyosaikyo
1413,16762101,"Kazama Yusuke","2026-09-03 14:43:02",1568.7,2,kazamayusuke
1414,16781550,Lumberjacks,"2026-09-03 17:51:08",1568.1,2,jamesmcgarryiv
1415,16768047,アメリカ農業研究会,"2026-08-25 17:19:10",1566.5,2,flnkhome
1416,16724228,LSS0334,"2026-08-26 00:15:54",1566.2,2,lss0334
1417,16740392,"Amey Thakur","2026-08-25 12:01:41",1565.6,2,ameythakur20
1418,16733932,"Jasper Turnidge","2026-08-24 06:36:23",1565.2,2,jasperturnidge
1419,16729225,"Aayush Sigdel","2026-09-03 15:47:50",1565.1,2,aayushsigdel
1420,16764206,yanjixiang,"2026-08-25 11:37:34",1564.8,2,yanjixiang
1421,16708965,"Witold Dziurdz","2026-08-23 16:33:47",1563.9,2,witolddziurdz
1422,16732446,"Nuri DUDAK","2026-08-29 09:00:59",1563.8,2,nuridudak
1423,16757320,Jingxiang,"2026-08-28 09:15:03",1563.7,2,jingxiango
1424,16727182,FinalSunFlower,"2026-08-26 12:57:56",1563.6,2,finalsunflower
1425,16800775,SunSeeker染汐,"2026-09-01 16:47:33",1563.5,2,sunseekerrx
1426,16623459,"Peng Wang","2026-08-24 03:17:52",1563.3,2,pengwang91
1427,16716549,notoverkil,"2026-08-28 08:16:38",1562.1,2,notoverkil
1428,16654511,"Syed Shayan Ali Shah","2026-08-27 14:26:19",1562.1,2,dsshayan
1429,16763437,"⸻AgentZZ ⸻","2026-08-23 20:47:44",1561.9,1,agentzz
1430,16745499,"lurs lurs","2026-08-29 02:02:15",1561.5,2,lurslurs
1431,16764545,ArX,"2026-08-24 09:44:45",1561.2,2,arx1993
1432,16795086,Leroll,"2026-09-01 01:54:12",1560.6,2,leroll
1433,16735066,"Saber #2","2026-09-03 15:40:58",1560.5,2,yzheng21
1434,16660220,tomo11111,"2026-09-02 14:04:04",1559.8,2,tomo11111
1435,16671659,Jiang,"2026-08-28 05:29:29",1558.6,2,jncq2006
1436,16732851,chenry2003,"2026-08-24 02:27:53",1557.9,2,chenry2003
1437,16638804,"Anhad Mahajan","2026-08-26 12:44:36",1557.5,2,anhadmahajan06
1438,16802775," SonSheungmin","2026-09-03 06:55:03",1557.4,2,sonsheungmin
1439,16633445,Wal8800,"2026-08-26 05:25:48",1556.7,2,wal8800
1440,16661304,"Jonathan Roy","2026-09-03 17:51:35",1556.5,2,jonathanroy7
1441,16661701,premjampuram,"2026-08-20 18:36:21",1555.0,2,"aasthasinha9,anji2705,premjampuram,sheetallodhi"
1442,16667020,SCLim2022080004,"2026-09-03 15:51:21",1554.5,2,sclim2022080004
1443,16739925,nofreewill42,"2026-08-24 06:41:31",1554.0,2,nofreewill
1444,16674310,"Ayaz Ahmed Kazi","2026-08-29 18:49:13",1553.9,2,ayazahmedkazi
1445,16664002,"Guilherme Zanini de Sá","2026-09-03 11:28:42",1553.1,2,guilhermezaninides
1446,16623736,Garigariyong,"2026-09-01 04:31:17",1552.8,2,garigariyong
1447,16706227,"Wise Fancy","2026-08-24 06:35:55",1552.3,2,wisefancy
1448,16682353,"counter puncher","2026-08-27 19:00:05",1552.0,2,ahmadabdoumalickdiop
1449,16630323,kaggricultureomnidimensionalut,"2026-08-28 10:51:28",1551.4,2,kumarandatascientist
1450,16744914,"El Mehdi EL JAIR","2026-08-25 10:47:01",1550.8,2,elmehdieljair
1451,16740404,BarrelAged,"2026-08-31 03:14:48",1550.2,2,johnhosack
1452,16814417,"Minh Son Pham","2026-09-03 14:44:01",1550.1,2,paramizodicrominique
1453,16702275,Joyal,"2026-08-31 15:54:17",1549.3,2,joyalseejo
1454,16688907,青烟,"2026-08-24 12:39:28",1549.0,2,"imagine4391,mortal4416"
1455,16769028,"Rishabh Yadav","2026-09-02 08:49:36",1548.3,2,riishabhhh
1456,16759402,Capitaalgain,"2026-08-25 05:11:47",1548.1,2,capitaalgain
1457,16693431,Jonewang,"2026-08-30 06:38:15",1547.9,2,jone520
1458,16791549,"Eugenio Schiavoni","2026-08-31 19:14:40",1547.4,2,eugeniokukes
1459,16630711,"Aleks Lviv","2026-08-30 11:46:50",1547.2,2,alekslviv
1460,16669666,RhoenSprudel,"2026-08-24 21:05:02",1546.9,2,rhoensprudel
1461,16662651,CoatiAI,"2026-08-29 22:23:39",1546.3,2,gjhordan
1462,16723991,"James Holland","2026-08-17 01:40:17",1546.3,2,jkhollandjr
1463,16741720,MarKoz,"2026-09-03 07:18:49",1545.5,2,sirgauda
1464,16759705,2nod,"2026-08-23 03:42:04",1545.2,2,tsunoten
1465,16762195,eliasruntime,"2026-08-31 22:34:30",1544.9,2,eliasruntime
1466,16657395,"Uchechukwu Ajuzieogu","2026-09-03 14:10:11",1544.6,2,uchechukwuajuzieogu
1467,16668260,"Yangle Ma","2026-08-30 04:29:01",1544.2,2,yanglema
1468,16691154,UnknownRobi,"2026-08-31 22:50:27",1543.1,2,canrobichaud
1469,16757123,"Sripad Modali","2026-08-25 11:28:18",1541.3,2,sripadmodali
1470,16622937,"Sheep 🐑","2026-08-20 03:02:38",1541.1,2,kabilrh
1471,16758074,"mountain Lee111","2026-08-22 09:12:30",1540.9,2,BNBUDINGSHANLee21
1472,16706185,"Bab Kek","2026-08-25 21:04:53",1540.8,2,babkek
1473,16675960,"Audric LOKO","2026-08-31 15:38:30",1540.3,2,audricloko
1474,16673328,"Preetham Prasanna","2026-09-03 11:01:44",1540.0,2,preethamprasanna
1475,16758817,Ruwawa,"2026-08-30 18:23:19",1539.9,2,ruwawa
1476,16668748,"Harrison Interactive","2026-09-03 18:57:30",1539.1,2,nosiru
1477,16708315,beeyan,"2026-08-21 13:40:53",1538.0,2,beeyan0821
1478,16664379,N_Matsumoto24,"2026-09-02 08:17:44",1537.7,2,nmatsumoto24
1479,16693193,"Efrain Garay","2026-08-28 00:36:49",1537.4,2,efraingaray7
1480,16727784,Baen,"2026-08-24 06:44:33",1536.5,2,cairh22
1481,16693549,別班,"2026-08-15 06:47:38",1536.5,2,"kusurizuke,pepushi,tomokiaki"
1482,16794205,"kiwi apple","2026-09-01 18:56:25",1536.2,2,kiwiapple
1483,16658245,ziliangCok,"2026-08-28 16:08:13",1535.4,2,ziliangcok
1484,16744905,"Nator X","2026-08-26 22:15:29",1535.4,2,natorx
1485,16816445,"Danila Lebedev","2026-09-03 09:46:15",1535.3,1,danilalebedev
1486,16765135,neuro168,"2026-08-26 05:02:01",1535.1,1,lordmc
1487,16623559,DECEM,"2026-08-24 17:50:06",1534.7,2,zy1343930734
1488,16678609,quantcrypto3,"2026-09-01 19:19:00",1534.4,2,quantcrypto3
1489,16683755,"Meng Di","2026-09-02 16:06:28",1534.1,2,hughshaoqz
1490,16728774,あなまか,"2026-08-30 17:15:37",1534.0,2,arakish
1491,16664566,"Lormann ","2026-08-23 06:24:29",1533.9,2,lormann
1492,16740464,"Jorrawar Grewal","2026-08-21 05:30:14",1533.6,2,jorrawargrewal
1493,16664751,"Cindy Meng90","2026-08-26 01:10:52",1533.1,2,cindymeng90
1494,16715933,Scomics,"2026-08-20 07:33:14",1533.0,2,"bruceche7797,dongyiqun,jyxxxx"
1495,16666165,ChrisLeiteScha,"2026-08-24 15:20:36",1530.9,2,chrisleitescha
1496,16738721,"Luan Kunyu","2026-08-21 14:42:27",1530.7,2,luankunyu
1497,16697139,Stocks152,"2026-08-23 15:00:19",1530.5,2,stocks152
1498,16696593,bplyc15,"2026-09-02 07:42:03",1530.1,2,bplyc15
1499,16740159,CY,"2026-08-30 03:27:33",1529.9,2,aimeny
1500,16805340,"Md. Rafiul Islam","2026-09-03 16:05:01",1529.6,2,rafiulislamrafi
1501,16710128,"KeHao Liu","2026-08-14 01:52:29",1529.2,2,kehaoliu
1502,16664573,AdhithyaRokhith,"2026-08-22 20:34:38",1528.8,2,adhithyarokhith
1503,16743356,"Azat Akhtyamov","2026-09-02 20:20:12",1528.3,2,azakhtyamov
1504,16640785,"syouya tobita","2026-08-27 07:07:31",1527.7,2,syouyatobita
1505,16726816,"Games Jadley","2026-09-01 18:32:04",1527.5,2,gamesjadley
1506,16654091,webmaking,"2026-08-19 05:28:56",1527.3,2,webmaking
1507,16782196,"jingyang tu","2026-09-01 01:49:08",1527.2,2,jingyangtu
1508,16745312,"Alexie Huynh","2026-08-22 08:27:27",1526.1,1,alexiehuynh
1509,16759075,"Michael Day","2026-08-24 10:38:52",1526.0,2,michaelday99
1510,16711608,"Thomas Greissler","2026-08-24 00:01:46",1525.4,2,thomasg22202020
1511,16743216,xerkey,"2026-08-31 08:05:19",1524.8,2,xerkey
1512,16708880,yotsutose,"2026-08-31 03:20:51",1524.7,2,yotsutose
1513,16716081,"dunky su","2026-08-23 06:36:50",1523.6,2,dunkysu
1514,16756925,"Dread Development","2026-09-01 19:04:20",1522.0,2,"dreaddevelopment,seanornberg"
1515,16764394,haseryooooo,"2026-09-03 02:50:02",1522.0,2,haseryooooo
1516,16730142,static,"2026-08-28 10:43:31",1521.7,2,huangshunhao
1517,16766320,vp_mass,"2026-08-25 20:19:08",1521.5,2,vpmass
1518,16743904,minamoto,"2026-08-25 16:53:16",1521.4,2,usermina
1519,16668721,"Efe Can Celiksoy","2026-08-13 22:00:41",1521.4,2,efecnc
1520,16771394,"ZHIRUI ZHAO","2026-08-29 06:27:03",1521.4,2,zhiruizhao
1521,16699455,vijaikm,"2026-09-03 03:10:52",1520.8,2,vijaikm
1522,16624824,GoofyGenius,"2026-09-03 16:28:14",1520.7,2,goofygenius
1523,16666057,StopPlantingStartGameTheorying,"2026-08-27 03:13:02",1520.2,2,mymelodyenjoyer
1524,16668152,ksew364,"2026-08-24 14:39:18",1519.9,2,ksew364
1525,16687363,"elegantangel (628700)","2026-08-24 09:58:52",1519.2,2,elegantangel
1526,16765215,"arlenjim ","2026-08-24 19:32:48",1519.1,2,arlenjim
1527,16692725,"Zhen Li","2026-08-29 13:41:00",1518.5,2,zhenlisak
1528,16640048,"extra eclaire","2026-08-20 05:41:57",1518.5,2,extraeclaire
1529,16680065,Vishodhan,"2026-08-14 23:46:15",1518.4,2,vishodhan
1530,16758634,Ernnnn4u,"2026-08-24 17:00:46",1518.3,2,ernnnn4u
1531,16718937,62326368,"2026-08-23 17:28:44",1517.9,2,mooniim
1532,16700846,"Vaibhav Patel","2026-09-03 18:58:17",1517.5,2,vaibhavpatel
1533,16689183,Hawksartelier,"2026-08-29 20:24:38",1517.4,2,satyapb2002
1534,16709203,Ayush_Patel,"2026-08-25 03:34:12",1517.3,2,ayushpatel1305
1535,16704580,"Yunho Hwang","2026-09-03 08:00:27",1516.5,2,yunhohwang
1536,16759699,"Mason Cao","2026-08-22 17:47:14",1516.2,1,mzcao7
1537,16754560,Kam,"2026-08-21 14:02:39",1516.0,1,kamting
1538,16723620,3정훈,"2026-09-03 19:14:11",1515.4,2,az05192000gmailcom
1539,16709950,"Ryan Myers","2026-08-23 17:57:55",1515.4,2,ryanmyers03
1540,16660268,"Sébastien Mametz (Pixs)","2026-08-14 09:08:39",1514.7,2,sbastienmametzpixs
1541,16633507,"Ivan Vorfolomeev","2026-08-20 12:54:05",1514.3,2,ivanvorfolomeev
1542,16743016,"MD Zeeshan","2026-08-20 18:13:32",1513.7,2,makrovh
1543,16746317,xingyun_byto,"2026-09-01 16:16:59",1513.1,2,xingyunbyto
1544,16654076,"Son Pham","2026-08-22 18:32:36",1513.0,2,sonphamorg
1545,16691038,"animal crossing","2026-08-25 00:43:44",1512.3,2,hoonchoonc
1546,16667843,"durgesh dere","2026-08-21 16:10:13",1512.2,2,durgeshdere08
1547,16762208,"The Great Alliance","2026-09-02 17:06:20",1512.0,2,sorcererbi
1548,16683193,Paami,"2026-08-24 01:21:00",1511.8,2,coldpaami
1549,16779275,XuetingWang,"2026-09-01 08:50:53",1511.7,2,snoopy262
1550,16725304,"Alexandru A","2026-08-29 07:34:25",1511.5,2,alexandrua01
1551,16742228,"bangqun ZHAO","2026-08-27 05:20:56",1511.4,2,bangqunzhao
1552,16651672,"Xiaolei Lian","2026-08-19 03:18:04",1511.1,2,xiaoleilian
1553,16663748,Calmracer,"2026-09-02 02:25:08",1510.4,2,ethanhall123
1554,16739898,"solo levelling","2026-08-18 21:08:16",1509.8,2,munibmemon
1555,16736138,Anand,"2026-08-21 06:00:12",1509.5,2,gazzal
1556,16707193,"radji kraim","2026-08-26 11:53:17",1509.2,2,radjikraim
1557,16726287,BBaRRel.,"2026-08-22 08:29:00",1508.8,2,yujinkk0609
1558,16674878,KirillKlem,"2026-08-13 17:41:24",1508.1,2,kirillklem
1559,16709824,pizzahut,"2026-09-02 20:49:27",1508.0,2,csalazoltntams
1560,16640394,"MOHAMMADJAFAR ZAMANI","2026-09-03 08:09:09",1506.9,2,mohammadjafarzamani
1561,16654662,"2/3 rounded to two decimals","2026-08-22 00:36:50",1506.5,2,rnold2
1562,16793229,"Waseem Mushtaq","2026-08-30 13:38:14",1506.1,1,waseemmushtaq045
1563,16728109,"Sidharth Hulyalkar","2026-09-02 18:26:48",1505.3,2,sidharthhulyalkar21
1564,16722731,"E&M Pioneer","2026-08-30 11:18:55",1505.2,2,hzq2004
1565,16753925,"Tyler Durden","2026-08-28 13:44:04",1505.1,2,jeedimetlacharan213
1566,16750364,Tangruichen,"2026-08-26 17:38:42",1505.1,2,device666kunkun
1567,16661362,BEETRiX🦋,"2026-08-11 14:42:28",1505.0,2,johannaleighdeley
1568,16756510,tongmian1314,"2026-09-02 23:35:50",1504.7,2,tongmian1314
1569,16661050,Master_S1ave,"2026-08-31 22:45:16",1504.2,2,masters1ave
1570,16666665,Team-Veraxion,"2026-08-31 08:24:24",1504.2,2,"anuragvelekat,ayushiitomar,faizmemon,hariharigandikota"
1571,16668700,"Pranshu Ghori","2026-08-17 22:02:35",1504.0,2,pranshughori
1572,16623463,porply,"2026-08-27 09:16:10",1503.8,2,porply
1573,16768955,Hunedjekdsfkd,"2026-08-25 03:56:30",1503.8,1,hunedjekdsfkd
1574,16741683,"Lance Wu","2026-08-24 09:40:14",1503.5,1,lancewu722
1575,16748933,Lixrixy,"2026-08-26 06:11:03",1502.5,2,lixrixy
1576,16730320,Rosebuddychomp,"2026-08-25 14:51:40",1502.4,2,rishabhshetye
1577,16707749,Yuzu,"2026-09-03 12:32:06",1502.3,2,yuzuoctopus
1578,16726994,bird,"2026-08-23 05:00:19",1502.2,2,whitebird
1579,16755071,"Varun Rao","2026-08-26 18:46:59",1502.0,2,varunraosfanlkan
1580,16740399,"Lynn Pigott","2026-08-24 03:32:08",1501.8,2,lynnpigott
1581,16655718,eveyxy,"2026-08-31 13:57:52",1500.5,2,eveyxy
1582,16655501,Savko,"2026-08-21 00:33:21",1500.3,2,savchenko
1583,16773244,"Yudai Ueno","2026-09-02 10:45:04",1500.2,2,yudaiueno
1584,16728914,d0gied,"2026-08-17 15:12:08",1500.1,2,d0gied
1585,16664477,"The T-MAN","2026-08-26 18:51:40",1500.1,2,otmaneelmahda
1586,16779780,SiVitr2fDrXS.2N,"2026-08-30 15:06:17",1499.9,2,sivitr2fdrxs2n
1587,16732813,Soomana1z,"2026-09-02 09:39:06",1499.5,2,soshionodera
1588,16644303,"kevin zhou","2026-08-20 04:00:36",1499.3,2,kevinzhou66
1589,16665237,"get some fries","2026-09-03 10:31:21",1498.4,2,"rainchen0411,richardsilence,tongyuexiao"
1590,16763444,"crazy achiever","2026-08-28 18:51:13",1498.3,2,crazyachiever
1591,16803141,"Zachariah Zhang","2026-09-03 08:19:51",1498.2,2,xinweizhang003
1592,16665214,Epiphany_Thu,"2026-08-21 12:06:53",1497.9,2,epiphanythu
1593,16741672,张菠,"2026-08-28 09:28:25",1497.4,2,ysqdababa
1594,16803032,"varshitha kolupuri","2026-09-03 17:35:44",1497.3,2,varshithakolupuri
1595,16735232,"Johnson Chishimba","2026-09-03 04:13:50",1497.2,2,johnsonchishimba
1596,16632021,istinetz,"2026-09-03 13:57:19",1496.8,2,istinetz
1597,16737843,"Muhammad Shoaib Memon","2026-08-23 19:52:52",1496.7,2,muhammadshoaibmemon
1598,16651806,shawnYiB,"2026-09-02 15:18:07",1496.6,2,shawnyib
1599,16661772,R3ddrag0n,"2026-09-02 19:43:09",1496.6,2,r3ddrag0n
1600,16675610,"Srikar Medisetti","2026-08-30 12:06:25",1496.0,2,deathaunter
1601,16663767,"Tommy Mancino","2026-08-31 23:03:57",1495.8,2,tommymancino
1602,16750457,"Adrian Ricardo da Silva","2026-08-25 11:21:43",1495.7,2,adrianricardodasilva
1603,16782984,crinoid,"2026-09-02 10:59:06",1495.3,2,takemi
1604,16664132,kojingbo,"2026-08-22 19:11:23",1495.3,2,kojingbo
1605,16709246,"Tariku Mehdi","2026-09-03 00:25:56",1495.2,2,tarikumehdi
1606,16662949,"Will English","2026-08-18 17:13:22",1495.2,2,dubascudes
1607,16768543,caas_sicca,"2026-09-03 07:24:25",1495.2,2,caassicca
1608,16677592,keniii,"2026-08-25 00:29:31",1495.1,2,kartheeswaran28
1609,16720841,liuhc1017,"2026-09-02 09:17:45",1495.0,2,liuhc1017
1610,16691946,"Hassan Algizani","2026-08-13 20:20:09",1494.3,2,hassanalgizani
1611,16718819,Majkel1337,"2026-09-03 01:23:27",1494.2,2,majkel1337
1612,16621741,"Andrey Naymushin","2026-08-24 09:46:41",1494.2,2,andrewsokolovsky
1613,16689186,NCK,"2026-08-24 09:44:38",1494.1,2,drnchaitanyakumar
1614,16623515,fishcat,"2026-08-26 01:20:04",1493.9,2,fishcat37
1615,16714498,Zubekanov,"2026-08-18 01:14:49",1493.8,2,zubekanov
1616,16696098,Valmorlee,"2026-08-23 19:40:07",1492.5,2,valmorlee
1617,16738745,"Anh Quân","2026-08-24 13:41:30",1491.8,2,qunanh
1618,16702547,Dean0016,"2026-08-13 17:56:10",1491.8,2,dean0016
1619,16720720,道海孤舟,"2026-08-21 06:59:41",1491.3,2,unseenanch
1620,16754086,Beenvvv,"2026-08-25 05:57:29",1490.9,2,beenvvv
1621,16685342,"Kanth Da","2026-09-03 14:33:25",1490.7,2,"kanthda,riteeshreddybysani"
1622,16806346,"Mike chen666","2026-09-02 19:22:07",1490.7,2,mikechen666
1623,16726281,rperez04,"2026-08-22 23:15:13",1490.5,2,rperez04
1624,16657623,Restart:),"2026-08-20 08:35:50",1489.6,2,wayne127
1625,16763551,"PRASHANT SHUKLA91","2026-08-30 15:03:15",1489.1,2,prashantshukla91
1626,16719536,"Mandy Lin","2026-08-14 03:18:29",1488.9,2,ydnamlin
1627,16758152,MiguelLFCG,"2026-08-30 11:20:49",1488.2,2,miguellfcg
1628,16682318,Bibek,"2026-08-19 08:41:54",1487.8,2,bibek777
1629,16715244,uri_kkyhr,"2026-08-15 04:53:37",1487.6,2,urikkyhr
1630,16692272,Ddere008,"2026-08-21 18:43:56",1487.2,2,ddere008
1631,16713007,"Jerry Hwa","2026-08-23 12:20:13",1486.8,2,jerryhwa
1632,16632304,"Masataka Suzuki","2026-08-31 12:30:27",1486.4,2,masatakasuzuki
1633,16692639,"Bharat Kumar0925","2026-09-03 17:23:05",1486.4,2,bharatkumar0925
1634,16729554,"JingSong Yang","2026-08-28 05:33:55",1486.0,2,jingsongyang
1635,16756477,Ender,"2026-08-26 03:00:12",1485.8,2,eamonnkashyap
1636,16653805,mohsen2050,"2026-08-23 12:36:20",1485.6,2,mohsen2050
1637,16782227,"chen yue li","2026-09-03 01:34:30",1485.1,2,yueelc
1638,16644578,"Team Name","2026-08-23 03:25:05",1484.8,2,baytree1238
1639,16746112,"Jonathan Martschinke","2026-08-24 08:52:51",1484.8,2,jonathanmartschinke
1640,16769116,qiuqiu,"2026-09-03 09:49:41",1483.9,2,qiuqiuh
1641,16709501,Galaxantic,"2026-09-03 07:17:38",1483.5,2,neel21yt
1642,16780130,与君作田,"2026-08-29 14:01:35",1483.5,2,zhaoxi1244
1643,16654193,fvong,"2026-08-30 00:02:24",1483.2,2,fvong35963
1644,16707561,"Nick Rom111","2026-09-03 09:42:27",1483.0,2,nickrom111
1645,16684641,t.me/aetheranime,"2026-08-25 17:49:10",1482.9,2,yfrite
1646,16731911,"liu bo","2026-08-25 11:19:02",1482.8,2,liuboo45586
1647,16666578,STRAF,"2026-08-23 23:07:25",1482.7,2,nikosstraf
1648,16621628,pupen_o,"2026-08-22 19:12:01",1482.7,2,pupeno
1649,16717665,"Christoffer Thimsen","2026-08-29 17:38:39",1482.7,2,lowasitgoes
1650,16664128,"Michael Todd Overdorf","2026-08-17 00:32:51",1482.5,2,michaeltoddoverdorf
1651,16637329,Rucbic,"2026-08-19 17:32:21",1482.3,2,rucbic
1652,16698294,"John Doe","2026-09-03 06:27:52",1481.6,2,johndoe90843
1653,16659942,"Abdoulaye DIAW","2026-08-21 09:57:06",1481.5,2,abdoulayediaw25
1654,16719262,sadjeen00,"2026-08-14 02:15:50",1481.4,1,sadjeen00
1655,16670297,"Gebreab K. Zewdie","2026-08-26 00:22:15",1480.8,2,gzewdie
1656,16784133,"HASNAIN HAIDER","2026-09-01 17:02:27",1480.5,2,techzero
1657,16769795,"Edi Marian","2026-08-25 11:01:09",1480.0,2,edimarian
1658,16706897,"Akshay Mathur","2026-08-30 20:38:59",1479.8,2,akshaymathur777
1659,16713540,Anruan,"2026-08-25 17:34:49",1479.5,2,xiaowanshen
1660,16716697,"Habil Tobi","2026-08-28 20:57:52",1479.2,2,habiltobi
1661,16664487,houlidai-jiekiulai,"2026-08-21 11:02:07",1479.2,2,houlidaijiekiulai
1662,16698223,"Feng Jiahui","2026-08-18 08:35:04",1478.9,2,junipersky
1663,16716431,m&m,"2026-08-16 16:21:07",1478.8,2,ntrlmt
1664,16736265,"Marko Rupnik","2026-09-03 10:43:17",1478.7,2,markorupnik
1665,16624339,"Дворкин Евгений Владимирович","2026-09-03 11:01:27",1478.6,2,evgendvorkin
1666,16786341,"Farmula One","2026-08-29 09:24:08",1478.4,2,"joesland,mer4yyy,ricaaaovo,zhangxingzhe"
1667,16690401,Skyspace,"2026-08-21 12:50:09",1478.4,2,empireblue
1668,16675905,HydFarms,"2026-08-30 11:22:11",1478.0,2,"kumaramar,ronithjaju,shiveshcgatech,vidhishah115"
1669,16725342,little_d1d1,"2026-08-16 04:24:39",1477.8,2,littled1d1
1670,16685047,Yvonne.,"2026-08-28 05:48:42",1477.1,2,zdawer250
1671,16763813,Sydney,"2026-09-02 14:25:07",1476.6,2,n3yan7
1672,16622934,"Ümit Anık","2026-08-21 04:46:16",1476.5,2,mitank
1673,16679560,LEET,"2026-08-15 00:45:52",1476.1,2,soufianelasfar
1674,16747036,Illusion,"2026-08-31 15:25:11",1476.0,2,briankimtaikab
1675,16672003,carlscamt,"2026-08-14 17:19:42",1476.0,2,carlscamt
1676,16642139,"Arnav Goel","2026-08-29 07:24:09",1475.6,2,arnavgoel17
1677,16728708,"Rishi Jain","2026-08-18 07:27:14",1475.3,2,rishijain07
1678,16799362,"James Weatherhead","2026-09-01 05:30:54",1475.3,2,jamesweatherhead
1679,16632262,Milkomeda,"2026-08-19 13:45:02",1473.9,2,milkomeda74583
1680,16655877,"Harish K","2026-08-25 19:09:49",1473.8,2,harishk2209
1681,16651939,"Yogesh Jadhav","2026-08-24 05:50:52",1473.4,2,dynamo14324
1682,16762319,"郑诗籍 ZhengShiJi","2026-08-25 03:48:33",1473.3,2,zhengshiji
1683,16675161,iVl44d,"2026-08-19 22:50:26",1473.2,2,ivl44d
1684,16628897,"Kyoungwon Jeong","2026-09-02 05:31:31",1473.1,2,kyoungwonjeong
1685,16691506,Dipak_ISM,"2026-08-29 13:07:18",1473.0,2,dipakism
1686,16632612,Farmville,"2026-08-24 02:12:45",1472.9,2,rafaelfigueiredo13
1687,16663445,"ali dzaki","2026-08-30 15:57:51",1472.0,2,alidzaki
1688,16669715,housssaamos,"2026-09-03 19:21:22",1471.5,2,housssaamos
1689,16723967,dk2lone,"2026-08-20 05:00:59",1471.4,2,dk2lone
1690,16726461,mocatti,"2026-09-02 01:32:15",1471.2,2,mocatti
1691,16726011,"Dawid Fleischer","2026-08-25 18:37:25",1471.0,2,dawidfleischer
1692,16736250,Yizhi,"2026-08-31 06:03:48",1470.9,2,yizhitao
1693,16664490,llllllc666,"2026-09-03 08:57:52",1470.3,2,llllllc666
1694,16669269,"yash bhaskar","2026-08-25 19:44:32",1470.0,2,yash9439
1695,16737057,Wiz,"2026-08-24 03:15:13",1470.0,2,williamzhou001
1696,16769769,"Artur Shafiev","2026-08-29 05:29:31",1468.4,2,arturshafiev
1697,16661073,PyJa,"2026-08-22 12:31:53",1468.2,2,pixiux
1698,16724452,Jay,"2026-08-20 00:34:34",1467.9,2,jayshimada
1699,16643693,"Kerem çelik","2026-08-19 10:12:47",1467.7,2,keremelik
1700,16726660,"Prime Leo","2026-08-23 14:21:53",1467.4,2,primeleo
1701,16712185,"Vishal Khomane","2026-09-02 15:32:38",1467.4,2,vishal567
1702,16744127,Faiz,"2026-08-21 20:33:33",1467.2,2,souraditya26
1703,16641372,ShoaibSSM,"2026-08-29 10:18:25",1466.6,2,"naveenlx111249971939,shoaibssm"
1704,16729640,"Наталья Скляр","2026-08-21 18:11:07",1466.4,2,natsklyar
1705,16690970,"Raoul Biagioni","2026-08-22 06:37:40",1466.4,2,raoulbiagioni
1706,16717253,Sybery_AI,"2026-09-03 18:18:24",1466.4,2,syberyai
1707,16752018,三浦桂基,"2026-08-30 04:00:30",1465.6,2,keikipc
1708,16786013,sakarush,"2026-09-02 13:17:42",1465.2,2,sakarush
1709,16753618,mushichou4,"2026-08-22 10:20:51",1465.1,2,mushichou4
1710,16646679,tong00,"2026-08-17 12:02:11",1464.8,2,tong00
1711,16656394,"Pushkar K.G","2026-08-18 09:29:08",1464.4,2,dejokz
1712,16687159,Max64738CB,"2026-08-30 18:22:51",1464.4,2,max64738cb
1713,16719733,CleoCantCompete,"2026-08-25 02:27:27",1464.3,2,cleocantcompete
1714,16658203,Lan_Sky,"2026-09-01 15:04:56",1464.0,2,lansky6
1715,16695283,"Mark Baushenko","2026-09-03 18:32:14",1464.0,2,e0xextazy
1716,16734667,sadanamaru,"2026-09-03 16:41:20",1463.9,2,sadanamaru
1717,16706395,"Kunal Desale","2026-08-17 15:49:39",1463.8,2,kunaldesale2408
1718,16696099,moss,"2026-08-20 15:52:48",1462.8,2,kenyashimizu
1719,16665352,"Paul Nassiri","2026-08-22 20:15:33",1461.9,2,laszlolevray
1720,16665543,"Charan Manthena","2026-08-24 15:32:19",1461.8,2,charanmanthena
1721,16732792,amaotone,"2026-08-20 14:27:36",1461.7,2,amaotone
1722,16790548,"Francesco Del Sesto","2026-08-31 10:47:27",1461.2,2,francescodelsesto
1723,16623470,rurumi,"2026-09-02 05:21:15",1460.7,2,rurururumi
1724,16715319,ocha_heaven,"2026-08-19 13:10:14",1460.2,2,ochaheaven
1725,16732654,Goated_Farmers,"2026-08-23 17:09:50",1460.1,2,"mugundhjb,srinathduvvuri"
1726,16622319,"Roman Tamrazov 52","2026-08-21 07:51:48",1459.2,2,romantamrazov
1727,16725996,MatheusPSorancoDeCarvalho,"2026-08-17 22:12:37",1459.2,2,matheussoranco
1728,16778744,"Shunsuke Hayashi","2026-08-28 02:48:54",1459.1,2,shunsukehayashi1993
1729,16713267,"yq l68135","2026-08-21 21:35:52",1459.1,2,yql68135
1730,16745351,ChrisXie,"2026-08-20 01:56:24",1458.2,2,chrisstan
1731,16822414,Yassinovich,"2026-09-03 15:56:46",1457.6,1,yassinovich
1732,16738899,Grayden_Lee,"2026-08-21 11:42:07",1457.5,2,haozelii
1733,16758895,daphne,"2026-09-02 14:17:07",1457.5,2,daphne4sg
1734,16737041,presucc,"2026-08-24 15:36:32",1457.4,2,presucc
1735,16725947,SamarthRawat18,"2026-08-22 13:31:06",1457.4,2,samarthrawat18
1736,16818589,"Rachmat S. Haryadi","2026-09-03 15:37:26",1457.4,2,rachmatsharyadi
1737,16791999,"Dashi Tsybikzhapov","2026-09-01 07:13:57",1457.0,2,dashitsybikzhapov
1738,16727842,"Iadh Jarray","2026-08-17 13:45:11",1456.9,2,iadhjarray
1739,16724351,"Luxshan Thavarasa","2026-08-24 09:58:38",1456.5,2,luxluxshan
1740,16727191,"Alexander Kokshenin","2026-08-20 02:08:15",1456.4,2,kokshenin
1741,16728067,"Chenzhao Li","2026-08-18 08:04:21",1456.3,2,heartquest
1742,16778417,"TANG BUDU 19SD195","2026-08-30 02:41:39",1456.2,2,tangbudu19sd195
1743,16756750,Charu,"2026-08-22 00:45:03",1456.1,2,charu13a
1744,16729273,"Munib Ur Rehman Memon","2026-08-24 20:48:08",1456.0,2,muniburrehmanmemon
1745,16757903,"Om Singh","2026-08-27 07:05:06",1456.0,1,spoilyfrog
1746,16675486,"SALAH ELDIN ELNABARAWY","2026-08-18 21:17:22",1455.9,2,salaheldinelnabarawy
1747,16722303,JohannPongratz,"2026-09-03 19:32:18",1455.9,2,johannpongratz
1748,16733297,sohasoha42,"2026-08-18 17:50:51",1455.9,2,sohasoha42
1749,16722319,"༺ANIS YT༻","2026-08-19 13:08:47",1455.5,2,anisyt
1750,16736969,"york li13","2026-08-19 01:07:02",1454.8,2,yorkli13
1751,16709930,llRX,"2026-08-25 05:33:21",1454.4,2,"bankkobe,leojeel,ruikaihong"
1752,16783328,AggriTrader,"2026-08-28 14:37:10",1454.4,2,leoluo
1753,16655195,Pirhosseinlou,"2026-08-24 18:17:43",1453.8,2,pirhosseinlou
1754,16731275,carbonapi,"2026-08-24 21:08:43",1453.7,2,nonempty
1755,16770397,Ryu,"2026-09-03 19:41:50",1452.9,2,bexultanashenov
1756,16683813,WangQrkkk,"2026-08-17 06:54:07",1452.6,2,wangqrkkk
1757,16725441,lemon1219,"2026-08-21 15:37:35",1452.5,2,lemon1219
1758,16655379,Ikeda0516,"2026-08-27 08:52:18",1451.7,2,ikeda0516
1759,16659328,"Muhammed Ashiq Abdul Khader","2026-08-26 06:32:42",1451.6,2,ashiqabdulkhader
1760,16662051,"Salem Ali","2026-08-26 07:57:33",1451.3,2,salemali7
1761,16728238,ubcict232,"2026-08-24 11:17:08",1451.3,2,ubcict232
1762,16741131,"Adarsh Balanolla","2026-08-23 19:09:08",1451.1,2,adarshreddyb
1763,16700068,"My Little Pony","2026-08-17 13:41:17",1450.5,1,"buxiangzaoqi66,juliezhang131,yaoyilv"
1764,16740419,IamDiganta.7,"2026-09-03 01:03:25",1450.4,2,iamdiganta7
1765,16625856,takai380,"2026-09-01 02:34:05",1450.3,2,takai380
1766,16721248,"Raef Guizani","2026-09-03 10:08:01",1450.1,2,raefguizani
1767,16730688,zy,"2026-08-27 07:25:40",1449.9,2,justforwin
1768,16647324,GG-bond,"2026-08-24 03:14:55",1449.8,2,wyhwyh123
1769,16724584,"Jinx JK","2026-08-18 09:08:26",1449.7,2,jinxjk
1770,16671376,Lebxgue.,"2026-08-18 04:40:25",1449.2,2,yukieja
1771,16660735,"Bassel Elbahnasy","2026-09-03 13:42:53",1448.7,2,basselashraf
1772,16632777,"Alexandrine Cakpo","2026-08-20 10:20:22",1448.3,2,alexandrinecakpo
1773,16623368,"Evgeniy Veselkov","2026-08-18 05:26:04",1447.7,2,evgeniyveselkov
1774,16757384,straw_Yu,"2026-09-02 02:37:45",1447.6,2,strawyu
1775,16696607,"Manish modak","2026-08-16 07:37:54",1447.6,2,manishmodak
1776,16690612,"Mina Gayid","2026-08-16 12:59:16",1447.2,2,minagayid
1777,16721070,LiuChen1350,"2026-08-26 05:30:30",1447.0,2,liuchen1350
1778,16687479,kowalskii,"2026-08-23 19:42:49",1446.8,2,anirudhkumaraheer
1779,16654841,"ABHIRUP DAS","2026-08-28 04:51:44",1446.7,2,abhirupdas10
1780,16638177,stpete_ishii,"2026-08-30 05:35:41",1446.5,2,stpeteishii
1781,16714474,"Glenn Dalbey","2026-08-22 20:44:17",1445.5,2,glenndalbey
1782,16739488,Restodecoca,"2026-08-19 16:42:34",1445.0,2,restodecoca
1783,16689601,"Prathmesh Adsod","2026-08-18 03:55:13",1444.7,2,prathmeshadsod
1784,16662735,"Kurian George","2026-08-23 18:16:30",1444.6,2,kuriangeorge
1785,16770884,VegetabledogNeo,"2026-08-31 01:23:25",1444.1,2,vegetabledogneo
1786,16654021,"Swachhith B","2026-08-24 08:40:04",1443.4,2,swachhithb
1787,16736079,Maxy5illion,"2026-09-03 07:01:22",1443.4,2,maxy5illion
1788,16793261,Von_Feynman,"2026-08-30 13:35:43",1443.3,1,terrenceluo1017
1789,16685074,"Emir Can","2026-08-30 20:16:36",1443.2,2,aerospacer
1790,16675655,TrebolNoir_,"2026-09-01 12:59:42",1442.6,2,trebolnoir
1791,16692923,"Pavel Kazlou","2026-08-31 16:10:22",1442.5,2,paulik
1792,16741932,"Michael Chen","2026-08-31 06:08:41",1442.2,2,fuqiangchen
1793,16742048,SuperGiantLam,"2026-08-25 02:08:17",1441.7,2,zptpsz
1794,16661352,"Porch Goose","2026-08-21 02:52:24",1441.5,2,jaclyndeem
1795,16694710,ponsuk,"2026-08-17 19:01:09",1441.1,2,ponsuk
1796,16682032,"Satkar sarvankar","2026-08-27 07:19:02",1440.7,2,satkar003
1797,16730728,"Le Trong Hieu","2026-08-18 01:04:19",1440.5,2,backtracking
1798,16662810,HarshitSama,"2026-08-16 12:54:17",1440.0,2,harshitsama
1799,16659972,"Pelamovic ","2026-08-25 18:03:34",1439.9,2,pelamovic
1800,16632164,"Tim Shini","2026-08-30 18:04:29",1439.0,2,timshini
1801,16632735,"No Free Lunch, Only Melons","2026-08-22 03:09:45",1438.9,2,kawaharataishi
1802,16636094,Hax2456,"2026-08-15 10:05:01",1438.9,2,hax2456
1803,16628664,"Anton Tikhonov","2026-08-17 16:05:18",1438.7,2,itwastony
1804,16676336,lemon13418,"2026-08-18 07:34:03",1438.5,2,lemon13418
1805,16623580,matsu997,"2026-08-21 16:16:52",1437.2,2,mastu997
1806,16707990,Snorlax,"2026-08-25 01:32:23",1436.8,1,pku1400010735
1807,16722619,vlavlalva,"2026-09-03 10:20:15",1436.5,2,cppcph
1808,16729691,YinuoChen271,"2026-08-17 15:42:51",1436.3,2,yinuochen271
1809,16677938,"Hajime Tamura","2026-08-21 13:52:44",1436.0,2,thajime
1810,16698930,MrKiwi,"2026-08-19 09:34:31",1435.2,2,mrkiwi
1811,16726064,"sana slama","2026-08-15 17:01:13",1435.1,1,sanaslamamm
1812,16639796,rmizuta,"2026-08-28 15:07:43",1435.1,2,rmizuta
1813,16712535,"Benjamin Beaujard","2026-08-18 11:03:03",1434.8,2,benjaminbeaujard
1814,16698576,monnu,"2026-08-19 05:55:01",1433.3,1,fuumin621
1815,16664762,"John Marinton","2026-08-25 12:10:10",1433.3,2,marintonjohn
1816,16654752,Agrofitting,"2026-09-03 07:38:29",1433.2,2,"evvfebruary,vinch97"
1817,16675503,"Jeff Marc E. Cadet","2026-08-30 17:56:07",1433.0,2,jeffmarcecadet
1818,16680524,Nealdarkdarkdark,"2026-08-26 15:13:50",1432.6,2,wklyb1
1819,16653129,"Prashanth Reddy Biyyani","2026-08-20 13:53:37",1432.5,2,"prashanthbiyyani,shivagurrala,sumu1526"
1820,16725335,"Chris #2","2026-08-29 15:32:47",1432.1,2,kagglecompetechris
1821,16653379,"Asakawa Ruriko","2026-08-30 00:31:08",1431.9,2,asakawaruriko
1822,16690923,"Maqsoud Tawaliou","2026-08-23 20:52:18",1431.9,2,maqsoudtawaliou
1823,16675807,cubreto,"2026-08-26 15:00:34",1430.8,2,cubreto
1824,16699246,"Labh Khatke","2026-09-03 10:39:27",1430.8,2,labhkhatke
1825,16735582,"Tumaini Makena","2026-08-18 06:01:09",1430.5,1,tumainimakena
1826,16736685,kentaro_kato,"2026-08-24 00:36:31",1430.4,2,kentarokato
1827,16630839,steubk,"2026-08-21 21:55:39",1429.9,2,steubk
1828,16709214,"Ariel Suntasig","2026-08-17 19:46:09",1429.7,2,arielsuntasig2001
1829,16660477,SeaGoat,"2026-09-03 12:06:43",1428.9,2,vbandaru
1830,16717289,JackChenghao,"2026-08-22 12:07:06",1428.4,2,jackchenghao
1831,16685160,Yura,"2026-08-17 07:27:50",1427.4,2,yuratrubitsyn
1832,16671607,"Chanhyuk Han","2026-09-02 13:04:02",1427.3,2,chanhyukhan
1833,16715506,"Moo Point","2026-08-17 21:44:26",1427.2,2,"gnarlycow,tianmeiwang"
1834,16633222,maxingkong733,"2026-08-18 23:32:58",1426.9,2,maxingkong733
1835,16651804,"Bocen Li","2026-08-29 06:20:37",1426.8,2,bocenli
1836,16639732,"Junbeom Lee23","2026-08-15 02:45:23",1426.7,2,junbeomlee23
1837,16661575,skw1990,"2026-08-27 06:49:03",1426.4,2,skw1990
1838,16741178,guruguru000,"2026-08-21 08:43:29",1426.4,2,guruguru000
1839,16759813,tyf_scu,"2026-08-23 17:11:18",1426.1,2,tyfscu
1840,16697891,KuziJA,"2026-08-20 20:35:43",1425.5,2,kuzija
1841,16732763,"Raihan Ramadistra","2026-08-18 13:59:22",1425.4,1,raihanramadistra
1842,16661784,"XU XUXIANG","2026-08-27 12:57:06",1424.9,2,"mikeaaaa14,xuxuxiang"
1843,16673234,MACvengers,"2026-08-19 16:34:04",1424.9,2,"astrojaswanthkumar,ikpikp"
1844,16708185,XiaoYan12,"2026-08-30 15:57:47",1424.8,2,xiaoyan12
1845,16728901,dqvide,"2026-08-17 19:53:39",1424.5,2,dqvide
1846,16744043,Take,"2026-08-23 14:17:27",1424.2,2,takeuchidaisuke2001
1847,16664232,"Eddy Despradel","2026-09-01 23:58:35",1424.1,2,eddydespradel
1848,16701362,"Papa Annan","2026-08-20 21:26:39",1424.1,2,papaannan
1849,16697922,TingyuanLi277,"2026-08-21 03:39:03",1423.9,2,tingyuanli277
1850,16621294,dpquoc,"2026-08-31 04:22:00",1423.5,2,dpquoc
1851,16674684,next-best-agent,"2026-08-17 15:28:53",1423.5,2,"minhduy13ly,tdtu981"
1852,16638375,"Tran H Hoang","2026-08-14 17:01:27",1422.5,2,tranhhoang
1853,16716012,LaiCxm,"2026-09-02 01:11:05",1422.2,2,laicxm
1854,16725081,ZhouYongqi,"2026-08-27 08:47:02",1422.1,2,xy0v0zhang
1855,16663999,"Colton Martin","2026-09-03 14:22:48",1422.1,2,coltonmartinnn
1856,16710389,GuerillaMoon,"2026-08-19 22:33:46",1422.0,2,guerillamoon
1857,16756557,"Marius Heuser","2026-08-24 21:41:31",1422.0,2,mariusheuser
1858,16715579,Uvais,"2026-08-24 00:58:56",1421.3,2,joshuaedwinjacobv24f
1859,16734492,Orynx,"2026-08-19 08:01:33",1420.9,2,"inderj1,jayveersingh6"
1860,16698439,"Pournami Prakash","2026-08-25 17:44:57",1420.7,2,pprakas
1861,16658931,"somewhere after","2026-08-19 08:16:29",1420.5,2,amaterasuuuuu
1862,16630380,JM,"2026-08-27 00:39:05",1420.4,2,julianmukaj
1863,16725403,tabetai28,"2026-08-18 14:38:57",1420.4,2,taichiabewaseda
1864,16757689,YanXiaohan666,"2026-09-01 15:57:45",1420.2,2,yanxiaohan666
1865,16639800,"Yong Ming-Jia","2026-08-21 11:23:07",1420.1,2,ymingj
1866,16735075,"Ronchen Luo","2026-08-18 04:29:47",1419.9,2,ronchenluo
1867,16719006,bouiboui,"2026-08-20 18:55:02",1419.8,2,bouiboui
1868,16621163,john,"2026-08-16 14:06:25",1419.7,2,jaejohn
1869,16632291,"alex chilton","2026-08-31 12:18:09",1419.1,2,alexchilton
1870,16719414,SahilKumarTolani,"2026-09-01 19:45:22",1418.8,2,sahilkumartolani
1871,16727350,"T Hansda","2026-08-19 14:57:55",1418.4,2,hansda
1872,16739298,"ricardo assaad","2026-08-18 19:03:22",1418.2,2,ricardoassaad
1873,16749079,mraz1006,"2026-08-26 09:32:57",1417.8,2,mraz1006
1874,16654548,DataSluts,"2026-08-28 07:00:12",1417.7,2,"rahulmedida,siddarthnayak50,sivasu07"
1875,16693934,evnchn,"2026-08-23 15:41:50",1416.3,2,evnchn
1876,16721383,"Emon xu","2026-08-21 16:14:05",1415.6,2,emon0xuyym
1877,16635668,"Mirza Yasir Abdullah Baig","2026-08-21 14:13:17",1415.4,2,myab07
1878,16665927,"bhavya shah","2026-08-17 11:06:22",1414.8,2,bhavyashah007
1879,16750344,Vaasu0501,"2026-08-28 16:49:39",1414.8,2,vaasu0501
1880,16707383,chizhu,"2026-08-19 13:40:03",1414.6,2,chizhu2018
1881,16634166,Yuki.O,"2026-08-19 01:38:42",1414.4,2,yukiohkawa
1882,16655500,"Zhao Liying","2026-08-16 02:50:53",1414.4,2,yeohzhonghanervin
1883,16643125,"CARLOS CAADA ROSTRO","2026-08-21 19:23:34",1413.5,2,carloscaadarostro
1884,16732685,Tanmay,"2026-08-23 18:16:07",1413.0,2,blankkz
1885,16721237,phoenixai0,"2026-08-19 06:22:13",1412.9,2,phoenixultra
1886,16695242,"Utkarsh Prakash Srivastava","2026-08-25 19:22:39",1412.2,2,utkarshps
1887,16760701,"Yannik Schiffner","2026-09-03 12:59:54",1411.5,2,yannikschiffner
1888,16724801,Noir,"2026-09-03 00:11:46",1411.4,2,nuitnoir
1889,16674831,"nk for work","2026-08-29 02:31:21",1410.9,2,nkforwork
1890,16727147,"Alan Smith","2026-08-27 03:44:28",1410.9,2,acorncupcake
1891,16724060,"Mạnh Linh Hoàng","2026-08-15 15:54:52",1410.7,2,manhlinh1501
1892,16717901,"Ahmed Hazem Abdeltawab","2026-09-03 12:12:18",1410.1,2,ahmedhazem23
1893,16724353,PrathamGupta,"2026-08-17 02:04:38",1409.9,2,prathamguptaaaaaaa
1894,16661622,"Ergin Akın","2026-08-20 16:45:19",1409.9,2,erginakin
1895,16712943,"Cesar Marcondes","2026-09-02 13:03:59",1409.8,2,cmarcond
1896,16678172,"Eishkaran Singh","2026-08-19 19:12:02",1409.6,2,eishkaran
1897,16664120,SaiDuttaAbhishekDash,"2026-08-21 20:30:01",1409.5,2,saiduttaabhishekdash
1898,16640077,larry54321zhao,"2026-08-25 16:20:29",1409.3,2,larry54321zhao
1899,16656931,pns,"2026-08-15 09:45:46",1409.1,2,"nikhilkasyap07,premsivasai,saranboddu"
1900,16743528,JunWenZhu_1314,"2026-09-02 23:36:09",1408.6,2,junwenzhu1314
1901,16677945,"Quân Trần","2026-08-25 06:43:39",1408.6,2,wuntrn
1902,16639250,"Hamed Seyed-allaei","2026-08-21 19:11:09",1408.3,2,pinocchio
1903,16744842,juisajdiasd,"2026-08-30 04:51:42",1408.1,2,juisajdiasd
1904,16659763,clarkzhang1031,"2026-08-13 12:27:10",1408.1,2,"clarkzhang1031,huafeihuang"
1905,16759625,gkg223,"2026-09-03 19:17:02",1407.7,2,gkg223
1906,16709295,"Isaac Owomugisha","2026-08-20 16:22:52",1407.3,2,cmplxxyttmt
1907,16741516,"Anh Tu","2026-08-28 05:10:34",1407.3,2,natcs98
1908,16720088,"Oiti Roy","2026-08-14 06:26:04",1407.2,1,oitiroy
1909,16644702,cracker_1_war,"2026-08-23 18:26:39",1407.1,2,cracker1war
1910,16623445,"Hasin Raihan Dhrubo","2026-08-16 09:28:12",1405.9,1,hasinraihandhrubo
1911,16760295,"Luke Hurt","2026-08-24 01:03:42",1405.5,2,lukehurt
1912,16697936,"Sami Cakiral","2026-08-15 19:43:40",1405.4,2,samicakiral
1913,16699745,"Norbert Szolnoki","2026-08-18 11:39:55",1405.1,2,norbertszolnoki
1914,16764422,"ong bee","2026-09-03 06:39:13",1404.5,2,ongbee
1915,16702691,"Zengyi Mei","2026-08-28 17:01:51",1404.4,2,sfkmzy
1916,16725346,sokoranohimazin,"2026-08-18 19:39:07",1404.2,2,sokoranohimazin
1917,16699586,"Linda Liu","2026-09-03 08:29:31",1404.2,2,lpoint
1918,16715187,maker2026,"2026-08-28 07:13:03",1404.0,2,maker2026
1919,16699947,HKmgikao,"2026-08-22 05:24:13",1403.9,2,hitoshikmgai
1920,16774237,"Dennis SH Lai","2026-08-30 17:21:31",1403.4,2,dshihlai
1921,16733576,"Ojas Aklecha","2026-08-17 18:34:02",1402.7,2,ojasaklecha
1922,16730634,Priestess,"2026-08-21 14:10:31",1402.6,2,kalypheus
1923,16698884,VVVoyager,"2026-08-14 03:55:10",1402.5,2,"haoxuanshan,hengnui"
1924,16660250,Moshel,"2026-08-24 12:36:19",1402.2,2,moshel
1925,16716991,XristosFilip,"2026-08-18 16:43:34",1402.1,2,xristosfilip
1926,16729054,"Shantanu Kesarkar","2026-08-27 05:50:23",1402.1,2,shantanukesarkar
1927,16654783,quantara.cv,"2026-08-29 07:26:16",1401.8,2,goth55
1928,16674683,"Ali Esam","2026-08-14 18:13:12",1401.6,2,zyxsu0
1929,16625241,"Mutoy Choi","2026-09-01 07:42:20",1401.5,2,mutoy1
1930,16670791,Hugelidus,"2026-08-25 03:43:18",1401.1,2,hugelidus
1931,16730810,mgoto51004,"2026-08-23 02:46:30",1400.8,2,mgoto51004
1932,16651833,"Hồ Khánh Duy","2026-08-14 17:52:23",1400.7,2,hkhnhduy
1933,16721079,"six seven swag","2026-08-23 09:08:28",1400.5,2,polinababiichuk
1934,16730462,"Xiang Tang","2026-08-28 15:11:51",1400.4,2,flyonthewater
1935,16651402,"Mille Initiate","2026-08-31 04:04:11",1400.3,2,milleinitiate
1936,16738278,yansf677,"2026-09-01 12:24:29",1400.1,2,yansf677
1937,16774141,Evelyn3976,"2026-08-31 01:13:23",1399.8,2,evelyn3976
1938,16701868,AJ,"2026-08-24 23:56:36",1399.6,2,abduljabbarcalica
1939,16623152,"agentic warriors","2026-08-21 08:59:44",1399.4,2,"ibadia,isabellawoo01"
1940,16687068,digiliwigili,"2026-08-22 12:49:07",1398.7,2,kukchyievervin
1941,16748559,GodofThunder2407,"2026-08-21 10:30:22",1398.7,2,godofthunder2407
1942,16771677,"hedy huangyuheng","2026-08-27 02:13:28",1398.6,2,hedyhuangyuheng
1943,16663240,"Rilen T. L.","2026-08-18 13:45:46",1398.1,2,"jairosilvabastos,rilentl"
1944,16670118,"Álvaro Benítez","2026-08-29 15:46:04",1397.4,2,lvarobentezlvarez
1945,16745294,"Ahmed Ehab Fathi","2026-08-20 17:15:31",1397.3,2,ahmedehabfathi
1946,16660601,"Rabbiya affan","2026-09-03 09:58:41",1397.0,2,rabbiyaaffan
1947,16664293,"Adam Lloyd","2026-08-17 07:09:50",1397.0,2,alloyd256
1948,16682471,Soumya2003,"2026-08-25 17:58:29",1397.0,2,soumya2003uyvv755
1949,16708624,"Aboubacar HEMA","2026-08-19 14:24:02",1396.5,2,"aboubacarhema,marcmare,wilfredkouadjo"
1950,16722120,nekoha,"2026-08-15 15:01:16",1396.4,2,nekoha
1951,16729421,Oblivix,"2026-09-02 04:16:25",1396.2,2,"aradhyatiwariii,oblivix"
1952,16761875,eugenn,"2026-09-02 17:10:30",1396.0,2,eugennekhai
1953,16671694,evananann,"2026-08-19 07:46:36",1395.3,2,evananann
1954,16731432,sieradni,"2026-09-01 06:12:00",1395.1,2,sieradni
1955,16765953,"Muhammad Ahmed","2026-08-26 13:46:48",1395.1,2,muhammad4hmed
1956,16665336,"maoyuan ma","2026-08-18 11:41:09",1394.6,2,maoyuanma
1957,16622242,"Robert Koval","2026-08-15 07:02:17",1394.4,2,robertkoval
1958,16635818,F.A.Nina,"2026-08-16 20:15:06",1394.3,2,nina2025
1959,16634128,ZechHuang,"2026-08-20 05:07:33",1394.2,2,zechhuang
1960,16691987,0xalgos,"2026-08-17 09:35:28",1393.5,2,anandvashishtha5362
1961,16708226,asi1024,"2026-08-16 13:14:53",1393.0,2,asi1024
1962,16771277,zhaowenyi7,"2026-08-31 09:18:04",1392.7,2,zhaowenyi7
1963,16623370,kenmatsu4,"2026-08-14 09:03:08",1392.3,2,kenmatsu4
1964,16659614,"Heikki Leskelä","2026-08-22 16:35:42",1392.3,2,heikkileskela
1965,16659715,masb,"2026-09-03 18:49:32",1392.2,2,affansaied
1966,16715628,Dian,"2026-08-17 01:57:33",1392.0,2,clas233
1967,16655766,前衛,"2026-08-15 00:17:53",1391.8,2,"atharvranjan,shreyasgandhe,siddharth9077"
1968,16629624,"Sayandeep Ghosh","2026-09-02 19:57:53",1391.3,2,sayandeepghosh
1969,16723096,Shabuuu,"2026-09-01 18:44:54",1390.8,2,shabuuu
1970,16622367,mg,"2026-08-23 17:49:21",1390.7,2,"egorkashpar,sashaboriskin,smooky"
1971,16662940,"The Coder Geek Squad Leader","2026-08-17 09:23:58",1390.5,2,soulemaneisissifou
1972,16722112,nyori,"2026-08-18 10:35:38",1390.0,2,nyoriworks
1973,16656584,Spintronic,"2026-08-19 15:24:17",1390.0,2,spintronic
1974,16678872,ibrahim,"2026-08-17 19:30:32",1390.0,2,skyfish77
1975,16633096,anvai_agents,"2026-08-20 05:50:45",1389.9,2,"anandgaikwad7781,vaidehidhamnikar"
1976,16668162,AlejandroAlvarez,"2026-08-26 12:31:45",1389.6,2,theworm
1977,16695615,Celinao,"2026-08-14 08:02:47",1389.3,2,celinao
1978,16749347,Shibungi,"2026-09-01 06:52:21",1389.0,2,shibungi
1979,16655109,"Tia He","2026-08-14 19:58:44",1389.0,2,altheahe
1980,16652764,hikahika,"2026-08-16 00:35:31",1388.9,2,naganohikaru
1981,16667324,"Muhammed selim Bilic","2026-08-26 17:02:17",1388.5,2,muhammedselimbilic
1982,16669897,"Tahsan Ferdous","2026-08-14 19:30:09",1388.0,2,tahsanferdous
1983,16798694,"Young Uk Song","2026-09-03 06:32:24",1387.9,2,nintendojoa
1984,16729372,"Gaspard Plt","2026-08-17 21:58:55",1387.2,2,gaspardplt
1985,16697458,"Lissandra Kruse Fuganti","2026-09-01 15:19:00",1386.4,2,lissandrakruse
1986,16781170,"Ulugbek Salohiddinov","2026-08-28 02:38:15",1386.4,2,ulugbeksalohiddinov
1987,16658150,Gravity-x73d,"2026-08-17 09:16:29",1386.3,2,gravityx73d
1988,16644643,today,"2026-08-20 14:09:31",1385.6,2,today55
1989,16623408,shiggriculture,"2026-09-03 01:04:28",1385.5,2,shimishige
1990,16634246,just_calculate,"2026-08-20 08:22:38",1385.5,2,justcalculate
1991,16764476,daviddnd,"2026-08-31 15:11:13",1385.3,2,daviddnd
1992,16714902,HunterBlue,"2026-08-13 18:54:47",1385.1,2,marianacodebase
1993,16719100,"Abhiraj Singh","2026-08-14 12:02:33",1385.0,2,cyberdrago
1994,16701612,Kiki,"2026-08-17 08:54:03",1385.0,2,rouiou
1995,16634093,gezi,"2026-08-27 12:56:56",1384.9,2,goldenlock
1996,16657228,"Vladimir Babin","2026-09-03 13:29:27",1384.4,2,vovababin
1997,16713127,Felis,"2026-08-25 20:07:16",1384.2,2,ilyaafanasenko
1998,16632006,"Adwait Tagalpallewar","2026-08-16 08:44:12",1384.0,2,adwaittagalpallewar
1999,16686583,techtech69,"2026-08-22 16:19:05",1383.8,2,techtech69
2000,16712134,cf696666,"2026-09-03 19:28:40",1383.1,2,cf33333
2001,16683865,Shin7jp,"2026-08-14 09:51:13",1382.9,2,shin7jp
2002,16693942,"Lisan al-Gaib","2026-08-31 12:31:42",1382.7,2,azrihasin
2003,16672199,Vachan,"2026-08-20 07:33:48",1382.4,2,vachanpadival
2004,16726071,"PDF ULTRA","2026-08-20 19:36:33",1382.3,2,"alengevorgyan,gab0yan"
2005,16658474,huyimin517517,"2026-09-03 07:39:29",1381.7,2,"huyimin517517,touyouzhaji,wumingshi2006"
2006,16621219,"Inna Campo","2026-08-15 09:08:23",1381.0,2,innacampo
2007,16694091,"Nan Leng","2026-08-23 07:41:41",1380.8,2,nleng66ca
2008,16672033,"Mohan Prasath P","2026-08-21 10:08:16",1379.9,2,mohanprasath21
2009,16671361,"Hangyu Yu","2026-08-15 13:46:57",1379.7,2,cqupthangyuyu
2010,16721453,"Random Mambo","2026-09-01 09:41:19",1379.6,2,beaten67
2011,16724947,teacherli0,"2026-08-16 03:09:09",1379.6,2,teacherli0
2012,16727379,"Nicholas Chua","2026-08-20 16:28:44",1378.4,2,nickckb
2013,16713743,oliver,"2026-08-22 16:48:18",1378.4,2,ollibolli
2014,16698214,Juandix,"2026-08-18 03:35:51",1377.8,2,juandix
2015,16666939,20237208_黄奕恺,"2026-08-22 12:53:27",1377.6,2,mrhuangyy
2016,16761593,"stsa asts","2026-09-02 19:16:22",1377.4,2,stsaasts
2017,16655368,"Mohammed Maqsood L","2026-08-19 10:40:17",1377.4,2,mohammedmaqsoodl
2018,16656296,Fususu,"2026-08-25 03:03:04",1377.0,2,phuongncn
2019,16765601,"Dinesh Makireddy 7389","2026-08-31 04:30:54",1376.7,2,dineshmakireddy7389
2020,16710141,htatsumi,"2026-08-15 01:07:11",1376.6,1,tatsumihasebe
2021,16713178,Funno,"2026-08-19 17:32:54",1376.5,2,yes711
2022,16736404,¡olé!,"2026-08-19 03:30:32",1376.4,2,hjx1024
2023,16682885,风沙星辰,"2026-08-23 03:28:27",1376.2,2,"duoliya,linyeping,sereinovov,wangying2026"
2024,16667734,SuroRitch,"2026-08-15 16:23:52",1376.1,2,suroritch
2025,16690867,HowardLeeTW,"2026-08-15 09:14:17",1376.0,2,howardleetw
2026,16621355,Raiden.B,"2026-08-12 05:49:42",1375.8,2,raidenb
2027,16712459,松原琉喜,"2026-08-14 14:54:47",1375.7,2,ryuki12kyo
2028,16744355,"Sameera T","2026-08-22 10:13:47",1375.3,2,sameeramaq
2029,16621683,Shivangoudaa,"2026-08-26 11:45:55",1375.2,2,ishivapatil
2030,16656399,CROW,"2026-08-14 04:59:30",1375.0,2,"aaayangxh,hanifnoerrofiq"
2031,16653890,YUKRUB,"2026-08-20 07:37:27",1374.5,2,yukrub
2032,16730180,zshandy,"2026-08-19 22:29:48",1374.4,2,zshandy
2033,16722818,"Mukesh R","2026-08-16 13:07:44",1374.2,2,mukeshr06
2034,16657803,"Arya Mazloomi","2026-08-14 00:17:11",1374.1,2,aryamazloomi
2035,16682306,岸本湧士郎,"2026-08-31 01:59:46",1374.1,2,yushiro20021111
2036,16631595,CuteClaw,"2026-08-14 01:25:52",1373.4,2,bloodmoonwq
2037,16801797,Tv,"2026-09-02 14:04:08",1373.0,2,linyeah
2038,16655335,Justus,"2026-08-19 14:18:38",1372.9,2,justus0
2039,16748421,lulzx,"2026-08-20 17:52:11",1372.6,2,lulzxy
2040,16680967,Tyooughtul,"2026-08-16 00:58:06",1372.2,2,yooughtul
2041,16635317,"KAKA Minishijie","2026-08-26 04:36:55",1372.1,2,kakaminishijie
2042,16716698,gisgisgis,"2026-08-15 05:35:47",1372.1,2,gisgisgis
2043,16683488,"Ripudaman Parmar","2026-08-23 12:06:07",1371.3,2,"ktkgpt,ripudamanparmar"
2044,16641893,"Kashyapsinh gohil","2026-08-15 16:10:05",1371.2,2,kashyapsinhgohil
2045,16729488,"Bala vighnesh Reddy","2026-08-26 07:35:49",1370.8,2,balavighneshreddy
2046,16664860,ANUJPUROHIT18,"2026-09-01 05:03:07",1370.7,2,anujpurohit05
2047,16672530,GUGUGAGA,"2026-08-14 04:33:54",1370.5,2,"ruiyangzhang23,taoguo079"
2048,16710421,SZ_00_zyz,"2026-08-20 02:54:53",1370.3,2,sz00zyz
2049,16663590,"Jakub Dolének","2026-08-13 13:08:32",1370.1,2,dolenek
2050,16634238,SoWwe,"2026-08-29 18:17:46",1369.9,2,sowwe4
2051,16717792,han10086,"2026-08-13 15:05:21",1369.8,2,han10086
2052,16678346,"Farhan Abid","2026-08-16 08:41:15",1369.7,2,farhanabidtech786
2053,16691976,"Harini Panigrahi","2026-08-14 16:57:32",1369.4,1,harinipanigrahi
2054,16634143,"manual player","2026-08-14 00:41:13",1369.3,2,prospal
2055,16694138,Alex,"2026-09-01 18:56:13",1369.3,2,alex789
2056,16705499,byncpy,"2026-08-17 17:18:47",1368.1,1,jinliangbi
2057,16719238,"Rômulo Siqueira","2026-08-20 00:15:16",1368.1,2,romulosiqueira
2058,16726232,"sayed rafi","2026-08-18 21:13:00",1367.1,2,sayedrafi
2059,16726431,Manav,"2026-08-16 17:51:03",1366.9,2,manavsangwan
2060,16628295,qwertykeypadapple,"2026-08-13 19:05:04",1366.0,2,qwertykeypadapple
2061,16664759,OrGanAIc,"2026-08-14 22:58:18",1366.0,2,arghyaranjandas
2062,16659711,williams,"2026-08-31 16:37:57",1365.3,2,williams
2063,16682892,"Alvaro Llamojha","2026-09-03 18:49:21",1365.2,2,alvarollamojha
2064,16663851,"Harshith revuru","2026-08-21 22:15:33",1365.0,2,harshithrevuru
2065,16724262,"Obu obu","2026-08-15 10:48:05",1365.0,2,obuobu
2066,16664164,"Elzandi Irfan Zikra","2026-08-15 15:53:21",1364.2,2,"dyahayuretnoningsih2,zangetsufuin"
2067,16703300,"Fahd EL ANSARI","2026-08-15 23:47:17",1362.7,2,fahdelansari
2068,16670524,"Nat Bel ML Fun","2026-09-02 22:48:16",1362.3,2,natbel4ml
2069,16691830,"Nikita Lugovoy","2026-08-15 03:39:17",1361.9,2,nikital7
2070,16661509,JSON_Voorhees,"2026-09-03 00:14:35",1361.7,2,michaelgreenhut
2071,16770648,"Yoshitaka Nozaki","2026-08-26 00:38:06",1361.5,1,yoshitakanozaki
2072,16785505,"Rishiraj Acharya","2026-08-29 03:10:09",1361.3,1,rishirajacharya
2073,16690113,m0chi1216,"2026-08-16 15:07:24",1361.1,2,m0chi1216
2074,16659210,HASHP100D,"2026-09-01 03:52:29",1360.8,2,hashp100d
2075,16661034,"Devesh Mehta","2026-08-30 23:55:02",1360.7,2,deveshmehtaaie
2076,16656519,"Chris Laska","2026-08-25 19:45:39",1360.6,2,chrislaska
2077,16649313,"Jiajun HAN","2026-08-14 07:13:57",1360.3,2,jiajun1
2078,16812062,姜上（Integ）,"2026-09-03 16:05:34",1359.9,2,integjs
2079,16721947,groots,"2026-08-16 06:32:40",1359.9,2,muhammadismail433
2080,16623226,"Hafida Belayd","2026-08-28 12:41:48",1359.2,2,hafidabelayd
2081,16669643,"Athenix Kaggriculture","2026-08-24 18:23:54",1359.1,2,sdafdsfsdfgdsg
2082,16652912,"Kyle Ellard","2026-09-02 15:28:17",1358.8,2,kyleellard
2083,16663818,"Mike Mordetsky","2026-08-18 11:49:58",1358.7,2,mikemordetsky
2084,16759652,Fnoa,"2026-08-23 12:26:39",1358.0,2,trasibulo
2085,16682557,"Soumalya Mandal","2026-08-14 14:57:29",1357.3,2,mrcyberhunter
2086,16658345,Ficu∞$,"2026-08-28 08:43:18",1357.3,2,mikeintokyo
2087,16719083,"Justin Mai 16","2026-08-24 06:06:16",1357.0,2,justinmai16
2088,16737561,"Raj Aryan Singh","2026-08-18 11:50:54",1356.7,2,kratos14raj
2089,16671738,Exposed,"2026-08-22 07:02:02",1356.3,2,erickeller2
2090,16727090,"Deep Blue Pasture","2026-08-17 02:28:34",1355.5,2,shamanah
2091,16729828,spunkrock,"2026-08-16 20:08:06",1355.4,1,spunkrock
2092,16622531,"musya lyusya team","2026-08-19 11:22:46",1355.2,2,vswz2nqp
2093,16739939,crescent_star,"2026-08-24 15:50:25",1354.6,2,cenzop
2094,16688313,"Gnosys Labs","2026-08-30 00:29:34",1354.4,2,gnosyslabs
2095,16666884,"Antonio Stanciu","2026-08-15 14:33:52",1354.3,2,stanciuantonio
2096,16796370,MioValentine,"2026-09-03 14:18:35",1354.3,2,yuyizhu
2097,16783021,"TAN TIANYE","2026-09-03 11:21:37",1353.9,2,tantianye
2098,16736838,アナコンダ,"2026-08-24 08:29:45",1353.4,2,"ei1333,unosss"
2099,16727019,uitsnf,"2026-08-23 15:45:22",1353.2,2,uitsnf
2100,16713155,AdarshAleti,"2026-08-18 05:39:57",1352.3,2,adarsh1077
2101,16709339,"Mohammad Javad Dianat","2026-09-03 10:01:40",1351.7,2,dianatofficial
2102,16724795,yangqi1234,"2026-08-23 08:26:23",1351.4,2,yangqi1234
2103,16743790,"yuji y","2026-08-28 10:53:06",1351.4,2,yujiyyy
2104,16750477,"Tapabrata Biswas","2026-08-25 13:11:13",1351.1,2,"dumbakaash,ishanhira"
2105,16655263,rishavsaigal,"2026-08-29 17:52:32",1350.9,2,rishavsaigal
2106,16623836,awarse,"2026-08-14 06:00:45",1350.8,2,awarse
2107,16716930,"Direc M","2026-08-31 04:54:06",1350.7,2,direcm
2108,16687596,AjPrem,"2026-08-21 02:37:39",1350.3,2,"ajprem,jefferysingh,neelcasula"
2109,16722986,"Abhiram 9803","2026-08-15 18:43:09",1349.6,2,abhiram9803
2110,16725354,"Swaroop piduguralla","2026-08-19 14:23:28",1348.6,2,pnsaimanitejaswaroop
2111,16718572,MLarpers,"2026-08-22 14:06:48",1348.6,2,"koteikachannel,mrhornetik"
2112,16759037,Yuyannnn,"2026-08-29 15:36:43",1348.3,2,yuyannnn
2113,16671424,cicen1139,"2026-08-22 09:37:51",1348.0,2,cicen1139
2114,16701897,"Alejandro Lavandeira Casais","2026-08-14 12:56:12",1347.8,2,alejandrolavandeira
2115,16640368,"Nkosi Ndwandwe","2026-08-22 05:40:06",1347.7,2,nkosindwandwe
2116,16668069,jackhsia,"2026-08-23 15:56:13",1346.9,2,jackhsia
2117,16634691,bot-farmer,"2026-08-19 06:16:19",1346.7,2,shauryam25
2118,16718745,"Vishwamitra Mishra","2026-09-02 00:23:18",1346.2,2,vishwa007
2119,16723941,teraSurfer40141,"2026-08-16 01:16:49",1346.0,2,r00tt00r
2120,16667787,"Daryl Brach","2026-08-17 09:41:51",1345.7,2,dbrach
2121,16688130,"Lujia Liang","2026-08-24 09:15:27",1345.1,2,lujialiang123
2122,16731836,"Theo Venturian","2026-09-01 21:33:41",1343.9,2,theodorraulventurian
2123,16667998,Speril,"2026-08-16 09:13:41",1343.7,2,speril
2124,16691702,kss,"2026-08-13 19:30:20",1343.3,2,l0glikelihood
2125,16768647,vaultguard,"2026-09-03 09:09:35",1343.0,2,vaultguard
2126,16685850,K,"2026-08-14 06:37:41",1342.8,2,kolci017
2127,16674479,"Alan Rosston","2026-08-14 08:20:49",1341.6,2,alanrosston
2128,16695093,"Ryota Murai","2026-08-27 15:28:04",1340.9,2,rmuraix
2129,16714162,MarvinTMB,"2026-09-01 05:45:37",1340.6,2,marvintmb
2130,16775473,LuanHengYu,"2026-08-31 04:20:45",1340.2,2,apexml
2131,16665125,"David Schindler15","2026-08-14 04:58:39",1340.2,2,"davidschindler15,mz3207"
2132,16735125,mtskggle,"2026-08-22 04:50:43",1340.2,2,matsusakaggle
2133,16630315,janson,"2026-08-19 10:54:37",1338.9,2,johnjanson
2134,16697223,"Azizii Gill","2026-08-29 20:38:00",1338.2,2,aziziigill
2135,16751140,onick_man,"2026-08-31 19:42:43",1338.1,2,ftakahas
2136,16624896,"Akmal Azzam o'g'li","2026-08-18 06:03:51",1337.4,1,akmalmir
2137,16705176,"Ruslan Raupov","2026-08-20 09:10:24",1337.3,2,ruslanraupoff
2138,16794207,AlekseiProvorov,"2026-08-31 09:59:52",1337.2,2,leoprovorov
2139,16698256,Mint,"2026-08-17 18:39:08",1336.8,2,rorandangerous
2140,16748246,"Eric S","2026-08-26 12:50:54",1336.7,2,ericsangberg
2141,16691524,"Martim Nascimento","2026-09-02 02:25:53",1336.4,2,martimnascimento
2142,16658618,"philip georgiev","2026-09-03 17:28:40",1335.5,2,philipgeorgiev
2143,16758893,"Sercan Yeşilöz","2026-08-28 19:16:26",1335.3,2,sercanyesiloz
2144,16696631,"saya akan lawan!","2026-08-21 18:42:23",1335.1,2,nurhadibudhy
2145,16666054,Ani,"2026-08-28 04:10:27",1334.1,2,anirudhk333
2146,16740320,NguyenAn27,"2026-08-20 00:46:32",1333.8,2,nguyenan27
2147,16675088,"Andrei Chulkov","2026-08-15 19:43:12",1333.5,2,andreichulkov
2148,16730334,EUGENEYEUNG,"2026-08-22 13:03:33",1333.0,2,eugeneyeung
2149,16726948,Stitch,"2026-08-29 03:58:50",1333.0,2,mitsuaccessjam
2150,16786092,Shiru2,"2026-08-29 02:15:44",1332.9,2,shiru2
2151,16713797,CrazyDave111,"2026-09-03 17:02:40",1332.5,2,crazydave111
2152,16675512,Corgi-Samoyed,"2026-09-03 13:21:41",1332.2,2,corgisamoyed
2153,16726115,helloworld311,"2026-08-17 05:52:20",1331.9,2,helloworld311
2154,16692851,ichnixhelle,"2026-08-12 22:20:24",1331.9,2,ichnixhelle
2155,16728571,hasibirok0,"2026-09-02 13:06:51",1331.5,2,hasibirok0
2156,16679443,albu,"2026-08-15 19:22:12",1331.1,2,albuslaev
2157,16624303,seven,"2026-08-31 05:21:16",1330.9,2,morikawatakeshi
2158,16652631,"Panagiotis Anagnostou","2026-09-03 06:52:58",1330.1,2,panosanag
2159,16655305,"Junior Sohou","2026-08-14 00:15:42",1329.9,2,juniorsohou
2160,16696561,"Ali Ramazanov","2026-09-03 14:15:48",1329.8,2,aliramazanov
2161,16655179,"I Need an Internship","2026-08-15 02:39:23",1329.7,2,dimasibnumuthi
2162,16749352,"Ian Virchenko","2026-08-25 17:36:35",1328.9,2,yvainr
2163,16725242,chinchilla,"2026-08-19 10:53:07",1328.6,2,tgwstr
2164,16670755,"Amine zeDDouk","2026-08-18 09:37:41",1328.0,2,aminezeddouk
2165,16621407,Kh0a,"2026-08-27 11:25:28",1327.7,1,llkh0a
2166,16675704,reeemii,"2026-08-26 08:51:15",1327.6,2,reeemii
2167,16639230,Rylan,"2026-08-15 13:15:45",1327.4,2,"liuruihan333,wangxiaodundun"
2168,16696983,"JKM Ventures","2026-08-17 22:58:03",1326.9,2,jeffreydrew
2169,16738825,RishabhSpark,"2026-08-28 05:11:27",1325.8,2,rishabhspark
2170,16668647,"THIRUPATHI KANNAN K","2026-08-27 15:40:29",1325.0,2,thirupathikannank
2171,16676904,researchstudio.site,"2026-09-03 01:48:43",1324.8,2,fistyee
2172,16766401,"Gobi Elangovan","2026-09-02 17:16:14",1324.7,2,gobielangovan
2173,16700204,"ZHOU HONGYI","2026-08-21 12:47:28",1324.4,2,zhouhyz
2174,16655688,"Ryan Shan","2026-08-13 02:43:38",1324.0,2,codegold
2175,16722902,"Grigorii IU","2026-08-22 01:54:09",1324.0,2,grigorii220
2176,16664334,"Satishvaran Ragu","2026-08-28 03:07:19",1323.9,2,satishvaranragu
2177,16668788,ConnieCodes,"2026-08-17 13:40:25",1323.0,2,conniecodes
2178,16681893,morality0707,"2026-08-31 06:50:24",1323.0,2,morality0707
2179,16701969,旧楚狂人,"2026-08-15 14:20:59",1323.0,2,jiuchukuangren
2180,16726545,whm8016,"2026-09-02 14:13:54",1322.9,2,whm8016
2181,16707598,Kamazarashi,"2026-08-18 05:40:15",1322.6,2,kamazarashi
2182,16651088,ych~sun,"2026-09-03 05:40:42",1322.2,2,ychsun
2183,16659123,sd,"2026-08-18 17:46:56",1322.2,2,siddharthadevkota
2184,16723988,yuyinghuang,"2026-09-01 23:51:29",1322.0,2,yuyinghuang
2185,16663969,"Aarush Kute","2026-08-19 22:06:48",1321.6,2,aarushkute
2186,16623791,rakumo,"2026-08-19 23:46:04",1321.6,2,sirakumo
2187,16661423,"Rishavendra Sharma","2026-08-31 08:38:23",1321.6,2,rishavendrasharma
2188,16775412,"moo moo","2026-08-30 15:18:26",1321.4,2,"amrof122,yassinamr11"
2189,16807038,mitsuki,"2026-09-02 08:06:26",1321.3,2,mk00000
2190,16650372,Greed,"2026-08-12 17:18:47",1321.3,2,greedshen
2191,16658081,ando,"2026-08-20 01:52:23",1321.1,2,andoshunsuke
2192,16678618,"Manu Nicholas Jacob","2026-08-23 23:03:35",1320.7,2,manunicholasjacob
2193,16766640,watana,"2026-09-03 09:00:17",1320.3,2,yukiwat
2194,16728723,"Ronith Rashmikara","2026-08-18 03:28:52",1319.9,2,ronithrr
2195,16689447,"Ivan Berrutto","2026-08-13 04:14:38",1319.3,2,ivanberrutto
2196,16697689,"Pavel Pakhmutov","2026-08-12 23:11:23",1319.2,2,pavelpakhmutov
2197,16723132,Bridgeport,"2026-08-21 20:25:32",1318.4,2,bridgeport
2198,16778410,"uriel villegas govea","2026-08-28 00:25:47",1317.9,2,urielvillegasgovea
2199,16663229,kakuteki,"2026-08-28 04:08:43",1317.1,2,kakuteki
2200,16632444,"Issac “Izreal” Davis","2026-08-13 20:42:03",1316.3,2,issacizrealdavis
2201,16693272,ush,"2026-08-16 12:44:31",1315.7,2,kusuha
2202,16770149,rikutokuwayama,"2026-08-27 10:40:56",1315.2,2,rikutokuwayama
2203,16725642,"Arav Sharma","2026-08-17 03:51:14",1315.0,2,aravsharma26
2204,16711725,meatori-nu,"2026-08-16 19:28:03",1314.7,2,meatorinu
2205,16714980,Chenaters,"2026-08-16 08:41:10",1314.4,2,chenaters
2206,16706207,Wonderwall,"2026-08-21 07:04:04",1314.3,2,yuxiang328
2207,16774228,"Anggit Maulana Abdi","2026-08-28 14:37:01",1314.2,2,anggitmaulanaabdi
2208,16666018,"H vv sathwik","2026-08-26 06:49:10",1314.0,2,hvvsathwik
2209,16640264,DhanaLakshmiMalla,"2026-08-21 09:38:58",1313.8,2,dhanalakshmimalla
2210,16658777,"Jiarui (Jerry) Cao","2026-08-15 03:44:07",1313.7,2,jiaruicao7
2211,16698069,k_4821,"2026-08-12 06:43:09",1313.3,2,edgarondoodevilclub
2212,16769866,"Suzuki Riki","2026-08-25 12:11:09",1313.2,2,suzukiriki
2213,16700995,"Maram Ali","2026-08-15 09:13:15",1313.0,2,msama01
2214,16691714,"Wesley Juraschek","2026-08-19 06:07:37",1312.5,2,wesleyjuraschek1
2215,16691012,"Sanzhar Almasuly","2026-08-29 07:28:34",1312.1,2,sanzharalmasuly
2216,16656948,"alexander kern","2026-08-24 18:02:17",1311.6,2,alexanderkern
2217,16685626,"Livingstone Selassie","2026-08-16 00:26:50",1311.5,2,"hackerx019,livingstoneselassie"
2218,16662023,"Vikas Kumar","2026-08-26 16:42:14",1311.4,2,vikshit104
2219,16662615,"Anurag irawit","2026-09-01 14:16:49",1311.3,2,anuragirawit
2220,16710094,winwinwin,"2026-09-03 13:22:51",1311.0,2,"ouyangruize,teecemackenieo"
2221,16666853,"Bisola Olasehinde","2026-08-31 13:08:21",1310.8,1,bizzyvinci
2222,16697923,"Vincent Debout","2026-09-02 23:46:43",1310.8,2,vdebout
2223,16743741,Arooran,"2026-08-24 13:37:47",1310.7,2,arooransivakarunai
2224,16763418,overwhelmer,"2026-08-25 08:22:55",1310.6,2,overwhelmer
2225,16664761,"Udit Jain #2","2026-08-19 14:15:29",1310.6,2,iamudit
2226,16644877,lu_fish,"2026-08-16 14:13:53",1309.9,2,thefish114514
2227,16730903,noynkmr,"2026-08-25 05:47:01",1309.4,1,noynkmr
2228,16630713,"Grzegorz Sionkowski","2026-08-16 16:31:57",1308.7,2,sionek
2229,16657610,"H Bharath","2026-08-31 18:54:57",1308.7,2,hbharath
2230,16719090,CHSTO,"2026-08-16 23:43:52",1308.6,1,haotianqi
2231,16796544,"Xiaonan FU","2026-09-02 08:23:49",1308.5,2,xiaonanfu999
2232,16651623,"Sarvesh Talele","2026-08-28 05:18:58",1308.2,2,sarveshtalele
2233,16628456,kiro,"2026-09-01 10:06:31",1307.8,2,kirosamurai
2234,16640552,"rupsa roy","2026-08-31 16:11:57",1307.5,2,rupsarroy
2235,16677832,"Maryam Tahir","2026-08-25 15:07:42",1307.5,2,maryamtahir09
2236,16792927,EnricRovira,"2026-09-03 07:06:41",1307.2,2,enric1296
2237,16728272,"Daris Dzakwan Hoesien","2026-08-16 10:48:22",1306.7,1,darisdzakwanhoesien2
2238,16721382,"Milan Leonard","2026-09-03 11:05:46",1306.1,2,milanleonard
2239,16750317,"ELhamdaoui AM","2026-08-30 19:29:43",1306.1,2,elhamdaouiabdelmajid
2240,16692548,"Rockstar Farmer","2026-08-19 05:15:37",1305.2,2,yuhaili
2241,16622939,"Kamal Das","2026-08-27 12:47:13",1304.6,2,kmldas
2242,16690020,shantaitichu,"2026-08-17 09:40:30",1304.4,2,shantaitichu
2243,16757566,"Ankit Kumar","2026-08-23 12:03:53",1304.3,2,imankit57
2244,16778206,yuanlao153,"2026-08-28 15:00:04",1304.2,2,yuanlao153
2245,16623708,"Chekhlov Dmitrii","2026-08-18 10:11:47",1303.7,2,zoli800
2246,16805244,nari,"2026-09-01 19:34:04",1303.1,1,shoheiyoshinari
2247,16747161,wqlun06,"2026-08-20 08:02:11",1303.0,2,wqlun06
2248,16731243,"[Deleted] dab36be1-9992-4710-95f4-39a9f7a2cd3c","2026-08-24 15:13:27",1302.3,2,del=fd92954ed0c92f1a
2249,16753985,"Narenthira Balaji","2026-08-21 10:54:17",1301.8,1,narenthirabalaji
2250,16721259,Qsj,"2026-08-28 09:20:10",1301.8,2,qiaoshiji
2251,16671504,Agentmaster,"2026-08-28 06:33:07",1301.8,2,"kinjaza,shawnno"
2252,16688153,"Panchajanya Banerjee (Pancham)","2026-08-16 20:28:27",1301.6,2,delayedkarma
2253,16728135,sukirman,"2026-08-17 12:24:20",1301.1,1,rakbidb
2254,16709529,alhlbx5,"2026-09-02 23:53:54",1300.8,2,alhlbx5
2255,16779451,kibuna,"2026-08-27 12:00:58",1300.6,2,kibuna
2256,16732754,ikeuchy,"2026-08-29 04:10:41",1300.5,2,ikeuchy
2257,16709793,"Victor Hotz","2026-08-13 18:48:06",1300.2,2,victorhotz
2258,16665050,"Praneeth Palugula","2026-08-14 06:28:56",1300.2,2,praneethpalugula
2259,16795704,haodada001,"2026-09-03 13:50:49",1299.8,2,haodada001
2260,16649314,"Yuka,Ota","2026-08-17 03:42:23",1299.6,2,yukaika
2261,16634654,unknown,"2026-08-13 02:11:22",1299.4,2,abdullahshafi2021
2262,16623988,"Charismatic Pizza Party🍕","2026-08-30 03:55:06",1299.3,2,debugendless
2263,16723893,iring58,"2026-08-22 04:43:36",1299.3,2,iring58
2264,16709462,"KK #2","2026-08-14 09:06:37",1299.2,2,kk2909
2265,16765526,"Kotala Kishan Reddy","2026-08-24 08:56:22",1297.6,1,kotalakishanreddy
2266,16751358,Cristiano,"2026-08-24 15:04:54",1297.5,2,zhuangbility
2267,16756415,"Mihai Balan","2026-08-31 06:39:25",1297.4,2,mihaibalan
2268,16633179,infamemconculcemus,"2026-09-02 07:32:27",1297.0,2,jcgweb
2269,16738895,SangGold,"2026-08-18 15:48:23",1296.9,1,sanggold
2270,16726870,"Svanik Kolli","2026-08-16 00:11:14",1296.6,1,svanikkolli
2271,16623749,Tejas,"2026-08-17 09:52:29",1296.6,2,tejuuss
2272,16735238,DHKim0324,"2026-08-25 08:49:34",1296.1,2,dhkim0324
2273,16743737,"Joanna C.","2026-08-20 23:07:09",1295.9,2,joannaciesielski
2274,16715024,"Ömer Özbek","2026-08-22 13:50:34",1295.6,2,omerozb
2275,16738657,Mactorr,"2026-09-02 22:44:15",1295.5,2,mactorr
2276,16693557,"Ifeoluwa Adewumi","2026-08-19 17:00:37",1295.5,2,ifeadewumi
2277,16655567,Heisnotanimposter,"2026-08-25 00:47:27",1295.4,2,test013
2278,16732462,"Aji Samudra","2026-08-24 09:05:21",1295.4,2,ajisamudra
2279,16663694,"Dimitri ZABRE","2026-08-12 21:00:12",1295.0,2,dimitrizabre
2280,16728460,oh-Artistburger-AHA-TastyMeat!,"2026-08-16 11:54:46",1294.9,1,akikukeo1
2281,16672653,Cultuurstelsel,"2026-08-13 16:59:47",1294.5,2,ryuorlandotamin
2282,16636909,"wking edewd","2026-08-21 11:21:57",1294.5,1,wkingedewd
2283,16624047,GUOHAOYANG,"2026-08-12 22:23:02",1294.4,2,pkuszboi
2284,16748330,Okan,"2026-08-21 11:15:17",1294.3,2,okanzkaya
2285,16623020,Muhandro,"2026-08-20 16:29:57",1293.9,2,muhandro
2286,16621687,ropeadope,"2026-08-25 10:36:05",1293.7,1,silkross
2287,16770832,"Harish Yadav","2026-08-27 06:18:09",1293.2,2,harishyadav0506
2288,16710587,durgasai,"2026-09-01 13:14:36",1293.0,2,dsainvg
2289,16622034,"Aryan Yadav","2026-08-15 18:49:17",1293.0,2,simplexcomplex
2290,16695691,neural-canvas,"2026-08-12 20:46:37",1292.9,2,mrsanap
2291,16666977,"Tagir Analyzes","2026-09-03 06:00:35",1292.9,2,tagirkhairutdinov
2292,16673881,"Sebastian Johansson","2026-08-27 08:39:07",1292.9,2,sebbejohansson
2293,16655632,"Dmitry Kozlov","2026-08-28 10:06:54",1292.8,2,dkozlov
2294,16632788,"Bright O.H.","2026-08-23 03:45:36",1292.7,2,brightoh
2295,16663759,🔥🦫📿🗽,"2026-08-26 06:37:41",1292.4,2,datafad
2296,16766982,"Sir Dona ","2026-08-25 15:54:46",1292.3,2,sirdona
2297,16663284,"Aman Prakash","2026-08-12 20:58:28",1292.2,2,amanprakash777
2298,16665596,chunhu666,"2026-08-30 07:05:40",1292.1,2,chunhu666
2299,16714059,Yentür,"2026-08-12 18:47:44",1292.1,1,meryentr
2300,16651257,PursueML,"2026-09-02 16:26:41",1291.9,2,pursueml
2301,16773266,newbyy,"2026-08-26 05:21:47",1291.6,1,newbyy
2302,16656340,InfiHeart,"2026-09-03 06:41:32",1291.6,2,infiheart
2303,16758839,"Yusuf Murtaza","2026-08-23 04:08:43",1291.5,2,yusufmurtaza01
2304,16735102,"Zhiqi Liu","2026-08-31 02:57:12",1291.5,2,crazyqiqi
2305,16779171,Xunden,"2026-08-27 09:14:10",1291.4,1,xunden
2306,16769419,dylanaki,"2026-08-26 13:30:43",1290.7,2,dylanaki
2307,16668049,"Masayoshi Kurihara","2026-08-14 06:20:21",1290.4,2,masayoshikurihara
2308,16622251,"Moroz Roman","2026-08-20 06:22:05",1290.3,2,crissyro
2309,16699610,"Sneha ","2026-08-17 01:00:34",1290.2,2,kharya3
2310,16665838,wenbodai,"2026-09-01 12:41:51",1290.1,2,wenbodai
2311,16730288,matsurih,"2026-08-22 12:03:05",1290.0,1,matsurihime
2312,16772993,"dirty farmers","2026-08-26 06:33:12",1289.9,2,jamesgui2007
2313,16766796,panda__MB__maximus,"2026-08-25 12:54:58",1289.5,1,tanishmohokar09
2314,16624651,"Zihao Zeng","2026-08-21 11:58:35",1289.5,2,zihaozeng0021
2315,16710661,"Pengyi Peng1","2026-09-03 05:48:27",1289.4,2,pengyipeng1
2316,16658290,rrishavrraj,"2026-08-22 11:00:34",1288.7,2,"rrishavrraj,shubhamkumar9812"
2317,16672168,"Justin Rutkowski","2026-08-14 17:34:37",1288.6,2,justinrutkowski
2318,16773559,"Abhishek Mahto","2026-08-26 06:40:07",1287.8,1,abhishek3115
2319,16656807,Yoganjaneyulu,"2026-08-13 09:20:17",1287.5,2,yoganjaneyulu
2320,16622032,"Raunak Dey","2026-08-13 17:22:49",1287.2,2,raunakdey07
2321,16625219,MJVinay,"2026-08-21 09:37:02",1287.0,2,mallajayanthvinay
2322,16739537,"Bina Salama","2026-09-02 20:01:30",1286.9,2,binasalama
2323,16680931,"Rattan Singh","2026-08-16 04:23:37",1286.7,2,rattans
2324,16633580,Vinymo,"2026-08-23 15:32:23",1286.7,2,vinymo
2325,16781516,"Hongbin Guokaggle","2026-08-29 04:16:00",1286.6,2,hongbinguokaggle
2326,16659314,Sandeep063,"2026-08-25 12:44:22",1286.2,2,sandeep063
2327,16761849,viber3221,"2026-08-24 13:38:59",1285.5,2,viber3221
2328,16775386,kaggler,"2026-08-31 09:29:41",1285.3,1,deepkim
2329,16673013,TTT,"2026-08-27 06:40:10",1284.9,2,tadahiroasami
2330,16714058,"Ahmet Erdem Pamuk","2026-08-12 18:59:18",1284.5,2,ahmeterdempamuk
2331,16770282,colt,"2026-08-25 09:55:29",1284.5,1,xiaomaguo
2332,16733547,"Mark Grayson","2026-08-17 18:53:21",1284.3,2,flyingsinclair
2333,16771843,"Surekha Ramireddy","2026-09-01 15:34:18",1284.1,2,surekharamireddy
2334,16634650,UnfriendlyAI,"2026-08-24 11:44:47",1284.0,2,unfriendlyai
2335,16765065,"Rohith T R","2026-08-26 13:28:38",1283.8,2,rohithtrgod
2336,16750614,"Shivansh Chaudhary","2026-08-22 14:22:57",1283.7,2,shivanshchoo
2337,16627796,tizawa3,"2026-08-19 00:28:23",1283.4,2,tizawa
2338,16625214,Malla,"2026-08-21 09:55:13",1283.4,2,mallaphalguni
2339,16693962,"Changyuan Chen","2026-08-17 14:18:21",1283.0,2,changyuanchenmit
2340,16802892,YUYA,"2026-09-03 13:06:51",1282.9,2,yuyaizumikawa
2341,16623806,黒田彩人,"2026-08-17 04:05:34",1282.2,2,ayato0705
2342,16732428,"Darren Amadeus Martin","2026-08-19 00:48:02",1282.1,2,darrenamadeusmartin
2343,16656990,"NALLA SUMANG","2026-08-30 03:15:46",1282.1,2,sumangnalla
2344,16770952,"Satyajeet Kumar","2026-08-25 20:42:40",1282.0,2,m4rcuseryx
2345,16722849,"Dhruv Bansal","2026-08-28 08:01:42",1281.8,2,dhruvb2028
2346,16784485,betterme,"2026-08-28 13:39:45",1281.8,2,betterme12345
2347,16651052,lty,"2026-08-18 02:33:01",1281.8,2,linwei9
2348,16667080,King-damon,"2026-09-02 12:20:33",1281.6,2,kingdamon
2349,16671133,Kazeneko,"2026-08-22 00:18:50",1281.5,2,kazeneko77
2350,16658554,Pai,"2026-09-03 06:15:35",1281.5,2,rajathrpai
2351,16658803,"Rahul Jiwane","2026-08-21 06:19:57",1281.3,2,rahuljiwane
2352,16759864,exaucedossou,"2026-08-22 17:56:40",1281.3,2,exaucdossou
2353,16763978,"Swayam Gode","2026-08-30 13:49:27",1281.3,2,swayamgode2
2354,16740103,Adjakou,"2026-08-24 07:31:02",1281.2,2,adjakou
2355,16772450,"Muneeba Badar","2026-08-25 21:19:13",1280.6,2,muneebabadar
2356,16671821,donglee,"2026-08-13 09:13:09",1280.6,1,dongleeovo
2357,16748717,mt,"2026-08-20 13:09:12",1280.2,1,mtanakaslgfreak
2358,16763120,"Shivam Singh #2","2026-08-23 16:56:35",1280.0,1,shivamsingh17072001
2359,16717630,Amer,"2026-08-13 21:23:41",1279.8,2,amerhu
2360,16734450,"Ian Teigen","2026-08-18 00:04:38",1279.7,2,ianteigen
2361,16770715,"Vicens Gaitan","2026-09-01 16:11:46",1278.2,2,vicensgaitan
2362,16750843,jammings,"2026-08-25 14:15:33",1277.8,1,jammings
2363,16770302,stardxx,"2026-08-26 02:21:35",1277.5,2,stardxx
2364,16700737,HechtJP,"2026-08-13 11:12:06",1277.3,2,hechtjp
2365,16727745,auouer,"2026-08-16 08:20:31",1277.2,2,"auouer,guriken,hkamna,insightfulthinking"
2366,16672243,"Fazil Putra","2026-08-14 01:24:17",1276.9,2,fazilputra
2367,16766905,Antigone_duckduck,"2026-08-24 16:38:37",1276.5,2,antigonexzh
2368,16711910,"Artem Zapara","2026-08-18 16:48:51",1276.0,2,artemzapara
2369,16662314,"Hanh Tran","2026-08-13 12:29:31",1275.4,1,honghanhhh
2370,16665919,"Labmem Tang","2026-08-31 03:06:37",1275.2,2,labmemtang
2371,16661648,"Vân Nguyễn","2026-08-26 18:34:06",1274.5,2,vunnguyen
2372,16679004,"Kevin Zhao","2026-08-23 10:45:26",1274.3,2,kevinzhao666
2373,16736670,"Mark Astrid","2026-09-01 13:06:24",1274.0,2,markastrid
2374,16768022,"Miles Oberting","2026-08-31 23:48:39",1274.0,2,milesoberting
2375,16814378,"Jay Prrajapati","2026-09-03 12:41:40",1273.1,2,jayprrajapati
2376,16629292,"Syed Saad Hasan Emad","2026-08-17 06:14:38",1273.0,1,syedsaadhasanemad
2377,16632294,"Rajan Nagarajan","2026-09-01 14:22:29",1272.8,2,narajan
2378,16748524,TongY26,"2026-08-21 08:33:16",1272.8,2,tongy26
2379,16778707,momohuhu_kkkkkarrot,"2026-09-03 03:37:32",1272.6,2,kjy666
2380,16655582,"Yang Jinneng","2026-08-29 13:01:07",1272.0,2,adurey
2381,16783265,"Xiangjiang Zhou","2026-08-28 06:33:05",1271.9,1,xiangjiangzhou
2382,16707036,"Just a Farmer","2026-09-01 11:52:57",1271.8,2,gunianxue
2383,16630418,butterchicken,"2026-08-28 16:45:23",1271.6,2,"ritanshuprasad,sriramlingavel01"
2384,16667839,Viet-Tien,"2026-08-22 19:46:21",1271.6,2,tiena2cva
2385,16753710,tax_free,"2026-08-25 03:16:23",1271.5,2,taxfreepython
2386,16634824,yuki16,"2026-08-27 02:55:04",1271.3,2,yuki16
2387,16724109,"small fry in the underworld","2026-08-26 11:00:37",1271.3,2,wwwwhitley
2388,16657728,"T Soo","2026-09-03 06:56:40",1271.0,2,ttgrcgrc
2389,16633709,"kitory Yeah やきとり","2026-08-15 22:30:08",1270.6,2,kitoryyeah
2390,16755808,"Van-Phuc Huynh","2026-08-22 10:43:46",1270.4,1,hvanphucs112
2391,16756399,"old Ryne Mac had a farm","2026-08-21 19:44:11",1270.3,1,rynemac
2392,16749618,Fon1as,"2026-08-21 09:36:42",1269.3,2,fon1as
2393,16712888,Vux,"2026-08-20 14:32:16",1268.6,2,weiyu85
2394,16663929,"Erman Man","2026-08-18 03:47:58",1268.5,2,ermanman
2395,16818313,"haonan zhengh","2026-09-03 11:26:56",1268.2,2,haonanzhengh
2396,16622820,"Sergey Nefedov","2026-08-25 10:52:44",1268.2,2,sergionefedov
2397,16739363,kulukkuluu,"2026-09-03 12:33:06",1267.3,2,kulukkuluu
2398,16774250,"C R Suthikshn Kumar","2026-08-26 08:22:03",1267.1,1,crsuthikshnkumar
2399,16632743,"Krizsó Gergely","2026-08-31 23:07:09",1267.0,2,lucifer19
2400,16625611,"Karl Smile","2026-08-28 16:42:46",1267.0,2,karlsmile
2401,16696887,kt-Kitayama,"2026-09-01 13:23:49",1266.9,2,ktkitayama
2402,16729484,"Sankalp Nagineni","2026-08-16 17:35:31",1266.0,2,sankalpnagineni
2403,16764850,"cy zhang","2026-08-27 11:08:45",1265.5,2,zcy20051117
2404,16808914,slfmmm,"2026-09-02 11:50:26",1264.5,1,slfmmm
2405,16701759,xycai,"2026-08-14 17:23:35",1264.2,2,xycaipku
2406,16766840,"Andrey ","2026-08-24 14:27:38",1264.1,1,anti1111
2407,16655559,"Fajri Yanuar Shiddiq Juanda","2026-08-13 01:40:20",1264.1,2,fajriyanuar
2408,16724533,"Yusei Ito","2026-08-22 19:18:19",1263.8,2,yuseiito
2409,16644160,"Saravana Rajan B","2026-08-23 14:50:39",1262.9,2,saravanarajanb
2410,16655844,MAFIN,"2026-08-13 01:53:06",1262.6,2,moneyman91
2411,16634172,"Mario Cicala","2026-09-02 02:20:17",1262.6,2,mariocicala
2412,16635747,"Jeki Wan Taufik","2026-09-03 00:10:42",1262.5,2,jek1wantaufik
2413,16688368,"Lam Vo","2026-08-15 16:39:23",1262.1,2,nhatlam
2414,16740700,"Vyas Senthilkumar","2026-08-19 04:26:42",1261.7,2,vyassenthilkumar
2415,16731751,"Nikita Pudovkin","2026-08-17 09:15:54",1261.7,1,nickpudovkin
2416,16722378,waticson,"2026-08-26 14:39:35",1260.0,2,yutodennou
2417,16675739,"Jithendra Maddala","2026-09-01 16:28:46",1258.0,2,jithendramaddala
2418,16639570,"Vishesh Banna","2026-08-25 04:24:34",1257.6,2,visheshbanna
2419,16675780,susutem,"2026-08-21 04:03:32",1257.5,2,susutem
2420,16707303,meTeam,"2026-08-23 15:01:49",1256.1,2,aaronzribi
2421,16623753,HZM,"2026-08-21 07:14:11",1255.8,2,leehann
2422,16726512,shash,"2026-08-15 19:41:18",1255.3,1,zshashz
2423,16654381,"Dmitry Belan","2026-08-30 17:16:29",1255.1,2,dimong4
2424,16663241,"Kris Adamatzky","2026-08-13 09:49:19",1253.7,2,krisadamatzky
2425,16716468,"Sakhawat Hossen","2026-08-15 03:28:07",1253.2,2,sakhawathossen
2426,16655682,"Azamat Sadikov","2026-08-30 23:56:28",1252.9,2,azamatsadikov
2427,16689952,"Lazarus Ogero","2026-08-11 16:44:08",1252.4,2,lazarusogero
2428,16706321,lumen,"2026-09-02 05:44:20",1250.8,2,lumenyuto
2429,16656731,"Muhammad Ali","2026-08-14 06:47:06",1249.8,2,sardaralimaqsood
2430,16654791,"Dev Rath","2026-09-03 14:14:44",1249.5,2,devbratrath
2431,16739578,"Pietro Valocchi","2026-09-03 16:51:53",1248.7,2,pietrovalocchi
2432,16689488,"Ming Fong","2026-08-27 01:41:31",1248.0,2,evilpegasus
2433,16663352,"Avnish Sharma","2026-08-31 14:42:23",1246.2,2,kewlaz
2434,16663992,小陈同学,"2026-08-18 07:26:54",1245.2,1,czastu
2435,16653955,"tanmay singhal","2026-08-29 12:00:53",1244.9,2,anexperiencedidiot
2436,16689389,Chukunder,"2026-08-16 02:25:12",1243.3,2,"farbricated,sarikajivrajika"
2437,16749251,HawkOsm,"2026-09-03 16:33:13",1241.2,2,hawkosm
2438,16705790,clora,"2026-09-02 14:37:25",1240.8,2,clora16
2439,16624682,FrederikZ,"2026-09-02 10:17:51",1240.3,1,zkirederf
2440,16744658,Shree85,"2026-08-29 12:38:55",1239.9,2,shree85
2441,16764301,"Quýt đây đừng sợ","2026-09-03 10:09:13",1239.6,2,ponschannel
2442,16727893,mmwstudy,"2026-08-25 10:25:36",1239.5,2,mmwstudy
2443,16744573,"Oleksandr Kovalchuk","2026-08-31 23:19:22",1239.1,2,oleksandrkovalchuk
2444,16667052,"Dandan Li","2026-08-15 18:07:17",1238.1,2,clcll532x
2445,16697249,"Sudharsana Rajasekaran","2026-08-13 06:25:58",1237.7,2,sudhan03
2446,16774941,Samvrcai,"2026-09-03 19:16:12",1236.8,2,samvrcai
2447,16674586,"Stanislav Ilin","2026-08-17 06:45:46",1236.6,2,stanislavilin2026ai
2448,16695501,brocade,"2026-08-15 00:01:12",1236.4,2,brocade
2449,16695608,"Elie Elias","2026-08-12 14:14:48",1234.9,2,elieelias
2450,16729227,Marjao,"2026-08-16 16:49:12",1234.9,2,muniburrehman2020
2451,16660711,ricardo,"2026-08-15 22:34:26",1234.5,2,magania
2452,16809249,Moro,"2026-09-03 17:07:10",1234.1,2,moromoromoro
2453,16751267,Guojun1,"2026-08-21 01:57:23",1234.0,1,guojun1
2454,16791862,"Emmanuel Mireku","2026-08-31 19:35:19",1233.8,2,eldermireku
2455,16623378,"nvidia fan","2026-09-03 16:35:31",1233.3,2,outwrest
2456,16722330,"Jean-Louis Roy","2026-08-31 07:44:08",1232.6,2,jeanjean111
2457,16789509,"Yang Wei Hao","2026-08-29 08:39:19",1231.7,1,aichangeworld
2458,16668998,WarRusher,"2026-09-03 13:01:28",1231.6,2,warrusher
2459,16708296,LUCKY2,"2026-09-03 09:09:05",1230.7,2,carolezountangni
2460,16729092,"ayman elamin","2026-09-03 12:06:50",1230.3,2,aymanelamin
2461,16677423,songling,"2026-09-02 01:45:08",1229.1,2,"lvbingrong,oralia"
2462,16663313,onlysmrtsumx,"2026-08-12 01:29:30",1228.9,2,onlysmrtsumx
2463,16639844,MaxChen303,"2026-08-13 02:25:24",1226.8,2,maxchen303
2464,16693159,"Zonglin Han","2026-08-13 17:10:08",1226.4,2,zonglinhan
2465,16649108,"Steve AVOMO","2026-08-17 03:12:41",1225.8,2,aurelsteve77
2466,16734578,"Pascal Andreas","2026-08-26 17:42:14",1225.1,2,pascalandreas
2467,16690763,chungkuangwen,"2026-08-19 20:27:55",1224.5,2,chungkuangwen
2468,16761728,"Vybhav Nath C A","2026-08-30 12:19:48",1223.3,2,shadowfax2000
2469,16757987,maverick_ss_26,"2026-09-01 14:07:17",1223.1,2,maverickss26
2470,16692110,"Ahmed Khudair","2026-08-11 22:33:06",1222.8,1,ahmedkhudair121
2471,16657494,Trex,"2026-08-12 14:00:14",1220.7,2,trexzone
2472,16690805,"Alejandro Ayestaran","2026-09-03 19:16:23",1220.2,2,alejandroayestaran
2473,16679767,Salut!,"2026-08-12 21:56:55",1220.1,2,denismekhanikov
2474,16685014,"Vishal Kishore","2026-08-29 14:37:26",1219.8,2,kishorevishal
2475,16657857,hust_xll,"2026-08-12 05:38:12",1219.6,2,hustxll
2476,16748142,"Hikaru Umeda","2026-09-03 09:23:34",1219.6,2,hikarumeda1030
2477,16657646,mountainbob,"2026-09-03 08:28:44",1218.6,2,shongpakmanoon
2478,16700116,Goldian,"2026-08-21 16:13:40",1218.6,2,goldian
2479,16703099,GansPiro,"2026-08-13 18:34:26",1218.5,2,ganspiro
2480,16732381,Raphdraft,"2026-09-03 01:11:34",1218.4,2,raphdraft
2481,16767528,"Umut Toygar Göz","2026-08-30 13:01:54",1218.4,2,umuttoygargoz
2482,16625615,"Mobeen Fatima","2026-08-28 16:47:17",1218.0,2,mobeenfatimah
2483,16635509,simmons1025,"2026-09-03 10:57:13",1218.0,2,simmons1025
2484,16671666,showtree,"2026-09-02 01:53:55",1218.0,2,showtree
2485,16693058,"Yuvraj singh","2026-08-13 14:03:24",1216.6,2,yuvrajsingh789
2486,16688436,Zuu3scode,"2026-08-12 15:19:16",1216.6,2,zuu3scode
2487,16681275,"CUG HeQiao","2026-08-12 09:06:14",1216.5,2,cugheqiao
2488,16767164,"yuhan wu","2026-08-26 09:37:53",1216.1,2,yuhanwu487
2489,16709744,"Emre Bayram","2026-08-14 09:04:57",1215.4,2,emrebayram
2490,16697024,"Jiri Prudky","2026-08-20 20:58:26",1214.8,2,jiprud
2491,16673230,saitamad,"2026-08-12 04:20:31",1214.1,2,saitamad
2492,16664072,"victor aguilera","2026-09-02 00:46:28",1213.2,2,viaguilera
2493,16729650,"Tapiwa Makandigona - Zimbabwe21","2026-08-31 11:36:48",1212.7,2,mukanya1994
2494,16627400,"Krasnov Daniil","2026-08-11 06:04:48",1211.9,2,daniilkrasnovvv
2495,16718947,"Dani Ortega","2026-08-25 07:07:35",1211.7,2,daniortega99
2496,16707584,sadatch,"2026-08-13 05:18:28",1211.6,2,sadatch
2497,16769277,卡心农场,"2026-09-02 06:45:03",1210.9,2,"hkd2333,hsiaosuan"
2498,16624645,"Closed Loop","2026-09-02 21:29:58",1210.3,2,hobbisttech
2499,16643554,"Arnie Jimenez","2026-08-20 16:48:24",1210.0,2,arniejimenez
2500,16673110,"Sri Jayavel K","2026-08-20 08:18:31",1209.6,2,srijayavelk
2501,16692164,Abdulrahman.su10,"2026-08-11 20:35:39",1209.0,1,abdulrahmansu10
2502,16668688,"Nezihe Sözen","2026-09-02 14:06:02",1208.9,2,nezihesozen
2503,16678638,Loshtradz,"2026-08-26 18:40:35",1208.7,2,loshtradz
2504,16684163,MohamedFD,"2026-08-13 12:32:47",1208.6,2,mohamedfd
2505,16658801,"Thuc Nguyen Dang 111","2026-08-28 19:45:47",1207.6,2,thucnguyendang111
2506,16670504,Shirabe,"2026-09-03 03:30:08",1206.8,2,carlmakt
2507,16635314,"Aurora wy","2026-09-02 22:09:19",1205.5,2,aurorawy
2508,16633414,"sagar tripathy","2026-08-13 15:57:56",1204.9,2,sagar8trip
2509,16674649,寿!,"2026-08-12 06:45:37",1204.7,1,taka3776toshi
2510,16776793,"Guilherme Raiuga","2026-09-03 17:21:50",1203.5,2,guilhermeraiuga
2511,16699722,Dicere,"2026-08-13 08:00:17",1203.3,2,thedark735
2512,16662166,duy,"2026-08-31 08:50:51",1202.2,2,hduynguyen
2513,16666733,"Alberto MV","2026-08-10 23:06:33",1202.1,2,albertomv
2514,16692138,"Bishwa Thakur","2026-08-21 11:44:03",1201.7,2,bishwathakur
2515,16695176,"Zakaria Settar","2026-08-16 21:52:31",1201.4,2,zakariasettar
2516,16667729,"Daniel Wu","2026-08-15 14:35:27",1201.2,2,danielwuu
2517,16758905,"Iwa Iwa","2026-09-03 18:33:53",1200.5,2,iwaiwa
2518,16657553,graceyunliu,"2026-09-03 09:21:39",1200.5,2,graceyunliu
2519,16724779,"Gavin Cao","2026-08-16 09:00:53",1200.4,2,gavinxgcao
2520,16645712,"Changye Li","2026-08-24 06:23:33",1200.2,2,antoinegg1
2521,16681749,"rohith vinice","2026-08-11 23:55:16",1199.6,2,rohithvinice
2522,16654042,B.Pushpanjali,"2026-08-25 11:04:54",1199.1,2,"bpushpanjali,vinithwade"
2523,16738467,EnriFermi,"2026-08-26 23:51:18",1199.0,2,enrifermi
2524,16692090,sans,"2026-08-12 03:14:55",1198.8,2,sans6262q
2525,16754838,"Berkay Özkan","2026-08-30 12:51:07",1198.7,2,berkayzkan
2526,16705370,TS2333,"2026-08-11 03:40:40",1198.3,2,ts2333
2527,16632579,ZZfancy,"2026-08-11 12:04:42",1197.3,2,zzfancy
2528,16767431,Nine1Eight,"2026-08-24 16:51:12",1197.2,1,wethepeople918
2529,16806886,dreamtear,"2026-09-02 05:55:56",1196.5,1,mohanzeng
2530,16689770,"Abdillah Sagif","2026-08-11 10:11:23",1194.6,2,abdillahsagif
2531,16636004,"Ragunath Ravi","2026-08-11 10:59:07",1194.0,2,ragunathravi
2532,16682303,"Kapadiya Nirav Kumar","2026-08-18 06:24:30",1193.8,2,kapadiyaniravkumar
2533,16656316,"Richard Tang","2026-08-11 01:09:34",1193.8,2,richardgtang
2534,16819030,sunyuxiang136,"2026-09-03 14:33:33",1193.6,2,sunyuxiang136
2535,16660233,ko9ma,"2026-08-26 02:43:46",1193.4,2,kohojung
2536,16709300,炫酷的小克里斯,"2026-08-19 15:54:28",1192.7,2,tinfufans
2537,16697675,"Isaac Grossman","2026-08-30 23:21:35",1191.8,2,kingisaac
2538,16670433,"Mohammad Osamah Atif","2026-08-19 08:46:32",1190.8,2,osamatif
2539,16662380,"Brandon Calderon-Morales","2026-09-03 01:56:43",1190.5,2,bmoe640
2540,16710672,"Yasemin Koç","2026-08-14 05:52:52",1189.9,2,yaseminmkoc
2541,16706222,"Xiangyu Liu","2026-09-03 07:53:32",1188.8,2,xiangyuliu007
2542,16664217,Shushantw,"2026-09-03 00:33:49",1188.4,2,shushantw
2543,16811576,Zi,"2026-09-03 01:52:15",1187.5,1,kaigaokaigao
2544,16680690,MYOUCER,"2026-09-01 01:20:04",1187.5,2,myoucer
2545,16673250,Prashant,"2026-08-12 05:06:08",1186.8,2,"kajalsinghrajpoot,prashantxo"
2546,16660371,"José Luis Gómezz","2026-08-13 01:37:42",1186.7,2,josluisgmezz
2547,16763383,"Alexandru Sitaru","2026-08-25 07:05:06",1186.0,2,sitaru
2548,16682936,"Latifa Riziki","2026-08-12 09:38:13",1185.8,2,latifariziki
2549,16688808,"Niranjan Nakkala","2026-08-11 12:26:14",1185.2,1,niranjanmudhiraj
2550,16621735,VN-Orion,"2026-08-21 11:42:27",1185.1,2,fastthanh78
2551,16799832,"Maman Salto","2026-09-03 02:47:53",1184.8,2,saddamaditya
2552,16683441,Eura73,"2026-08-21 08:07:47",1184.8,2,eura73
2553,16699659,"Dimas Pasha Akrilian","2026-09-01 01:59:59",1183.6,2,dimaspashaakrilian
2554,16655128,"Somasundar V","2026-09-01 15:05:48",1182.2,2,somasundarv
2555,16708573,Benser,"2026-08-15 14:41:24",1182.1,2,benser
2556,16659430,"John Keith Weber","2026-09-03 14:58:59",1181.6,2,johnkeithweber
2557,16700314,Giallar,"2026-08-14 16:45:53",1181.4,2,andreykrotkikh
2558,16687594,"Andrew Markley","2026-08-13 01:19:04",1180.8,2,andrewmarkley1
2559,16679371,ΛYMΞNRH,"2026-08-11 06:43:55",1180.5,2,aymnrh
2560,16662846,"Kerem Ercin","2026-08-27 05:44:23",1180.3,2,keremercin
2561,16707639,Fujinawa,"2026-09-01 21:15:54",1179.4,2,wasshoiwasshoi
2562,16669778,UknesIruka,"2026-08-11 11:13:46",1179.0,2,uknesiruka
2563,16706283,haogood666,"2026-08-11 08:25:40",1178.5,1,haogood666
2564,16687724,Yijue1,"2026-08-11 02:15:05",1178.5,2,yijue1
2565,16706315,"Desert Fox88","2026-08-11 12:02:03",1178.2,2,desertfox88
2566,16733748,"Ashutosh Agarwal","2026-09-03 19:00:37",1177.9,2,ashutoshagarwal088
2567,16656691,"Sahaj Deep Singh","2026-08-12 01:39:36",1176.8,2,sahajdeepsingh9877
2568,16695964,"JiMing Feng","2026-08-17 10:56:45",1176.8,2,jimingfeng
2569,16705584,"Adil Munawar","2026-08-29 21:18:33",1175.9,2,adilmunawar
2570,16709473,"Selahattin Günter","2026-08-23 14:07:42",1175.6,2,selahattingnter
2571,16632146,Haker_Sam,"2026-08-27 10:45:31",1175.5,1,hakersam
2572,16803913,"SUJIB BARMAN","2026-09-01 16:42:07",1174.5,1,cardata
2573,16634873,shin0000,"2026-08-28 13:16:29",1174.4,1,shin0000
2574,16690065,JiangWenfeng1,"2026-08-12 01:25:29",1174.3,2,jiangwenfeng1
2575,16676356,"Wander waal","2026-08-11 02:48:56",1174.0,2,wanderwaal
2576,16771703,"Moomin and his farm","2026-08-29 15:04:40",1174.0,1,ataraxyyeah
2577,16730375,Floth,"2026-09-03 10:10:47",1173.6,2,suwat513
2578,16697021,Vaishnavi22052006,"2026-08-11 18:43:08",1173.2,2,vaishnavi22052006
2579,16709468,"Andrey Chankin","2026-09-01 18:33:15",1172.5,2,bluepill
2580,16702774,FilipJ,"2026-08-16 18:34:05",1171.5,2,filipjarmua
2581,16660479,"Lakhindar Pal","2026-08-31 13:26:49",1171.1,1,lakhindarpal
2582,16659803,nRuaif,"2026-08-22 02:47:10",1170.9,2,phngdoan
2583,16792586,dodoshark,"2026-09-02 03:05:56",1169.9,2,dodoshark
2584,16663919,hnhyhj,"2026-08-13 04:05:56",1169.6,2,hnhyhj
2585,16663214,"Mathieu W","2026-08-24 14:42:56",1168.6,2,mathieuw
2586,16658014,Bharath,"2026-09-03 17:42:11",1168.4,2,pes2ug23cs121
2587,16632675,"Baran Kucuk","2026-08-11 15:09:58",1168.1,2,barankucuk
2588,16701573,"Haggai Musoda","2026-08-17 20:04:00",1167.5,2,haggismusoda
2589,16635280,"Narendra Sirvi","2026-08-12 06:43:07",1167.2,2,narendras78
2590,16660911,"Animesh Ratna","2026-08-23 22:01:35",1167.1,2,animeshratna
2591,16692711,Deniz,"2026-08-30 09:23:13",1166.8,2,denizeryilmaz
2592,16805699,amrrs,"2026-09-02 02:22:18",1166.8,2,nulldata
2593,16693886,spellstriker,"2026-08-12 22:03:20",1166.0,2,spellstriker
2594,16627995,"Fire Bird","2026-08-11 20:36:45",1165.5,2,xuanleekaggle
2595,16672448,"Crisis Liu","2026-08-11 23:49:49",1165.4,2,crisisliu
2596,16702482,"Carlos Navarro","2026-08-14 05:26:26",1165.1,2,navarr0
2597,16692457,t2better,"2026-08-12 11:56:41",1165.0,2,t2better
2598,16739181,yamu_duck,"2026-08-27 16:28:47",1164.7,2,crazyleg11
2599,16660678,"Chaitanya Sonaje","2026-08-11 13:30:49",1164.2,2,chaitanya205
2600,16692103,HaniJezo,"2026-08-11 20:32:40",1163.9,1,hanijezo
2601,16651331,"Mohamed Saeed","2026-08-11 18:58:08",1163.8,2,m0sm71
2602,16675240,Leifson1337,"2026-08-30 16:47:49",1163.7,2,leifson1337
2603,16660333,"Deanos Crew","2026-08-11 13:10:19",1163.6,2,jamescole0101
2604,16704622,ray,"2026-08-11 16:30:13",1163.5,2,rayenezanned
2605,16709069,"James Mcquay","2026-08-14 18:05:40",1163.4,2,jamesmcquay
2606,16653068,"Shuichi Fushimi","2026-08-11 10:55:05",1162.9,2,shuichifushimi
2607,16793275,"Biao Cao","2026-08-30 13:44:48",1162.3,1,biaocao398
2608,16659890,"Cu Spoon","2026-08-25 22:02:11",1162.1,2,cuspoon
2609,16662681,"Vernon Campbell","2026-08-12 23:18:18",1161.8,2,vernoncampbell
2610,16676043,"Tejash Rai","2026-08-14 07:16:01",1161.8,2,tejashrai
2611,16655826,KKY,"2026-08-11 20:29:38",1161.7,2,evilpsycho42
2612,16698134,Hossein,"2026-08-12 02:56:17",1161.6,2,tomi85
2613,16672374,"kelly waldeck","2026-08-11 21:07:30",1161.3,2,kellywaldeck
2614,16696769,"maximo lorenzo y losada","2026-08-12 13:07:35",1161.3,2,maximolorenzoylosada
2615,16657091,raw2clean,"2026-08-12 08:12:12",1161.0,2,raw2clean
2616,16737113,"Sergei Myshianov","2026-08-20 03:24:23",1159.9,2,sergeimyshianov
2617,16684012,ceh,"2026-08-16 04:58:18",1159.9,2,emilhessman
2618,16657277,"Dude and Destroy","2026-08-31 17:43:38",1159.6,2,raymondbrookman
2619,16688136,"Armanzhan Ayan","2026-08-11 16:49:36",1159.5,2,armanzhanayan
2620,16745092,zakihiro,"2026-08-21 07:59:39",1159.1,2,zakihiro
2621,16691591,"Dheeraj Kumar #3","2026-08-12 04:05:32",1158.9,2,kdheeraz
2622,16707993,"Sangita Bannore","2026-08-11 14:33:47",1158.7,1,sangitabannore
2623,16698942,"PRADHAN RS","2026-08-13 18:06:58",1158.6,2,pradhanrs
2624,16757704,Faustine,"2026-09-03 13:30:59",1158.4,2,faustine649
2625,16640058,"Justin CH123","2026-08-11 09:15:28",1158.2,2,justinch123
2626,16655952,"Tianfu Wang (王天夫)","2026-08-12 15:08:12",1157.9,2,wangtf96
2627,16698726,"Honeey L","2026-09-02 07:41:10",1157.8,2,honeeyl
2628,16700630,apoyusiken,"2026-08-12 06:10:52",1157.6,2,umutarpay
2629,16687824,"André Dkw","2026-08-10 17:17:25",1157.2,2,andrdkw
2630,16667233,EdGy2k,"2026-08-10 10:41:12",1156.9,2,edgy2k
2631,16708333,"Phạm Vương","2026-08-11 16:17:10",1156.8,2,vuongphamqq
2632,16736816,LLE,"2026-08-22 16:50:40",1156.7,2,"rajaditya01,saiash"
2633,16652904,TonightIsOver,"2026-09-03 05:21:47",1156.4,2,tonightisover
2634,16695137,"Samantha Nicole Bracamonte","2026-08-12 00:35:56",1156.2,2,snrbracamonte
2635,16667731,"Agent 33","2026-08-28 13:20:28",1155.6,2,agent33
2636,16658185,"Juwon Kweon","2026-08-25 00:45:16",1155.6,2,juwonkwon
2637,16729863,Monkeyzl,"2026-08-22 20:02:21",1155.5,2,monkeyzl
2638,16669494,"Abdullah Razi","2026-09-03 18:39:36",1154.8,2,abdullahroninrazi
2639,16660331,A.K.NITHIN,"2026-08-12 12:07:32",1154.7,2,aknithin
2640,16659692,"Hùng Nguyễn Huy (Hiirooo)","2026-08-11 03:47:45",1154.7,2,hngnguynhuy
2641,16687935,"Sardak Pavel","2026-08-24 11:51:58",1154.6,1,bebra3222
2642,16728955,"Chris Murphy","2026-08-18 00:02:10",1152.7,2,mur418
2643,16679519,"Петьо Лазаров","2026-08-10 22:30:35",1151.6,2,pesosz
2644,16623381,cocoaAI,"2026-08-21 06:03:38",1151.4,2,cocoaai
2645,16656382,Aevion-Labs,"2026-08-10 14:44:32",1151.0,2,aevionlabs
2646,16635238,"Tai Tien Ta","2026-09-03 03:25:55",1150.4,2,tittin
2647,16640869,taijunhao,"2026-08-12 10:26:30",1150.2,2,taijunhao
2648,16697877,"Sky kun","2026-08-24 12:52:49",1150.2,2,skykun
2649,16705192,"John Ogah","2026-08-16 03:54:21",1150.0,2,johnogah
2650,16681848,Haraguchi-T,"2026-09-01 09:03:21",1149.6,2,haraguchit
2651,16663569,XYZ,"2026-09-03 03:25:18",1149.6,2,h249748fkv7lyhik897
2652,16684075,"Tianfang Li","2026-08-13 14:20:13",1149.5,2,tianfangli1
2653,16675582,DavidX,"2026-08-11 06:05:18",1148.3,2,davidasx
2654,16768644,Momoko,"2026-08-25 03:22:50",1146.9,1,yangmengyuanmomoko
2655,16635973,"Code by Nadiia","2026-08-31 13:09:44",1146.2,2,codebynadiia
2656,16697142,Kujaomega,"2026-08-10 22:13:02",1145.8,1,kujaomega
2657,16624088,Pomiro,"2026-08-11 04:41:24",1144.5,2,pomiro
2658,16681620,wanwanuil,"2026-08-13 12:43:19",1144.5,2,wanwanuil
2659,16695376,Garv88,"2026-08-13 12:19:20",1144.3,2,garv88
2660,16688281,"Luke Stafford","2026-09-03 01:16:04",1143.9,2,luketstafford
2661,16701074,Yan,"2026-08-10 21:29:25",1143.6,1,qujiahui
2662,16655715,Chin,"2026-08-12 06:20:32",1143.3,2,qinyukun
2663,16706004,Divyansh,"2026-08-25 16:38:00",1143.2,2,sehgaldivyansh
2664,16676154,"Tuan Tran","2026-08-10 16:29:40",1142.7,2,thtuan
2665,16711204,"harden james","2026-08-12 08:00:14",1142.4,1,ffusername
2666,16633886,mudesteven,"2026-08-16 02:54:25",1141.5,2,fastlight2007
2667,16679245,"Krzysztof Gonia","2026-08-28 06:42:51",1141.4,2,krzysztofgonia
2668,16780558,hxrdxk,"2026-08-29 18:36:48",1140.6,2,hxrdxk
2669,16802535,"To be happy","2026-09-01 11:08:41",1140.2,1,yaokaixinya123
2670,16633006,Kaiser,"2026-09-01 06:36:38",1139.0,1,kaiserm
2671,16695903,cerensukaramese,"2026-08-14 09:18:05",1138.8,2,cerensukaramese
2672,16745059,mekduy,"2026-08-29 11:42:07",1138.3,2,mekduy
2673,16632231,"Samrish B","2026-08-30 16:06:48",1138.0,2,samrishb
2674,16719551,JamesYip7,"2026-08-20 10:24:50",1137.4,2,jamesyip7
2675,16650485,nasu726,"2026-08-13 13:51:20",1137.3,2,nasu726
2676,16786082,"Noberto Frota","2026-08-29 00:40:42",1136.5,1,nobertofrota
2677,16701221,"Othman Istaiteh","2026-08-10 13:25:38",1135.4,2,istatieh
2678,16652741,"Sergi Bas","2026-08-12 16:05:13",1135.4,2,sergibas
2679,16643233,"Marco DG","2026-08-11 06:20:14",1135.3,2,marcodg
2680,16657429,"xiao cat q","2026-08-12 01:41:13",1134.5,2,xiaocatq
2681,16712651,riicon,"2026-09-03 13:48:14",1134.3,2,risakashiwabara
2682,16673097,"Sonu Kushwaha","2026-09-01 11:10:15",1134.0,2,sonukushwaha124
2683,16704027,"Alan Cai","2026-08-10 22:36:40",1133.9,1,alancai27
2684,16696608,beanbamboozled,"2026-08-10 10:45:19",1133.6,2,beanbamboozled
2685,16633212,goosehaaan,"2026-08-31 23:14:19",1133.2,2,goosehaaan
2686,16746507,Ushimaru,"2026-08-21 09:01:51",1132.9,2,behindkun
2687,16643319,Jules,"2026-08-30 13:24:53",1132.5,2,julesvanligtenberg
2688,16731983,Gracie,"2026-08-30 16:53:05",1132.4,2,gracie428
2689,16655474,Focus,"2026-08-31 09:10:43",1132.3,1,overvalueawareness
2690,16665058,"Llin Ding","2026-09-01 05:38:32",1132.3,2,llinding
2691,16797457,Aamod06,"2026-09-03 15:57:58",1132.0,2,aamod06
2692,16725287,NoahRyan,"2026-09-01 16:43:26",1131.9,2,beginner080
2693,16692490,"Enes Coşkun","2026-08-11 05:37:38",1131.7,2,enscskn
2694,16804961,explise,"2026-09-02 08:13:03",1131.7,2,explise
2695,16661093,"INDRAJIT SWAIN","2026-08-15 13:23:37",1131.4,2,indrajitswain
2696,16659618,"Jeevan Jolly","2026-08-13 13:51:52",1130.5,2,jeevanjolly
2697,16723318,グレイラットルーデウス,"2026-09-03 16:08:00",1130.3,2,rudeus666
2698,16701466,"HELIOS reasonning","2026-08-11 22:38:55",1130.1,2,heliosreasonning
2699,16660037,shehai.lrs,"2026-08-11 13:37:32",1130.1,2,shehailrs
2700,16661983,"Victor's Team","2026-08-12 12:05:19",1129.9,2,"dlordsjustified,jezrealmomoh,joludare,victorokpe"
2701,16631777,KiKi,"2026-09-03 04:27:02",1129.8,2,kingkiller2164
2702,16624625,"Harsha Vardhan","2026-08-10 07:33:35",1129.1,2,harshacode101
2703,16659662,MOHSIN525,"2026-09-01 15:43:49",1128.7,2,mohsin525
2704,16726422,"Praveen Kumar","2026-08-29 11:25:55",1128.4,2,pankajrepswal
2705,16705441,CooperJiang,"2026-08-13 06:57:44",1128.2,2,gingersna
2706,16709504,U023,"2026-08-11 22:04:04",1127.6,1,ryutek
2707,16677723,"Trip Meiners","2026-08-11 19:26:55",1127.5,2,tripmeiners
2708,16660395,ljx59141421,"2026-08-12 01:27:08",1126.8,2,ljx59141421
2709,16672579,"Udbhaw Anand","2026-08-22 13:15:18",1126.7,2,udbhawanand
2710,16790115,Starumi,"2026-08-31 00:39:22",1125.6,2,starumi
2711,16675305,"Justin Sabu Sebastian","2026-08-22 23:19:57",1124.9,2,justinsabusebastian
2712,16662176,"jorge fabian avila","2026-08-10 18:51:13",1124.2,2,jorgefabianavila
2713,16732140,Miaa1526,"2026-08-24 08:58:42",1124.2,2,miaa1526
2714,16663603,xsong2020,"2026-09-01 03:17:10",1123.5,2,xstargate
2715,16710469,Qimra1729,"2026-08-13 00:09:57",1123.5,1,qimra1729
2716,16666410,"Binil George","2026-08-12 10:40:43",1123.5,2,binilg
2717,16652212,"Варим сельский самогон","2026-08-10 16:23:21",1120.7,2,asimandia
2718,16643453,Haumea,"2026-09-03 09:03:02",1119.1,2,chaitanyagullapalli
2719,16672075,"Kameron Green","2026-08-11 05:49:32",1118.7,2,hgenix20
2720,16817309,"TeddyDog Lovely","2026-09-03 10:44:15",1118.6,2,teddydoglovely
2721,16664481,"Siddhu Jaykay","2026-08-12 14:02:29",1118.4,2,siddhujaykay
2722,16725680,henri66,"2026-08-15 21:09:47",1118.0,2,henri665
2723,16652849,Hejunhui,"2026-08-16 14:15:29",1117.8,2,website98
2724,16639476,耶✌,"2026-08-30 19:52:36",1117.3,1,qifeihhh666
2725,16656181,Vishwa,"2026-08-11 05:46:58",1114.9,2,rv1922
2726,16676275,Scorpi,"2026-08-12 01:34:25",1114.5,2,scorpi
2727,16671837,"Ronald K Wilson ","2026-08-28 13:09:38",1114.3,2,ronaldkwilson
2728,16691275,"Muhiminul Islam   Mahim","2026-08-12 10:04:35",1113.9,2,muhiminulislammahim
2729,16660594,XIAODOUZI,"2026-08-17 12:06:50",1112.6,2,xiaodouzi666
2730,16668334,Suavemango,"2026-08-12 05:18:03",1111.9,2,suavemango
2731,16655210,Amon,"2026-08-16 06:09:04",1111.2,2,kingaemon
2732,16658983,"Titi Huang","2026-08-24 11:38:29",1110.5,2,titihuang
2733,16731924,CuddleYokai,"2026-08-19 10:57:11",1109.0,2,cuddleyokai
2734,16621799,"🌽 High Frequency Farming 🌽","2026-09-03 18:26:23",1108.5,2,veshkinartem
2735,16790005,"Rohit Kumar Sahoo","2026-09-02 18:06:49",1107.5,2,rohit4118
2736,16657587,PxlPau,"2026-09-02 13:17:04",1107.1,2,studybeetutoring
2737,16666296,A.P.R.I.L,"2026-08-24 09:32:28",1106.9,2,puneeth333
2738,16820988,人畜无害,"2026-09-03 17:04:31",1106.2,2,slowmo19
2739,16644891,yankang_XZK,"2026-09-02 18:29:53",1106.1,2,yankang233
2740,16749435,SGY2512,"2026-08-28 16:10:11",1105.2,2,sgy2512
2741,16736429,Rudra278,"2026-08-18 12:07:42",1105.1,1,rudra278
2742,16688265,"Kyle #2","2026-08-11 01:51:35",1104.6,2,georgeturbo
2743,16690019,Around30,"2026-09-01 15:36:11",1104.0,2,"cyanspring,masahiromatsuda,sutesute000012"
2744,16672040,"Tom Yim","2026-08-12 05:12:30",1104.0,2,tomyim
2745,16677596,Sere1n,"2026-08-24 06:51:52",1102.9,2,chacc0
2746,16655693,DePie,"2026-08-10 08:01:37",1102.8,2,phucthaiv02
2747,16733111,qihuaz,"2026-09-03 18:53:49",1102.5,2,qihuaz
2748,16780967,"black hole sun","2026-09-01 02:25:21",1102.4,2,danielefiorino
2749,16660137,Densike,"2026-09-03 13:04:22",1101.7,2,densike
2750,16631400,JZ,"2026-09-03 12:21:00",1101.4,2,zhoujiachen
2751,16653153,Gbining,"2026-08-09 12:21:06",1100.7,2,gbining
2752,16729800,"Alchemical Retard.","2026-08-20 07:28:07",1100.6,2,alchemicalretard
2753,16662712,"Roman Stupin","2026-08-27 23:52:01",1099.9,2,rcnegby
2754,16724366,"YASH JAIN","2026-09-03 18:31:35",1099.9,2,yashjain911
2755,16724233,"Rafal Porwol","2026-08-21 18:42:37",1099.5,2,rafalporwol
2756,16639969,"Sheep Are All You need","2026-08-29 10:49:33",1096.9,2,aliyelbekov
2757,16761975,lixiuqixiaoke,"2026-08-26 09:59:11",1096.1,2,lixiuqixiaoke
2758,16691001,"Mahmoud Abdelshafy","2026-09-02 10:47:38",1096.1,2,mahmoudabdshafy
2759,16685743,"Alex Oranov","2026-08-28 19:30:54",1095.7,2,aoranov
2760,16674353,"Lakshmanan R","2026-09-02 06:32:53",1094.7,2,lakshmanankumar02
2761,16635195,my,"2026-08-18 06:01:08",1094.0,2,ryyymy
2762,16633793,adakoda,"2026-08-12 01:49:13",1093.3,2,adakoda
2763,16654122,"Peter Thompson","2026-08-10 17:59:36",1092.8,2,mightytreefolk
2764,16630984,TakamaruEX,"2026-08-31 20:42:33",1092.7,2,takamaruex
2765,16663166,Rey4Dan,"2026-09-03 06:29:27",1090.2,2,rey4dan
2766,16662653,"Jordan Schaeffer","2026-09-03 01:53:45",1089.9,2,jordanmschaeffer
2767,16679347,"Youssef EL MSIYAH","2026-08-09 12:07:55",1089.3,2,youssefelmsiyah
2768,16711317,"yf D","2026-09-03 16:03:01",1089.0,2,dengvitruviano
2769,16756592,"Abdalrahman Eissa","2026-08-23 23:43:11",1088.9,2,abdalrahmaneissa
2770,16666632,to1_10i,"2026-08-19 20:27:42",1088.9,2,to110i
2771,16639236,"Dhavan Shah","2026-08-12 18:20:38",1087.7,2,dhavanshah99
2772,16784691,"Emre Kurubaş","2026-09-03 02:51:13",1084.9,2,emrekuruba
2773,16667124,"Chaotic Era","2026-08-12 01:26:13",1084.6,2,sani84
2774,16737482,Lindicaphxag,"2026-08-27 03:41:59",1083.5,2,oblivicore
2775,16698206,"Bark at the Barnyard","2026-08-21 03:21:19",1083.0,2,mming0430
2776,16680646,Naym0425,"2026-08-14 04:20:36",1082.6,2,naym0425
2777,16713031,"Nahid Hossain Redom","2026-08-13 15:38:30",1081.9,2,nahidhossainredom
2778,16747306,"Yasasvi Josyula","2026-09-02 05:00:23",1081.3,2,yasasvijosyula
2779,16674744,"Burhan Ul Tayyab","2026-08-10 10:55:43",1080.9,2,babychick
2780,16655323,roma,"2026-08-09 19:49:51",1080.2,2,mnroma
2781,16694744,XiaoZhiren,"2026-08-10 13:03:56",1080.0,2,"ruikangan,xiaozhiren"
2782,16730236,好7吊黑上唔去,"2026-09-03 14:50:47",1078.8,2,zihaokang
2783,16722500,"Mike Murunov","2026-08-16 15:18:17",1078.7,2,mikhailmurunov
2784,16656810,IskanderAkhmetov,"2026-08-11 07:43:50",1078.3,2,iskander2017
2785,16666282,"Bang sion","2026-08-22 10:06:06",1077.5,2,bangsioni
2786,16672660,"Straw Hat","2026-08-11 06:14:47",1076.6,2,"anuragugargol,tanishafagare114"
2787,16658044,"Roshan Singh","2026-08-22 08:47:57",1076.5,2,roshanavadheshsingh
2788,16705907,Adrià,"2026-08-29 21:57:05",1075.5,2,adriamb3
2789,16663928,Auxileon,"2026-08-09 16:20:13",1075.2,2,auxileon
2790,16671314,"Robot Farm","2026-08-29 16:54:23",1074.4,2,codearranger
2791,16762494,西松大祐,"2026-09-03 19:44:50",1073.7,2,wep212
2792,16675752,"Simon Rüba","2026-08-10 14:23:16",1071.5,2,simonrba
2793,16662718,xlnt,"2026-08-22 12:37:49",1070.9,2,"princebisht,xlnt404"
2794,16631101,"Muneeb ul Hassan","2026-08-10 09:56:41",1069.6,2,muneeb2405
2795,16699784,nianyu,"2026-08-10 09:46:32",1068.9,2,nianyuc
2796,16658109,edward1503,"2026-08-17 04:22:50",1068.7,2,nguynnc
2797,16679810,"Patrick Joël MAIRLOT-MBEZELE","2026-08-12 14:47:54",1068.5,2,pigenesis75
2798,16659610,gareeb,"2026-08-10 15:46:50",1067.7,2,"arjund29,saqlainsqx,yashawl194"
2799,16713590,"Александр Арутюнян","2026-08-13 05:20:18",1067.6,2,alexarut17
2800,16674881,"Saisree Dhanasekaran","2026-08-20 08:09:07",1066.9,2,saisreedhanasekaran
2801,16643922,Konstantin03,"2026-09-03 08:05:35",1066.6,2,konstantin03
2802,16672247,"Movie Watch2022","2026-08-18 19:48:12",1066.1,2,moviewatch2022
2803,16684639,Bru3ll,"2026-08-09 15:50:45",1065.7,2,bru3ll
2804,16672980,"Thomas Prinz","2026-08-09 13:57:51",1064.3,2,xardiphotography
2805,16645078,"A Aswanth Raj","2026-08-09 08:57:36",1063.3,2,aaswanthraj
2806,16665500,"Madan kumar","2026-08-13 17:31:57",1062.6,2,winklemad
2807,16639583,typeIIIfairy,"2026-08-19 13:09:28",1061.9,2,typeiiifairy
2808,16730449,"Shinichiro Yoshida","2026-08-29 16:24:21",1061.5,2,sysd00
2809,16760101,"Big Moo","2026-08-25 00:52:06",1061.3,2,abdullahramadan1
2810,16644378,"hicham bedrani","2026-08-28 11:33:17",1060.5,2,hichambedrani
2811,16693374,"Henfry De Los Santos","2026-08-12 11:43:51",1060.3,2,henfrydelossantos
2812,16695799,Vaycheslav,"2026-08-09 19:44:14",1060.3,2,vaycheslav
2813,16633133,"[Deleted] ef4f021b-198c-4d19-9134-3805e9f76f46","2026-08-19 08:49:58",1060.2,2,holeneckles
2814,16654109,"Mohamed Amine Aichaoui","2026-08-22 13:54:01",1060.0,2,mohamedamineaichaoui
2815,16670545,"Mouad AIT HA","2026-08-18 20:03:55",1059.3,2,mo0103
2816,16698661,"Albert Wang","2026-08-10 03:51:15",1059.1,1,mianwang1024
2817,16760841,KIsXcl,"2026-08-24 14:34:11",1058.7,2,kisxcl
2818,16672371,Loren-wen,"2026-08-09 13:23:49",1057.3,2,wofusituerte
2819,16668758,"Aman Vishwakarma","2026-08-09 17:33:00",1057.3,2,amanvishwakarma01
2820,16746592,Harvester,"2026-08-21 13:57:05",1056.4,2,yudhis16
2821,16690567,"Falih Kaleel","2026-09-03 12:38:25",1055.4,2,alphajet185
2822,16661899,AAI,"2026-08-09 14:23:08",1055.2,2,aiolapo
2823,16760244,"Alex Paul","2026-09-03 19:27:40",1054.9,2,alexazander
2824,16696852,MYGEMER,"2026-08-09 15:43:13",1054.7,1,mygemer
2825,16670202,"Elizabeth Park","2026-08-09 20:33:17",1053.3,2,elizabethpark
2826,16692038,CodeHacker,"2026-08-09 07:58:52",1051.5,2,junhanzangai
2827,16623461,MightyK,"2026-08-09 05:36:23",1051.4,2,anhhkhoi
2828,16724895,russ,"2026-08-19 08:55:30",1050.5,2,mdevian
2829,16669439,"RL на спорах и мухоморах ZZZZZ","2026-08-23 09:29:37",1050.3,1,egoregors
2830,16639496,"Sai Teja Bandaru","2026-08-11 14:51:49",1050.0,2,saitejabandaruin
2831,16808840,Devansh3007,"2026-09-03 08:26:39",1049.8,2,devansh3007
2832,16657598,"Arun Mallikarjuna","2026-08-10 04:29:14",1049.3,2,arunmallikarjuna
2833,16694065,zhangwei02,"2026-08-30 09:29:12",1048.9,2,zhangwei02
2834,16654322,"Debatreya Biswas","2026-08-10 02:02:38",1047.3,2,debatreyabiswas
2835,16683982,Kenny,"2026-08-16 19:43:13",1047.2,2,kmonar
2836,16715729,Ajay_Rao_43,"2026-08-17 04:34:13",1047.2,1,ajayrao43
2837,16698735,Larfii,"2026-08-21 18:01:02",1046.9,2,larfii
2838,16726173,"Aman Bihari","2026-08-23 12:51:05",1046.7,2,amanbihari
2839,16665976,"Daksh Goyal","2026-08-08 20:36:06",1045.3,2,dakshgoyal387
2840,16622487,"Sam kramer_1028","2026-08-18 09:40:58",1044.2,2,samkramer1028
2841,16659585,"Anas Riaz","2026-08-08 20:20:23",1042.7,2,anasriaz
2842,16684947,Hoaquason,"2026-09-03 01:38:35",1042.0,2,"datnguyen0102,mibombaclat"
2843,16732008,"Phoebe Lin","2026-09-03 03:14:56",1041.8,2,phoebe0511
2844,16624485,"Nishant Dahal","2026-08-10 02:24:42",1041.8,2,nishantdahal
2845,16684568,"[ODS] waniz","2026-08-08 11:04:42",1041.4,1,wanizz
2846,16657989,"vishnu gopal P","2026-08-08 12:27:56",1041.2,2,vishnugp
2847,16658875,"Noah Bishop","2026-08-10 09:56:34",1041.2,2,noahbishop1
2848,16698467,"Ra'uf Fauzan Rambe","2026-08-10 04:29:13",1041.0,2,rauffauzanrambe
2849,16635518,"ROFIQUL ALAM SHEHAB","2026-08-09 11:49:00",1041.0,2,rofiqulalamshehab
2850,16660430,"Hassaan Ibrahim","2026-08-10 12:45:55",1040.9,2,hassaanibrahim
2851,16792989,ALKRIS,"2026-08-31 14:35:26",1040.5,2,wasimjbuh
2852,16652214,Zhenrui.Weng,"2026-08-09 06:45:10",1040.0,2,zhenruiweng
2853,16789865,AgroByte-dev,"2026-09-02 14:39:25",1039.8,2,ylyasyylkybayev
2854,16661707,"Rudolf HOUNLETE","2026-08-09 11:41:08",1039.7,2,queystanle
2855,16638998,"khalid harouach","2026-09-02 14:19:04",1039.0,2,khalidharouach
2856,16635330,tekatoncat,"2026-08-16 23:42:10",1038.9,2,tekatoncat
2857,16661100,"Muhammad Junaid","2026-08-17 10:50:45",1038.4,2,junaid512
2858,16678930,"Just a moroccan","2026-08-09 13:45:12",1038.2,2,zbidaamine
2859,16664242,"Alex Lee","2026-08-11 03:43:12",1038.2,2,aiexanderr
2860,16694317,"PRITIKA SA","2026-08-09 07:17:19",1038.2,2,pritikasa
2861,16629699,radiant-allomancer,"2026-09-02 07:25:14",1037.7,2,radiantallomancer
2862,16624309,jjamppongmandu,"2026-08-10 01:36:25",1037.6,2,"beckspeca,hihiimj,jjamppongmandu"
2863,16695182,"Ali Haydar Özdağ","2026-08-10 14:29:59",1037.2,2,ahoirg
2864,16689471,wenjinyang,"2026-08-11 13:32:09",1037.0,2,wenjinyang
2865,16663780,"Hamza Kanice","2026-08-09 00:08:11",1036.8,2,hamzakanice
2866,16804757,MAT,"2026-09-03 19:20:42",1036.7,2,mehmetanltays
2867,16661739,"Spandan Mhapsekar","2026-08-08 10:39:41",1036.2,2,spandanmhapsekar
2868,16653385,"Vasilii Buzmakov","2026-08-26 09:29:04",1035.9,2,vasiliibuzmakov
2869,16684852,後藤将斗,"2026-08-24 14:51:20",1035.6,2,masato09
2870,16732496,kanno,"2026-08-18 04:16:14",1035.3,2,kannomasaki
2871,16675778,213tubo,"2026-08-28 09:58:57",1034.9,1,tubotubo
2872,16692970,LakoMoor,"2026-08-09 17:43:25",1032.8,2,lakomoor
2873,16633043,"Ryan Adams","2026-08-27 23:24:08",1032.8,2,ryanadamsai
2874,16623189,"Aditya Mishra","2026-08-09 03:42:06",1032.7,2,adityamishranika
2875,16652827,"Rob C","2026-08-14 03:04:30",1032.7,2,robertcheah
2876,16732679,argon,"2026-08-19 08:32:47",1032.0,2,argonlabs
2877,16669038,"Nabeel Shar","2026-08-09 13:29:09",1031.7,2,nabeelshar
2878,16622376,fmind,"2026-08-21 15:49:18",1031.5,2,freaxmind
2879,16665841,"Mohit Rao","2026-09-03 18:31:45",1031.4,2,vmohitrao
2880,16823116,XXX,"2026-09-03 19:00:40",1030.4,2,chronoscop
2881,16683439,Goober,"2026-08-10 19:46:41",1029.5,2,kongzhisyuen
2882,16684762,X-xuhui,"2026-08-08 10:07:58",1029.1,2,xxuhui
2883,16653262,"tianwen zhang1","2026-08-08 16:21:18",1028.1,2,tianwenzhang1
2884,16691451,Nakano,"2026-09-03 09:08:55",1027.8,2,spicatom0914
2885,16669256,Shivam_2212,"2026-09-03 19:38:55",1027.5,2,shivam2212
2886,16685828,Ztr0,"2026-08-09 05:53:10",1027.0,2,y1amadeus
2887,16683909,"Krzysztof ""Chris"" Karaszewski","2026-08-14 08:41:11",1026.8,2,futureofworkchannel
2888,16699082,Sakthei,"2026-09-03 09:23:40",1026.8,2,sakthei
2889,16662041,"Sarah Ng","2026-09-03 04:11:27",1026.7,2,thunguyen1510
2890,16679683,Aberrchan,"2026-08-08 17:44:32",1026.4,2,aberrchan
2891,16683852,"Abhiram Anil","2026-08-08 06:26:11",1026.1,2,abhiramanil
2892,16663668,"╰┈➤ˎˊ˗ www.sleepyai.org","2026-08-08 23:49:32",1026.0,2,tahsinarafat
2893,16694751,im_justmatthew,"2026-08-10 11:27:00",1026.0,2,imjustmatthew
2894,16771780,Trichoderma,"2026-08-29 01:41:24",1026.0,2,brunoescalhao
2895,16683036,"Ritesh Thawkar","2026-08-14 08:34:08",1025.9,2,riteshthawkar
2896,16661249,Yaohui,"2026-08-26 14:59:02",1025.7,2,yaohui85
2897,16690829,JeremyH43,"2026-08-16 00:06:30",1025.6,2,jeremyh43
2898,16660101,Zarathustra,"2026-08-12 02:48:18",1025.0,2,rezkyadytama
2899,16670406,"jessica jennifer","2026-08-20 15:55:41",1024.3,2,jessicajennifer
2900,16669930,"Ilya Klimanov","2026-08-25 13:30:13",1024.1,2,ilyaklimanov
2901,16705242,"Chonghao Peng","2026-08-26 21:16:03",1023.8,2,chonghaopeng
2902,16662592,"Vladislav Yushkevich","2026-08-09 14:54:24",1023.8,2,"crazyflyingsheep,vladislavyushkevich"
2903,16679848,Nikola010,"2026-08-13 16:29:19",1023.4,2,nikola010
2904,16644150,"J.M.Mubasshir Rahman","2026-08-09 17:15:01",1022.8,2,jmmubasshirrahman
2905,16659958,brainpick,"2026-08-24 21:54:50",1022.6,2,prathvirajpalekar
2906,16692883,coolguy,"2026-08-08 20:56:21",1022.0,1,vihangpagare334
2907,16815105,"Saurav Chaudhari","2026-09-03 08:46:53",1021.9,2,saur3x
2908,16688579,"Long Hu","2026-08-09 09:41:04",1021.6,1,longhul
2909,16631536,kglctf,"2026-09-03 12:20:46",1021.1,2,kglctf
2910,16667091,"Nico Feiler","2026-08-07 14:27:47",1020.9,2,nicofeiler
2911,16669711,"Anton Shaniuk","2026-08-09 12:46:11",1020.9,2,antonshaniuk
2912,16786603,"Shutong Hou","2026-09-03 12:16:06",1020.8,2,praxel123
2913,16749776,DataLover,"2026-08-20 16:34:37",1020.7,1,paulknidler
2914,16720913,Candidates,"2026-08-23 17:18:05",1020.5,2,"ulyanovmmm,vladimirarchipov"
2915,16660385,"Jose Santiago Echevarria","2026-08-25 12:02:45",1020.3,2,jmsechevarria
2916,16725564,"Kole Duncan Robertson","2026-08-31 01:40:11",1020.1,2,kduncanrobertson
2917,16640332,"ning gu","2026-08-21 00:01:22",1019.8,2,morninggu
2918,16692469,neoistheone,"2026-08-08 18:38:13",1019.0,1,neoistheone
2919,16676038,"Adyanth M","2026-08-09 05:12:40",1018.5,2,adyanthm
2920,16630249,"Aymar Avohoueme","2026-08-20 10:22:33",1018.1,2,aymaravohoueme
2921,16676025,"Csaba József","2026-08-31 19:31:00",1017.9,2,"jcsaba,peterkiss4"
2922,16664179,animelonerboy,"2026-08-09 15:52:55",1017.9,2,adambasa5
2923,16731259,"Manvik singh rathore","2026-08-30 17:18:55",1017.7,2,manviksinghrathore
2924,16686843,"Juraj Zelman","2026-08-09 08:40:09",1017.5,2,jurajzelman
2925,16670117,"Raj Aryan","2026-08-07 18:15:04",1017.4,2,rajaryan2503
2926,16671588,Keisuke,"2026-09-03 03:36:28",1017.4,2,keisukeueda
2927,16667245,"KAIWALYA RAUT","2026-08-09 09:04:25",1016.9,2,kaiwalyaatulraut
2928,16677399,lyts,"2026-08-23 16:04:08",1016.9,2,lytsyyds
2929,16624003,weedfarmer,"2026-08-08 05:34:16",1016.9,2,aleksanderhan
2930,16674839,"hongqian miao","2026-08-08 09:24:03",1016.3,2,hongqianmiao
2931,16653984,"Howard Lyu","2026-08-08 18:35:00",1016.1,2,howardlyu
2932,16692677,"Ashish Dubey","2026-08-10 06:17:34",1015.8,2,ashish124536
2933,16678506,SireeshLimbu,"2026-08-08 08:39:43",1015.5,2,sireesh
2934,16655497,cszf_first,"2026-08-09 02:06:46",1014.2,2,cszffirst
2935,16634468,"Kun Zhang","2026-09-01 11:38:47",1013.8,2,beicicc
2936,16762837,Nagamatsur,"2026-09-02 19:34:00",1013.6,2,rihitonagamatsu
2937,16717671,Jeremy,"2026-09-01 15:58:58",1013.5,2,lukeenness
2938,16665935,eternitywinner,"2026-08-08 14:41:53",1013.2,2,eternitywinner
2939,16817923,"Adhiraj Jagtap","2026-09-03 11:52:49",1012.5,2,adhirajjagtap
2940,16634082,"Mikey Marszewski","2026-08-09 00:46:00",1012.2,2,mikeymarszewski
2941,16670361,"Saud Saudesen","2026-08-15 22:16:42",1012.1,2,saudsaudesen
2942,16660259,Marcus,"2026-08-08 17:23:34",1011.9,2,marcuseno
2943,16687463,"Manolo Chow","2026-08-09 22:56:20",1011.9,2,manolochow
2944,16641535,Tutti,"2026-08-09 12:38:55",1011.1,2,malk271828
2945,16664409,"Kathi Munishwar","2026-08-09 03:37:05",1010.5,1,kathimunishwar
2946,16688898,"Sanskar Omar","2026-08-09 11:10:44",1010.2,2,sanskaromar7
2947,16666826,"Simone di costanzo","2026-08-07 19:38:11",1010.1,2,simonedicostanzo
2948,16630372,Q.qlmmm,"2026-08-24 18:25:02",1009.8,2,qlammi
2949,16802442,"Rabia Eda Yılmaz","2026-09-03 11:07:01",1009.0,2,truthisneverlinear
2950,16634174,phibkro,"2026-08-07 03:10:52",1008.9,2,phibkro
2951,16671174,Alexandre008,"2026-08-09 12:29:49",1008.8,2,alexandre008
2952,16742442,"Anton Dugin","2026-08-21 09:51:07",1008.7,2,antondugin
2953,16665353,Sakshamm2587,"2026-08-17 16:50:43",1008.7,2,sakshamm2587
2954,16658499,Grifun,"2026-08-09 03:24:51",1008.3,2,msingatullin
2955,16658789,Zhanpeng.W,"2026-08-08 10:05:26",1007.9,2,zhanpengw
2956,16662161,"Touhidul Alam Seyam","2026-08-10 12:39:51",1007.7,2,seyamalam
2957,16732667,Doug,"2026-08-26 23:26:49",1006.8,2,dougsgrott
2958,16659730,"Zhang Yingluo","2026-08-10 08:15:53",1006.8,2,zhangyingluo
2959,16681226,"tingting shen","2026-08-10 09:24:23",1006.6,2,tingtingshen99
2960,16625472,"luna is free！","2026-08-29 16:39:51",1006.4,2,simingtan
2961,16655763,"Diogo Sena","2026-08-22 17:08:45",1006.4,2,diogodmsena
2962,16656347,OctahedronBB,"2026-08-07 00:52:27",1006.1,2,octahedronbb
2963,16690897,"Ashok Kumar Garain","2026-08-08 13:26:11",1005.9,1,ashokkumargarain
2964,16623485,XtraLearning,"2026-08-09 17:10:36",1005.7,2,xcessivesmash
2965,16783131,Hawkeye,"2026-09-03 07:15:17",1005.6,2,pragneshbagary
2966,16671372,"Meet Sabhaya","2026-08-08 06:02:13",1005.6,2,meetsabhaya
2967,16665015,"laiba razzaq10","2026-08-07 14:21:49",1005.6,2,laibarazzaq10
2968,16738705,"Atilla Y","2026-08-25 06:27:51",1005.3,2,atillay
2969,16658278,"Malcolm Durosaye","2026-08-18 20:59:51",1005.1,2,malcolm95
2970,16680075,I_luv_magick,"2026-08-07 09:50:30",1004.5,2,iluvmagick
2971,16664283,"Nguyễn Hữu Công","2026-08-07 05:24:48",1004.4,2,nguynhucng
2972,16654626,bgsszsa,"2026-08-07 12:01:33",1004.2,2,bgsszsa
2973,16626203,"Manish Kumar Maurya","2026-08-18 17:01:59",1003.9,2,manishkumarmaurya11
2974,16655076,"Tita Kongolo","2026-08-08 09:08:57",1003.7,2,titakongolo
2975,16640701,momoon,"2026-09-03 15:39:09",1003.3,2,nomuraryota
2976,16685358,"Nuno Ferreira","2026-08-07 13:48:37",1002.9,1,ngcferreira
2977,16671403,"Alex Karpowicz","2026-08-08 18:36:52",1002.9,2,alexkarpowicz
2978,16663369,csteeve,"2026-08-07 18:44:37",1002.5,2,csteeve
2979,16671844,I2nfinit3y,"2026-08-07 02:27:10",1002.3,2,i2nfinit3y
2980,16658670,EveryJust,"2026-08-07 08:33:35",1001.5,2,"everyjust,zfc666wsnd"
2981,16673131,"Arfin Mustofa","2026-08-19 01:46:41",1001.4,2,arfinmustofa
2982,16681986,"Chirantan Bhardwaj","2026-08-07 10:07:52",1000.9,1,chirantanbhardwaj
2983,16666358,"GAYATHRI SALINI","2026-08-07 07:55:26",1000.7,2,gayathrisalini09
2984,16660120,gktdgktdgktd,"2026-08-07 07:50:45",999.9,2,gktdgktdgktd
2985,16623524,"Marcus Vinicius","2026-08-28 13:04:15",999.6,2,marcux777
2986,16690889,"B A S E L #","2026-08-08 14:47:22",999.4,2,basselll
2987,16682336,"Çınar Efe Yetişen (Student)","2026-08-19 08:29:20",999.2,2,narefeyetienstudent
2988,16670020,nanare,"2026-08-28 19:08:06",997.8,2,nanaresudo
2989,16643193,"Shoroogh Ahmadi","2026-08-13 10:36:43",997.7,2,shorooghahmadi
2990,16654697,KawattaTaido,"2026-09-02 03:27:25",997.5,2,kawattataido
2991,16623034,"Vlad Kochetov","2026-08-10 21:43:51",997.2,2,vladkochetov07
2992,16630441,"yjhv buddies","2026-08-07 09:50:05",996.8,2,bender1123123
2993,16664827,"Jose Miguel Diez de la Lastra","2026-08-07 16:08:49",996.8,2,josemigueldiez
2994,16771456,"Tianrun Liao","2026-09-02 17:27:38",996.7,2,tianrunliao1
2995,16655156,"Pranjal Ranjan","2026-08-06 23:58:43",995.4,2,pranjalranjan299
2996,16693382,Sandrone,"2026-08-29 07:40:35",995.2,2,luvgoelo
2997,16734498,kazuhiro3381,"2026-09-03 03:37:29",994.2,2,kazuhiro3381
2998,16662730,Operator-X,"2026-08-08 10:06:04",993.4,2,"jpexee,lavlinjaisonme23b250"
2999,16670221,fle3n,"2026-08-08 19:48:37",993.1,2,fleongg
3000,16660613,今日洗澡明日香,"2026-08-07 09:58:49",992.4,2,"jasperkag,ryjiang,timmengzh,yningc"
3001,16716558,"Evan Tobias","2026-08-31 19:19:50",992.3,2,evantobias
3002,16689084,Tam1m,"2026-08-29 09:56:39",992.1,2,booleanwolf
3003,16666686,yolo,"2026-08-08 12:08:38",992.0,2,avin55
3004,16670378,"Ari Carter","2026-08-08 23:18:02",991.8,2,aricarter
3005,16795448,ultimatum_game,"2026-09-03 17:46:35",991.3,2,ultimatumgame
3006,16673179,"Muhammad Faraz Aftab","2026-08-09 10:18:58",990.9,2,muhammadfarazaftab
3007,16653208,FabienDaniel,"2026-08-07 10:17:38",990.5,2,fabiendaniel
3008,16674932,kokinnwakashuu,"2026-08-07 07:20:19",990.5,2,kokinnwakashuu
3009,16630129,"Yi Lu","2026-08-08 05:23:05",990.0,2,liqiu0224
3010,16644552,Keanan,"2026-08-08 11:35:17",989.1,2,citerne
3011,16676677,"Clark Stéphane","2026-08-07 18:58:45",988.6,2,clarkstphane
3012,16653117,"li jiaqi77","2026-08-07 05:32:06",987.8,2,lijiaqi77
3013,16633276,"Nolan Liang","2026-08-09 03:26:47",987.8,2,iamlkn
3014,16665529,Venneth,"2026-08-08 12:32:20",986.8,2,venneth
3015,16664666,"Rheal Thomas","2026-08-21 19:29:44",986.4,2,rhealthomas
3016,16698071,nixotrix,"2026-09-02 06:35:23",986.0,2,nixotrix
3017,16667219,"Komil Parmar","2026-08-08 10:00:55",985.5,2,komilparmar
3018,16681480,"Kevin Nguyen","2026-08-14 18:16:29",985.5,2,haidangnguyen1802
3019,16782792,"[Deleted] bdc3c175-811b-438f-9c3a-c2d9c80c106a","2026-08-29 07:16:45",985.1,2,del=e8b93c44cf962f9e
3020,16680408,mochogo,"2026-08-07 05:42:33",984.9,1,mochogo
3021,16670671,"TAUIL Abd Elilah","2026-08-11 01:17:39",984.2,2,tauilabdelilah
3022,16668029,Timbo615,"2026-08-07 11:56:21",983.8,2,timbo615
3023,16670065,"Artyom Sayapin","2026-08-18 23:40:18",983.7,2,spielmeister
3024,16676283,jnurik,"2026-08-07 17:24:01",983.2,2,nurdauletmoldik
3025,16686155,梁圣的恩情还不完,"2026-08-16 15:48:21",982.9,2,yyyyhhhhwww
3026,16637919,NoOneAhead,"2026-08-07 05:12:50",982.6,2,jerrlu
3027,16668034,ggggalaxy,"2026-08-28 04:56:40",981.9,2,ggggalaxy
3028,16639606,Peach2587,"2026-08-12 03:19:13",981.4,2,momokayoshioka
3029,16673002,xubenzheng,"2026-08-07 15:40:31",979.3,2,xubenzheng
3030,16665898,chengsongtao,"2026-08-23 00:12:59",978.7,2,cheng618
3031,16678288,"Speedrun retirement","2026-08-30 18:59:23",978.6,2,"josephkimanikamau,nanducode"
3032,16665169,"Rahul Barakoti ITM","2026-08-07 10:58:30",977.5,2,rahulbarakotiitm
3033,16669491,"Parakh Sharma","2026-08-06 10:59:33",977.5,2,parakh20
3034,16729472,"Boris Pletenev","2026-08-16 17:23:56",977.4,1,borispletenev
3035,16669608,"Jesy Lu","2026-08-13 16:21:53",976.8,2,jesylu
3036,16663457,Furqan102102,"2026-08-09 12:02:35",975.7,2,furqan102102
3037,16703315,"Ryan Triplett","2026-09-03 06:03:31",975.5,2,ryantriplett
3038,16660215,"YoungDSML [dsml.kz]","2026-08-06 16:29:33",975.1,2,"mazgas,nurikw3"
3039,16657957,"Mounika Kommireddy","2026-08-08 07:57:32",975.0,2,mounikakommireddy
3040,16654623,"Asher Goldstein","2026-08-09 17:54:27",974.8,2,ashergoldsteincd21
3041,16675027,namanbnsl,"2026-08-06 13:02:52",974.5,2,namanbnsl
3042,16658709,"Kaggler Albafica","2026-08-06 10:05:39",974.4,2,kaggleralan
3043,16669971,"Luka Philip","2026-08-08 16:09:32",974.1,2,lukaphilip
3044,16621802,fgwiebfaoish,"2026-08-13 12:21:54",974.1,2,fgwiebfaoish
3045,16627194,GzmCR632,"2026-08-10 14:31:37",974.0,2,gzmcr632
3046,16668668,"George Byne","2026-08-25 10:10:36",973.9,2,georgebyne
3047,16665561,LuoXingda,"2026-08-07 08:22:42",973.9,2,luoxingda
3048,16796014,keith70,"2026-09-03 06:10:35",973.8,2,keith70
3049,16762722,"Bruno Romero García","2026-08-31 20:24:32",973.7,2,brunoromerogarca
3050,16670040,galaxyhunter,"2026-08-17 19:22:06",972.8,2,pkharkwal
3051,16630758,"Keshav Joshi","2026-08-20 18:53:37",972.7,2,keshavjoshi22
3052,16684470,"Soumi Ghosh","2026-08-11 10:59:07",972.1,2,soumighosh911
3053,16660537,Furina,"2026-08-08 13:52:01",972.0,2,cjlcjlcjl
3054,16658723,"Waleed Alkhateeb","2026-08-05 13:31:44",971.9,2,waleedalkhateeb
3055,16656118,Mutte1904,"2026-08-07 05:03:56",971.9,2,mutte1904
3056,16659000,xjlgg123,"2026-08-08 12:35:10",971.1,2,xjlgg123
3057,16622788,Fitzcarraldo,"2026-08-07 14:17:24",971.0,2,ivankuc
3058,16676280,agniii,"2026-08-06 17:05:08",970.4,2,agniii
3059,16673604,"Jiman Kwon","2026-08-21 17:23:47",969.8,2,jimankwon
3060,16666625,"Nguyen Ngoc Thien","2026-08-07 16:12:04",969.7,2,ngocthienai
3061,16681065,SYC,"2026-08-07 03:22:25",969.4,1,yichengs
3062,16642154,Burkina_team_mate,"2026-08-06 15:30:54",969.3,2,"belemkalilou,tedjosegregorybere"
3063,16669273,Parag,"2026-08-07 02:10:29",968.8,2,paragkale
3064,16670058,"Dahoui Alex Armel ","2026-08-07 01:02:07",968.7,2,dahouialexarmel
3065,16667714,ZhexinJiang,"2026-08-06 11:26:30",968.7,1,zhexinjiang
3066,16631665,"jatan sanghvi","2026-08-07 06:10:48",968.6,2,jatansanghvi
3067,16623920,"Kazuta MIZUTA","2026-08-07 03:22:25",968.3,2,kazutamizuta
3068,16659286,shane18,"2026-09-03 11:19:10",968.1,2,shane18
3069,16639280,"Faruk Çiftler","2026-08-09 11:27:46",968.1,2,abdullahfaruk
3070,16661994,"Suvrat Rai","2026-08-16 09:04:58",967.3,2,suvrat11rai
3071,16668736,bhundreds,"2026-09-03 13:14:14",967.2,2,hundreds1103
3072,16640582,Attension_Seeker,"2026-08-10 06:57:51",967.2,2,aisipu
3073,16658717,"Aditya Kapadia","2026-08-06 14:32:16",966.9,2,adityakapadia2003
3074,16774884,assssstnuar,"2026-09-02 15:33:44",966.8,2,assssstnuar
3075,16675753,Khafidin,"2026-08-12 05:16:26",966.8,2,khafidin
3076,16799266,"Saugi Alkaf","2026-09-03 17:00:50",966.8,2,syaugialkaf
3077,16659820,Accayo14,"2026-08-06 14:20:30",966.7,2,accayo14
3078,16809200,v0m0v,"2026-09-03 03:47:47",966.7,2,maguchiya
3079,16764081,"Demir Durbakayım","2026-08-29 21:21:56",966.7,2,sixcode
3080,16669518,Galagala,"2026-08-07 18:35:59",964.8,2,b12705059
3081,16671622,"Isaac Diaz Lopez","2026-09-03 19:21:33",964.6,2,isaacdiazlopez
3082,16736559,"Team Rot-Weiß","2026-08-19 13:22:35",964.1,2,moritzpaal
3083,16664368,"Ujjwal Reddy","2026-08-10 19:43:26",963.7,2,ujjwalreddyks
3084,16685990,VictorAndrew,"2026-08-10 16:39:51",962.9,2,vicktvr
3085,16659525,"Dang Khoa Nguyen","2026-08-17 09:51:16",962.8,2,khoadangnguye
3086,16702674,"Varun S G","2026-08-25 12:24:45",962.0,2,warun7
3087,16664360,"Rohan L","2026-08-28 22:21:41",961.9,2,rohanlopes
3088,16630729,https://how.rl.works/,"2026-08-10 10:29:32",961.9,2,grennwolf
3089,16729165,コーラ,"2026-08-23 07:30:40",960.9,2,cola0912
3090,16634078,"yoho kumedayo","2026-08-15 12:48:29",960.7,2,dorachinyastyle
3091,16758383,"Tong Jing Yen","2026-09-03 19:08:50",960.6,2,tongjingyen
3092,16654832,mohit,"2026-08-07 00:01:08",960.5,2,mohitvarred
3093,16671515,ziheng,"2026-08-07 09:47:38",960.5,2,zihengedie
3094,16658384,UwU,"2026-08-10 04:20:44",960.1,2,claudesewitz
3095,16667606,Manifolds1,"2026-08-06 16:36:46",959.9,2,ptrakuldit
3096,16659727,shuaiqiyang,"2026-08-06 08:48:53",959.7,2,shuaiqiyang
3097,16768449,"Dmitry Volovikov","2026-09-03 15:48:17",959.1,2,dmitryvolovikov
3098,16665431,"Monojit Nandy","2026-08-06 11:50:38",958.9,2,vedarthmn
3099,16811502,"Avi Porath","2026-09-03 16:26:48",957.9,2,aviporath
3100,16676193,"Akira Hirohashi","2026-08-07 14:00:23",957.5,2,akirahirohashi
3101,16679155,jeziorop,"2026-08-06 20:34:53",957.2,1,jeziorop
3102,16660091,bcTiann,"2026-08-06 05:55:54",956.8,2,bctiann
3103,16671292,Yuyajk,"2026-08-07 09:00:27",956.7,2,yuyajk
3104,16631016,木下陽平,"2026-08-06 14:52:20",955.9,2,yoheikaggle
3105,16793134,sawasawasawa,"2026-09-03 05:59:17",955.6,2,yukisawamura
3106,16664300,"swajay nandanwade","2026-08-05 04:57:10",955.3,2,swajaynandanwade
3107,16654726,"James Mancillas","2026-08-07 15:46:12",955.1,2,jamesmancillas
3108,16621716,harlen,"2026-08-06 08:04:24",954.7,2,harlenka
3109,16653939,"Amr Yasser","2026-08-06 17:56:07",954.5,2,amryasswe
3110,16664170,SpookyHippo,"2026-08-06 02:44:29",954.3,2,spookyhippo
3111,16635781,wacata,"2026-08-19 14:53:05",954.1,2,wacata
3112,16804231,illegalplumbing,"2026-09-03 19:48:10",953.9,2,illegalplumbing
3113,16679237,"Danilo Sepúlveda","2026-08-06 21:26:28",953.5,1,daniloseplveda
3114,16665129,Doom,"2026-08-18 04:28:35",953.4,2,"mr6436,sanskaarundale"
3115,16674550,"Jebastin Nadar","2026-08-06 10:09:16",953.2,2,samfc10
3116,16678250,"RMS Danaraj","2026-09-03 14:09:33",953.0,2,salorajan
3117,16668545,Ronty00,"2026-08-06 08:24:07",952.6,2,ronty00
3118,16791873,Sanjay,"2026-09-02 16:41:53",952.2,2,sanjay6727
3119,16677240,"Jeevan Malla","2026-08-07 07:37:46",952.0,2,jeevanmalla
3120,16658025,"Dennis Gioche","2026-08-06 09:08:34",951.8,2,dennisgioche
3121,16663591,"Joseph Franck","2026-08-25 10:07:56",950.9,2,josephfranck
3122,16668039,NotEnoughTokens,"2026-08-06 13:04:52",950.5,2,"adofai,jonghyun7777,taglink"
3123,16632599,Shadowell888,"2026-09-03 13:35:26",950.4,2,shadowell888
3124,16744809,"Ruben Romero Fernández-Monge","2026-08-25 18:00:39",950.1,2,salieri7
3125,16695567,tera358,"2026-09-01 18:15:35",949.9,2,tera358
3126,16675203,HK,"2026-08-06 11:38:05",949.0,1,hizurukonishi
3127,16743124,"Leo's Demiurge","2026-09-03 18:01:58",948.2,2,jelurge
3128,16665256,zhoujqi,"2026-08-06 18:31:31",947.9,2,zhoujqi
3129,16656393,"Faris Abqari","2026-08-07 00:15:25",947.8,2,farisabqari11
3130,16660555,"Nguyễn Nhật Thanh","2026-08-07 03:45:29",947.4,2,nguynnhtthanhhhhh
3131,16625908,trantrikien239,"2026-08-06 04:32:29",947.0,2,trantrikien239
3132,16657198,Eldritch,"2026-09-02 09:41:40",946.9,2,thefool00
3133,16642579,"Desyat IO","2026-08-09 17:31:59",946.3,2,desyatio
3134,16718916,"ROBERT SSEBAMBULIDDE","2026-08-14 19:21:24",946.2,2,robertssebambulidde
3135,16653958,seowoohyeon,"2026-08-06 11:48:06",945.8,2,seowoohyeon
3136,16623798,RuiKimura4,"2026-08-27 00:30:45",945.2,2,ruikimura4
3137,16632446,"Abdul Wahab Khan","2026-08-06 04:53:37",944.8,1,abdulwahab2321
3138,16673155,"Babar Khilji","2026-08-06 15:55:26",944.5,2,babarkhilji
3139,16770724,Louras,"2026-08-26 09:49:05",944.1,2,louras
3140,16677675,"Roman Mironov","2026-08-06 17:30:28",943.7,1,helloromiro
3141,16657290,lol-hiker,"2026-08-31 07:57:12",943.1,2,lolhiker
3142,16683288,HuaLQin,"2026-09-03 00:49:05",942.9,2,hualqin
3143,16665702,"Aman Gupta","2026-08-06 08:09:05",942.6,2,amangupta0014
3144,16653855,"Klgv Klgv","2026-08-06 11:54:38",941.9,2,klgvklgv
3145,16641326,IY,"2026-08-05 19:27:31",941.8,2,irotrader
3146,16667205,"Andrew Lee","2026-08-06 11:16:52",941.2,1,andrewlee23023
3147,16796145,Qian,"2026-09-01 15:04:00",941.0,2,"aurelianz,qianyuchaoni"
3148,16664819,"SUBHASRI  S","2026-08-23 04:02:41",940.9,2,subhasri2007
3149,16652986,"Justin Kimlim","2026-08-26 03:12:37",940.7,2,justinkimlim
3150,16639125,"Caio Coelho","2026-08-09 15:38:12",940.5,2,caio41
3151,16670765,"tensor choko","2026-08-05 23:03:23",940.0,1,tensorchoko
3152,16743033,Nagahama,"2026-08-29 20:09:15",939.4,2,kazukinagahama
3153,16664683,"Halapeño Farms","2026-09-02 07:23:49",939.2,2,haladaj
3154,16655353,"Pablo Montenegro","2026-08-09 02:13:47",939.1,2,pablomontalb
3155,16666609,"visit palja.co","2026-08-15 03:34:49",938.8,2,sselrats
3156,16659045,Rai1,"2026-08-08 11:53:28",938.6,2,rai2003
3157,16652900,cjen07,"2026-08-07 23:33:05",938.4,2,cjen07
3158,16664775,DoubleZs,"2026-08-06 02:55:02",937.6,2,zhang051018
3159,16670807,mannogun,"2026-08-07 11:05:42",937.6,2,arcanejumper
3160,16687135,"Kavya Bhandari","2026-08-22 17:20:43",937.6,2,kavyabhandari1998
3161,16655493,TheDigitalCK,"2026-08-07 12:31:58",937.3,2,thedigitalck
3162,16658213,"Ahmet Abdullah Gültekin","2026-09-03 00:20:03",937.3,2,abdullahgultekin
3163,16797785,"Vivek Verma","2026-08-31 20:36:45",937.1,2,cosmicescape
3164,16668060,"Spiros Skarmoutsos","2026-08-08 12:48:07",936.3,2,spirosskarmoutsos
3165,16671407,JBro13,"2026-08-07 02:29:02",935.0,2,jbro13
3166,16656941,"Winter Lamb","2026-08-30 00:06:56",934.7,2,fabiansyahcahyo
3167,16758431,"Mathews Jere","2026-08-26 18:10:25",934.0,2,mathewjere
3168,16723427,"Nikita Biryukov","2026-09-03 19:35:56",933.9,2,bnikita
3169,16727696,Milkman,"2026-08-19 15:05:17",933.0,2,talhasahi
3170,16635890,Poojan,"2026-08-06 09:44:47",932.6,2,poojankumartandel
3171,16672520,"Nah I'd win","2026-08-07 08:09:12",932.4,2,asutriy
3172,16757741,"Malte Bories","2026-08-25 20:08:35",931.8,2,maltebories
3173,16632250,"Mesut Gözdemir","2026-08-05 17:54:14",931.2,2,gfkfu123
3174,16698538,"Haozhe Wang 2022","2026-08-24 00:50:02",930.9,2,haozhewang2022
3175,16669542,Agzam,"2026-08-06 05:09:43",930.8,2,mazgag
3176,16666784,"Michał Łapiński","2026-09-03 15:44:23",930.7,2,michaapiski
3177,16635679,WUHAOZHE618,"2026-08-15 04:08:45",930.6,2,wuhaozhe618
3178,16677774,"Abdulatif Mahgoub","2026-08-28 13:26:27",930.6,2,abdulatifmahgoub
3179,16774075,"Mohammad Yaser Hussain","2026-09-02 22:22:22",930.2,2,mohammadyaserhussain
3180,16790145,"Casper du Jardin Kejser","2026-09-03 11:30:36",929.1,2,casperdujardinkejser
3181,16662896,"Adrian Dubois","2026-08-13 22:50:26",929.0,2,adriandubois
3182,16663178,Sm00thiecodes,"2026-08-07 11:00:29",929.0,2,sm00thiecodes
3183,16709872,"Tim McGarvey","2026-09-03 14:11:35",928.9,2,timmcgarvey
3184,16663213,"Takahiro Someya","2026-08-10 22:03:09",928.8,2,takahirosomeya
3185,16625013,sash,"2026-08-05 01:00:10",928.7,2,sash2104
3186,16693164,nuggettttt,"2026-08-09 02:14:22",928.1,2,nuggettttt
3187,16694399,"Sujith Kumar Sashikanth","2026-08-10 00:01:32",928.0,2,sujithsashi
3188,16654081,"Aleksei Ponomarev","2026-08-06 00:43:57",927.9,2,alekseiponomarev
3189,16677188,Nicooni,"2026-08-06 16:35:01",927.9,1,nicooni
3190,16719793,dhuruvapriyan,"2026-08-14 16:06:42",927.7,2,dhuruvapriyan
3191,16656503,"Thiago Munhoz da Nóbrega","2026-08-04 20:47:37",927.4,2,thiagommtmn
3192,16819277,"Enshi Zhang","2026-09-03 13:02:11",927.3,1,enshizhang31
3193,16748741,"pt ptao","2026-08-26 12:50:45",927.3,2,ptptao
3194,16653085,"haoran huang430","2026-08-06 02:37:22",927.3,2,haoranhuang430
3195,16668357,"B.Pardha Manoj Reddy","2026-08-24 16:57:25",926.4,2,pardhamanojreddy
3196,16659761,cheng-han,"2026-08-06 08:16:10",926.4,2,neoshie
3197,16623665,Giba,"2026-08-05 22:44:41",926.0,2,titericz
3198,16667547,"miaoqing long","2026-08-06 03:31:43",925.9,2,miaoqinglong
3199,16755278,Kaz,"2026-09-03 12:42:47",925.8,2,kazuyago
3200,16654209,"Nirav Mehta 1612","2026-08-10 15:41:47",925.4,2,niravmehta1612
3201,16673682,MJ.LIU.T,"2026-08-06 08:14:05",924.6,1,mjliut
3202,16683764,bf01,"2026-08-21 21:19:05",924.0,2,jalperov
3203,16678965,MrGS,"2026-08-09 01:18:09",923.9,2,gabrielsderhll
3204,16666301,"James Felipe","2026-09-03 05:42:24",923.6,2,jamesfelipe
3205,16670527,"Balram Gupta","2026-09-03 12:59:44",922.9,2,"akankshaparab,bg28898"
3206,16661019,lmq,"2026-08-04 14:47:23",922.8,2,lmminhquang
3207,16668995,"MD.Firoj Khondokar","2026-08-06 11:05:13",922.8,2,mdfirojkhondokar
3208,16661410,tmxdlr,"2026-08-05 12:40:54",922.5,2,tmxdlr
3209,16778835,kiyoc,"2026-08-31 15:01:42",922.2,2,kiyoshiohno
3210,16751999,"Poorna Sai Dumpa","2026-08-25 01:03:04",922.1,2,poornasaidumpa
3211,16702509,KošičanSVK,"2026-08-17 18:04:22",921.9,2,ryanstoner
3212,16663899,"Abdelrahman Aboegela","2026-08-05 13:54:26",920.1,2,abdelrahmanaboegela
3213,16729564,"Eirik Tveiten","2026-08-19 13:04:02",920.0,2,eiriktveiten
3214,16658261,"Manan Khanna","2026-08-04 07:41:27",919.8,1,manankhanna0
3215,16662872,"Artem Garbart","2026-08-05 09:41:29",919.3,2,artyomgarbart
3216,16664239,VK_Kaggriculture..StartCompet,"2026-08-05 02:03:48",919.2,1,venkatkumar001
3217,16624977,Avikumar93801,"2026-08-11 05:55:19",918.7,2,avikumar93801
3218,16711556,"Avvy Lavoienne","2026-08-18 04:44:16",918.4,2,avvylavoienne
3219,16624600,ariacat,"2026-08-06 07:16:44",918.3,2,ariacat
3220,16656345,sunchang71,"2026-08-05 14:05:13",918.0,2,sunchang71
3221,16764419,"Leo #2","2026-08-30 08:17:12",917.6,1,nanlihao
3222,16621709,smlcr,"2026-08-04 19:35:19",917.2,2,simulacri
3223,16625921,JinchengZhang1,"2026-08-09 03:45:30",917.1,2,jinchengzhang1
3224,16670304,"Daniel Tomaro1","2026-08-09 03:03:06",917.0,2,danieltomaro1
3225,16659883,"Ahmad Hfdx5","2026-08-05 03:33:48",916.7,2,ahmadhfdx5
3226,16758174,REBEL_K,"2026-08-27 18:30:45",916.7,2,rebelk
3227,16660376,"Ahmed Sedky 0100","2026-08-06 20:56:37",916.2,1,ahmedsedky0100
3228,16792155,abc,"2026-09-03 06:45:13",916.0,2,"datqg0,quangnguyn132"
3229,16656420,"Aditya Raj #2","2026-08-18 16:37:49",915.7,2,optimus2005
3230,16623592,Jack,"2026-08-05 17:06:09",915.6,2,jackvd
3231,16642207,"Nerijus Areska","2026-08-04 00:01:32",915.1,2,nerijusareska
3232,16660819,nya654nya,"2026-08-07 04:47:33",914.8,2,nya654nya
3233,16655530,AlivRick,"2026-08-05 16:18:54",914.5,2,alivrick
3234,16658684,"Takayuki Michishita","2026-09-02 10:38:43",914.5,2,takayukimichishita
3235,16652630,stars_w,"2026-08-25 17:13:04",914.2,2,starsw
3236,16635351,AAAMIKASA,"2026-09-03 19:40:05",914.2,2,aaamikasa
3237,16713463,"Dillen Perumal","2026-08-29 16:39:37",914.1,2,dxllen
3238,16662496,KhalidKhan,"2026-08-05 05:31:07",914.1,2,feedfeed
3239,16734813,"Johan BONILLA MENDIETA","2026-09-01 23:21:50",913.8,2,johanbonillamendieta
3240,16732722,Kusanagi,"2026-08-24 21:52:54",913.4,1,kusanagiap
3241,16669400,"Martin Konôpka","2026-08-06 12:16:13",913.0,2,rumburakk
3242,16662910,"shoryakumar mishra","2026-08-05 16:05:32",912.8,2,shoryakumarmishra
3243,16665230,"Jack Burley","2026-09-02 00:15:22",912.8,2,jackburley
3244,16654271,"Sophie and Yanna","2026-08-19 17:08:47",912.7,2,"morty3500,sophanie"
3245,16735488,"arhaan rai","2026-09-01 19:18:46",912.0,2,arhaanrai
3246,16665966,aj000,"2026-08-28 11:48:19",911.7,2,anishjagdaleaj
3247,16623236,"Yonatan Nemtsov","2026-08-06 00:28:01",911.5,2,yonatannemtsov
3248,16659676,Light,"2026-08-05 03:07:39",911.2,2,aadarshashrestha007
3249,16635418,ocean240812,"2026-08-07 08:50:56",911.1,2,ocean240812
3250,16797134,Yooho0,"2026-09-02 14:20:03",911.1,2,yooho0
3251,16661670,sansm1,"2026-08-04 16:54:59",910.7,2,sansm1
3252,16753826,"Jai Mata Di","2026-08-31 10:09:11",910.4,2,mrigshira
3253,16770912,IsonaEi,"2026-08-26 12:48:48",910.3,1,isonaei
3254,16664518,senxichong,"2026-08-13 04:28:32",910.2,2,senxichong
3255,16657077,_LT_zyc,"2026-08-05 01:01:42",910.1,1,zyczyc
3256,16640388,SANNNNN,"2026-08-03 18:41:38",910.0,2,zuhairsan
3257,16664890,ideal_m99,"2026-08-06 00:00:33",910.0,2,idealm99
3258,16660939,"Quenux Studio","2026-09-03 17:07:26",909.8,2,dieguis1976
3259,16637458,OlivierS,"2026-09-03 18:18:12",909.6,2,oliviers
3260,16699699,rudykane,"2026-08-11 16:06:34",909.5,2,rudykane
3261,16663271,"Malyshev Danil","2026-08-05 14:57:19",909.4,2,malyshevdanil
3262,16670099,"Jon Snyder","2026-08-06 00:27:21",908.6,2,snyderj1515
3263,16636148,SanggeunParrk,"2026-08-05 04:04:32",908.2,2,sanggeunparrk
3264,16622482,"Veniamin Nelin","2026-08-04 19:40:18",908.1,2,veniaminnelin
3265,16652896,"R^2 negative","2026-08-04 23:14:38",908.0,2,rktqwe
3266,16653122,Wei_Chance,"2026-08-23 10:25:14",907.9,2,bystanderq
3267,16654486,alijs,"2026-08-06 14:27:22",907.4,2,alijs1
3268,16644861,"kanzaler ensemble","2026-08-11 14:30:36",907.1,2,kanzalerensemble
3269,16695556,"Prajwal Dongre","2026-08-12 08:53:42",907.0,2,prajwaldongre
3270,16661229,Gena,"2026-08-04 15:18:42",906.3,2,gdonchyts
3271,16659217,Dynamic_fire07,"2026-08-05 18:51:51",906.3,2,"dynamicfire07,tryingmybest123"
3272,16639043,"saroj bono","2026-08-28 18:42:55",906.2,2,sarojbono197
3273,16659033,"Farzana Shaju","2026-08-05 07:18:29",906.0,2,"farzanashaju,shaikhharisjamal"
3274,16668329,HakimTaoufik,"2026-08-18 13:06:18",906.0,2,hakimtaoufik
3275,16646970,juewang1p,"2026-08-13 03:18:21",905.9,2,juewang1p
3276,16628727,dominyellow,"2026-08-04 11:44:21",905.7,2,dominyellow
3277,16677965,felipe9695,"2026-08-12 21:23:05",905.0,1,felipe9695
3278,16657294,"Ragul M","2026-08-04 07:08:51",905.0,2,ragul7002
3279,16665399,"Shivam Shrivastava","2026-08-13 15:32:37",904.8,2,shivamshrivastava180
3280,16690500,Mr.NoT_GaMeR,"2026-09-02 11:39:31",904.3,2,joshdilipkumarpatel
3281,16655534,"Charles Mills","2026-08-06 16:40:27",904.0,2,charlesqmills
3282,16637241,M4nd4l0r14n,"2026-09-02 15:34:08",904.0,2,thiagobcunha
3283,16791977,JeremyLIU1997,"2026-09-03 00:00:29",903.9,2,jeremyliu1997
3284,16739551,arao,"2026-08-28 21:24:55",903.8,2,anjanarao
3285,16664565,"Wayne Chou","2026-08-05 12:30:14",903.7,2,ambientz
3286,16691670,wangbin.dev,"2026-08-22 05:31:34",902.7,2,wangbindev
3287,16644415,Ztrk,"2026-09-03 17:04:24",902.5,2,ztrk123
3288,16638909,mbscgi,"2026-08-04 22:48:03",902.5,2,mbscgi
3289,16655828,ack07,"2026-08-06 04:52:07",902.3,2,its07amit10
3290,16652560,"Ahmed Samir","2026-08-03 12:15:01",902.2,2,ahmedsamir1598
3291,16666163,"Muthuraman Raman 7","2026-08-06 05:25:09",902.1,2,muthuramanraman7
3292,16677342,Fedor,"2026-09-03 14:01:36",901.3,2,fedorchuprakov
3293,16689697,Kmart0112,"2026-09-02 04:10:10",901.1,2,kmart0112
3294,16632694,8ct10nz,"2026-08-04 12:02:49",900.9,2,act10nz
3295,16657094,irynavs,"2026-08-13 13:23:56",900.5,2,irynavs
3296,16656308,"Srishanth Sriramula","2026-08-08 09:02:13",900.5,2,srishanthsriramula
3297,16632138,kaggle_bbgg,"2026-08-05 11:59:35",900.5,2,kagglebbgg
3298,16805949,Bigplanedoesnotflyfast,"2026-09-03 11:52:40",900.3,2,ronav48902753425
3299,16663513,Pakistan,"2026-08-05 00:54:11",900.3,2,"debayank2024,laveshjadon,laxmikantaroy,tarunraii"
3300,16657817,"rohith sai midigudla","2026-08-05 12:36:40",900.1,2,rohithsaimidigudla
3301,16644774,lungjyuanz,"2026-08-07 01:03:20",900.1,2,lungjyuanz
3302,16639369,"Kyuhwan Cho","2026-08-19 07:20:02",899.8,2,octoarden
3303,16656009,"Steven Liu","2026-08-31 06:25:02",899.7,2,thornkey
3304,16702796,Yavuz.YILMAZ,"2026-09-02 07:21:20",899.4,2,yvztpe
3305,16742806,"Oğuz Karabulut","2026-09-03 17:13:19",899.3,2,ouzkarabulut
3306,16661010,"Dante Dyches-Chandler","2026-08-05 04:36:09",898.7,2,dantedycheschandler
3307,16745450,GusNicho,"2026-08-24 03:30:55",898.4,2,pineapplepencil
3308,16669282,sky233,"2026-08-06 17:06:04",898.0,2,sky233
3309,16634752,"Praise the SHOVEL","2026-08-03 16:16:28",897.4,2,barnobarno
3310,16660470,"Oğuz Kaan Mavice","2026-08-28 09:39:58",897.3,2,oguzkaanmavice
3311,16807575,Rf28,"2026-09-03 10:29:55",896.6,2,rehyyy
3312,16662946,uzair,"2026-08-04 18:40:46",896.5,2,quantumcurator
3313,16657942,"Gokul Prasath","2026-08-04 23:38:18",896.4,2,beastgokul
3314,16658746,marinxbt,"2026-08-28 10:38:37",896.3,2,marinxbt
3315,16744640,"Marcin Skalski","2026-09-01 18:25:08",896.3,2,marcinskalski
3316,16657861,"Liao Zixu","2026-08-25 04:28:34",896.2,2,liaozixu
3317,16658852,"Chhaya Awasthi","2026-08-04 09:37:05",895.6,2,chhayaawasthi
3318,16725432,Ezra,"2026-08-19 23:41:10",895.2,2,ezberch
3319,16664291,"William Dennis","2026-08-11 07:57:27",895.2,2,williamdennis
3320,16783740,ZiYiMing,"2026-09-03 10:01:16",895.1,2,ziyiming
3321,16660361,"Abhishek Sharma","2026-08-26 10:21:10",894.9,2,abhisheksharma425
3322,16658571,"Yusuke Sato","2026-08-27 03:06:42",894.3,2,wanko123
3323,16794125,"Xero Scythe","2026-09-02 18:57:39",894.2,2,xeroscythe
3324,16658616,"Amitesh Chaudhary","2026-08-11 10:04:02",894.2,2,amiteshchaudhary
3325,16660046,"Ikki Katsuyama","2026-08-07 06:07:42",893.9,2,kacchanwriting
3326,16623974,Canon,"2026-09-03 18:28:36",893.8,2,sotakurihara1
3327,16657671,CyberRacoon,"2026-08-20 10:23:11",893.6,2,racoontw
3328,16625663,sota1111,"2026-09-03 01:43:41",893.4,2,sota1111
3329,16650018,EiMengLove,"2026-08-05 10:27:31",893.3,2,konicty
3330,16652339,"Mohamed Amine Rebhi","2026-08-03 16:03:07",892.7,2,mohamedaminerebhi
3331,16623812,"SeshuRaju 🧘‍♂️","2026-08-25 13:12:13",892.6,2,seshurajup
3332,16690050,PersistentLife,"2026-08-08 17:16:17",892.5,2,persistentlife
3333,16632097,PavelLiashkov,"2026-08-05 11:59:30",892.0,2,bigbag1983
3334,16667503,Yuzuki,"2026-08-05 12:19:45",891.7,1,yuzukiohya
3335,16660824,"Stitch Clarity","2026-08-04 15:27:53",891.5,2,stevenanctil
3336,16641093,"Satish ","2026-08-20 04:18:42",891.4,2,satishkommanaboina
3337,16764445,sukesuke012,"2026-09-03 01:40:16",890.9,2,sukesuke012
3338,16666900,sooflee,"2026-08-12 14:19:50",890.9,2,sooflee
3339,16655712,"Smart Manoj","2026-08-04 01:55:13",890.8,2,smartmanoj
3340,16666245,"Cagatay Morcicek","2026-08-13 06:53:40",890.5,2,thisismylabs
3341,16654153,"Mateus Cruz, Msc.","2026-08-03 17:44:02",890.5,1,matteuscruz
3342,16650396,RaymondZhao0304,"2026-08-04 00:39:30",890.0,2,raymondzhao0304
3343,16639241,"Alissa King","2026-08-04 05:05:30",889.8,2,alissaking
3344,16667994,"Zhian Wei","2026-09-03 18:01:12",889.6,2,zh1anwe1
3345,16659093,YangGod,"2026-08-27 17:32:36",889.6,2,yanggod
3346,16665764,"izh yng","2026-08-21 06:16:21",889.3,2,izhyng
3347,16663681,"Петар Кнежевић","2026-09-03 19:21:47",889.3,2,petarknezevic1
3348,16742232,"Prema Ananda","2026-09-03 18:37:27",888.9,2,premaananda108
3349,16698045,"Vikhas S G","2026-08-18 04:56:07",888.9,2,vikhassg
3350,16622835,"Max Manushin","2026-08-06 00:01:08",888.8,2,innerf1re
3351,16654707,ManasviSharma,"2026-08-19 19:42:41",888.5,2,manasvi821
3352,16664400,Boruiyang21,"2026-08-05 14:56:03",888.4,2,boruiyang21
3353,16655339,harmo-miu,"2026-08-23 05:57:37",887.9,2,harmomiu
3354,16623697,yuto083,"2026-08-19 00:43:42",886.8,2,yuto0712
3355,16695555,S4K50M,"2026-08-12 14:39:41",886.8,2,setiasaksham
3356,16716522,"Lavanya Bacche","2026-08-17 08:43:40",886.6,1,lavanyabacche
3357,16672672,Koiiiiiopen,"2026-08-08 06:25:21",886.4,2,koiiiiiopen
3358,16762634,"Clement Ling","2026-09-02 02:10:57",886.4,2,clementling
3359,16660853,"lxh unbound","2026-08-05 00:02:02",886.1,2,lxhunbound
3360,16651613,"Devin Zhou","2026-08-05 02:27:36",885.4,2,devinzhou
3361,16661376,"YERMES AMINE","2026-08-04 14:13:45",885.3,1,yermes
3362,16655294,Mobzya,"2026-08-26 23:11:15",884.9,2,mobzya
3363,16654419,kreiack,"2026-08-09 23:47:00",884.9,2,kreiack
3364,16663808,"Fae Gaze","2026-08-20 16:32:51",884.9,2,achievement
3365,16631261,Monster,"2026-08-04 15:46:32",884.3,2,tmtngtrng
3366,16740633,zhangtingyu11,"2026-08-20 04:34:32",884.3,2,zhangtingyu11
3367,16659874,"ding yumeng","2026-08-26 11:59:06",884.3,2,dingyumeng
3368,16676054,"Vladislav Konstantinov","2026-08-08 09:33:35",884.2,2,vladkonstantinov
3369,16658562,mashBrian254,"2026-08-04 10:48:33",883.8,2,mash1990
3370,16742362,"AMANI DD","2026-08-23 08:02:47",883.5,2,dkonan
3371,16663096,Agola_dasacic,"2026-08-04 20:07:50",883.4,2,mnu303
3372,16631978,"batuhan kalem","2026-08-02 22:12:00",883.2,2,batuhankalem
3373,16655396,Tesla1AC,"2026-08-08 08:18:09",882.5,2,mathornton
3374,16775250,Junrong,"2026-08-30 00:00:13",882.2,2,fjhgjf
3375,16729515,"Emmanuel Tolani","2026-08-29 15:03:36",881.9,2,emmanueltolani
3376,16655596,Bela,"2026-08-04 01:18:06",881.6,1,istribaik
3377,16663407,Denis,"2026-08-11 17:42:21",881.3,2,matsiusheuski
3378,16656170,"Chakrabhuana V  Deva","2026-08-05 06:54:50",881.1,2,chakrabhuanavdeva
3379,16644390,"Manan Gupta","2026-08-05 17:08:32",880.7,2,obirdy
3380,16651157,StupidXie,"2026-08-25 12:48:35",880.5,2,stupidxie
3381,16659565,Tekin24,"2026-08-13 21:25:21",880.5,2,tekin24
3382,16629983,Amundsen,"2026-08-05 06:51:46",880.4,2,amundsen
3383,16644221,"Guzha Panashe H","2026-08-22 15:34:41",880.1,2,guzhapanasheh
3384,16643095,ckyasb,"2026-08-05 14:39:42",880.1,2,ckyasb
3385,16653093,"willam wu","2026-08-03 15:03:01",880.0,1,biaaib
3386,16660318,"Aiman Al-Shalfi","2026-08-05 11:59:43",879.9,2,aimanalshalfi
3387,16666571,"Zhengxu Yu","2026-09-01 12:10:05",879.7,2,zhengxuyu
3388,16741563,"Paul Pawletta","2026-09-02 15:49:54",879.4,2,paulpawletta
3389,16623540,TheDuck,"2026-08-22 15:50:49",879.3,2,jaxroth
3390,16666242,"Lalwani Palash","2026-08-08 07:45:46",879.3,2,lalwanipalash
3391,16659435,Zerabyte_X,"2026-08-04 09:52:16",879.3,1,zerabytex
3392,16663099,"Md. Abdullah Al Mamun","2026-08-05 02:16:43",879.3,2,mamun18
3393,16765743,page0526,"2026-08-26 02:08:11",879.0,2,page0526
3394,16628875,TakahiroHon,"2026-09-02 23:39:42",878.8,2,takahirohon
3395,16630142,zawawannko,"2026-08-05 03:16:49",878.7,2,zawawannko
3396,16639155,"Arturo Gutiérrez Aguilar","2026-08-04 16:08:19",878.6,2,jarturo
3397,16629308,Sutee,"2026-09-02 12:42:25",878.3,2,lszlst
3398,16630964,LEEKANG,"2026-08-03 14:10:21",878.0,2,poby7722
3399,16667730,"Surya Vijjeswarapu","2026-09-03 18:49:07",877.9,2,suryavijjeswarapu
3400,16622015,"Ioannis M","2026-08-06 08:12:21",877.9,2,imeintanis
3401,16627023,"Noah Farr","2026-08-05 08:02:35",877.9,2,noahfarr
3402,16634213,kkunizaw,"2026-08-03 20:47:58",877.4,2,kkunizaw
3403,16805598,"I'm just trying out here QQ","2026-09-02 22:31:17",877.2,2,zadatt
3404,16656171,ishu,"2026-08-04 03:27:45",877.2,2,ishhverma
3405,16679861,Pandabueno,"2026-08-12 15:51:48",876.7,2,ronaldomonzn
3406,16622760,yunus_bayram_kagle,"2026-08-04 07:49:00",876.6,2,yunusbayramkagle
3407,16730484,Esperanza,"2026-09-02 04:15:45",876.3,2,deanpixton
3408,16635159,Abdulsamad,"2026-08-06 11:48:04",876.2,2,abdulsamadjod1234
3409,16706993,Celibistrial,"2026-09-03 18:16:11",875.2,2,celibistrial
3410,16644566,"Guangjian Dong","2026-08-02 23:59:18",874.7,1,guangjiandong
3411,16639567,YassY_The_AlchemYst,"2026-08-11 15:07:03",874.3,2,yassineelhallaoui
3412,16632055,Bugra0,"2026-08-03 22:44:42",873.8,2,bugra0
3413,16683529,"Yanis Belami","2026-09-01 06:56:54",873.6,2,yanisbelami
3414,16623448,HoJoonYun,"2026-08-09 13:43:43",873.3,2,hojoonyun
3415,16652451,JackGong,"2026-08-03 11:32:11",873.2,1,jackgong
3416,16654946,AliLucky,"2026-08-05 15:07:59",872.7,2,alilucky
3417,16655588,"The Devil's World 678","2026-08-07 10:39:23",872.0,2,thedevilsworld678
3418,16656444,"christopher athans crow","2026-08-05 00:08:13",871.7,2,cchrisaa
3419,16659996,Schwifty,"2026-08-12 20:01:01",870.5,2,schwiftyc137
3420,16641489,suminshim,"2026-08-03 06:24:39",869.6,2,suminshim
3421,16630111,jannchie,"2026-08-04 19:09:17",869.2,2,jannchie
3422,16625082,真的懒,"2026-08-25 07:27:28",868.8,2,gtccc9
3423,16698596,ymok,"2026-08-11 11:54:02",868.7,1,iromao
3424,16706738,Moriarty,"2026-08-24 21:05:34",867.7,2,mikhailkachalin
3425,16654006,"Harish Dhanarajan","2026-08-03 17:23:50",867.3,1,harishdhanarajan
3426,16730612,Blurry,"2026-08-29 09:01:21",867.3,2,linkinpony
3427,16637797,"Xiangchen Li","2026-08-04 09:47:59",866.7,2,xiangchenli07
3428,16732104,sizumita,"2026-09-03 14:21:02",866.5,2,sizumita
3429,16650701,"Oliver Wang","2026-08-03 16:17:36",866.5,2,oliverwang15
3430,16637519,Temprao,"2026-08-03 12:16:43",866.4,1,maruimono928
3431,16658048,"Joel jaison 391","2026-08-05 02:31:57",866.3,2,joeljaison391
3432,16732022,Mosamosa,"2026-09-03 00:42:06",865.9,1,mosamosa
3433,16717787,Bull,"2026-09-03 17:16:54",864.3,2,welshonionman
3434,16680239,"Marinto Richee J","2026-08-12 08:21:02",864.1,2,marintoricheej
3435,16699080,"Karthikeya Thatipamula","2026-09-03 07:22:56",863.7,2,karthikeya18
3436,16775506,"lin qiy","2026-08-29 02:44:13",863.5,2,linqiy
3437,16712751,haruo_tensai,"2026-09-03 11:43:44",863.5,2,haruotensai
3438,16632201,neurlog,"2026-09-03 09:51:13",863.2,2,neurlog
3439,16654235,"Mwanza Wambua","2026-08-06 10:16:13",862.7,2,mwanzawambua
3440,16664221,Anish,"2026-08-14 00:53:48",862.7,2,anishmunje
3441,16633808,mmath2,"2026-08-07 10:52:38",862.5,2,mmath2
3442,16633083,bsenst,"2026-08-07 12:38:47",862.4,2,bnzn261029
3443,16738461,monnosuke,"2026-08-27 11:13:33",862.2,2,shiomi1012
3444,16630760,dkzmn,"2026-09-03 10:32:24",862.0,2,dmkzmn
3445,16678370,"Chenhao Wang","2026-08-07 06:37:46",862.0,1,wangles
3446,16665994,Rakhansyah,"2026-08-25 13:08:20",861.5,2,rakhansyah
3447,16622312,"Malak Reda","2026-08-03 09:02:41",861.5,2,malak457
3448,16660152,LIH.YUN,"2026-08-04 14:11:44",861.1,2,fxlcee
3449,16634022,"Cihan Atak","2026-08-02 16:00:43",861.1,2,cihanatak
3450,16662213,"Yang Zong-Yu phD","2026-09-03 05:30:42",861.0,2,yangzongyuphd
3451,16796133,NoMoreThan20Words,"2026-09-03 07:11:56",860.8,2,nomorethan20words
3452,16622627,"Erik van de Ven","2026-08-28 16:55:08",860.8,2,erikvdven
3453,16656337,"Prashant Kikani","2026-08-04 04:03:37",860.3,1,prashantkikani
3454,16655187,cmxu,"2026-08-05 05:31:07",859.5,2,cmxu77
3455,16623298,Mikhail_Komkin,"2026-08-02 20:14:28",859.2,2,mikhailkomkin
3456,16669227,"Tom Dufresne","2026-08-07 11:17:39",858.3,2,tadufre
3457,16758889,bomboclat,"2026-08-30 08:52:08",858.1,2,sstprk
3458,16635680,starclan,"2026-08-14 17:50:55",857.6,2,starclan
3459,16662904,Bharathms1902,"2026-08-08 11:41:54",857.5,2,bharathms1902
3460,16730015,suzu10,"2026-09-01 01:29:55",856.1,2,suzu10
3461,16767453,IterumVici,"2026-09-03 15:35:58",856.1,2,iterumvici
3462,16758232,mech_39,"2026-08-25 05:23:39",856.0,2,mech39
3463,16770972,"Victoria Makarskaia","2026-08-27 12:28:53",856.0,2,victoriamakarskaia
3464,16661532,"Fedor Baart","2026-08-05 12:34:21",855.9,1,fedorbaart
3465,16641309,klog,"2026-08-20 12:42:08",855.6,1,mhrzmmhrzm
3466,16709905,Rospel,"2026-09-03 19:40:53",855.5,2,rospel
3467,16700265,Reesav,"2026-08-10 14:15:06",855.3,2,reez08
3468,16666147,"Khalid Bin Hethlain","2026-09-03 12:56:25",854.4,2,khalidbinhethlain
3469,16639471,CaminoLSY,"2026-08-05 01:22:09",854.2,2,lsy37521
3470,16621831,"Tsung-Yeh, Hsieh","2026-08-10 06:49:43",853.3,2,"tsungyehhsieh,xinyuloong"
3471,16639473,"Jeff Borschowa","2026-08-02 00:39:11",853.3,2,jeffborschowa
3472,16806635,digimagi,"2026-09-02 05:47:57",853.2,1,digimagi
3473,16623732,A.S.TENSHU,"2026-08-17 16:25:35",853.0,2,kirvk013
3474,16709136,ryanocm,"2026-08-13 15:08:49",852.9,2,ryanong
3475,16644185,"Mimic Mohsin","2026-08-02 18:38:46",852.2,1,mimicmohsin
3476,16806003,"Hazqeel Afyq","2026-09-03 03:41:22",851.9,2,hazqeelafyqathaillah
3477,16672264,iiTz_AK,"2026-08-15 12:18:44",850.8,2,iitzak
3478,16793626,"KO LIH HAN","2026-09-03 18:30:45",850.6,2,kolihhan
3479,16632686,strike,"2026-08-06 06:21:38",850.0,2,nicolia
3480,16663273,"Mason Frias","2026-08-06 22:57:08",849.5,2,masonfrias
3481,16753850,"Ahmad Ali","2026-08-27 17:08:14",849.4,2,ahmadali1243534
3482,16768239,Oshbocker,"2026-08-29 21:37:25",849.3,2,oshbocker
3483,16799428,hatata,"2026-09-03 05:45:02",849.1,2,hatata3737
3484,16656379,"Jay Gautam","2026-08-12 12:19:40",848.9,2,jaygautam007
3485,16688884,"As Wasti","2026-08-14 01:34:26",848.8,2,aswasti
3486,16726617,"Chase Lebarv","2026-08-19 01:07:58",848.4,2,chaselebarv
3487,16778640,Kilupy,"2026-09-03 15:34:09",848.3,2,kilupy
3488,16651180,yangyefd,"2026-08-03 08:42:57",848.3,1,yangyefd
3489,16655603,"Veeranuch Leelalai","2026-08-11 12:55:29",848.3,2,veeranuchleelalai
3490,16763706,断罪の孤高の神・大宇宙草莓覇皇,"2026-09-03 15:01:50",848.0,2,qilejiang76
3491,16658569,"Danu A.","2026-08-05 13:12:09",847.8,2,eu1234
3492,16665293,"ADITYA BEECHA","2026-08-10 05:16:38",847.5,2,bechaaditya
3493,16699091,Umkaaa,"2026-08-11 08:35:05",847.4,2,umkaaa
3494,16717448,getalife();,"2026-09-03 06:03:38",846.9,2,"byteknight28,dhairyapandya24,rounakagrwl"
3495,16644882,"SAMOILOV MIKHAIL","2026-08-03 02:10:04",846.1,1,samoilovmikhail
3496,16668633,peien5,"2026-08-06 14:44:47",845.2,2,peien5
3497,16749009,Pavel,"2026-09-01 19:19:03",843.8,2,pavelsavchenkov
3498,16763865,SydneyC666,"2026-08-26 08:50:40",843.7,2,sydneyc666
3499,16646360,"Asrith Singampalli","2026-08-03 08:46:59",843.7,2,asrithsingampalli
3500,16664246,"Sida Zuo","2026-08-25 01:21:54",843.2,2,sidazuo
3501,16784516,pejipej,"2026-08-30 15:37:48",843.0,2,pejmaneghbali
3502,16675452,Vladislav,"2026-08-12 13:58:35",842.9,2,simmeringoverstep
3503,16637489,"Gopal Krishna Gundumalla","2026-08-02 12:39:17",842.7,2,gopalkrishnag
3504,16669632,"Kenneth Alonso","2026-08-31 21:23:44",842.5,2,kennethalonso
3505,16705318,arminhej96,"2026-09-03 15:20:32",842.4,2,arminhej96
3506,16663659,"Omer Rehman","2026-09-02 11:05:02",842.0,2,omerrehman97
3507,16668756,"Clark Kitchen","2026-09-02 09:50:00",841.5,2,clarkkitchen
3508,16696208,"kazwzn S","2026-08-21 10:16:12",841.3,2,kazwzns
3509,16677577,"Harsha Vardhan Konisa","2026-08-31 17:02:44",841.2,2,harshavardhankonisa
3510,16798401,"Hunter Mimaroglu","2026-09-02 22:00:37",841.0,2,huntermimaroglu
3511,16658487,radozaprazny,"2026-09-02 19:32:16",840.0,2,radozaprazny
3512,16640877,Yorix.um,"2026-08-02 13:31:28",839.4,1,yorixum
3513,16632536,"Aleksander Sachuk","2026-08-02 21:33:27",839.2,2,alexsssachuk
3514,16805171,Mario,"2026-09-03 18:38:58",838.3,2,mwalkiew
3515,16632571,"nishchal jain","2026-08-03 07:27:14",838.0,2,nishchaljainds
3516,16663515,HamsterSashka,"2026-08-20 14:40:55",837.9,2,hamstersashka
3517,16641068,"Rahul Ray","2026-08-05 14:27:07",837.1,2,rahulray5
3518,16639330,"Dead Signal Works","2026-08-02 12:40:32",836.9,2,brooklynhalmstad
3519,16712577,"nattapon nakakong","2026-09-03 09:45:14",836.4,2,nattaponnakakhong
3520,16622940,"Enrico Ambrosio","2026-08-06 19:56:30",836.2,2,enricoambrosio
3521,16643692,Samsay24,"2026-08-02 17:22:45",835.8,1,samsay23
3522,16721639,"Ankit Sain","2026-08-25 01:14:02",835.6,2,thisankitsain
3523,16741321,"S. B.","2026-09-03 05:43:39",835.6,2,aughra
3524,16758556,bpbpbpbpb,"2026-09-03 10:56:41",835.4,2,bpbpbpbpb
3525,16640811,cyberia,"2026-08-02 09:12:23",835.2,1,cyberia
3526,16747914,"Token's Expired","2026-08-22 16:25:39",834.9,2,"adeebshekh,akratisingh0101,shaankapoor21"
3527,16677752,"Senya Ka","2026-08-08 19:16:00",834.6,2,m1greatcool
3528,16670842,Cole,"2026-08-15 19:50:43",834.3,2,colechristensen
3529,16667058,"Lê Quốc Duy","2026-08-08 01:03:08",833.3,2,lqucduy
3530,16664439,"Tony T","2026-09-02 05:35:36",833.2,2,thekke
3531,16657419,"Saivedant Hava","2026-08-05 06:36:39",833.2,2,saivedanthava
3532,16789903,"Netanel Keidar","2026-09-03 17:09:59",832.6,2,netanelkeidar
3533,16664653,Adir,"2026-08-26 00:49:46",832.4,2,adiradam
3534,16709800,nubx,"2026-08-20 17:12:04",832.4,2,manrajjitsidhu
3535,16669466,"vuppuluri sriramsubhash","2026-08-06 08:42:50",832.1,2,vuppulurisriram
3536,16715255,"xiaocai liu","2026-08-23 05:57:45",831.4,2,xiaocailiu
3537,16663200,"TUSHAR KUMAR 23321032","2026-08-31 06:05:00",831.4,2,tusharkumar23321032
3538,16713771,bndang,"2026-09-03 19:14:12",831.2,2,bndang
3539,16639719,JASONSLIMWONG,"2026-08-02 08:11:22",831.1,2,jasonslimwong
3540,16635377,het2554,"2026-08-29 18:10:09",830.9,2,crazy2554
3541,16623373,VM,"2026-09-02 06:43:27",830.6,2,vladmazeev
3542,16674543,"Sujal Agarwal2301","2026-08-09 13:37:43",830.1,2,sujalagarwal2301
3543,16634036,"Emanuel Lázaro","2026-08-02 14:55:30",829.8,2,emanuellcs
3544,16661685,"Lê Ngọc Lâm","2026-08-13 15:29:40",829.4,2,lengoclam
3545,16730199,kawanot,"2026-08-24 09:15:18",829.2,2,kawano
3546,16679144,つるげーねふ,"2026-09-03 14:48:19",829.0,2,atom7666
3547,16638551,SC,"2026-08-30 22:31:27",828.9,2,ryosketchbook2007
3548,16774787,wpk1122,"2026-08-29 01:54:49",828.3,2,wpk1122
3549,16632426,Santhana,"2026-09-03 12:26:06",828.2,2,santhanalekshmic
3550,16798334,"Gabriel othávio","2026-09-02 22:08:55",827.6,2,gabrielothvio
3551,16623389,"Mominul Islam Hemal","2026-08-02 11:23:03",827.5,2,mominulislamhemal
3552,16718579,"Nazariy Karpov","2026-08-18 07:28:29",827.4,2,nazariykarpov
3553,16736314,"wuret henr","2026-08-20 09:10:48",826.9,2,wurethenr
3554,16702909,SG4265,"2026-08-13 13:51:05",826.7,2,sg4265
3555,16697266,"Top 1 🏆","2026-09-02 09:22:18",826.7,2,"fahankaudeer,solirus,syntaxprnv,udhaykumarsujeebun"
3556,16663187,"Teddy McBride","2026-08-07 03:59:53",825.5,2,tedcr100
3557,16703203,"Hamza Shafik ","2026-08-17 23:48:06",825.2,2,hamzashafik12
3558,16661353,mithi,"2026-08-11 20:04:07",824.9,2,singhaleo
3559,16678666,"Rudranarayan Pradhan","2026-08-09 12:28:32",824.6,2,itzrnp
3560,16692954,"Adam Nhan","2026-08-16 19:10:48",823.6,2,asnhan
3561,16707034,"Muhammed Ali Kul","2026-09-02 05:15:41",822.9,2,muhammedalikul
3562,16774682,"Tatsuhito Yoshikawa","2026-09-02 04:31:00",822.8,2,tatsuhitoyoshikawa
3563,16639645,RamenBoy,"2026-09-03 14:48:01",822.5,2,ramenboyjapan
3564,16662633,"Shekhar Suman","2026-08-15 19:17:49",822.5,2,shekharvc
3565,16666341,"Ege Güvener","2026-08-15 22:55:16",822.5,2,egegvener
3566,16670365,"Konstantin Alekseev","2026-08-10 10:58:09",822.3,2,alekskst
3567,16749342,crasal,"2026-09-03 14:45:37",821.9,2,crasal
3568,16626217,"Stanislav Chistyakov","2026-08-05 18:52:47",821.6,2,chistyakov
3569,16672035,diet1236364,"2026-08-09 23:37:45",821.1,2,kosuke123
3570,16696267,"yu lesui","2026-08-10 05:41:40",820.4,2,yulesui
3571,16697205,"Gould Research","2026-08-19 03:18:44",819.3,2,"georgeking1,gouldh,gradybos,shanemullahy"
3572,16692569,"Mark Kirwan","2026-08-26 08:05:16",819.2,2,markkirwan1990
3573,16659749,"Kavsik YVS","2026-08-22 19:30:45",819.2,2,kavsiku0512
3574,16668056,"Quantum Farm","2026-08-25 14:21:19",819.1,2,"anselem7,divineokwueze,nnanyereuzoma"
3575,16668923,"duy tran","2026-08-10 18:38:49",818.9,2,duytran23
3576,16732422,"Aizat Kashapov","2026-09-03 01:02:09",818.5,2,liderpartiii
3577,16714161,Slirche,"2026-09-03 19:41:31",818.3,2,slirche
3578,16759229,"Samuel Kurabachew","2026-08-28 22:17:20",817.5,2,samuelkurabachew
3579,16661754,edwinis,"2026-09-01 15:26:00",817.2,2,edwinis
3580,16652334,"Aldibek [dsmlkz]","2026-08-27 19:33:18",817.1,2,aldibek
3581,16767709,"Mike Anderson","2026-09-03 12:57:08",817.1,2,manderson240
3582,16802695,"Taras Sam","2026-09-03 14:17:08",816.5,2,tarassam
3583,16667516,Rosastella,"2026-08-05 16:00:48",816.5,2,rosastella
3584,16661467,sh_sub97,"2026-08-12 15:20:25",816.3,2,shsub97
3585,16662984,"Mark Schatza","2026-08-25 15:40:39",815.0,2,markschatza
3586,16734321,SubratP85,"2026-08-25 21:03:35",814.4,2,subratp85
3587,16678044,BJFC,"2026-08-16 09:15:05",814.1,2,"harshithharithsa,svsumanth"
3588,16658264,XiweiZhou,"2026-08-17 20:12:31",813.9,2,xiweizhou
3589,16663444,Thomas,"2026-08-11 04:21:42",813.9,2,tartieret
3590,16635177,Zacchaeus,"2026-08-07 07:04:15",813.8,2,zacchaeus
3591,16717414,"Akshit Sivaraman","2026-08-13 14:43:40",813.5,2,akshitsivaraman
3592,16665301,EricYang03,"2026-08-13 15:49:11",813.4,2,ericyang03
3593,16773966,"Ronel Abraham Mathew","2026-08-26 16:05:26",813.3,2,ronelm
3594,16699856,yukio,"2026-09-03 14:33:02",813.2,2,yukioseki
3595,16664249,"Rohan Jain","2026-08-17 20:26:14",813.0,2,rohanjain2312
3596,16693903,"Alief Randiansyah","2026-08-09 09:37:39",813.0,1,"aliefrandiansyah,salsaaghnia"
3597,16637340,the_vinci_coder,"2026-08-03 16:27:16",813.0,2,lokijt
3598,16636105,"Md. Mehedi Hasan","2026-08-01 14:03:03",813.0,2,mehedi052
3599,16694110,"Team Amboss","2026-09-02 11:54:49",812.9,2,alexphilippi
3600,16692350,"Emerson Suarez","2026-08-16 05:09:13",812.9,2,jericksystem32
3601,16732774,edchax,"2026-09-02 08:03:33",812.5,2,edchax
3602,16670424,"Josep Audenis","2026-08-11 17:52:07",812.4,2,josepaudenis
3603,16691481,"Aditi Salvi","2026-08-18 15:24:53",812.0,2,aditisalvi04
3604,16688868,AlbanMaurel7,"2026-08-14 01:34:07",811.7,2,albanmaurel7
3605,16688929,"Kangqiao LIU","2026-08-18 07:44:55",811.1,2,kangqiaoliu
3606,16670759,"Lemmes Yad","2026-08-09 04:37:37",810.2,2,"austinsemmel,jonallday"
3607,16735539,"Joe Muller","2026-08-23 00:37:35",809.8,2,joemuller
3608,16674447,"Nathan Thor","2026-08-11 15:09:57",809.6,2,devofpie
3609,16660548,"Viraj Bakshi","2026-08-08 18:50:11",809.3,2,virajbakshi
3610,16635049,rooklift,"2026-08-16 06:27:36",808.9,2,rooklift
3611,16675997,"Rintaro Moriwaki","2026-08-28 13:25:42",808.5,2,rintaromoriwaki
3612,16731990,Karl0106,"2026-09-03 08:57:37",808.3,2,karl0106
3613,16675661,June_mk,"2026-09-03 11:58:30",807.8,2,jungoto
3614,16635848,KartoplyanePure,"2026-08-31 20:43:34",807.1,2,"danylotovp,wizardmp"
3615,16734409,"Yuta Yamazaki","2026-08-31 04:07:38",806.4,2,yamayuu18
3616,16635127,"Sergey Bryansky","2026-08-26 20:39:37",806.0,2,sggpls
3617,16664103,izack2666,"2026-08-07 14:41:10",805.4,2,izack2666
3618,16634876,MakiMakiAi,"2026-08-02 07:52:40",805.2,2,makimakiai
3619,16677514,mayoristaNLP,"2026-08-09 16:33:23",805.2,2,mayoristanlp
3620,16680290,prospers,"2026-08-12 10:00:34",805.0,2,prospers
3621,16623309,zyvren,"2026-09-03 16:27:19",804.5,2,"nusratahmmedmaisha,sharif485"
3622,16669330,"Panagiotis Charalabopoulos","2026-08-26 18:49:46",804.0,2,panagiotischaral
3623,16758204,kkKaan,"2026-08-24 07:56:58",803.7,2,kkkaan
3624,16652984,hxaxd,"2026-08-05 15:09:49",803.7,2,hxaxdcs
3625,16655062,KKS,"2026-08-08 07:36:03",803.5,2,sachisgod
3626,16659174,Soulwood,"2026-09-03 08:04:57",802.4,2,soulwood
3627,16671980,601918_กิตติพงศ์,"2026-08-08 08:28:12",802.0,2,bluexg5502
3628,16760087,Slizzle,"2026-08-30 04:37:40",801.9,2,sloan98
3629,16640619,"Sơn Nguyễn","2026-08-28 08:19:19",801.2,2,sonnguyen10
3630,16674532,"shoaib khan","2026-08-08 01:57:11",801.0,2,manifoldinfo
3631,16790660,suk1yak1,"2026-09-03 11:48:54",800.1,2,suk1yak1
3632,16657095,"Prashant Kumar","2026-08-20 12:59:11",800.1,2,praskr
3633,16762719,"Ahmet Bilginoglu","2026-09-02 20:34:49",799.7,2,ahmetbilginoglu
3634,16726093,CocoTeam,"2026-08-18 14:22:45",799.7,2,"albaasca,ceemeese"
3635,16634582,"Tarun Chaudhary","2026-08-12 06:36:33",799.5,2,tarunchdev
3636,16715399,"Julia Chien","2026-08-27 02:44:32",799.2,2,juliachien
3637,16636725,shichi,"2026-08-11 12:47:35",799.2,2,shichi
3638,16718039,Uman_n3l,"2026-08-31 14:40:32",799.2,2,umann3l
3639,16705328,"Ester Arias","2026-09-03 19:31:27",798.7,2,esterarias
3640,16698281,Neural,"2026-08-27 03:34:11",797.5,2,kevinkoza
3641,16716089,wuzixiao,"2026-08-31 07:30:48",797.1,2,wuzixiao
3642,16639810,gytdrop,"2026-08-14 12:47:28",797.1,2,"kartikeyrajbhar,shaikaktharali"
3643,16667880,BONPU👨‍🌾,"2026-08-12 04:59:48",796.6,2,"shin9915,syamoji141chan"
3644,16623616,nasubiman,"2026-08-01 16:20:44",796.5,2,yousukenakamura
3645,16756411,"Maximo Uribarri","2026-08-30 06:10:08",796.2,2,maximouribarri
3646,16663933,AnshV1,"2026-08-06 03:03:35",795.6,2,anshv1
3647,16688429,"Omrani Rabah","2026-08-11 22:19:21",794.8,2,omranirabah
3648,16795844,Azamaro,"2026-09-02 14:07:03",794.8,2,azamaro
3649,16672095,"Friaseus ","2026-09-03 17:50:33",794.7,2,friaseus
3650,16668168,"Ashutosh Ghodasara","2026-08-10 12:23:21",794.6,2,"asce09,attiraina,hashlord"
3651,16632266,"(ノ◡ <)","2026-08-17 05:00:19",794.3,2,nawfeelrahman1124444
3652,16658252,"Krishnan CS","2026-08-20 05:28:14",793.8,2,krishnanchathadi
3653,16759786,"zzx Hee","2026-09-02 06:49:05",793.5,2,zzxhee
3654,16686513,Vipul_Kumar75476,"2026-09-03 09:26:52",793.4,2,vipulkumar75476
3655,16697185,"Prince Special","2026-09-03 14:39:49",793.3,2,temitayogbolahan
3656,16718202,"Abhi Kumar Agrawal","2026-08-18 09:52:24",793.0,2,abhikumaragrawal
3657,16796682,LK30,"2026-09-02 00:01:20",792.9,2,louisklasing
3658,16635612,Julian,"2026-08-27 01:59:41",792.6,2,mob404
3659,16770154,Florian,"2026-09-03 11:52:23",792.2,2,ftusek
3660,16743074,LumenLiquidity,"2026-09-02 16:18:35",791.5,2,giovannibaldon
3661,16694779,JacobKooi,"2026-08-10 09:16:35",791.2,2,jacobkooi
3662,16658365,"Hoo Woo","2026-09-01 03:46:14",791.2,2,hoowoo
3663,16658452,"The Croptimiser","2026-08-06 05:07:52",790.7,1,driessmit1
3664,16694269,Aftxb,"2026-08-11 14:58:08",790.0,2,aftxb07
3665,16708369,JairSanchez151270,"2026-08-11 16:30:55",789.8,2,jairsanchez151270
3666,16659125,"Meet Parekh","2026-08-19 10:31:09",789.3,2,meetparekh1
3667,16688587,yamashu,"2026-08-14 09:55:48",789.1,2,yamashuuu
3668,16662749,Jordan,"2026-09-02 04:07:33",788.8,2,extergeist
3669,16809277,"Shuntaro Tanaka","2026-09-03 13:33:56",788.1,2,shuntarotanaka
3670,16663403,"Matthew Huang","2026-08-16 23:25:45",787.5,2,matthewwh
3671,16633173,"Saulo Quiñones Góngora","2026-09-03 17:41:00",787.4,2,sauloquionesgngora
3672,16715251,SoraGinko,"2026-08-28 18:52:17",787.3,2,terrywuu
3673,16815488,"crothety liu","2026-09-03 09:36:27",786.8,2,crothetyliu
3674,16780969,"Ewa Suknarowska","2026-08-30 15:53:25",786.7,2,ewasuknarowska
3675,16668868,tawashi,"2026-08-13 06:51:45",786.7,2,tawashi
3676,16623645,"ayutin tin","2026-08-14 07:48:31",786.4,2,ayutintin
3677,16763977,"Jong Park","2026-08-26 09:21:40",786.3,2,papercat318
3678,16658050,"changwei shi","2026-08-18 02:45:47",786.3,2,changweishi
3679,16756062,"Thomas #2","2026-09-03 14:51:46",785.7,2,tommurakami
3680,16690852,"Naveen Venu Bagadi","2026-08-30 04:38:13",785.5,2,naveenvenubagadi
3681,16724522,"stathis maurog","2026-08-26 07:01:48",785.3,2,stathismaurog
3682,16713877,FunnyBishop,"2026-08-16 03:19:24",785.0,2,funnybishop
3683,16684710,"Pratik Singh","2026-08-11 11:34:48",784.4,2,pratikks11
3684,16623932,"Axel Ahmer","2026-09-01 14:13:12",784.1,2,blondie1
3685,16753820,sbite0138,"2026-09-03 16:46:40",784.0,2,sbite0138
3686,16663356,Farm-ops,"2026-08-06 23:27:37",783.5,2,"dakotavannauker,tsho01"
3687,16739640,TeamBanzaiSL,"2026-08-27 17:13:26",783.3,2,teambanzaisl
3688,16685069,derek_kuang0213,"2026-08-22 10:33:21",783.2,2,derekkuang0213
3689,16667874,Vidushiii,"2026-08-10 12:25:42",782.3,2,vidushianand09
3690,16655744,"Ademola Arigbabuwo","2026-08-31 00:48:33",781.8,2,princedemo
3691,16661533,wangyuou,"2026-09-03 17:01:41",781.8,2,wangyuou
3692,16632950,"Adil Khabibullin","2026-08-04 15:54:11",781.5,2,adilkhabibullin
3693,16738994,"Hem Viramgama","2026-08-21 00:34:48",781.4,2,hemviramgama
3694,16663584,"Deployable LLMs","2026-09-03 02:29:28",780.9,2,"lucasveronese,planetoidleser,sinhakprat"
3695,16666391,"Harshpreet Singh","2026-08-06 10:32:51",780.8,2,harshpreet931
3696,16665816,Vikas1306,"2026-08-10 05:53:19",780.4,2,vikas1306
3697,16661585,"Fully Liquidated","2026-09-01 01:57:16",780.1,2,kriskilgroe
3698,16705345,"DEMON JI","2026-08-14 15:02:11",779.9,2,demonji04
3699,16633923,JackyFan123,"2026-08-01 15:22:04",779.8,2,jackyfan123
3700,16806141,rode1234,"2026-09-03 08:10:16",779.2,2,rode1234
3701,16786485,"Sam Jenkins","2026-09-01 03:50:16",778.9,2,samjenkinsuk
3702,16712567,PatWid,"2026-08-18 17:17:20",778.7,2,patwid
3703,16662486,"KOTHAPALLI DILEEP","2026-08-10 12:06:14",778.4,2,kothapallidileep
3704,16639223,"SIDHAARTH SHREE","2026-08-19 15:03:55",778.3,2,sidhaarthshree
3705,16662375,"Yunusa Hussein Adeiza","2026-08-14 22:12:49",778.2,2,yunusahusseinadeiza
3706,16729859,wintermute,"2026-09-02 19:15:07",777.7,2,siraev
3707,16638667,"Sarvesh Nikas","2026-08-13 06:50:00",777.6,2,sarveshnikas
3708,16718539,"Divyansh Agrawal","2026-08-14 06:58:46",776.7,2,spartan1925
3709,16639973,akky,"2026-08-03 15:39:41",776.6,2,tellxxx
3710,16720234,Aditya109,"2026-09-03 15:13:55",776.5,2,"aditya109,tathagattyger"
3711,16725150,"Nicolae Drabcinski","2026-09-01 11:45:51",776.4,2,nickdrabcinski
3712,16676308,DC,"2026-08-19 17:34:02",775.9,2,choudahchiun
3713,16723241,TrinhDung16,"2026-08-15 16:23:32",775.8,2,trinhdung16
3714,16657775,"Raagav Anand","2026-08-27 09:40:44",775.3,2,raagavanand
3715,16687788,skalermo,"2026-08-26 15:57:41",774.9,2,skalermo
3716,16664149,"Bushel Seed","2026-08-12 17:10:56",774.9,2,"dmyung,nicholasmschwartz"
3717,16663784,Aniketh2k7,"2026-08-10 06:02:02",774.2,2,aniketh2k7
3718,16687883,CherylStoned,"2026-08-11 22:53:28",774.2,2,cherylstoned
3719,16655142,"Stanislav Kuznetsov","2026-09-03 12:58:20",773.2,2,drtduck
3720,16697844,Noobykiller16,"2026-08-15 06:08:27",773.0,2,noobykiller16
3721,16667762,KucingGanteng,"2026-08-20 12:49:29",772.8,2,dhiyaussalam
3722,16675475,"Andrey Aristov","2026-08-10 22:02:24",772.8,2,andreyaristov
3723,16642662,CdeTilly,"2026-08-08 08:26:37",772.8,2,cdetilly
3724,16630741,mrk,"2026-08-05 09:49:44",772.4,2,matsubaratakuji
3725,16669392,cobrapigeon,"2026-08-20 18:43:25",772.3,2,cobrapigeon
3726,16658083,"Gunjan Solanki","2026-09-03 10:39:28",772.0,2,blackhatv1
3727,16755681,nic001,"2026-08-28 08:06:19",771.8,2,mimamura
3728,16634493,xixi,"2026-08-01 09:51:45",771.7,2,huangcarry26
3729,16719065,"Aldo Rizona","2026-08-17 15:32:26",771.5,2,aldorizona
3730,16710621,(´･_･`),"2026-08-16 07:14:53",771.4,2,tanakh
3731,16649344,BeyondAnalytics,"2026-08-28 12:00:36",770.7,2,radumarinion
3732,16658602,aldoktvns,"2026-08-04 15:51:08",770.6,2,alrette
3733,16728204,Meshwa,"2026-09-03 07:35:26",770.4,2,meshwapatel4287
3734,16698007,"Juanma Serrano","2026-08-23 15:49:31",770.2,2,juanmaserrano
3735,16664154,dwdwdwsdedwd,"2026-08-11 06:29:24",770.1,2,dwdwdwsdedwd
3736,16672629,"Alex Boyd","2026-08-25 17:25:08",769.2,2,alexrayboyd
3737,16698366,Fateyongheng,"2026-08-17 15:08:58",768.6,2,fateyongheng
3738,16673477,ArtFix,"2026-08-11 00:51:09",768.4,2,artfix
3739,16635872,"Evgeniya Dmitrieva","2026-08-01 11:48:30",768.3,1,evgeniyadm
3740,16758298,"Jack p","2026-08-30 07:36:22",767.5,2,jtv199
3741,16655423,"Roland Luethy","2026-09-03 03:10:27",767.4,2,rluethy
3742,16719081,数学の山田,"2026-08-31 14:08:37",767.3,2,b612sum1
3743,16738538,ZHANG_WuHua,"2026-08-18 16:21:19",767.0,2,zhangwuhua
3744,16658272,"Yash Katiyar","2026-08-08 20:17:05",766.8,2,yashkatiyar409
3745,16659465,AravindLochan,"2026-08-17 10:29:21",766.3,2,aravindlochan
3746,16662050,HandsOffMyBigMelons,"2026-08-13 22:00:12",766.3,2,scrattle
3747,16664024,"Juan David Bolanos","2026-08-13 17:06:00",765.9,2,juandavidbolanos
3748,16731832,jackee777,"2026-08-31 18:06:59",765.7,2,jackee777
3749,16635796,MugaBros,"2026-08-04 05:27:02",765.6,2,"drrocktotpalkonwarh,monjyotid"
3750,16662568,RaghavMundhra1,"2026-08-24 00:36:28",765.2,2,raghavmundhra1
3751,16664219,JosephGuhlin,"2026-08-10 08:46:16",765.2,2,jguhlin
3752,16670214,"Louis @ tradeInsight.ai","2026-08-21 15:18:11",765.0,2,louisquart
3753,16668123,B0RN2BL0W0UT,"2026-09-03 12:36:43",764.3,2,kadenmansur
3754,16671217,"Akshay V","2026-08-21 04:01:22",764.1,2,akshayv1001
3755,16759162,sgsuh,"2026-08-30 11:47:26",764.0,2,seukgyo
3756,16767802,"Luis Fernando Faria","2026-08-31 20:57:29",763.9,2,luisfernandofaria
3757,16664828,Leon,"2026-08-09 09:00:09",763.7,2,leonmyl
3758,16750175,"Quentin Pr","2026-08-27 18:08:14",763.2,2,quentinpr
3759,16690988,"Aditya Bharadwaj","2026-08-20 10:02:32",762.8,2,adityabharadwaj26
3760,16659817,"Viet Anh Ngo ","2026-08-31 09:41:08",762.8,2,vietngogm
3761,16623128,AdamJonesJohnson,"2026-08-23 11:53:03",762.7,2,adamjonesjohnson
3762,16663678,"Fabiano Adelino","2026-08-24 23:45:56",762.5,2,fabianoadelino
3763,16804027,ceir-ceir,"2026-09-03 19:11:09",762.4,2,ceirceir
3764,16679295,Mk26,"2026-09-02 06:50:31",762.3,2,"manishk26,mans31"
3765,16674324,"luca fregona","2026-08-08 13:37:49",761.4,2,lucafregona
3766,16665984,hepialidae,"2026-08-10 16:05:19",761.3,2,hepialidae
3767,16725010,jenninglim,"2026-08-23 08:38:47",761.1,2,jenningl
3768,16684250,"Alexander Sokolov","2026-09-03 11:31:35",760.9,2,cheeec0
3769,16716300,"Julian Kerignard","2026-09-01 14:54:34",760.4,2,juliankerignard
3770,16731443,"Arjun Vinod","2026-08-21 01:00:30",760.2,2,arjun0014
3771,16760247,kriskur123,"2026-09-03 19:48:54",759.7,2,kriskur123
3772,16728114,yu9824,"2026-09-03 03:49:04",759.3,2,yu9824
3773,16627148,"Rogovik Makar","2026-09-01 18:00:18",759.2,2,makarrogovik
3774,16709809,RiyaSoni20,"2026-09-03 16:04:46",759.2,2,"riyasoni20,rudraamin06"
3775,16624026,"Russell Kirk","2026-09-03 18:42:38",759.1,2,russcore
3776,16668021,"bali rasem","2026-08-07 16:15:13",758.9,2,balirasem
3777,16624277,"D S S Kumar","2026-08-10 03:22:55",758.3,2,satrusskumar
3778,16652446,"tine.sh agent","2026-09-03 16:38:06",758.2,2,sidcodegg
3779,16805918,"kaito ide 31","2026-09-03 17:59:13",758.2,2,kaitoide31
3780,16663614,Nevska,"2026-09-03 19:27:10",758.1,2,nevska
3781,16631090,yoikoarmor,"2026-08-09 07:01:44",757.9,2,yoikoarmor
3782,16665942,"Satvik R Shetty","2026-08-09 03:59:52",757.6,2,satvikrshetty
3783,16657570,"Guruprasad Parasnis","2026-08-10 12:04:57",757.4,2,guruprasadparasnis
3784,16656274,googunmo,"2026-08-08 01:13:58",756.9,2,googunmo
3785,16734712,"Jamshid Ganiev","2026-08-19 06:03:31",756.7,2,jamshidganiev
3786,16668361,NinhNguyen,"2026-09-03 14:09:29",756.5,2,ninhnt110695
3787,16656162,Marisyn,"2026-08-18 18:19:19",756.4,2,marisyn
3788,16786115,"Andy Phan","2026-09-03 01:36:52",756.1,2,andyphan
3789,16630519,"Mehmet Özer","2026-08-01 16:51:55",756.0,2,ozermehmet
3790,16732690,なーでぃー牧場,"2026-09-03 17:56:55",755.6,2,nadyresearcher
3791,16691580,"Toni Blanco","2026-08-11 13:10:45",755.2,2,toniblanco
3792,16714208,TirumalaMarri,"2026-08-29 00:04:15",754.8,2,mtreddy
3793,16702270,"Jonas Jaku","2026-08-12 09:44:36",754.7,2,jonasjaku
3794,16655340,LGarcia10,"2026-08-17 13:17:31",754.2,2,leonardogarcia10
3795,16746380,JKong,"2026-08-22 01:40:01",753.9,2,kmt2001
3796,16709481,"Gerbilles Saucières","2026-08-22 10:38:44",753.9,2,"benjaminhrt30,volbox1902"
3797,16719745,"Masih Pemula Beneran","2026-08-31 02:14:53",753.7,2,mikhaeldhika
3798,16741892,astro,"2026-08-20 20:49:49",753.5,2,mayursamrutwar
3799,16743617,Dancing_Chaos,"2026-08-31 15:42:35",753.4,2,"bailynlove4ever,ripplecddc"
3800,16661943,"Cow Wizard","2026-08-14 02:14:58",753.3,2,cowwizard321
3801,16635670,"Mr.S hanakosan","2026-08-09 00:31:34",753.2,2,earlgreytea15
3802,16745264,wpang,"2026-09-02 23:31:45",753.1,2,wangshu
3803,16639492,"Vishnu R Mohan","2026-08-08 20:36:19",752.9,2,vishnurmohan
3804,16743546,"Simon Dorcas","2026-08-19 15:14:36",752.6,1,simondorcas
3805,16633928,ghostiee11,"2026-08-01 01:33:25",752.6,1,ghostiee11
3806,16669461,"suzy su","2026-09-03 15:40:48",752.2,2,suzysu997
3807,16663238,"Francesco Zaccaria","2026-08-21 07:28:57",752.1,2,francescozaccaria
3808,16808956,"Denis Zerov","2026-09-03 10:59:46",751.5,2,dinoden
3809,16631215,"Hira Norm","2026-08-08 07:32:06",751.5,2,hiranorm
3810,16679079,"cedric stephan ","2026-08-25 20:39:15",751.4,2,cedricstephan
3811,16656072,Vespidae,"2026-08-14 03:30:03",751.3,2,ianapis
3812,16708189,Facouse,"2026-08-11 16:09:17",751.2,2,facouse
3813,16668298,"Riki Garcia","2026-08-26 15:36:14",751.1,2,rikigarcia
3814,16673346,gabrielep09,"2026-08-11 01:52:41",750.4,2,gabrielep09
3815,16666204,"David Nana Kofi Ofosu-Arko","2026-08-05 11:04:42",750.2,2,davidnanak
3816,16732574,AlcoholCat,"2026-08-31 14:33:25",750.1,2,alcoholcat
3817,16652079,Infill,"2026-09-02 13:47:56",749.6,2,infill
3818,16658430,bruyantq,"2026-08-23 08:52:33",749.5,2,bruyantq
3819,16656013,Asuran,"2026-08-17 07:43:54",749.2,2,zkasuran
3820,16665120,nobody,"2026-08-13 14:48:45",749.2,2,rajesh1729
3821,16784960,i-yuki23,"2026-08-30 01:13:11",749.1,2,iyuki23
3822,16663361,protoLabs.studio,"2026-08-06 18:39:50",748.6,2,protolabsstudio
3823,16664241,payoon,"2026-08-07 08:24:05",748.3,2,payoon1234
3824,16770785,Brahim,"2026-09-03 12:33:28",747.9,1,brahimdriss
3825,16705417,fuxi,"2026-08-16 07:53:46",747.5,2,"padyue,pytorch5009asd"
3826,16759443,"Ayman machhidan","2026-09-02 22:04:03",747.0,2,aymanmachhidan
3827,16687808,GorillaGhost,"2026-08-13 23:23:10",746.7,2,gorillaghost
3828,16657397,"QSS Technosoft AI Team","2026-08-05 07:47:00",746.6,2,"kunalthedev,nishantkumarabes,prathamydvv,prishagdev,shreyakchakraborty"
3829,16669561,"Nikunj Pahwa","2026-08-15 20:04:36",746.3,2,nikunjpahwa
3830,16686787,"Lars Kammeijer","2026-08-07 21:31:11",745.5,2,larskammeijer
3831,16802675,manishcs076,"2026-09-02 16:48:18",745.5,1,manishcs076
3832,16738805,"Sergey Panasenko","2026-08-31 23:14:50",745.1,2,spanasenko
3833,16654332,"Borys Tymchenko","2026-09-02 11:19:31",745.1,2,spsancti
3834,16701036,"Tiandong Wang","2026-08-19 11:45:32",745.0,1,condone
3835,16747390,SawadaTsurumai,"2026-08-24 09:48:07",744.4,2,sawadatsurumai
3836,16746151,"Nicolas Gomasjaya","2026-08-26 16:57:08",744.3,2,nicolasgomasjaya
3837,16785100,5386,"2026-09-01 11:13:18",743.8,2,"ismktkaggle,rairai314,satosis"
3838,16666452,"victor souza","2026-08-09 17:07:51",742.6,2,victorcaio
3839,16660805,"Ramon van Dijk","2026-08-05 05:48:21",742.5,2,ramonvandijk
3840,16623886,onepunch999,"2026-08-01 07:30:37",742.0,2,onepunch999
3841,16656934,"Aleks Kolesnik","2026-09-03 07:45:25",741.8,2,aleksandrkolesnik
3842,16699415,"Dohwan Kwak","2026-08-31 01:05:28",741.5,2,dohwankwak
3843,16819872,"Shi Van","2026-09-03 16:50:46",741.5,1,shivanufo
3844,16623555,yindujuxi,"2026-08-01 10:11:35",741.4,2,yindujuxi123
3845,16798478,"Vinicius Pupin","2026-09-02 21:29:51",741.2,2,viniciuspupin
3846,16741188,"Adarsh Samanu","2026-08-20 00:01:33",741.2,2,adarshsamanu
3847,16734511,"Marcin Salaterski","2026-09-03 19:20:29",741.0,2,marcinsalaterski
3848,16672493,ChloeeeeY,"2026-08-23 06:17:03",740.9,2,chloeeeey
3849,16763886,"Jackson Sauls","2026-08-24 19:30:24",740.8,2,jacksonsauls
3850,16664804,ryanovovo,"2026-08-05 18:02:38",740.6,2,ryanovovo
3851,16719696,"Spencer Farrand","2026-08-17 18:40:28",740.5,2,spencerfarrand
3852,16636454,epigene,"2026-08-02 10:14:52",740.3,2,nadhu59648
3853,16630501,"Haris Ahmed","2026-08-14 10:08:51",740.2,2,harisahmedgenai
3854,16665342,Prothos,"2026-08-23 13:44:29",739.9,2,vjuenemann
3855,16633175,"Umut Kıvanç Sipahioğlu","2026-08-04 15:51:56",739.8,2,umutkvansipahiolu
3856,16728633,draven,"2026-08-31 17:38:18",739.5,2,ustchx
3857,16779977,sue124,"2026-09-03 00:19:40",739.0,2,ryotasueyoshi
3858,16640816,pawaraman,"2026-08-02 19:46:52",738.4,2,pawaraman
3859,16668089,Goller,"2026-08-26 15:05:53",738.4,2,goller
3860,16798268,KAEOS,"2026-09-01 23:09:15",738.2,2,hitesh221
3861,16660310,KOLONEX.NET,"2026-08-10 12:40:46",738.1,2,danielandresmiranda
3862,16653222,StevenYuan7788,"2026-08-17 17:38:44",738.0,2,stevenyuan7788
3863,16763829,"Shane Thivaharraja","2026-09-03 01:51:05",737.9,2,shanethivaharraja
3864,16688893,CCG,"2026-09-03 02:01:51",736.6,2,"hirokenn,nagomenk"
3865,16713236,kingofeverything,"2026-09-03 16:04:20",736.4,2,"kingofeverything,skyyyang"
3866,16633341,Hak,"2026-09-02 10:35:53",736.1,2,hakdevelopment
3867,16656501,"Thái Phạm Công","2026-08-05 03:59:47",735.8,2,thaipc
3868,16670420,"Mihir Argulkar","2026-08-07 20:03:15",735.7,2,mihirargulkar
3869,16741660,Dhruv_Goyal990,"2026-09-03 16:20:31",735.6,2,"dhruvgoyal990,prathameshbelavagi"
3870,16684957,"Lucas Ferreira","2026-08-11 18:20:43",735.5,2,lucasdeoferreira
3871,16642846,"Leonid Zaporozhets","2026-08-02 20:03:13",735.4,2,leonidzaporozhets
3872,16664457,yaohongfu,"2026-08-10 12:30:43",735.4,2,yhfwww
3873,16657172,Honkazu,"2026-08-28 16:55:46",735.3,2,janposlusny
3874,16668720,"etienne duplessix","2026-08-10 22:48:53",734.5,2,etienneduplessix
3875,16630559,khan,"2026-08-02 12:18:56",734.4,2,khansolov
3876,16672103,"fred mahinay","2026-08-24 23:34:48",734.4,2,fredmahinay
3877,16659974,"anthony sinchi","2026-08-18 00:01:08",733.7,2,anthonysinchi
3878,16635004,"jacob OKOTH O","2026-08-02 05:57:05",733.3,1,jacobokotho
3879,16745972,yamy893,"2026-08-22 02:14:20",733.2,2,yamy893
3880,16759623,"zhenglu wen","2026-08-26 06:24:09",732.9,2,zhengluwen
3881,16638823,YDDDDDD999,"2026-09-03 16:00:54",732.9,2,ydddddd999
3882,16756972,"Đức Hải Hà","2026-09-03 17:38:53",732.8,2,tankinguyen
3883,16704589,"Lobato MBA IA Big Data","2026-09-03 18:02:53",732.7,2,lobatombaiabigdata
3884,16781242,"Bobby Clare","2026-09-03 17:04:16",732.7,2,bobbyclare
3885,16669489,"Yichi Zhang","2026-08-28 19:31:07",732.5,2,yichizhang12
3886,16698822,JJN8825,"2026-09-02 06:51:45",732.3,2,jjn8825
3887,16695822,"Ahmad Elawady","2026-08-18 20:06:59",732.3,2,aielawady
3888,16633269,op_star_platinum,"2026-08-09 17:52:52",732.1,2,opstarplatinum
3889,16740161,"Ratna Raj Singh","2026-08-31 18:02:45",732.0,2,ratnaraj
3890,16637898,"Marek Nurzynski","2026-08-01 16:06:46",732.0,1,marek3000
3891,16761227,Ciel_ing,"2026-08-23 10:03:29",732.0,2,cieling
3892,16631573,uesi,"2026-08-01 12:04:04",731.8,1,uemura687
3893,16777746,"Daniel Bandy","2026-08-29 02:04:01",731.5,2,goddangitboby
3894,16763838,"L. Barriga","2026-08-27 06:48:39",731.4,2,lbarriga
3895,16787200,"HayDay Protestors","2026-09-03 18:51:22",731.3,2,"aaronjoshuaemmanuel,anjulasankalpa,chamathjayashanka,ghostd,prabhashanmadurawala"
3896,16735298,Watary0927,"2026-08-22 23:25:11",730.2,2,watary0927
3897,16654456,"Tristan Peng","2026-08-09 17:00:48",730.0,2,tristanpeng
3898,16790257,"Shivam Kushwaha","2026-08-30 11:55:08",729.5,2,shivamk21
3899,16655411,フナコシ,"2026-08-20 13:47:26",729.3,2,kokifunakoshi
3900,16657887,"Yermak Petro","2026-08-31 15:56:06",729.3,2,yermakpetro
3901,16740361,"Suba S","2026-09-03 17:04:40",729.3,2,jupiter79
3902,16664760,SN,"2026-08-10 10:48:44",729.3,2,spirosnianiaras
3903,16665517,"RUEI-HSIANG. CHANG","2026-08-17 15:23:55",729.1,2,rueihsiangchang
3904,16658660,"Leo Lai","2026-08-13 08:14:45",728.7,2,junweilai
3905,16737986,"Edris Yawar #2","2026-09-03 09:13:48",727.9,2,edrisyawar
3906,16668269,"Rashi Jain07","2026-08-05 17:46:37",727.6,1,rashijain07
3907,16688108,Special_octo20,"2026-08-24 05:25:56",727.5,2,specialocto20
3908,16650160,nori8774,"2026-08-10 06:26:21",727.3,2,norimasayamamoto
3909,16721960,"Lê Khang","2026-08-18 19:42:43",727.1,1,kobtdatten
3910,16658700,"szlachetny snieg","2026-09-03 16:44:53",727.1,2,takayukiimoto
3911,16633466,"Aarush pandey","2026-08-25 19:17:14",726.7,2,aarushpandey
3912,16748979,"Venkata Madhu Sai D ","2026-08-21 19:49:08",726.6,1,venkatamadhusaid
3913,16630773,"An Hoang Vo","2026-09-03 07:47:31",726.2,2,anhoangvo
3914,16654855,"Pedro Rezende Gomes","2026-08-06 00:41:30",725.8,2,pedrorzgomes
3915,16718133,KaranjeetSingh1110,"2026-09-01 16:21:58",725.7,2,karanjeetsingh1110
3916,16690651,"XS 330","2026-09-01 16:26:47",725.6,2,xblade
3917,16738700,"Bugra Cinar","2026-08-19 07:51:58",725.6,2,bugracnr
3918,16678773,"Steve Probst","2026-09-02 11:24:34",725.4,2,steveprobst
3919,16775652,"Dat Dinh","2026-08-28 09:19:43",725.4,2,dathbdinh
3920,16670834,romin_123,"2026-08-14 01:25:19",725.4,2,romin123
3921,16697461,Agricroporation,"2026-09-02 07:02:16",725.3,2,"algionightly,kroissant7,officialabhinavsingh"
3922,16750036,"Kiệt Lưu","2026-09-03 11:36:21",725.3,2,jaxyss
3923,16784992,Prasad.tgs,"2026-09-03 16:57:16",724.9,2,sivaprasadnaidu
3924,16726941,CJ103CJ,"2026-08-23 12:52:07",724.7,2,cj103cj
3925,16736856,misaki,"2026-08-27 15:57:11",724.2,2,"dicenull,iroharyo,jinnsou0219,misakima"
3926,16692857,AbeLincoln1865,"2026-08-11 00:10:16",724.2,2,abelincoln1865
3927,16692678,Nerozud,"2026-09-02 08:28:50",723.7,2,"lorerubiano22,nerozud"
3928,16757447,soyukke,"2026-08-31 04:17:18",723.4,2,soyukke
3929,16658224,"Daniel Gallardo Gómez","2026-08-07 08:17:24",723.2,2,danielgallardogmez
3930,16663736,"Life Is Roblox","2026-08-17 18:58:37",722.5,2,alexlisenko
3931,16660090,"Kaggriculture @ Farmageddon","2026-09-02 13:33:46",722.5,2,gary08phillios
3932,16755911,"Paarth Patel","2026-09-03 09:02:31",722.1,2,martis10
3933,16675888,"Rob Gonzalez","2026-08-08 14:58:43",722.0,2,robg475
3934,16781447,"Cody Schrank","2026-08-31 04:38:57",721.7,2,codyschrank
3935,16622993,"Yaroslav Tanko","2026-08-18 04:34:12",721.4,2,yaroslavtanko
3936,16699838,"Harry Taylor","2026-08-21 10:38:18",720.6,2,harryphysics
3937,16664112,"Ethan Hung","2026-08-08 21:44:57",720.5,2,chinesegorilla99
3938,16784154,JoshJML,"2026-09-03 05:39:26",720.4,2,joshjml
3939,16811210,"Matt Dowis","2026-09-03 17:06:59",720.4,2,mattdowis
3940,16807875,meghana,"2026-09-03 00:34:19",720.2,2,meghana284
3941,16654743,"Jaume Batlle i Ferrer","2026-09-03 18:55:01",720.0,2,jaumebatlleiferrer
3942,16730028,"Ken Qian","2026-08-17 03:10:15",720.0,2,kenqian
3943,16651661,"Quyền Thịnh","2026-08-07 06:27:45",719.8,2,quynthnh
3944,16633772,ayuma,"2026-08-03 06:01:01",719.7,2,onthoze
3945,16658043,"Tran Huy Hoang1312","2026-08-05 01:58:39",719.7,2,tranhuyhoang1312
3946,16665395,"bachi idriss","2026-08-10 15:23:30",719.7,2,bachiidriss
3947,16705348,"Howard lin","2026-08-20 23:01:36",719.5,2,howardlin007
3948,16680342,Game_khó_vkl,"2026-08-13 19:28:01",719.0,2,maruusha
3949,16777222,"José Daniel Ara","2026-08-27 00:12:53",718.6,2,josdanielara
3950,16776928,aiexpert1120,"2026-09-01 16:48:18",718.5,2,aiexpert1120
3951,16756564,"Nicolas Defossé","2026-08-25 21:10:58",718.2,2,nicolasdefoss
3952,16766888,"Alex #4","2026-08-24 14:42:19",718.0,1,alxndrvara
3953,16656709,"Anh-Vu Mai-Nguyen","2026-09-03 19:44:25",717.8,2,mainguyenanhvu
3954,16668211,"Alejandro Hernández Mairal","2026-09-03 13:28:29",717.7,2,alherma7
3955,16656912,"Sami Ali","2026-08-07 00:48:33",717.2,2,mrsamiali
3956,16727059,ksankeerth1,"2026-09-03 02:28:22",716.9,2,ksankeerth1
3957,16712007,"Dipin Kothavoor","2026-09-03 08:42:04",716.5,2,dipinkothavoor
3958,16736985,Colt,"2026-09-01 03:14:54",715.8,2,nht1990
3959,16689266,"Oleksandr Dudnev","2026-08-14 09:45:57",715.7,2,dantist
3960,16738336,"Guo Xuehan","2026-09-02 05:44:05",715.2,2,zmllls
3961,16655199,"Alexander Ulrich","2026-08-12 19:44:20",715.0,2,alexanderulrich01
3962,16743165,"Chiachii Liang","2026-08-26 00:45:19",714.7,2,chiachiiliang
3963,16703310,"israel ntumba","2026-08-14 01:18:18",714.2,2,israelntumba
3964,16724002,Yahia717,"2026-08-20 20:48:31",714.0,2,yahia717
3965,16769767,bruhbruh,"2026-08-28 08:51:26",713.9,2,nguyendinhbach69
3966,16695662,"Ollie Lowe2","2026-08-16 16:47:01",713.7,2,ollielowe2
3967,16699292,"Siddharth Kumar Gopal","2026-08-14 16:35:03",712.9,2,siddharthkumargopal
3968,16658655,HbjaHbja,"2026-08-12 12:18:51",712.4,2,hbjahbja
3969,16677701,"Coşkun Bağrıaçık","2026-08-10 00:02:25",712.1,2,cbagriacik
3970,16635055,chch,"2026-09-03 01:50:07",712.0,2,chchentw
3971,16631353,"Shivam Shinde","2026-08-01 15:29:24",711.9,2,shindeshivam
3972,16645297,Mark_RowSet,"2026-08-09 05:25:39",711.7,2,markrowset
3973,16623644,Accer_sz,"2026-08-02 00:27:32",711.6,2,accersz
3974,16675831,"Thayaparan Kumarakuru","2026-08-31 09:05:45",711.2,2,"kavishkasubashana,mrkala,thayaparankumarakuru"
3975,16675897,"KANG ZHIPENG","2026-09-03 16:20:01",711.0,2,kangzhipeng
3976,16692994,turneja,"2026-08-08 23:50:13",710.7,2,turneja
3977,16668711,"David Leati","2026-08-28 00:47:39",710.5,2,davidleati
3978,16685938,"Gautier Fauchart","2026-08-12 05:57:21",710.1,2,gautierfauchart
3979,16664159,"james nazareth","2026-08-19 02:13:23",709.7,2,jamesnazareth
3980,16733046,Afordancja,"2026-08-24 18:22:42",709.4,2,afordancja
3981,16755568,KHuShIMaHajan,"2026-08-21 18:55:05",709.1,2,bymista4578
3982,16667258,"Firman Imam","2026-08-09 02:36:56",709.1,2,piririp
3983,16761267,Pranav,"2026-08-31 18:09:18",708.4,2,pranavarvind
3984,16718838,"josh mathers","2026-08-14 09:26:33",708.0,2,joshmathers
3985,16724355,hansama.qht,"2026-09-03 13:55:20",708.0,2,hansamaqht
3986,16685785,KSAI,"2026-08-29 12:18:51",708.0,2,kishan2112004
3987,16665759,"Shawn Zhang","2026-08-21 10:18:20",708.0,2,shawnzhang0318
3988,16772678,SuppliLion,"2026-09-02 21:44:21",707.8,2,supplilion
3989,16664709,kai,"2026-08-18 23:29:11",707.5,2,sungwo101
3990,16698034,Anatoliy_Fomin,"2026-08-12 12:57:18",707.2,2,anatoliyfomin
3991,16786437,"Kiran Narayana K","2026-08-30 06:45:20",707.2,2,kirannarayanak
3992,16757614,"Eduardo Molina","2026-08-31 03:01:28",707.1,2,eduardomolinaai
3993,16741121,"Vignesh Nehru","2026-09-02 14:01:23",707.1,2,vigneshnehru
3994,16767934,"taha berk","2026-08-26 15:21:51",705.8,2,tahaberkterekli
3995,16640600,"Giord Frank","2026-09-03 09:39:43",705.5,2,tangerinedog
3996,16656107,Aotokitsuruya,"2026-09-02 14:35:20",705.2,2,elct9620
3997,16651593,"huanxian chen","2026-08-11 11:13:05",704.9,2,huanxiachen
3998,16686715,"Adrien Secondaire","2026-08-08 15:54:58",704.5,2,adriensecondaire
3999,16760439,XLX,"2026-08-31 17:29:32",704.3,2,lonelygleaner
4000,16774890,SkoopSkoop,"2026-08-31 16:08:04",704.3,2,skoopskoop
4001,16671646,Luche,"2026-08-08 04:23:32",704.0,2,henrylucky
4002,16659828,"Lebansty Valan","2026-08-21 14:14:56",703.6,2,lebanstyvalan
4003,16695633,"Kiran Kumar","2026-08-24 18:01:37",703.5,2,iamrkk
4004,16656460,dlutwzh,"2026-08-08 06:48:33",703.5,2,dlutwzh
4005,16692401,"Abdurehman Iqbal","2026-08-14 09:13:08",703.4,2,abdurehmaniqbal
4006,16655013,"Adrian Martinez 1111","2026-08-12 00:52:14",703.1,2,adrianmartinez1111
4007,16809122,"federico battello","2026-09-03 18:41:05",702.9,2,federicobattello
4008,16655044,"Darius Kolycius","2026-08-04 09:49:01",702.9,2,dariuskolycius
4009,16755344,"Alizen James","2026-08-23 18:34:30",702.8,2,alizenjames
4010,16624888,okome_niigata,"2026-08-06 06:47:17",702.7,2,okomeniigata
4011,16668819,"ahmedou sidi med","2026-08-19 00:05:55",702.6,2,ahmedousidimed
4012,16732537,Rapha,"2026-08-27 12:08:17",702.5,2,raphaabels
4013,16666648,"Sriram Reddy19","2026-08-06 08:40:07",702.2,2,sriramreddy19
4014,16706192,rustlers42,"2026-09-02 15:24:05",702.1,2,"lkshrsch,powerofcreation"
4015,16640683,Jason-Oh,"2026-09-03 18:25:08",701.8,2,dossantoss
4016,16662128,BenPalmer59,"2026-08-11 19:16:24",701.6,2,benpalmer59
4017,16663884,DevilQ,"2026-08-23 22:08:52",701.6,2,"parhamesm,samuelescarfone12"
4018,16706455,"John Andrei Martinez","2026-08-18 18:55:04",701.6,2,johnandreimartinez
4019,16640461,"Shigeru Kondou","2026-08-31 14:10:25",701.2,2,shigerukondou
4020,16664003,"Nakul Rajpal","2026-08-05 06:29:24",700.5,2,nakulrajpal
4021,16665476,"Zhanghao Chen69","2026-08-19 12:42:33",700.3,2,zhanghaochen69
4022,16789950,"Zachary Zhang","2026-09-02 09:44:23",700.3,2,zacharyzhang16
4023,16655629,Mai_Konare,"2026-08-17 06:20:49",700.1,2,maikonare
4024,16660491,"Ryan Hancock","2026-08-08 09:56:54",699.2,2,rychanfox
4025,16724202,"Sooriya Senthilkumar","2026-08-23 05:25:47",699.2,2,sooriyasenthilkumar
4026,16808696,마짱MAZZANG,"2026-09-03 18:43:34",698.5,2,mazzang
4027,16679887,ScriptRed,"2026-08-09 00:36:30",698.1,2,scriptred
4028,16661702,"Chattso-GPT (Yasuhito Yanagisawa)","2026-09-03 13:32:31",697.8,2,yasuhitoyanagisawa
4029,16654267,maniginam,"2026-09-03 01:00:04",697.5,2,maniginam
4030,16663498,"Braxton Dyer","2026-09-02 23:59:05",697.4,2,braxtondyer
4031,16717952,Aydar,"2026-08-29 21:28:35",697.4,2,aydara
4032,16638031,vlad101,"2026-08-21 15:10:27",697.3,2,vlad101
4033,16653828,Boltuzamaki,"2026-08-23 18:40:37",697.1,2,boltuzamaki
4034,16655449,tcvieira,"2026-08-06 18:20:34",696.9,2,tcvieira
4035,16665042,Neo_0x3f,"2026-08-10 21:36:56",695.3,2,neo0x3f
4036,16664884,Abhijeetgg,"2026-08-12 08:53:50",695.2,2,abhijeetgg
4037,16663998,"Harith Al-Ani","2026-08-24 00:09:54",695.0,2,abo3losh
4038,16641171,"Sadettin Şamil Verdil","2026-09-03 13:18:12",694.7,2,sadettinamilverdil
4039,16719364,Yeh!AIGame,"2026-08-31 01:46:07",694.2,2,"luluyeh,yehshibang"
4040,16668761,"Lorenzo Regalado","2026-09-03 19:43:50",694.1,2,lregaladohdez
4041,16809371,"Aashir Noman","2026-09-03 17:10:07",693.9,2,aashirnoman
4042,16658019,ไอติวบ้านปังมาเอาแช้มมมม,"2026-08-08 18:43:05",693.5,2,tewnabhat
4043,16660600,"Beria Kalpelbe","2026-08-07 13:46:47",693.4,2,beriakalpelbe
4044,16630779,Jimmer,"2026-08-30 22:07:43",693.4,2,przemysawonr
4045,16738261,"Samuel Moreira","2026-08-24 14:11:40",693.3,2,samuelmoreira420
4046,16659341,Aryan88097,"2026-08-05 17:26:57",693.2,2,aryan88097
4047,16623480,xmaster6y,"2026-08-20 15:50:57",692.7,2,xmaster6y
4048,16662618,"Soledad Santiago","2026-09-01 05:51:08",692.6,2,soledadsantiago
4049,16641288,nakagawaren0805,"2026-08-22 06:03:44",692.5,2,nakagawaren0805
4050,16675708,"Mahder Tesfaye Abebe","2026-08-08 08:46:36",692.5,2,mahdertesfayeabebe
4051,16668354,"ashraf saiyed","2026-08-13 13:44:31",692.5,2,ashrafsaiyed58
4052,16682283,"RL is all you need","2026-08-29 09:27:00",692.2,2,"bpmf577,junzhejiao,jwj1342,liaodid,mrschang"
4053,16729186,Virtute,"2026-08-27 15:31:09",692.1,2,nameless001
4054,16654746,"Michael Mullen","2026-08-06 11:08:31",692.0,2,mmullen200
4055,16632994,primal,"2026-08-12 16:02:29",691.6,2,primalhost
4056,16654328,"QQ Farm","2026-08-28 12:59:12",691.5,2,"huiiyu,titirmt"
4057,16763113,sowhatwillwelearn,"2026-09-01 11:03:47",691.3,2,sowhatwillwelearn
4058,16756698,savoelh,"2026-08-31 19:57:28",690.9,2,savoelh
4059,16622338,github/shepsci/kaggle-skill,"2026-08-24 17:22:49",690.8,2,shepscientific
4060,16661650,"Docker container","2026-08-15 18:52:39",690.7,2,yossefaymanzedan
4061,16713249,"vedant patnala","2026-08-27 22:38:03",690.5,2,vedantpatnala
4062,16743382,"Pavan Rangisetti","2026-08-30 07:22:59",690.5,2,pavanrangisetti
4063,16795923,KaluzaKlein,"2026-09-03 18:07:25",690.5,2,kaluzaklein
4064,16732504,"porsche zheng","2026-08-18 08:19:41",690.5,2,porschezheng
4065,16670229,Munshi-PremChand,"2026-08-27 12:43:08",690.2,2,munshipremchand
4066,16683282,ayushk_empire,"2026-08-14 11:50:15",690.1,2,ayushkempire
4067,16791960,Boladi,"2026-09-01 02:09:09",689.8,1,boladi
4068,16723729,"Lucas Cimiano","2026-08-29 17:21:55",689.6,2,lucascimiano
4069,16706456,"Michael van Mill","2026-08-12 09:58:40",689.5,2,michaelvanmill
4070,16749236,"Michael Müller","2026-08-31 18:03:46",688.2,2,michaelmller
4071,16711868,"Mark Cooper","2026-08-16 13:09:02",688.0,2,markjcooper
4072,16689033,arman1o1,"2026-09-01 05:01:27",687.9,2,arman1o1
4073,16624253,"Ho Dinh Trieu","2026-08-22 07:52:08",687.6,2,hodinhtrieu
4074,16745571,"Yifan Xie","2026-09-03 13:55:15",687.0,2,yifanxie
4075,16677366,Gmmastermind,"2026-08-07 01:19:13",686.9,2,gmmastermind
4076,16711567,"Finn Brooks","2026-08-15 04:40:11",686.7,2,finnbr
4077,16771397,its_mrz,"2026-09-03 03:33:25",686.7,2,itsmrz
4078,16629844,IsaacJinyu,"2026-08-01 15:39:55",686.5,2,isaacjinyu
4079,16755111,ingemarieke,"2026-08-21 15:04:53",686.4,1,ingemarieke
4080,16759427,Dhruv,"2026-08-23 12:20:16",686.1,2,dtalati1
4081,16734490,Tomeiser,"2026-09-03 17:36:22",685.7,2,tomeiser
4082,16661898,Farfadet,"2026-08-12 06:04:18",685.2,2,farfadet
4083,16692896,"Guy Lev","2026-08-20 19:18:52",685.2,2,sarthobi
4084,16724993,Bonkoturyu,"2026-09-03 03:40:37",684.7,2,bonkoturyu
4085,16657016,"MD. AS-AID RAHMAN","2026-08-26 15:57:49",684.2,2,mdasaidrahman
4086,16777740,hoangnnh67,"2026-08-28 22:12:22",684.1,2,hoangnnh67
4087,16655578,"Ahmed Merie","2026-08-13 00:11:40",684.1,2,aa7767
4088,16661529,"AL Najafi","2026-08-08 03:39:39",683.9,2,alnajafi
4089,16757280,"manos papagiannidis","2026-08-27 03:40:34",683.5,2,manospapagiannidis
4090,16747180,KaiKogure,"2026-09-03 12:46:04",683.0,1,kaikogure
4091,16717614,Dhanyashree1028,"2026-08-16 15:00:37",682.9,2,dhanyashree1028
4092,16655039,"Andrew Yip","2026-08-06 20:14:49",682.7,2,yipcma
4093,16663656,"Andrii Kavetskyi","2026-08-20 21:48:20",682.3,2,andriykavetsky
4094,16735476,"Matthew Liew","2026-08-18 08:02:11",682.2,2,matthewliew
4095,16739167,Yeyuqing0913,"2026-09-03 09:43:50",681.7,2,yeyuqing0913
4096,16764149,"Manish Rai","2026-09-02 07:50:18",681.6,2,magiuscain
4097,16780484,"Edmond Kirsch","2026-09-01 17:30:28",681.6,2,edmondkirsch
4098,16666084,"Andaç Demirdelen","2026-08-09 19:18:08",681.3,2,andacdemirdelen
4099,16777138,"Anna Pakhaliuk","2026-09-03 19:34:28",681.3,2,annapakhaliuk
4100,16708824,"Tanaka Chiromo","2026-08-20 11:12:22",681.2,2,tanakachiromo
4101,16660138,"Sanchit Handa","2026-09-03 19:21:49",681.0,2,"harmanjotsingh8,sanchithanda182006"
4102,16735408,"Evan S","2026-08-18 20:06:05",681.0,2,evansc123
4103,16667514,"Kakarott 10","2026-08-06 09:05:43",680.8,2,kakarott10
4104,16766171,Jonaid,"2026-08-24 15:27:44",680.7,2,jonaidshianifar
4105,16660345,"Aadhithya Ramesh","2026-08-06 08:49:10",680.6,2,aadhithyaramesh
4106,16686222,"Nika Chaduneli","2026-08-10 01:21:09",680.5,2,nikachaduneli
4107,16664313,CompilingCoder,"2026-08-06 09:38:17",680.5,2,compilingcoder
4108,16657347,"Hibiki M","2026-08-20 15:30:40",680.3,2,hibikibrise
4109,16694610,Kshitiz2002,"2026-08-11 15:44:41",679.7,2,kshitiz2002
4110,16793892,cjc0013,"2026-08-31 18:27:50",679.6,2,cjc0013
4111,16654099,"Bhupin Thapa magar","2026-08-10 09:22:06",679.4,2,vupeenthapamagar
4112,16736931,"Sergei Fironov","2026-08-31 05:33:40",679.4,2,sergeifironov
4113,16748955,micchy,"2026-09-03 11:13:55",679.3,2,micchy326
4114,16702932,kyconf,"2026-08-25 18:35:41",679.3,2,kyconf
4115,16682908,"Masha Mashallah","2026-09-02 17:15:32",679.2,2,mashamashallah
4116,16704613,alexbstl,"2026-09-03 08:05:03",678.9,2,alexbstl
4117,16634803,hongzhouzhou,"2026-09-03 19:47:12",678.9,2,afterrain42
4118,16648215,"Terrence Chuwe","2026-08-03 13:32:15",678.8,2,terrencechuwe
4119,16745109,deflexor,"2026-08-27 21:35:07",678.8,2,deflexor050
4120,16766732,"Maziyar Abyari","2026-09-02 23:57:10",678.8,2,maziyarabyari
4121,16671438,"Aot Chanthorn","2026-08-15 16:16:25",678.6,2,aotchanthorn
4122,16725913,StarStone_233,"2026-08-16 07:22:12",678.0,2,starstone233
4123,16655027,"Artem Zenkevich","2026-08-16 13:09:58",676.5,2,artemzen
4124,16641130,LitvinKA,"2026-08-04 18:09:01",676.0,2,litvinka
4125,16623213,zulfikar.khalwaniev,"2026-08-23 09:08:56",675.8,1,khalwaniev
4126,16731839,mamematcha,"2026-08-27 06:32:35",675.2,2,mamematcha
4127,16666099,"Marcben James Samuel","2026-08-18 06:42:43",675.1,2,marcbenjamessamuel
4128,16664041,"an Expired Engineer","2026-08-17 12:02:21",674.9,2,sanggusti
4129,16793489,hendracos,"2026-09-02 03:10:03",674.8,2,hendracos
4130,16699140,St.Valentine,"2026-08-18 09:49:04",674.6,2,stvalentin3
4131,16665692,Straw_hats,"2026-09-01 07:40:19",674.5,2,"charanno,tvigneshreddy"
4132,16790652,"Pengchao Zheng","2026-09-03 16:01:43",674.3,2,pengchaozheng
4133,16697261,nbauerle,"2026-08-14 15:10:38",674.1,2,nbauerle
4134,16687390,"Mark Calvert","2026-08-08 09:51:55",673.7,2,markycalvert
4135,16716941,林木子吖,"2026-08-24 09:28:59",673.6,2,linmuzi0108
4136,16732048,jiangletian,"2026-08-24 03:20:40",673.1,2,jiangletian
4137,16795256,"N Nelson","2026-09-03 05:43:38",672.9,2,napoliyannelson
4138,16665154,"Omkar Pawar","2026-08-23 12:22:56",672.8,2,omkarrr7
4139,16658686,"Alpesh Kumar","2026-08-08 06:12:31",672.5,2,alpeshkumar
4140,16765031,"Allen JL Li","2026-08-27 06:12:23",672.3,2,allenjlli
4141,16755548,"Manuel Ramos","2026-08-27 19:06:26",671.9,2,aizpask13
4142,16779007,"Teoh jia sheng","2026-09-03 13:42:31",671.9,2,"nathanael19,teohjiasheng"
4143,16712870,"Jose Gibson","2026-08-13 20:09:11",671.8,2,josegibson
4144,16772626,"Dr. Mikholae Hutchinson","2026-08-29 21:53:59",671.7,2,drmikholaehutchinson
4145,16665932,"Fabian Birringer","2026-08-21 18:31:41",671.4,2,fabianbirringer
4146,16731447,"Rúben Martins","2026-08-19 20:55:42",671.3,2,rubenmartins10
4147,16671421,"Gryffin Wang","2026-08-08 23:08:40",671.2,2,gryffindoraf
4148,16752250,"Takahiro Katsumata (tkatsuma)","2026-08-31 02:58:20",671.0,2,alextfkd
4149,16659367,"Tayyab Aamir","2026-08-06 10:59:49",670.8,2,duketi
4150,16750447,Morpheus0303003,"2026-08-24 16:58:42",670.6,2,morpheus0303003
4151,16675832,"Dean Shalev","2026-08-09 04:12:47",670.5,2,deanshalev
4152,16655595,ashsah,"2026-08-31 08:37:35",670.1,2,ashsah
4153,16674950,Davide,"2026-09-03 09:22:38",669.9,2,quanttony
4154,16673151,skyblue01,"2026-08-27 07:56:10",669.0,2,skyblue01
4155,16655663,"Farmland Destroyer","2026-08-19 13:43:22",668.7,2,minghaopang
4156,16655521,"Hemadri Rajyaguru","2026-08-04 02:12:55",668.6,2,hemadrirajyaguru
4157,16691552,"Koshtubh Singh Parihar","2026-08-09 03:19:39",668.5,2,koshtubhsinghparihar
4158,16679018,"Kushpreet Singh","2026-08-27 21:01:42",668.5,2,kush639
4159,16662120,"Harpal Gujral","2026-08-25 18:07:07",667.6,2,harpalgujral
4160,16767632,"robin baldeo","2026-08-28 17:02:49",667.6,2,robinbaldeo
4161,16690869,"Yudai Hayashi","2026-08-23 09:14:30",667.6,2,yuhaya9
4162,16672370,"Yash Barhanpurkar","2026-08-30 18:44:23",667.5,2,yashbarhanpurkar
4163,16756176,"Unsh Rawal","2026-09-03 17:20:27",667.5,2,unshrawal
4164,16655140,Efthimios,"2026-09-03 13:28:29",667.1,2,efthimiosfousekis
4165,16733873,"Shirish Chinchanikar","2026-08-30 15:53:12",667.0,2,"codemastersj,shirishchinchanikar"
4166,16790527,Yuta,"2026-09-03 03:41:20",666.8,2,yutaecon
4167,16689398,Reesh,"2026-08-11 08:55:10",666.7,2,rishileung
4168,16727241,Yogesh2850,"2026-08-17 09:55:08",666.4,2,yogesh2850
4169,16763088,mason.jr,"2026-08-25 04:29:36",666.2,2,haophanzx
4170,16793189,"Akash Mohan Chaudhary","2026-09-01 18:29:57",666.2,2,akashmohanchaudhary
4171,16731260,"Jeel Gajera","2026-08-18 07:44:44",666.1,2,jeelog
4172,16660444,"Сергей Мизин","2026-09-03 14:48:59",665.5,2,seeergo
4173,16663708,"Imran Ahamed","2026-08-29 22:00:50",665.2,2,immu4989
4174,16670313,HamzZZzzZZa,"2026-08-06 22:01:28",665.2,2,memesalot
4175,16658377,Masaya,"2026-09-01 13:43:37",665.0,2,irrohas
4176,16715473,cmrfrd,"2026-08-14 04:58:15",665.0,2,thecmrfrd
4177,16664359,"Apil Khadka","2026-08-15 13:10:18",664.8,2,apilkhadka
4178,16677105,"Chaitanya Yadav","2026-08-16 10:36:07",664.7,2,xhaitanya
4179,16667630,Sparsh389,"2026-08-06 15:46:09",664.7,2,sparsh389
4180,16639867,vibecoder,"2026-08-08 05:34:55",664.3,2,kunal808
4181,16661132,"Jia Chen","2026-09-03 16:18:09",664.3,2,jiachenjasper
4182,16789914,AkikJana,"2026-09-02 13:49:24",664.2,2,firewaterair
4183,16663343,"Abdullah M. Haque","2026-08-13 14:26:00",664.2,2,abdullahmhaque
4184,16775770,"Ashish Kumar","2026-08-27 17:18:58",663.5,1,whoashish115
4185,16623449,"Ryo Takaki","2026-09-03 08:15:28",663.3,2,ryotakaki
4186,16770674,"Arpit Jain","2026-09-02 11:44:36",663.0,2,arpitjain5
4187,16696421,"Koyashiki Mao","2026-08-11 06:40:19",662.7,2,koyashikimao
4188,16682815,"Saiyam Bharara","2026-08-19 15:03:06",662.4,2,saiyambharara
4189,16805704,ShuHaya,"2026-09-03 14:27:38",662.4,2,yfqqq088
4190,16694134,"Sophia Leng","2026-08-24 20:04:10",662.1,1,sophialeng9
4191,16704437,babybuffalo,"2026-08-25 16:11:16",662.1,2,babybuffalo
4192,16738653,"Julien Trocmé","2026-08-24 12:48:49",662.0,2,julientrocm
4193,16725871,"Patrice Santiago","2026-08-28 13:12:14",661.9,2,patricesantiago
4194,16678157,"Ayush Kumawat","2026-08-14 13:10:02",661.8,2,ayushkumawat21
4195,16728799,JulianHahn28,"2026-08-17 21:26:57",661.5,2,julianhahn28
4196,16730461,"Mubin Shaikh","2026-08-19 06:09:17",661.4,2,shaikhmubin
4197,16664790,"soumic 1088","2026-08-19 08:34:34",661.4,2,soumic1088
4198,16677178,"YOUSSEF FAID","2026-08-11 21:10:38",661.4,2,yousseffaid
4199,16665084,"Wei Han","2026-09-03 19:37:20",661.3,2,weihan87
4200,16752324,"yunchuan liu","2026-09-02 04:57:27",661.2,2,hoteye
4201,16636808,"Kaito Ichikawa","2026-08-27 09:02:36",661.2,2,kaitoichikawa
4202,16676534,AlphaBound,"2026-08-25 05:26:32",661.1,2,somsubhrometya
4203,16775125,weimean,"2026-09-03 15:49:36",661.0,2,gtwm98
4204,16665894,"Pedro Wu","2026-09-03 03:40:31",660.7,2,pedropei
4205,16760604,"Thananut Phiboonbanakit","2026-08-25 14:04:44",660.3,2,tphiboonbanakit
4206,16668817,"Sean ODonnell","2026-08-08 03:27:47",660.3,2,sjean11
4207,16731971,s_a_ai_enginner,"2026-09-03 13:04:21",660.3,2,saaienginner
4208,16625050,"how to place pokemon","2026-08-03 05:53:43",660.1,2,ktverdov
4209,16763287,Sathishkumartheta,"2026-08-25 18:53:26",659.5,2,sathishkumartheta
4210,16712902,"Ethan Benjamin Cole","2026-08-13 12:19:26",659.4,2,ethanbenjamincole
4211,16709318,"Jana Hagen","2026-08-26 18:00:16",659.3,2,janahagen
4212,16748603,qianzhonhao,"2026-09-03 08:20:45",659.3,2,qianzhonhao
4213,16717245,bernard558,"2026-08-24 22:18:16",659.2,2,bernard558
4214,16700785,"VIVEK JAMI","2026-08-19 13:57:57",659.2,2,vivekjami
4215,16716365,Murphy,"2026-08-21 14:00:29",659.1,2,taeyounglimdt
4216,16665990,daffaharil,"2026-08-11 07:56:55",659.0,2,"daffaharil,farhansiddiq"
4217,16755529,"Rafea Almejrab2025","2026-08-29 16:06:34",658.9,2,rafeaalmejrab2025
4218,16756965,gchauhan,"2026-08-30 16:41:21",658.8,2,gchauhan
4219,16756677,"Pyzh Vladislav","2026-08-24 10:19:44",658.7,2,pyzhvladislav
4220,16724747,"Md.Mahfujul Karim","2026-09-03 14:11:02",658.7,2,mdmahfujulkarim
4221,16625047,BOBQWERA,"2026-08-02 06:34:18",658.6,2,bobqwera
4222,16737702,"kaneko takafumi","2026-09-01 05:47:22",658.4,2,kanekotakafumi
4223,16701034,notnorm,"2026-08-11 10:31:23",658.4,1,notnorm
4224,16692995,RafaMartinaitis,"2026-08-22 11:50:10",658.3,2,rafaelmartinaitis
4225,16670698,"Tamerlan Dadashov","2026-08-09 10:36:12",658.1,2,tamerlandadashov
4226,16660653,kanchana's,"2026-09-01 17:09:40",658.1,2,"saikanchana,yuvarajkanchana"
4227,16664134,"Pelayo Fernández","2026-08-07 10:36:48",657.5,2,pelayofdez
4228,16660005,DreamX5678,"2026-08-06 07:55:06",657.2,2,dreamx5678
4229,16657798,"Ian Kim","2026-08-06 05:07:10",657.2,2,ianpkim
4230,16660540,Minikotey,"2026-08-16 15:34:40",657.1,2,juliapatarishina
4231,16779063,"Yendrew Y","2026-09-03 13:29:09",657.1,2,yendrewy
4232,16728195,"6 GOD","2026-08-21 15:50:28",657.0,2,tertospacko
4233,16678080,"Timothy Adeyemi","2026-08-24 22:53:30",656.7,2,timothyadeyemi
4234,16632510,shi_koyo,"2026-08-04 08:58:56",656.7,2,shikoyo
4235,16663909,HDPark,"2026-08-17 04:48:41",656.6,2,hdpark
4236,16664096,"Charles Coonce","2026-08-26 03:25:08",656.6,2,charlescoonce
4237,16670210,"Ali Alghaithi","2026-08-10 21:14:48",656.4,2,alioman
4238,16650930,"Govind Sharma","2026-08-24 09:25:23",656.2,2,govindsarswat
4239,16730231,chandler14362,"2026-08-29 03:04:49",655.5,2,chandler14362
4240,16810813,Scorn100,"2026-09-03 17:32:07",655.5,2,scorn100
4241,16661318,"Zeel Kadvani","2026-08-25 11:17:53",655.4,2,zeelkadvani
4242,16681149,Lee14k,"2026-08-19 17:00:35",655.2,2,lee14k
4243,16654761,"Mohammed Mukthar","2026-08-05 02:06:15",655.1,2,mohammedmukthar9
4244,16771001,"0x1369 T-Farm","2026-08-31 04:38:04",655.0,2,xcryst
4245,16655364,AmirElite,"2026-08-28 04:30:37",654.8,2,amirelite
4246,16758316,"Roy Lo TW","2026-08-22 12:28:29",654.8,2,roylotw
4247,16654640,"Halil Akbas","2026-08-28 00:32:12",654.7,2,halilbrahimakbas
4248,16691518,"Sander Ee","2026-08-09 12:03:09",654.3,2,sanderee
4249,16726080,"Arda Yasar","2026-08-19 06:02:10",654.3,2,ardayasar
4250,16707078,"Loïc & Zach","2026-08-24 20:25:24",654.2,2,"locmmeteau,zachariedubus"
4251,16687714,nabilux,"2026-08-09 13:27:11",654.2,2,eminesnabil
4252,16697941,"Raphael Coelho","2026-08-16 15:24:28",654.2,2,raphaelrrcoelho
4253,16669393,"ÖMER FARUK YILMAZ","2026-08-07 19:54:59",653.7,2,ofyzero
4254,16738235,tenfish,"2026-09-02 03:15:28",653.7,2,"oygdri,takatoyoshikawa"
4255,16654351,"Manish Kumar","2026-08-04 07:45:22",653.4,2,manishkumarphd2000
4256,16633379,"Artem Prokhorov","2026-07-31 20:53:32",653.4,1,catfield123
4257,16779539,"Dmitri Bugakov","2026-08-27 16:34:42",653.3,2,dmitrybugakov
4258,16660251,Yagawa,"2026-08-20 12:29:37",652.9,2,yagawa
4259,16663922,MoongladeAI,"2026-08-24 18:26:20",652.7,2,moongladeai
4260,16677518,"Khor Yin Loon","2026-09-03 02:49:15",652.2,2,khoryinloon
4261,16668439,Lugas024,"2026-08-08 05:33:51",652.2,2,lugas024
4262,16665133,"Abhishek Dubey","2026-08-10 13:28:57",652.2,2,abhishekdubey911
4263,16627581,AidenSong123,"2026-08-22 11:16:24",652.0,2,aidensong123
4264,16730030,"Jared Wilder","2026-08-17 14:23:15",651.9,2,jaredwilder
4265,16735624,"Marc Rippee","2026-08-24 05:03:34",651.9,2,marcrippee
4266,16671680,"Joe Hall","2026-08-10 19:02:30",651.6,2,halljr
4267,16704569,"Lorenzo Grattarola","2026-08-16 22:24:15",651.4,2,lorenzograttarola
4268,16772673,"Alejandro Rendon B.","2026-08-31 03:39:48",651.4,2,alejandrorendonblan
4269,16664267,"Alan T. Andrea","2026-08-09 03:22:40",651.3,2,alantandrea
4270,16696916,Sundar,"2026-08-11 13:04:59",651.2,2,vsundar17697
4271,16670356,"Dziriyin wa9il","2026-08-25 19:56:56",651.2,2,"akumanomu,alioualaeddine"
4272,16686613,Zubatch,"2026-08-15 20:11:39",651.2,2,zubatch
4273,16658009,"Lando Wang","2026-08-05 02:18:17",651.1,2,landowang
4274,16697526,"Jurgen Sinjari","2026-08-10 21:21:26",650.8,2,jurgensinjari
4275,16694064,RRK0123,"2026-08-17 05:30:52",650.8,2,rrk0123
4276,16663963,M0h4m3d-Byte,"2026-09-03 09:19:09",650.8,2,dev3mohamed
4277,16779942,"YueKai Yu","2026-08-31 14:16:31",650.7,1,yuekaiyu
4278,16731516,Sumit0694,"2026-08-30 16:05:40",650.7,1,sumit0694
4279,16671940,LJazya,"2026-09-03 19:50:30",650.7,2,jihanelek
4280,16634204,"m-toshi desu","2026-08-01 06:20:37",650.4,2,mtoshidesu
4281,16778145,TW_益民_li,"2026-09-03 12:28:49",650.4,2,liyimintw
4282,16686645,Ornaat,"2026-09-01 18:20:17",650.4,2,ornaat
4283,16726684,"William Lee","2026-08-19 15:35:28",650.2,2,notyouravgwilly
4284,16756765,DharmParmar,"2026-09-02 14:34:58",650.2,2,dharmparmar
4285,16668648,"Mason R. Brito","2026-08-19 03:26:26",650.0,2,masonrbrito
4286,16669595,evanca,"2026-08-08 12:27:56",649.8,2,evanca
4287,16749764,Aquaflame,"2026-08-29 03:54:08",649.8,2,aquaflame
4288,16793802,"Andrew Lam","2026-09-01 09:07:56",649.7,2,andrewlam23
4289,16702411,"Aryuemaan Chowdhury","2026-08-21 07:05:31",649.7,1,aryuemaanchowdhury
4290,16744752,"Dean Johnson","2026-08-27 10:26:20",649.4,2,deanjohnson202
4291,16739449,SelvapriyankaRam,"2026-08-24 18:44:21",649.3,2,selvapriyankaram
4292,16798669,"Von Lan (VonLan233)","2026-09-03 08:36:59",649.3,2,vonlanvonlan233
4293,16810954,BayramAnnakov,"2026-09-03 09:26:33",649.3,2,bayramannakov
4294,16688175,aarav221w,"2026-08-25 23:40:16",648.8,2,aarav221w
4295,16641348,wata,"2026-08-03 11:29:04",648.6,2,iwatahiroki
4296,16669165,"IT Neko","2026-08-14 13:17:33",648.6,2,"nirvaanaa,zhexuanyecust"
4297,16670070,"Kirill Molostov","2026-08-31 12:18:26",648.4,2,kirillmolostov
4298,16738239,"Yaseen Shah7897","2026-08-20 06:50:29",648.2,2,yaseenshah7897
4299,16682876,"Kartik Garg","2026-08-09 05:21:34",647.7,2,kartikgarg97
4300,16687548,"Shubham Tibrewal","2026-08-22 12:21:02",647.6,2,researchai2026
4301,16743494,"ROHAN Exploit","2026-08-19 18:35:34",647.5,2,rohanexploit
4302,16658097,Sujay,"2026-08-29 17:18:43",647.5,2,sujayprodduturi
4303,16738777,"Balwinder Singh1235","2026-08-20 10:21:34",647.4,2,balwindersingh1235
4304,16729413,KharinTymofii,"2026-08-20 21:29:42",646.8,2,kharintymofii
4305,16655272,"Artur Sakhiullin","2026-08-09 14:27:52",646.5,2,artursakhiullin
4306,16664119,FSzekut,"2026-08-07 00:03:04",646.5,2,fszekut
4307,16730922,"Shengyuan Yin","2026-08-17 06:17:27",646.5,1,flaming0
4308,16726873,@F,"2026-08-16 01:43:22",646.4,1,atefbouzid
4309,16641141,"Yuri Barbashov","2026-09-02 14:23:34",646.3,2,yuribarbashov
4310,16630837,"Vishal Sharma","2026-08-05 18:24:44",646.1,2,vishal40182
4311,16684436,Simon-the-sorcerer,"2026-09-02 21:26:34",646.1,2,simonwiller
4312,16729765,"Caio Ruiz","2026-08-27 00:04:07",646.0,2,chvruiz
4313,16652635,panacea9320,"2026-08-05 10:45:06",645.5,2,panacea9320
4314,16664731,UT,"2026-08-21 15:24:42",645.5,2,"sabapunch,wasshan"
4315,16759265,AI老爸,"2026-08-30 04:38:52",645.2,2,tsengchienchih
4316,16700441,"Houssem RIAHI","2026-08-27 14:54:09",645.1,2,houssemriahi
4317,16667500,jiannebab,"2026-08-14 14:29:12",644.9,2,jiannebab
4318,16802598,zxcqqe,"2026-09-03 15:03:46",644.8,2,anonimniygeniy
4319,16727376,"Roko Torbarina","2026-08-18 18:31:57",644.7,2,rokotorbarina
4320,16732307,"Shobha Vashishtha","2026-08-17 12:32:07",644.7,1,shobhavashishtha
4321,16671420,"Chengchen Duan","2026-08-17 15:25:09",644.6,2,chengchenduan
4322,16636954,"Jeff Horon","2026-08-26 11:44:44",644.3,2,jeffhoron
4323,16810807,Cordiz,"2026-09-02 21:54:59",644.3,2,cordiz
4324,16724819,Dwij12,"2026-08-20 18:28:01",643.9,2,dwij12
4325,16791027,"Ryan Cheung","2026-09-02 03:45:33",643.4,2,doggychip
4326,16749104,danielx119,"2026-08-20 16:36:00",642.7,2,danielx119
4327,16732725,MackTen,"2026-08-19 08:14:01",642.6,2,mackten
4328,16627906,"Tergel Munkhbat","2026-08-27 03:32:57",642.6,2,tergelmunkhbat
4329,16661066,"André Kuster","2026-08-06 00:54:20",641.7,2,andrkuster
4330,16700546,"Nightshade Family","2026-08-23 11:20:43",641.7,2,"gihanchamod17,vishmithasamarakoon"
4331,16700885,"Malala Ramaha","2026-08-29 07:29:11",641.7,2,malalaramaha
4332,16699689,"David Sedláček","2026-08-10 08:38:38",641.4,2,sibicek
4333,16642994,"Danila Galkin","2026-08-13 19:22:17",641.1,2,danilagalkin
4334,16720143,"AMAN PANDEY","2026-08-16 13:57:00",641.0,2,amanapofficial
4335,16684886,HTHub,"2026-08-08 00:12:47",641.0,2,adegokesaidi
4336,16661210,vizyourdata,"2026-08-07 11:05:08",640.9,2,vizyourdata
4337,16716335,JamesJJJJJ,"2026-08-17 14:54:10",640.9,2,jamesjjjjj
4338,16752362,"Shashank Jangid (G25AIT2100)","2026-09-03 02:20:37",640.5,2,shashankjangid
4339,16727529,윤영일,"2026-08-29 10:44:26",640.3,2,iongil
4340,16658937,SebastianQbiak,"2026-08-05 06:20:18",639.9,2,sebastianqbiak
4341,16621811,"Shaun Andrade","2026-08-01 00:44:42",639.7,2,shaunandrade
4342,16718366,RATriculture,"2026-08-28 19:15:28",639.7,2,tarasshchur
4343,16689391,"Tejas Rajput","2026-08-08 17:21:18",639.7,2,tejasrajput123
4344,16665471,"Dennis Navamani","2026-08-25 11:10:08",639.7,2,dennisnavamani
4345,16667818,AjayVarma555,"2026-08-09 15:14:45",639.7,2,ajayvarma555
4346,16622330,"hiroshi murakami","2026-08-22 01:03:12",639.5,2,zabojeb
4347,16692750,"Hoya need job","2026-09-03 13:53:39",639.3,2,pranavwankhade
4348,16718363,"Jarbas Camurça","2026-08-28 11:15:44",639.2,2,pjarbas
4349,16669597,农业农村部,"2026-08-10 19:11:08",638.6,2,"bingzhenghan,hrwan1,krasuszl"
4350,16707767,"Lai Eu Wen","2026-08-16 16:47:50",638.3,2,laieuwen
4351,16702481,"Scott G","2026-08-13 15:19:02",638.3,2,verifiedscott
4352,16657105,"Mathijs Deelen","2026-08-05 01:16:34",637.9,2,mathijsdeelen
4353,16749071,snc5656,"2026-09-03 14:19:45",637.9,2,jamm1412
4354,16717850,"HeeGwan Lee","2026-09-03 01:58:55",637.4,2,heegwanlee
4355,16635145,"Isaac Menard","2026-08-05 21:11:36",637.4,2,isaacmenard
4356,16675461,mins0_0,"2026-08-30 07:50:53",637.3,2,mins00
4357,16657871,Lucienne,"2026-08-05 03:13:59",637.2,2,yangnianan
4358,16763761,mkai1981,"2026-09-03 10:55:41",636.9,2,mkai1981
4359,16715205,GCarnovale,"2026-09-03 13:46:14",636.6,2,gcarno
4360,16659951,"CHRISTOPHER CRILLY","2026-08-20 12:14:03",636.2,2,christophercrilly
4361,16674841,"Syna Bedi","2026-08-15 09:57:28",636.1,2,synabedi
4362,16634316,"Cao Tùng Lâm","2026-09-01 07:16:08",636.0,2,liamislazy
4363,16670615,Ahornsirup,"2026-08-21 19:33:36",636.0,2,ahornsirup
4364,16676360,"Chris Kang","2026-08-17 10:07:49",635.9,2,rukawa917
4365,16658042,"Giampietro Pregnolato","2026-08-13 09:17:36",635.7,2,giampietropregnolato
4366,16734595,"Abhimanyu Singh","2026-08-20 12:52:38",635.4,2,abhimanyusingh170702
4367,16811935,"Bhargavaram Gajula","2026-09-03 09:37:05",635.3,2,bhargavaramgajula007
4368,16729202,Sven,"2026-08-27 21:55:40",635.0,2,sventleman
4369,16653303,F4,"2026-08-06 01:43:09",634.8,2,"chen2yoimiya,huaidezhang,wahuwahuwahu,zrurfa"
4370,16670708,"Mohammad Usman Sajid","2026-09-03 18:26:11",634.6,2,mohammadusmansajid
4371,16659418,"Fonge Bertin","2026-08-06 09:26:33",634.6,2,fongebertin
4372,16733763,Gaurav,"2026-08-28 05:00:14",634.5,2,gauravahlawat
4373,16761744,初心者,"2026-08-30 21:39:34",634.2,2,daikitakahashi
4374,16736111,hexingwei33,"2026-09-01 02:08:11",633.1,2,hexingwei33
4375,16690736,omarkami007,"2026-08-11 18:40:45",632.9,2,omarkami007
4376,16802486,SHICHIES,"2026-09-02 18:00:01",632.9,2,shichies
4377,16655571,yuken,"2026-08-07 13:27:53",632.8,2,yukenai
4378,16681660,"Parham Ghazanfari","2026-08-07 20:18:18",632.7,1,parhamghazanfari
4379,16732609,"Filippo Paninforni","2026-08-19 18:30:22",632.6,2,filippopaninforni
4380,16691164,"Krishna Saathwik","2026-08-13 13:50:40",632.5,2,krishnasaathwik
4381,16706413,"Song Research","2026-08-18 00:39:36",632.3,2,sangbong91
4382,16775749,Yurikada,"2026-09-03 11:13:54",632.3,2,yosukeinada
4383,16657794,"Aromal vK","2026-08-06 15:35:11",632.2,2,aromalvk
4384,16660850,"Khoa Le","2026-08-05 13:23:55",632.0,2,bryanle2025
4385,16734312,truebelief,"2026-08-19 00:01:20",631.9,2,truebelief
4386,16777056,"Seb boulba","2026-08-27 21:03:26",631.7,2,sebboulba
4387,16792512,ckd999,"2026-09-01 17:16:56",631.4,2,ckd999
4388,16689919,"Koren Ben Ezra","2026-08-08 17:49:55",631.3,2,korenbenezra
4389,16637776,MarvelousXun,"2026-08-03 09:33:38",631.2,2,marvelousxun
4390,16655527,"Saurabh Kumar","2026-08-06 08:14:52",631.0,2,sk25oct
4391,16758629,karinkaito,"2026-09-03 14:49:58",630.9,2,karinkaito
4392,16663437,inversion,"2026-08-04 20:44:41",630.7,1,inversion
4393,16691938,"PRASHANT SUTHAR11","2026-08-10 09:46:05",630.6,2,prashantsuthar11
4394,16761693,nhatvo,"2026-08-27 21:46:20",630.5,2,nhatvo
4395,16781377,AgriMind,"2026-09-03 10:58:07",630.5,2,slimaneguermat
4396,16738506,"Rok Sechs","2026-08-23 04:00:41",630.4,2,rokshimiz
4397,16806146,"Factual Explorer","2026-09-02 07:08:02",630.4,2,factualexplorer
4398,16744239,"Diogo Gomes ","2026-08-25 09:39:28",630.3,2,diogogomes
4399,16736636,torch,"2026-08-18 10:35:29",630.3,2,rhtsingh
4400,16661564,yang20251228,"2026-09-02 03:40:29",630.2,2,yang20251228
4401,16731996,Chloe,"2026-08-18 02:58:05",630.2,2,chenchloehaimo
4402,16743815,"Asanka Pradeep","2026-08-23 14:32:46",630.1,2,asanakapr
4403,16671237,"Jose Alejandro Rivera Jaramillo","2026-08-07 18:13:13",629.9,2,alejandroriveraj
4404,16795997,"Boyu Wan","2026-09-03 15:27:54",629.9,2,pupudan
4405,16669396,Fleo98,"2026-08-10 15:43:34",629.5,2,fleo98
4406,16775001,"Maarij Aqeel","2026-08-26 14:48:03",629.5,2,maarijaqeel
4407,16635746,"jeon hyeon woo","2026-08-13 15:32:43",629.4,2,jeonhyeonwoo
4408,16675066,Opticulture,"2026-08-16 12:19:48",629.3,2,"bajibaburowthu,ponnuripavankumar,radhakrishnadoredla,veereshkumar1219"
4409,16702993,PLM,"2026-08-30 13:58:34",629.3,2,"ileabogdan,popu23,razvaniga,rvaurs"
4410,16623745,chunluran,"2026-08-27 06:55:55",629.1,2,chunluran
4411,16666833,DenisKoronchik,"2026-09-02 10:13:46",629.0,2,deniskoronchik
4412,16786043,"Denzel Fuentes","2026-09-03 15:29:23",628.8,2,denzelfuentes
4413,16658106,"Devam juthani","2026-08-05 08:18:14",628.7,2,devamjuthani
4414,16660419,"Kai-Shih Chiu","2026-08-06 12:54:22",628.6,2,kaishihchiu
4415,16702359,"Ethan Pl","2026-08-11 19:43:21",628.4,2,ethanpl
4416,16667565,BeeDeeR,"2026-09-02 00:41:52",628.3,2,beedeer
4417,16793680,prajval_p,"2026-09-01 01:03:39",627.9,2,prajvalp
4418,16732003,"HAO jia liu","2026-08-18 09:58:05",627.9,2,haojialiu
4419,16735517,"Philipp k-s","2026-08-27 03:13:29",627.6,2,philippkeussenstrau
4420,16665060,Pipeweed,"2026-08-27 18:14:40",627.4,2,pipeweed56
4421,16684674,"Ch Muhammad Umer ","2026-08-11 08:11:36",626.8,2,chmuhammadumer
4422,16693988,"Pranav Gupta","2026-08-18 03:51:41",626.7,2,kumbhakarann
4423,16726839,syunsuke,"2026-08-21 23:12:13",626.6,2,syunsuke1024
4424,16673359,hasshi7965,"2026-08-27 10:23:45",626.3,2,hasshi7965
4425,16654943,"Alexis Selorm Gbeckor - Kove","2026-08-10 11:44:58",626.3,2,advancedbeginner
4426,16667143,"Noct-Tech zombie","2026-08-06 13:46:51",626.3,2,jo3thaboss
4427,16640504,"Recep Öztürk","2026-08-26 11:19:31",626.2,2,rcpztrrk1
4428,16674504,"Arunabh Gupta","2026-08-18 11:10:33",626.0,2,"arunabhsgupt4,eggsysy"
4429,16728743,Miki_Nuummiu,"2026-09-03 11:41:01",626.0,2,mikinuummiu
4430,16677303,"Chase Martyn","2026-08-19 02:05:12",626.0,2,chasemartyn
4431,16658151,"Nguyễn Phúc Gia Bảo","2026-08-06 15:15:07",625.8,2,kevincrazy678
4432,16673923,"Gabriele Giacometti","2026-08-10 11:38:05",625.8,2,gabrielegiacometti
4433,16730104,BartHeart,"2026-08-20 18:58:23",625.6,2,bartheart
4434,16690338,dvv_ram,"2026-08-13 00:11:18",625.5,2,ddvram
4435,16773779,"Daichi Tanaka","2026-08-31 03:38:48",625.3,2,daichit64
4436,16699711,"maxscender ","2026-08-13 14:03:35",625.2,2,maxscender
4437,16661142,"Phú Nhân Nguyễn","2026-08-15 09:53:23",625.1,2,phnhnnguyn
4438,16659138,allenbcy,"2026-09-02 15:22:41",625.1,2,allenbcy
4439,16731009,"Joseph Paris","2026-08-24 05:32:21",625.1,2,josephkparis
4440,16662421,"Aparna Mantha","2026-08-06 17:23:34",624.9,2,aparnam91
4441,16792449,SKYisSKYisSKY,"2026-08-31 04:16:07",624.7,2,skyisskyissky
4442,16660295,Pentos,"2026-08-10 00:06:56",624.6,2,nishiumi
4443,16752277,YKuma,"2026-09-03 10:43:51",624.3,2,ykumazaki
4444,16670596,prabalsingh_23,"2026-08-26 02:33:14",624.3,2,prabalsingh23
4445,16664348,"Rocket Zech","2026-08-29 08:23:04",624.2,2,isaactunglaw
4446,16658775,"Vincent Pan","2026-08-29 12:55:20",624.2,2,"judithhong,vincentpan2005"
4447,16732357,"Thales Augusto Leite de Souza","2026-08-23 23:43:38",623.9,2,thalestals
4448,16730740,"claude opus5🏆","2026-08-19 09:58:24",623.8,2,yinpinggao
4449,16669470,"ASDM HUB","2026-08-12 20:13:20",623.3,2,jesushechavarria
4450,16729531,alfphafarm,"2026-08-19 19:09:48",623.1,2,vudattumaniteja
4451,16660035,NoNamedeo,"2026-08-27 14:20:15",623.0,1,nonamedeo
4452,16666483,"Salih Erdem Kaymak","2026-08-08 17:32:38",622.9,2,saliherdemkaymak
4453,16784599,"Lisa Hines","2026-09-03 15:09:08",622.4,2,lisamhines
4454,16675074,ahiokk,"2026-08-07 07:58:44",622.1,2,ahiokk
4455,16670933,Pat,"2026-08-06 10:26:21",622.0,2,junseia
4456,16785687,"AP SEM F STUDENTS","2026-08-31 03:52:37",621.9,2,"advaithn0518,rohanjeyavel,shrivatsamurugan,stitchsages"
4457,16656792,"Gnanaprakash R","2026-08-28 15:05:38",621.7,2,gnanaprakashr
4458,16722028,"Aw Ming Xuan","2026-08-16 09:24:48",621.6,2,awmingxuan
4459,16724904,"Carlos Eduardo De Paula Arantes","2026-08-15 15:48:43",621.5,2,carloseduardo1753
4460,16715225,"Someswararao Tellakula","2026-08-17 01:15:37",621.4,2,someshtellakula
4461,16671364,"Mike Riggs","2026-08-09 03:22:55",621.4,2,riggsasi
4462,16658477,"chathura prasadh9817","2026-08-06 07:18:04",621.4,2,chathuraprasadh9817
4463,16787010,"Samir Patel","2026-09-02 02:33:17",621.2,2,mesamirpatel
4464,16658173,Tamizharuvi,"2026-09-03 17:53:49",620.9,2,tamizh1
4465,16665622,one,"2026-08-11 04:10:11",620.7,2,richardsplayground
4466,16656883,KK,"2026-08-05 10:27:15",620.7,2,kkonzyb
4467,16673333,"Dimas Renggana","2026-08-06 23:40:39",620.7,2,dimasrenggana
4468,16670544,"William Rients","2026-08-06 00:01:02",620.5,2,williamrients
4469,16782187,"Margo Kim","2026-08-28 19:15:18",620.5,2,margokim
4470,16759171,"Leonid Kozinkin","2026-08-31 16:30:37",620.4,2,leon7archer
4471,16818689,Takashi,"2026-09-03 14:59:27",620.3,1,takashi1
4472,16774843,"Assylkhan Kerey","2026-08-30 03:16:54",620.1,2,n0nlyy
4473,16652173,"Shardul Gharat","2026-08-06 10:07:36",619.8,2,shardulgharat
4474,16685618,"Krupa Vardhan","2026-08-28 09:24:21",619.7,2,krupavardhan
4475,16691398,"Time to Win","2026-09-03 04:36:52",619.6,2,yatharthdurgapal
4476,16697681,"Mahfujur Rahman Rakib","2026-08-10 05:14:21",619.4,2,mahfujurrahmanrakib
4477,16623112,Tians12,"2026-08-09 19:10:24",619.4,2,tiansang12
4478,16675585,"Jacob Joy","2026-08-11 12:13:06",619.4,2,jac0b1
4479,16760226,"Erich Hofstötter","2026-08-24 15:49:06",619.3,2,erichhofsttter
4480,16699772,MrAnalyst,"2026-08-29 16:42:41",619.2,2,mranalyst
4481,16806260,"Kotaro Furuno","2026-09-03 14:36:00",619.2,2,kotarofuruno
4482,16687716,"Joshua Fernando","2026-08-30 17:59:14",619.0,2,joshuafernandoj
4483,16657152,"K S VIJAYARAAGHAVAN","2026-09-03 16:42:56",619.0,2,ksvijayaraaghavan
4484,16777228,"Zach Locke","2026-09-02 10:11:45",618.8,2,zachlocke
4485,16668022,"Lady and tech","2026-08-19 04:08:50",618.6,2,ladyandtech
4486,16673191,juliye,"2026-08-10 03:49:13",618.6,2,juliye
4487,16687925,BillDoser,"2026-09-01 17:26:43",618.2,2,billdoser
4488,16669479,"Shifa Salsabiila","2026-08-09 02:56:11",617.9,1,shifasalsabiila
4489,16702118,"cemal özdeniz","2026-08-10 20:27:17",617.8,2,cemalzdeniz
4490,16697800,DR_Mkelvo,"2026-08-09 20:42:15",617.8,1,drmkelvo
4491,16655217,"Jiawei Zhao","2026-09-02 17:34:26",617.8,2,c789a123
4492,16662103,"Saravana Thiagarajan K","2026-08-05 21:43:42",617.2,2,saravanatk1984
4493,16710512,FishWotou,"2026-08-19 04:45:40",617.0,2,fishwotou
4494,16738640,"Tjay Burger","2026-08-18 17:35:39",617.0,2,tjayburger
4495,16697704,"Leonid Matetskiy","2026-08-09 21:39:06",616.5,2,leonidmatetskiy
4496,16667766,vasujain7,"2026-09-02 13:58:13",616.5,2,vasujain7
4497,16779304,"Ari Nakos","2026-09-01 22:43:59",616.1,2,aristides
4498,16752899,"Nicolò Alberti","2026-08-23 09:16:36",616.1,2,nicolalberti
4499,16730105,"Leonardo Palis","2026-08-17 03:35:05",615.9,2,leonardopalis
4500,16654454,"Haoxiang Li","2026-09-03 18:16:32",615.4,2,haoxiangli789
4501,16660270,Ziel_Lux,"2026-09-03 15:33:12",615.4,2,nahbilafaith
4502,16789550,foundtion,"2026-08-30 13:19:22",615.0,2,foundtion
4503,16621354,pengshy,"2026-08-06 04:54:01",614.9,2,dm15336142
4504,16655426,engin_zhou,"2026-08-05 15:21:18",614.1,2,enginzhou
4505,16657547,"Pranav Thota","2026-09-03 05:37:01",614.1,2,pranavthota
4506,16808352,Rheinmetall,"2026-09-03 12:56:02",614.1,1,rheinmetall
4507,16658779,"Richard G Atkinson","2026-08-05 00:29:59",613.7,2,richardgatkinson
4508,16631772,yuki,"2026-08-03 17:39:58",613.6,2,yururoi
4509,16676254,"Lazy Lagoon","2026-08-31 15:11:32",613.4,2,"mokshoswal137,taniyasankhe"
4510,16632504,"[Deleted] c2f6c5d5-ecb1-4f92-95d7-7c9f0fd3474f","2026-07-31 16:04:32",613.3,1,ryota517
4511,16709885,"Manuel Pérez","2026-08-14 01:54:02",613.0,2,manuelperezzz
4512,16708907,"[Deleted] 84526ff4-3aed-4b4b-a45f-a4486f01cb7b","2026-08-13 20:01:55",612.9,2,del=34c747d6ee8d2bd7
4513,16639408,Invictus,"2026-08-11 22:44:04",612.7,2,nicho256
4514,16635065,T88,"2026-08-06 00:56:10",612.5,2,t88take
4515,16714592,"Carey Casile","2026-08-14 18:34:16",612.4,2,ccasile
4516,16665462,ZSZ,"2026-08-12 13:55:00",612.4,2,zsuzsanna2
4517,16681464,Amyel21,"2026-08-17 10:53:02",612.3,2,amyel21
4518,16756029,EndCreeper,"2026-08-25 06:23:41",612.3,2,endcreeper
4519,16774333,"Nazim Shoikot","2026-09-03 11:20:20",612.2,2,nazimshoikot71
4520,16736261,"Saptanshu Samal","2026-08-22 12:02:42",612.2,2,saptanshusamal
4521,16677231,"Ahmed Bootaan","2026-08-06 18:08:52",612.0,2,ahmedbootaan
4522,16720788,Anson,"2026-09-02 17:47:17",612.0,2,anson0496
4523,16768178,Scarttish,"2026-08-26 22:44:26",611.8,2,scarttish
4524,16727009,B05801037,"2026-08-18 02:28:48",611.6,2,peteropop
4525,16685982,Snorf,"2026-08-09 15:06:58",611.4,2,snorfyang
4526,16715495,Yashi003,"2026-08-24 04:44:40",611.3,2,yashi003
4527,16658738,Aman,"2026-08-05 11:12:10",611.2,2,amank95amank95
4528,16673524,"Zikai Chen","2026-09-03 03:15:18",611.0,2,kyrie1102kai
4529,16645431,Amin,"2026-08-08 22:05:02",610.8,2,aminvafaei
4530,16779598,RiverStead,"2026-09-03 11:32:17",610.8,2,riverstead
4531,16673712,"Alejandro Betato","2026-08-16 10:48:24",610.7,2,alejandrobetato
4532,16664415,"Imerson Krysthio","2026-08-12 05:37:03",610.4,2,imersonk
4533,16700484,白井孝太郎,"2026-08-15 01:08:02",610.4,2,kotaroshirai
4534,16794491,"Sushant Pargaonkar","2026-09-02 02:59:45",610.3,2,sushantpargaonkar
4535,16660670,"Chirag Bhatnagar","2026-08-31 09:21:45",610.3,2,chiragbhatn
4536,16656690,"Sushant Kumar (xWF)","2026-08-06 04:44:38",610.1,2,sushantkumarxwf
4537,16764600,"Tanmay Shingavi","2026-09-03 05:43:57",610.1,2,decodingafterlife
4538,16750726,prince22466,"2026-08-27 15:54:11",610.0,2,prince22466
4539,16711928,Leraaaa,"2026-08-18 20:01:52",610.0,2,leraaaa
4540,16640845,"tang yangzhou","2026-08-04 21:36:09",609.9,1,tangyangzhou
4541,16718445,"Hamza Elmorjani","2026-08-15 12:16:55",609.8,2,hamzaelmorjani03
4542,16657265,"Hemant Kumar","2026-08-05 15:17:20",609.8,2,hemantrajputt
4543,16676259,Th_Gbay,"2026-08-19 20:42:35",609.8,2,thgbay
4544,16811605,"Ryu Sonoda","2026-09-03 04:13:36",609.7,2,ryusonoda
4545,16669118,"yunus yavuz","2026-08-05 21:51:21",609.5,2,yunusyvz
4546,16667794,knadithyavr,"2026-08-13 12:24:05",609.4,2,knadithyavr
4547,16627751,lzeee,"2026-08-10 14:06:38",609.3,2,shzgong
4548,16692450,duckypants,"2026-08-23 20:36:59",609.1,2,duckypants
4549,16688220,Aadi,"2026-08-24 23:10:37",608.9,2,aadicv
4550,16660360,"Joey Gonzales","2026-08-05 00:00:47",608.7,2,joeygonzales
4551,16659446,zhaozy233,"2026-08-15 16:51:36",608.6,2,zhaozy233
4552,16633934,Alexy,"2026-08-25 04:40:02",608.1,2,alexycactus
4553,16722502,Abyss,"2026-08-27 11:26:49",607.8,2,sahiltks
4554,16668532,"Nir Aberman","2026-09-03 04:04:10",607.5,2,niraberman
4555,16741766,lrik00,"2026-08-29 10:40:44",607.5,2,lrik00
4556,16762010,"Ivan Piaternev","2026-09-03 14:25:46",607.4,2,iamvanya
4557,16680297,"Ajay Singh","2026-08-08 04:33:24",607.3,2,ajaysinghg
4558,16722366,"Aki Lit","2026-08-14 23:24:20",607.1,2,akilit
4559,16750864,Ymori,"2026-08-26 01:38:04",607.0,2,yasunorim
4560,16781445,"Odim David Chukwuemeka","2026-09-02 16:45:23",606.8,2,odimdavidchukwuemeka
4561,16718565,Frankyface,"2026-08-13 18:54:37",606.6,1,frankyface
4562,16664142,"The Studio 1","2026-08-16 23:04:06",606.1,2,landonsheatsley
4563,16666614,"Arjun Annamalai","2026-08-18 09:23:28",606.0,2,arjunannamalai
4564,16659412,yesterdays_rebel,"2026-08-13 12:14:41",605.9,2,irfanparaniya
4565,16644508,"Vandana Pathania","2026-08-22 21:59:37",605.6,2,vandanapathania
4566,16701795,Proshian,"2026-08-11 00:01:04",605.5,2,proshian
4567,16679671,Ash0666,"2026-08-09 19:28:52",605.5,2,ash0666
4568,16805882,nmdcddwzml,"2026-09-03 12:52:07",605.5,1,mujian63
4569,16702820,"Plorek ","2026-08-28 11:28:11",605.4,2,plorek
4570,16659507,"Lokesh Lalan","2026-08-26 08:51:50",605.4,2,lokeshlalan
4571,16664605,"Nathaniel Shou","2026-08-05 17:51:47",605.3,2,nathanielshou
4572,16710521,"Natpaphon Nukhunthod","2026-08-17 03:37:15",605.1,2,natpaphonnukhunthod
4573,16686743,charmander,"2026-08-30 10:30:57",605.1,2,rahuladhi
4574,16686912,@mldsdev,"2026-08-13 02:07:44",605.0,2,lan1mel
4575,16780513,"Hugo JOBÉ","2026-08-27 20:51:09",605.0,2,hugojob
4576,16658820,"Jonathan Ashenaf1","2026-08-11 16:59:20",604.8,2,jonathanashenaf1
4577,16672858,Lyesterday,"2026-08-06 08:45:47",604.8,2,ilyas93
4578,16668175,el_dedalus,"2026-08-06 14:48:01",604.7,2,eldedalus
4579,16747163,"Sarthak Patel","2026-08-21 06:36:26",604.6,2,sarthakpatel2028
4580,16692680,"Marc-Luca ","2026-08-11 12:02:15",604.5,2,marcluca
4581,16761751,KrishnaKumar_AIML,"2026-09-02 14:38:24",604.3,2,krishnakumarcsr
4582,16659309,irisV11,"2026-08-18 05:23:01",604.2,2,irisv11
4583,16690940,NKryst,"2026-08-29 10:57:18",603.9,2,nkryst
4584,16659181,Hongjie04,"2026-08-05 04:07:04",603.5,2,hongjie04
4585,16717817,"Nick Stoddart","2026-08-14 05:15:23",603.5,2,nickstoddart
4586,16759246,wangfeifei_si,"2026-08-26 14:27:19",603.0,2,wangfeifeisi
4587,16740646,"Darren Chung","2026-08-25 18:00:27",603.0,2,chungdarren
4588,16755091,Charlie,"2026-09-02 00:54:13",602.8,2,zephyrlennox
4589,16720760,ysteh05,"2026-08-15 05:14:53",602.8,2,ysteh05
4590,16655424,Fayche,"2026-08-10 16:50:28",602.6,2,fayche
4591,16693137,"Ich Benavides","2026-08-18 19:37:35",602.6,2,jabeichbenavides123
4592,16762206,"mohammad khanjani2026","2026-08-25 06:24:39",602.6,2,mohammadkhanjani2026
4593,16674076,rigsutra,"2026-08-24 11:59:54",602.4,2,rigsutra
4594,16748774,"hakan ulucan","2026-08-25 19:19:11",602.4,2,hakanulucan
4595,16666371,jiten_topiwala,"2026-08-08 16:51:13",602.4,2,jitentopiwala
4596,16669408,"Josaphat Adjele","2026-08-31 17:26:56",602.3,2,josaphatadjele
4597,16639705,"Yuta Tomimasu","2026-08-07 13:02:39",602.1,2,yutatomimasu
4598,16654491,"Amedeo Biolatti","2026-08-30 04:05:28",602.1,2,abiolatti
4599,16793461,"Muhammad Hokimiyon","2026-08-31 00:42:19",602.0,2,muhammadhokimiyon
4600,16707037,"Cedoque BAGBONON","2026-09-03 15:46:51",602.0,2,cedbag
4601,16637499,Yuchen20,"2026-09-02 19:10:43",601.8,2,yuchen2066
4602,16756858,"Rushi A.","2026-08-23 18:54:03",601.8,2,rushia
4603,16687448,"Israel Burns","2026-08-12 08:41:38",601.8,2,israelburns
4604,16663766,"Anup Gautam","2026-08-08 01:29:10",601.6,2,anupanda
4605,16704864,ksj00610,"2026-08-12 08:47:16",601.5,2,ksj00610
4606,16637031,"and more","2026-08-20 06:23:32",601.4,2,kym2022
4607,16793150,Comet19,"2026-08-31 10:53:04",601.3,2,comet19
4608,16664143,"Lucas Henrique Mateo","2026-08-21 19:10:52",601.2,2,lucashmateo
4609,16756388,"Sam Scott","2026-08-22 22:04:06",601.1,2,shepard5
4610,16809097,volumatic,"2026-09-03 00:21:44",601.1,2,"kkeevviinn666,volumatic"
4611,16686149,"Luc Mantoux","2026-08-09 20:25:33",601.0,2,lucmantoux
4612,16795609,2023314806_이승민,"2026-09-03 05:13:20",601.0,2,sminleeee
4613,16712746,itsraininnnn,"2026-08-12 16:38:56",600.9,1,itsraininnnn
4614,16761451,gulag,"2026-08-24 03:39:54",600.8,2,moglin
4615,16679771,Coolgolf,"2026-09-02 13:56:54",600.7,2,coolgolf
4616,16696163,"Romain Durand","2026-08-17 19:00:46",600.5,2,romaindurand1607
4617,16662313,"Maximus Sambucetti","2026-08-09 15:36:46",600.0,2,maximussambucetti
4618,16799391,"Mehdi El M.","2026-09-03 19:38:13",600.0,2,mehdielm
4619,16805509,"Adel Zebiche","2026-09-03 19:43:00",600.0,2,adelzebiche
4620,16767800,awee,"2026-09-03 19:43:48",600.0,2,aweertw
4621,16773264,LA28,"2026-09-03 19:44:02",600.0,2,saisreelasyaappali
4622,16790206,"bogdan chirkov","2026-09-03 19:47:26",600.0,2,bogdannchirkovv
4623,16819549,APEX101,"2026-09-03 19:48:06",600.0,1,"akshitasrivastava1,irongm"
4624,16744534,"Leonardo Custode","2026-09-03 19:48:20",600.0,2,leocus
4625,16696526,"Reda HEDDAD","2026-08-10 20:42:47",599.9,2,redaheddad
4626,16682076,"Igor Riegel","2026-09-02 14:49:12",599.4,2,igormriegel
4627,16708625,"Lê Văn Pháp","2026-08-29 03:15:56",599.3,2,"linhsarah,lvnphp"
4628,16760190,"Florian Tigoulet","2026-08-24 12:37:14",599.3,2,floriantigoulet
4629,16654890,"Josh Hipps","2026-08-06 14:16:49",599.2,2,joshuahipps
4630,16740894,BetOnMe,"2026-08-19 14:40:02",599.0,2,betonme
4631,16797969,probability,"2026-08-31 19:48:16",598.9,1,probabilitywavepeak
4632,16676085,"Giordano Dolenz","2026-08-18 16:10:37",598.9,2,giordanodolenz
4633,16624941,"KO Ho Tin","2026-08-10 03:33:47",598.7,2,b14ckc4tmr
4634,16738923,Quantum,"2026-08-29 01:40:45",598.7,2,jawadxhassan
4635,16656304,"Gururaj Athani","2026-08-30 04:42:28",598.6,2,gururajathani
4636,16806084,"DSDgsdgs SDgsdfgs","2026-09-03 05:19:11",598.3,1,dsdgsdgssdgsdfgs
4637,16693738,"Sonu Jha","2026-08-14 20:32:37",598.0,2,sonujha090
4638,16674540,"Pratik Priyanshu","2026-08-07 18:28:12",597.9,2,pratikpriyanshu5
4639,16687538,aefinityaiinc,"2026-08-27 20:59:35",597.8,2,aefinityaiinc
4640,16733910,davidsmith42,"2026-08-19 23:59:03",597.7,2,ananthvydianath42
4641,16623302,"Raffi Ardhi Naufal","2026-07-31 18:31:57",597.5,1,raffiardhi
4642,16770891,"Oleg Shatov","2026-08-27 18:31:14",597.5,2,bishkek
4643,16719172,"Victor Carriço","2026-08-24 03:35:14",597.4,2,kronossaurus
4644,16682915,"igeo kK","2026-08-09 18:41:17",597.4,2,igeokk
4645,16811949,PeterDreamHan,"2026-09-03 07:50:45",597.3,2,peterdreamhan
4646,16732696,naniwazu,"2026-09-03 08:19:34",597.2,2,naniwazu
4647,16656871,"Pedro Henrique","2026-08-07 03:37:29",597.1,2,pedrohets
4648,16699045,"Abu Kayyisah Basyid","2026-09-03 14:28:18",596.9,2,abukayyisahbasyid
4649,16659663,Chintakrinda_Naveen,"2026-09-03 07:32:37",596.7,2,naveen998
4650,16756131,"Emre Atilgan","2026-08-24 20:20:06",596.6,2,emreatilgan
4651,16796625,Nepsirhc,"2026-09-03 07:08:45",596.6,2,nepsirhc
4652,16651167,ArmanVardanyan07,"2026-08-03 22:43:13",596.6,2,armanvardanyan07
4653,16748527,Tsubasa_00,"2026-08-21 08:53:14",596.5,2,tsubasa00
4654,16740534,"Gao Wenjiang","2026-09-02 09:48:37",596.2,2,gaowenjiang
4655,16686150,"Aek KunKub","2026-08-14 05:21:43",595.6,2,aekkunkub
4656,16678602,"hassan manour","2026-08-07 12:52:23",595.5,1,hassanmanour
4657,16638645,ChrisDavis,"2026-08-03 23:29:34",595.5,2,alpacas
4658,16667025,"Anjitha Mekkayil Anand ","2026-08-28 05:59:46",595.4,2,anjithamekkayilanand
4659,16677360,"Jatin Chawla","2026-08-08 13:45:06",595.3,2,jatin221
4660,16716632,shini47,"2026-08-22 20:30:17",595.1,2,shini47
4661,16743438,嘎嘎滴辣晒,"2026-08-24 09:30:32",595.0,2,yuhangzhang0621
4662,16733131,Rad,"2026-08-28 02:56:56",594.9,2,vnt174
4663,16793889,zhzz,"2026-09-01 11:28:52",594.4,2,ucsdzhengzeng
4664,16660364,dadandsats,"2026-08-14 11:41:04",594.3,2,continuingdev
4665,16809136,"Xander Lee","2026-09-03 10:38:29",594.2,2,xndlee
4666,16723125,"Shubham Dhapola","2026-08-16 13:35:23",594.2,2,shubhamdhapola24
4667,16662057,DeokJin,"2026-08-05 04:01:38",594.1,2,deokjin
4668,16666597,Ramkumar4240,"2026-08-10 12:19:20",594.1,2,ramkumar4240
4669,16699756,"zhang xin","2026-09-02 14:43:09",593.4,2,zhangxin300
4670,16641099,sieru-copan,"2026-08-30 12:28:26",593.3,2,sierucopan
4671,16740248,KK_nut,"2026-08-25 03:26:52",593.2,2,k0k0nut
4672,16708230,"jose manuel Tinajero","2026-08-25 15:02:46",592.8,2,josemanueltinajero
4673,16658973,"not today","2026-08-05 05:57:14",592.7,2,cemhan44
4674,16732945,"Aru Ohta","2026-08-29 12:19:07",592.6,2,aruohta
4675,16731887,"hoo aam","2026-08-21 05:37:16",592.4,2,hooaam
4676,16664750,"shubham kumar","2026-08-20 10:26:25",592.4,2,shubzk17
4677,16717742,"Ghawwjsb Vsjsjsbs","2026-08-13 22:32:49",592.4,2,ghawwjsbvsjsjsbs
4678,16688134,"Marc Dakuginow","2026-08-13 01:40:44",592.1,2,marcdakuginow
4679,16703129,"Pratik Vadher","2026-08-10 21:08:27",591.9,1,pratikvadher
4680,16680108,dentalsoup,"2026-08-07 09:03:47",591.9,2,afinemonkey
4681,16714100,SuperMercat,"2026-08-14 09:52:49",591.8,2,supermercat
4682,16675264,"Alon Bar Koter","2026-08-06 16:16:43",591.8,2,alonbarkoter
4683,16659645,Drakus_Julia,"2026-08-09 02:15:20",591.7,2,drakus74
4684,16712410,aysfshn,"2026-09-03 16:55:32",591.6,2,aysfshn
4685,16632253,nasuuuuun,"2026-08-04 13:30:11",591.5,2,hikarumatsuzaki
4686,16774701,@Suzumaru_1666,"2026-09-03 10:41:36",591.3,2,suzumaru1666
4687,16810343,"Aleksandr Borodin","2026-09-02 20:29:06",591.3,2,aleksandrbor
4688,16726687,"Rohin Kethipally","2026-08-28 22:30:20",591.2,2,rohinkethipally
4689,16731729,"Sumit Bopche","2026-08-21 15:53:56",591.1,2,sumitbopche
4690,16764330,"Koral Kulacoglu","2026-08-26 04:51:33",591.0,2,koralkulacoglu
4691,16679364,VicD,"2026-08-14 20:16:52",590.8,2,durandv
4692,16623316,"Ondrew Zudin","2026-08-06 23:08:41",590.8,2,ondrewzudin
4693,16662138,"Luan He","2026-08-25 20:18:46",590.7,2,luanhe
4694,16760352,"Romain Bomba","2026-08-24 01:27:23",590.6,2,romainbomba
4695,16705183,"Tong Jiakai","2026-08-14 08:23:26",590.6,2,tongjiakai
4696,16674599,"Luka Duvanov","2026-08-19 22:03:46",590.5,2,nekkon
4697,16709494,"Aditya Dushara","2026-08-23 05:04:46",590.2,2,adityadushara
4698,16666328,"Dornus !","2026-08-05 21:53:19",590.0,2,dornus
4699,16655075,"Félix Rodríguez Roble","2026-08-04 09:16:25",589.8,2,flixrodrguezroble
4700,16666066,Khush3e,"2026-08-12 04:50:39",589.7,2,khush3e
4701,16743001,Nikhilasree,"2026-09-03 11:33:45",589.5,2,nikhilasree2003
4702,16686655,"Emir Baki Demirci","2026-08-14 22:43:55",589.4,2,emirbakidemirci
4703,16743282,"Srivishnu Charan","2026-09-03 14:06:54",589.4,2,srivishnucharan
4704,16691007,"Nhật Khoa Phạm","2026-08-14 16:15:43",589.2,2,pnk123456
4705,16809762,"Ryan Wong","2026-09-03 16:47:35",589.1,2,taggatle
4706,16747345,"Alex #3","2026-09-02 12:28:51",588.7,2,alexb99
4707,16659813,"Uday Kumar R","2026-08-13 09:47:39",588.6,2,udaykumarramineni
4708,16669545,"Rishabh Gupta","2026-08-06 18:19:04",588.6,2,rishabhguptajs
4709,16669028,"Atishay Kasliwal","2026-08-11 17:54:59",588.6,2,atishaykasliwal
4710,16635744,XDang13,"2026-09-01 00:50:40",588.4,2,xdang13
4711,16676155,"Adam Carnaffan","2026-08-07 16:48:03",588.3,2,adamcarnaffan
4712,16735475,SunjaeLee02,"2026-08-19 08:12:41",588.2,2,sunjaelee02
4713,16794309,"Sanyam Jain","2026-09-03 04:17:36",588.2,2,sjain03
4714,16662751,ZeD,"2026-08-06 10:11:24",588.2,2,hussamcheema
4715,16664841,vohi01,"2026-08-25 03:38:00",588.2,2,vohi01
4716,16717716,"Диас Издибаев","2026-08-15 05:32:14",588.0,2,diasiz1
4717,16667872,"Pralay Ghosh","2026-08-29 09:39:18",587.9,2,pralayghosh83
4718,16690152,"The Ceris","2026-08-16 11:49:31",587.8,2,amedeopachera
4719,16623390,KodamaSec,"2026-08-25 10:09:42",587.8,2,dfhgfdghfdhg
4720,16663677,"Aghazie David","2026-08-07 00:32:14",587.8,2,aghaziedavid
4721,16738456,"Pritul Raut","2026-08-21 08:45:04",587.8,2,pritulraut
4722,16662741,"Abhiraj Govind","2026-08-04 18:01:16",587.6,1,abhirajgovind
4723,16678644,"Kanik Aggarwal","2026-08-13 19:01:16",587.5,2,roronoazoro200
4724,16673266,Preet,"2026-08-14 05:57:17",587.0,2,hpkaur34
4725,16685652,LeonDuue,"2026-09-01 06:55:54",587.0,2,leonduue
4726,16691271,"Ashler Herrick","2026-08-09 14:54:33",587.0,1,ashlerjohnherrick
4727,16663093,"Akul Sareen","2026-08-21 23:49:50",586.9,2,akulsareen
4728,16660173,"PAULO HENRIQUE DE LIMA","2026-08-06 02:42:20",586.8,1,paulohenriquedelima
4729,16621523,"Victor Orihuel","2026-08-18 05:40:18",586.7,2,victororihuel
4730,16755398,takataok_42,"2026-08-30 09:13:14",586.6,2,takataok42
4731,16657981,"Arijit Kar","2026-08-18 11:05:52",586.6,2,demonicak
4732,16661099,TheSven,"2026-08-06 17:05:25",586.6,2,thesven
4733,16725847,"Shel Horta","2026-08-18 04:29:55",586.5,2,shelhorta
4734,16759626,"Ghazaros Barseghyan","2026-09-02 15:44:36",586.3,2,ghazarosbarseghyan91
4735,16668678,"Madhur Sabherwal","2026-08-14 02:47:14",586.2,2,madhur321
4736,16687604,Harrislrobinson,"2026-08-11 00:25:10",586.0,2,harrislrobinson
4737,16622938,"Farmville Redux","2026-08-03 18:58:04",585.8,2,daveconnor
4738,16730649,Mink,"2026-08-27 08:41:02",585.8,2,"mahendransaeyohnn,mysterious5577"
4739,16666988,"Sarthak Vedant Mohanty","2026-08-08 00:10:11",585.8,2,sarthakvedantmohanty
4740,16690353,b13902103_yuhung94,"2026-09-01 05:03:15",585.7,2,yuhung94
4741,16772204,"Hamam Ahmed","2026-08-30 19:28:23",585.7,2,hamamelsanousi
4742,16769793,"Shivam Batra","2026-08-26 14:21:49",585.3,2,shivam744
4743,16774317,A_yuki,"2026-08-28 23:42:10",585.1,2,yukiys
4744,16658718,"Duong Bao Duy","2026-09-03 16:10:38",585.0,2,duongbaoduy
4745,16736368,tora,"2026-08-19 06:54:47",585.0,1,toranosukenoda
4746,16757407,"Dylan Bailes","2026-08-26 07:11:56",584.6,2,dylanbailes
4747,16675457,"Ramana Prabhu Sana","2026-08-25 21:16:45",584.4,2,ramanaprabhusana
4748,16660119,"Dhruva Das","2026-08-05 17:05:52",583.8,2,dhruva77
4749,16672463,"Muzammil Baloch","2026-08-07 12:45:39",583.6,2,muzammilbaloch
4750,16630903,"Hrushikesh Pawar","2026-08-09 14:44:37",583.6,2,hrushikeshpawar
4751,16639244,"Romone Dunlop","2026-08-11 10:19:49",583.3,2,romonedunlop
4752,16784966,oouiaa,"2026-09-02 09:59:57",583.3,2,tomofumihata
4753,16712321,"Elias Schecke","2026-08-28 16:06:57",583.3,2,eliasschecke
4754,16635600,"Divyansh Kumar","2026-09-01 19:42:25",583.1,2,"divyanshkumar3,vivekjeetpatel"
4755,16697730,JCN2365,"2026-08-13 18:06:35",582.5,2,jcn2365
4756,16660214,ytddsyt1214,"2026-08-09 12:32:06",582.5,2,ytddsyt1214
4757,16722252,pwdh2026,"2026-08-14 22:16:22",582.5,2,pwdh2026
4758,16661858,"Lukas Lee e","2026-08-18 00:58:12",582.4,2,lukasleee
4759,16641009,"Marius Kirschner","2026-08-03 08:41:47",582.2,2,mariuskirschner
4760,16793452,"Ghazaros Ghazaros","2026-08-31 15:17:06",582.0,2,ghazarosghazaros
4761,16659025,"Mohammed Naseef","2026-08-05 09:01:20",582.0,2,mohammednaseef
4762,16666055,Axit,"2026-08-06 10:16:15",581.9,2,axitslab
4763,16761173,"Shinzo Takayama","2026-09-03 17:55:59",581.7,2,shinzotakayama
4764,16697346,"sayyid mogaka","2026-08-10 21:37:36",581.5,2,sayyidmogaka
4765,16677402,"Hıdır Demir","2026-09-03 18:12:14",581.3,2,hdrdmr
4766,16655899,"Dominic Tedrow","2026-08-17 20:37:28",580.9,2,dominictedrow
4767,16781545,"Jake Lin","2026-08-31 02:28:54",580.7,2,jakelinai
4768,16628487,"Koichi HIRAOKA","2026-08-01 08:42:40",580.7,2,koichihiraoka
4769,16670274,"dankwa wadie","2026-09-01 08:45:40",580.3,2,dankwawadie
4770,16712921,"Come Back","2026-08-20 00:45:45",580.3,2,amirhosseinltf
4771,16624506,zhongtian,"2026-09-02 06:52:07",580.3,2,kmtbang
4772,16743846,"Hemanth Raja Guttikonda","2026-09-03 09:41:56",580.2,2,"hemanthrajg,poojithakatta18"
4773,16698292,"Dallas Manning","2026-08-17 14:29:53",580.1,2,dallasmanning
4774,16657332,"Amit Malakar","2026-09-03 05:18:39",580.1,2,amitmalakarjoy
4775,16656913,"Inna Davidov","2026-08-20 04:43:47",580.0,2,innadav
4776,16727961,"Ebenezer Olumeyan","2026-08-22 15:54:00",580.0,2,eolumeyan
4777,16809445,takusemba,"2026-09-03 19:15:46",579.9,2,takusembba
4778,16774134,kokdonbaq,"2026-08-30 14:07:52",579.8,2,darkhan14
4779,16802663,ipefix,"2026-09-01 17:34:35",579.8,2,nmsis91
4780,16655072,Sonuaswar1,"2026-08-04 07:33:47",579.7,2,sonuaswar1
4781,16672333,"Giovanny Rodríguez","2026-08-20 12:23:08",579.6,2,giovannyrodrguez
4782,16765668,shun_johnny,"2026-09-02 00:24:16",579.6,2,shunjohnny
4783,16661432,"Ange Adantchede","2026-09-02 18:42:30",579.0,2,angeadantchede
4784,16773402,齐乐,"2026-08-28 05:52:43",578.8,2,qile200107
4785,16762994,AdvancedRising,"2026-09-03 17:44:17",578.6,2,advancedrising
4786,16757211,dacho,"2026-09-02 12:40:15",578.6,2,slothcafe
4787,16661832,"Roberto Garcia","2026-08-08 15:09:39",578.4,2,robertogarciada
4788,16654970,"Maycon Coutinho","2026-08-27 21:28:32",578.3,2,coutinhomaycon
4789,16676320,"Khôi Trần","2026-08-29 14:14:57",578.1,2,khoitrn
4790,16657400,indrapurnama,"2026-08-08 05:42:05",577.9,2,indr0008
4791,16744898,"Tore Erdmann","2026-08-29 12:38:19",577.8,2,toreerdmann
4792,16786461,"Caleb Bredlow","2026-08-30 22:16:51",577.6,2,calebbredlow
4793,16673034,"Milos Vlainic","2026-09-01 11:01:07",577.5,2,wlakinsson
4794,16662201,"Saumitra Verma","2026-08-04 18:28:36",577.2,2,saumitraverma
4795,16696724,arkmid,"2026-09-03 04:31:25",577.1,2,arkmid
4796,16665331,winstonton,"2026-09-03 01:58:36",577.0,2,winstonton
4797,16724847,"guangchen lu","2026-08-17 03:27:45",576.7,2,guangchenlu
4798,16645446,gogo98415,"2026-08-29 06:04:15",576.4,2,gogo98415
4799,16795070,"HKUST Random","2026-09-02 09:39:09",576.3,2,siulungfan
4800,16657807,"Ragav Rida","2026-08-07 16:22:34",576.2,2,ragavrida
4801,16658031,BSam79,"2026-08-27 21:28:23",576.1,2,bsam79
4802,16633577,Boxy,"2026-08-15 18:55:40",575.9,2,boxyml
4803,16661507,Siddharth1984,"2026-08-06 13:39:22",575.9,2,siddharth1984
4804,16662690,"Pablo Gomez Perez","2026-09-03 18:32:19",575.7,2,pablogp
4805,16656317,"Manu Rahi","2026-08-06 16:43:55",575.5,2,manurathi
4806,16784420,renyxin,"2026-09-03 17:03:35",575.2,2,renyxin
4807,16726445,"James Patounas","2026-08-19 08:37:06",575.1,2,jamespatounas
4808,16752191,"Wenxuan Ye","2026-09-03 07:17:02",574.8,2,akomwins
4809,16670779,"Aditya Dube","2026-08-06 01:41:24",574.7,2,dubeaditya
4810,16633069,"Nur Srijan","2026-08-06 12:55:34",574.6,2,nursrijan
4811,16696020,"Hugo Voisin","2026-08-11 16:08:06",574.6,2,hugovoisin
4812,16687293,"Aurelie Jodelle Kemme","2026-08-20 00:25:43",574.5,2,"audreydemafo,aureliejodellekemme"
4813,16658627,"Osman Can ÇETLENBİK","2026-08-05 15:25:30",574.5,2,osmancancet
4814,16698489,"JIUZHOU CHAN","2026-08-30 14:21:04",574.3,2,jiuzhouchan
4815,16706985,Valmrnch,"2026-08-24 07:57:56",574.2,2,valmrnch
4816,16795624,"Shashwat Khare","2026-09-02 01:46:54",574.2,2,shshwtkhr
4817,16683918,Thuytien,"2026-08-07 17:20:33",574.1,2,thuytien200529
4818,16701454,"André-Marie BEHANZIN","2026-09-02 14:55:56",574.1,2,andremariebehanzin
4819,16631480,"Kumar Abhijeet","2026-07-31 13:29:40",574.0,1,krabhijeet
4820,16634790,"Steven Lui","2026-08-03 12:22:08",573.9,2,stevenlui
4821,16664140,Sxwat,"2026-08-23 01:13:13",573.6,2,aybatov
4822,16705363,"Matt Hall","2026-08-16 01:44:32",573.4,2,matthall0
4823,16685349,Onelux,"2026-08-13 12:58:31",573.2,2,leehomhuang
4824,16676663,"This cat is called Fumi","2026-08-11 18:21:43",573.0,2,qwer556617123
4825,16668509,HarryZ,"2026-09-02 15:59:31",572.9,2,mzhumzhu
4826,16705480,Mint120,"2026-08-19 05:49:10",572.7,2,mint120
4827,16740840,"Huchen Jiang","2026-09-02 09:18:47",572.3,2,huchenjiang
4828,16736579,rk777848,"2026-08-25 03:00:28",572.3,2,rk777848
4829,16685582,Wasaanyi,"2026-08-18 09:21:30",572.0,2,"cnakakeeto,wasaanyi"
4830,16658074,"Qui Ngx","2026-08-05 05:57:15",571.8,2,quingx
4831,16720714,"Lithole Munangiwa","2026-08-19 11:23:49",571.7,2,litholemunangiwa
4832,16661443,"STEPHEN ASANTE OPOKU","2026-08-04 16:45:41",571.6,1,stephenasanteopoku
4833,16658160,yunquer,"2026-08-17 07:18:53",571.6,2,yunquer
4834,16714894,"Mitsuaki Inoue","2026-09-01 12:33:13",571.5,2,mitsuakiinoue
4835,16705415,"Mauro Najera","2026-08-11 05:30:13",571.2,2,mauronajera
4836,16677585,Pan,"2026-08-07 13:54:22",571.1,2,mehdiacho
4837,16759112,songxin,"2026-08-28 06:17:20",570.8,2,likewaterandwind
4838,16770440,"Tegar Putrayas Dentatama","2026-08-29 06:33:59",570.7,2,tegarputrayasd
4839,16623071,"Santiago Maniches","2026-09-03 01:49:33",570.6,2,santmani
4840,16658702,sherlockwatson007,"2026-08-29 08:48:53",570.3,2,sherlockwatson007
4841,16718042,"Muddassir Shah","2026-09-02 21:49:44",570.1,2,wisemanseed
4842,16693207,"Vamshi Guntupalli","2026-08-11 22:40:36",570.1,2,vamshiguntupalli
4843,16724395,"Hampton Yeh","2026-08-22 04:07:32",569.9,2,hamptonyeh
4844,16757417,otter_0714,"2026-09-03 14:06:14",569.8,2,otter0714
4845,16648589,"Yilan Zhu","2026-08-05 11:23:23",569.8,2,yilanzhu
4846,16659183,"Leonard Yaw Mensah","2026-08-05 02:22:25",569.8,2,leonardyawmensah
4847,16662715,"Great Okwuma","2026-08-17 00:10:46",569.7,2,greatokwuma2
4848,16701779,"Chaoqi Luo","2026-08-15 16:42:19",569.1,2,chaoqiluo7
4849,16659896,TedT,"2026-08-11 19:36:14",568.9,2,fdsaur
4850,16663777,"Mortis Beans","2026-08-24 05:27:44",568.7,2,mortisbeans
4851,16709880,"Javier Pérez Robles","2026-08-15 02:21:07",568.7,2,javierprezrobles
4852,16753887,"Hong Tang","2026-08-24 21:41:20",568.5,1,hongtang15
4853,16715711,"Shawon Biswas","2026-08-19 10:42:24",568.4,2,shawonbiswas11
4854,16795284,"Kostas Tsolis","2026-09-03 07:24:31",568.3,2,tkostas
4855,16673324,Amaranta,"2026-09-02 18:48:45",568.2,2,ulyanovantonamaranta
4856,16755650,"kazuki morikawa","2026-08-30 09:21:54",567.9,2,kazukimorikawa
4857,16726913,"T T‗Worker","2026-08-22 11:08:14",567.9,2,ttworker
4858,16664370,"Joel Arias","2026-08-06 17:29:01",567.8,1,j4rias
4859,16665364,"Shien Zhang","2026-08-06 06:50:46",567.8,1,shienzhang
4860,16749371,"Renisa Assyifa Putri","2026-08-21 05:24:07",567.6,1,renisaassyifaputri
4861,16688383,plong2101,"2026-08-18 06:21:34",567.5,2,plong2101
4862,16683309,"Zealous Sebastian","2026-08-09 12:45:32",567.5,2,zealoussebastian
4863,16665257,"Ken Li","2026-08-09 12:59:32",567.5,2,kenliwt
4864,16654596,"khusham sheth","2026-08-13 05:28:55",567.3,2,khushamsheth
4865,16811603,"Zhonghao Yang","2026-09-03 08:10:49",567.1,1,zhongh4oyang
4866,16669699,nikesh23,"2026-08-08 01:52:56",566.4,2,nikesh23
4867,16779813,zitihc,"2026-08-29 14:18:49",566.3,2,zitihc
4868,16637894,"Leonardo Domingues","2026-08-13 13:08:30",566.1,2,leonardodomingues
4869,16701250,T00bii,"2026-08-11 16:11:06",566.0,1,t00bii
4870,16740662,宣城市机械电子职业技术学院,"2026-09-03 02:28:06",565.3,2,chenzhengy
4871,16762831,269,"2026-09-02 07:53:37",565.2,2,thahaarsh
4872,16688366,yokoikazumasa,"2026-08-08 19:25:58",565.0,1,yokoikazumasa
4873,16663618,Anthaus,"2026-08-09 17:06:35",564.9,2,anthaus
4874,16665511,phoenix_merk,"2026-08-05 09:46:25",564.9,2,phoenixmerk
4875,16657681,"Prince Raj","2026-08-11 22:49:02",564.7,2,princerajmdb
4876,16729081,"Venkata Y","2026-08-19 00:45:13",564.6,2,venkatayerrapothu
4877,16674714,"Kaaleedass Manoharan","2026-08-31 19:07:47",564.6,2,kaaleedassmanoharan
4878,16723737,HaruhiroKazami,"2026-08-21 16:12:04",564.5,2,haruhirokazami
4879,16778579,"Jiajia Zhang","2026-08-29 18:19:12",564.5,2,jiajiazhang01
4880,16656410,Sam,"2026-08-14 01:58:04",564.5,2,beartrader
4881,16784417,"Dallas Odem","2026-08-29 13:14:30",564.3,2,dallasodem
4882,16700661,"Aakash Kavuru","2026-08-12 05:13:05",564.0,2,aakashkavuru
4883,16658909,junesdata,"2026-08-06 15:14:26",563.9,2,junesdata
4884,16692246,"Pamod Jayaneth","2026-08-31 14:30:29",563.9,2,pamodjayaneth
4885,16647607,pumpkin,"2026-08-07 13:57:58",563.8,2,gealachpumpkin
4886,16630784,"🚜 Sub-Par Seedlings","2026-08-11 08:39:26",563.8,2,"dwellement0baser,michaellist,oneupkiwi,wilhelmberghammer"
4887,16668562,"Anthony LOISEAU","2026-08-06 16:07:52",563.6,2,anthonyloiseau
4888,16685800,"Sumit Ridhal","2026-08-31 16:08:14",562.6,2,sumitridhal
4889,16770842,yatakeuc,"2026-09-02 23:03:58",562.5,2,yatakeuc
4890,16730749,"Đông Hà","2026-09-03 03:04:06",562.5,2,phapsucongu
4891,16664266,"Ian Chung","2026-08-07 23:32:55",562.3,2,iannnnn012345
4892,16660081,fakyyy,"2026-08-09 11:19:15",562.3,2,manideepreddyakula
4893,16685722,"Jiahan Cao","2026-08-12 09:01:22",562.1,2,jiahancao
4894,16709463,MKhlystun,"2026-08-12 12:41:42",561.7,2,mkhlystun
4895,16705149,"Allen Chun","2026-08-15 04:59:05",561.7,2,allenchun
4896,16658115,SantaClaws,"2026-08-10 14:50:31",561.6,2,vovikdrg
4897,16675477,"Joanne Yun","2026-08-07 13:40:53",561.2,2,joannejyun
4898,16630335,"Solve Langseth","2026-08-05 06:48:57",561.2,2,solvelangseth
4899,16723037,"Red Cat","2026-08-26 20:35:55",561.0,2,severl
4900,16661934,"Viacheslav Kasatkin","2026-08-10 10:48:25",561.0,2,viacheslavkasatkin
4901,16756891,T.Uehira,"2026-08-24 11:34:16",560.9,2,tuehira
4902,16656470,Glimmeron,"2026-08-12 02:01:48",560.9,2,rishabhraushan
4903,16769648,"Alok Kumar","2026-08-28 18:04:50",560.9,2,shadowserpent
4904,16823251,"Khaled Yousef","2026-09-03 19:42:25",560.9,2,recochet96
4905,16641622,datajanko,"2026-08-22 07:40:54",560.8,2,jankoch
4906,16657601,Simon,"2026-08-05 15:59:44",560.8,2,benten10
4907,16724269,lava,"2026-08-26 09:09:01",560.7,2,fanxiaozhen
4908,16671648,"[Deleted] 05e6ae2c-c72f-4044-b02f-dc74277e34ab","2026-08-09 07:21:22",560.6,2,del=871ca06d8c734ede
4909,16778703,kamaras,"2026-08-30 11:58:07",560.6,2,kamaras
4910,16656689,"Vansh Gupta","2026-08-11 08:56:56",560.5,2,vanshrl9ine
4911,16724364,Sh4ron,"2026-08-28 21:17:28",560.4,1,sh4ron
4912,16685028,"serene ng","2026-08-13 14:53:37",560.1,2,sereneng
4913,16670032,Kenjo1209,"2026-09-03 12:33:05",560.1,2,kenjo1209
4914,16755101,"Thomas van der Meer","2026-08-26 11:19:19",559.9,2,tvdermeer
4915,16756987,"Joseph Paggeot","2026-08-24 04:32:57",559.7,2,josephpaggeot
4916,16661397,"T. Scharf","2026-08-05 02:54:36",559.6,2,scharf
4917,16698103,JJ,"2026-09-02 09:46:15",559.5,2,jianjinchen
4918,16668612,"raffael prem","2026-08-06 08:02:13",559.5,2,raffaelprem
4919,16675866,DanilChil,"2026-09-03 19:17:09",559.4,2,danilchil
4920,16750751,AarizKh,"2026-08-24 22:41:15",559.4,2,aarizkh
4921,16657401,korpo,"2026-08-25 20:18:13",559.3,2,krisko
4922,16660955,"Nihal l.suvarna","2026-08-19 14:37:50",559.2,2,nihallsuvarna
4923,16629002,Alpro,"2026-08-17 22:27:30",559.2,2,"dogaakal,egekemalkaraca"
4924,16652952,lackmind,"2026-08-24 18:54:38",559.2,2,lackmind
4925,16675060,"Xinger Gao","2026-08-31 08:52:07",559.0,2,xingergao
4926,16684024,"Work From Home 3.0","2026-08-14 12:33:30",558.9,2,"direct1,gongyiqian,jovansee,maxtankialok,n00bcak"
4927,16776505,"Muhammad Ahmad Amin","2026-09-03 06:47:40",558.8,2,ahmadamindw
4928,16623006,"Aaradhy Singhvi","2026-08-11 23:29:04",558.8,2,aaradhysinghvi
4929,16658344,SOONHANKWON,"2026-08-28 02:00:59",558.7,2,soonabletv
4930,16709492,abozten,"2026-09-02 21:26:04",558.3,2,abozten
4931,16783713,Gale,"2026-09-01 16:34:19",558.1,2,na1vel
4932,16707986,Pones_kaggle,"2026-09-01 22:08:32",558.1,2,pyd966
4933,16631919,"Ghinwa Allaoui","2026-08-04 16:27:17",558.1,1,ghinwaallaoui
4934,16639679,"Felix Allistar","2026-09-01 13:57:44",557.8,2,felixallistar
4935,16658265,kraken,"2026-09-01 22:49:41",557.6,1,krn0209
4936,16741113,kaitle,"2026-08-21 12:05:55",557.6,2,kaitle
4937,16777132,"Soham Dave","2026-08-27 14:51:01",557.3,2,sohamdave19
4938,16659294,"Muhammad Rafzan","2026-08-08 10:56:32",557.1,2,revianalfariz
4939,16742059,dafei2025,"2026-09-03 09:19:34",557.1,2,dafei2025
4940,16692637,"Blox Amaze","2026-08-09 09:47:42",556.8,2,bloxamaze
4941,16662043,"Hengcong Zhu","2026-08-05 14:46:24",556.8,2,hengcongzhu
4942,16631981,"Karen Letir","2026-08-10 09:21:51",556.8,2,karenletir
4943,16621499,"Alexandr Utkov","2026-08-01 00:21:43",556.8,2,alexandrutkov
4944,16682707,"AJAY KUMAR","2026-08-07 19:13:08",556.5,2,worldsslayer
4945,16726025,"Yanrun Chen","2026-08-30 12:26:01",556.2,2,yrchen98
4946,16621367,Numari,"2026-07-31 16:30:01",555.9,2,numaritaisei
4947,16674943,feyZERO,"2026-08-16 10:48:50",555.9,2,faezamora
4948,16639814,"Nikhil Krishna A","2026-08-27 19:01:40",555.6,2,techmasternikhil
4949,16661154,"gronky goobers","2026-08-15 14:39:05",555.5,2,"viktoriusontop,yoshisurjuise"
4950,16715126,준환,"2026-08-27 11:27:16",555.5,2,paulguilbert
4951,16693797,"Riyaz Ur Rehman","2026-08-17 02:21:15",555.4,2,riyazurrehman
4952,16793535,Pink,"2026-08-31 15:41:51",555.0,2,farjanaafrinswarna
4953,16660462,"Vishwanath N Iyer","2026-08-07 07:22:17",554.9,2,vishwanathniyer
4954,16719857,"Howey do it","2026-08-14 23:06:06",554.9,2,ronincoppins
4955,16635233,"Szymon Kłapiński","2026-08-03 10:04:12",554.9,2,szymonkapiski
4956,16665191,JoJa,"2026-09-03 02:12:33",554.8,2,"mojyou,noahzx"
4957,16714363,guohaowen,"2026-08-13 14:25:48",554.5,2,guohaowen1910
4958,16668324,"Alden Jenish S","2026-08-06 14:02:09",554.4,2,aldenjenishs
4959,16774958,"Charles Wuytack","2026-08-27 14:58:07",554.3,2,charleswuytack
4960,16680562,devsloppy,"2026-08-10 20:02:19",554.1,2,twu1738
4961,16733948,novodude,"2026-09-01 10:42:40",553.9,2,novomont
4962,16667101,SundharSteyn,"2026-08-27 02:41:04",553.9,2,sundharsteyn
4963,16687942,"Arya Arun","2026-08-16 08:52:26",553.9,2,aryaarun07
4964,16796445,"Md Aminul Islam","2026-09-03 17:39:22",553.7,2,aminulabir
4965,16692168,"Kinshuk Aggarwal","2026-08-09 04:23:32",553.7,1,kinshukaggarwal
4966,16732529,"lixinglong ye","2026-08-25 06:51:24",553.6,2,lixinglongye
4967,16661927,JHCodeQuest,"2026-08-25 11:36:46",553.4,2,josephkhassan
4968,16627463,dnish,"2026-08-05 07:37:16",553.3,2,dnishio
4969,16664211,"Ben Wilson","2026-08-06 23:57:29",553.2,2,crispyryse
4970,16680799,zixma13,"2026-08-25 13:12:44",553.1,2,zixma13
4971,16763351,shutong114,"2026-08-24 15:17:06",553.1,2,shutong114
4972,16664913,"ABHISHEK KUMAR","2026-08-17 04:20:56",552.7,2,abhishek6545
4973,16813899,blueshine,"2026-09-03 08:37:05",552.4,2,minagawateru
4974,16683934,"Teja Madala","2026-08-10 14:46:07",552.3,2,tejamadala
4975,16632100,"Mohit Shirke","2026-08-07 17:55:11",552.2,2,orcivion
4976,16654485,"Mahbub Alam","2026-08-04 02:08:23",552.1,2,mahbubalam214
4977,16699707,"Afana Khalit putra","2026-08-11 08:57:25",552.1,2,afanakhalitputra
4978,16688646,lakranitesh,"2026-08-08 12:49:18",551.9,2,lakranitesh
4979,16661402,"Abin Biju","2026-08-11 18:00:35",551.8,2,abinbiju1
4980,16765380,jslee_homeofson,"2026-08-25 13:10:22",551.6,2,jsleehomeofson
4981,16796810,JosephErikRibeiro,"2026-09-02 20:21:08",551.5,2,josepherikribeiro
4982,16661596,t@got@go,"2026-08-10 06:24:24",551.2,2,kamdaanahessod
4983,16735702,opflare,"2026-08-19 02:25:46",551.1,2,opflare1144user
4984,16666709,JSQL,"2026-09-02 18:52:37",551.0,2,jeffreyschott
4985,16666566,"Rairo Mukamuri","2026-08-19 10:09:08",551.0,2,thetraveller
4986,16699488,"Kelvin Lai","2026-09-03 14:45:54",550.9,2,kelvin84hk
4987,16664706,olivbhxf,"2026-08-06 07:10:34",550.4,2,olivbhxf
4988,16664502,"Alejandro Morales","2026-08-10 01:05:59",550.3,2,langley96
4989,16724842,"Mikaela Gkolemi","2026-08-21 19:04:38",550.2,2,mikaelagkolemi
4990,16672078,vietlinhh02,"2026-08-08 07:46:53",550.1,2,vietlinhh02
4991,16691466,"Jeeta Nandi ","2026-09-02 10:35:07",550.0,2,jeetanandi
4992,16748738,Shymohn,"2026-08-26 13:28:58",550.0,2,shymohn
4993,16745065,MrEvidentYew,"2026-08-24 18:36:02",549.9,2,mrevidentyew
4994,16753353,"Aayush Kumar","2026-08-29 16:26:46",549.8,2,devaayushkumar
4995,16658327,pocari1,"2026-08-19 07:17:28",549.6,2,pocari1
4996,16808242,keowpwpwkeo,"2026-09-03 05:08:10",549.4,2,keowpwpwkeo
4997,16685570,"Micah Fernando","2026-08-07 19:46:31",549.4,2,micahfernando
4998,16686109,"Triple Tensor","2026-08-17 08:24:26",548.9,2,"adinathjagtap777,pds178,prajwalzolage05"
4999,16761589,"Eren -","2026-08-27 08:48:44",548.6,2,erenozyurek
5000,16771171,Manfucci,"2026-08-29 17:36:15",548.5,2,manfucci
5001,16661930,zzangsunghyeon,"2026-08-08 16:22:21",548.4,2,zzangsunghyeon
5002,16811307,elmo,"2026-09-03 09:00:01",548.3,2,mktakizawa
5003,16694171,"guanran wang","2026-08-11 05:57:12",548.3,2,guanranwang
5004,16789996,"Chen Jiaqi","2026-09-02 15:48:25",548.1,2,elaemchen
5005,16671779,"Syed Jawad","2026-08-30 10:44:37",548.0,2,syedjawad11
5006,16728137,mchicen,"2026-08-20 16:48:10",547.9,2,"iyaiji,mchicen"
5007,16744572,DivyanshAgg,"2026-08-31 19:30:49",547.8,2,divyanshagg
5008,16757727,"Sohshi Nakamura","2026-09-03 00:34:43",547.6,2,sohshinakamura
5009,16663210,"Marco Nasuelli","2026-08-30 18:13:00",547.5,2,marconasuelli
5010,16665046,"Srish Jana","2026-08-06 18:12:59",547.5,2,srishjana
5011,16673214,Boiga7,"2026-08-06 14:03:53",547.2,2,lewiselliot
5012,16771623,kekuru,"2026-08-26 08:25:11",547.0,2,soyaishihara
5013,16743648,Hei_shao,"2026-09-01 11:27:25",546.8,2,heishao
5014,16662722,"Ajeet Jain","2026-08-07 06:32:10",546.8,2,jainajeet29
5015,16707159,"Toua Innocent TIA","2026-08-17 16:28:36",546.7,2,centino
5016,16674308,"Ayush Roy","2026-08-06 20:28:57",546.6,2,ayushroy39
5017,16651872,Evgen21,"2026-08-05 14:03:50",546.3,2,evgen21
5018,16637649,cameronezrajones579,"2026-08-15 15:49:12",546.2,2,cameronezrajones579
5019,16695102,whitelok,"2026-08-11 12:54:41",545.9,2,whitelok
5020,16692644,"Achille Gohin","2026-08-10 00:26:26",545.8,2,achillegohin
5021,16664252,"Huy Hoang","2026-08-15 03:59:40",545.7,2,themeend
5022,16678154,"Hashim Far","2026-08-08 04:20:32",545.4,2,hashimfar
5023,16701761,BalaVignesh,"2026-08-11 17:04:37",545.3,2,balavignesh
5024,16736632,Leo,"2026-08-30 05:45:08",545.2,2,huangkx666
5025,16705661,"Toshiki Touda","2026-08-13 06:51:05",545.2,2,toshikitouda
5026,16775781,"Gideon Oba","2026-08-28 21:31:00",545.1,2,gideonoba
5027,16693033,AgriBot,"2026-08-13 23:53:10",545.1,2,prcieuxcomlan
5028,16675493,"Ryotaro Minato","2026-08-22 23:49:23",545.1,2,ryotarominato
5029,16644577,"Arthur Merritt","2026-08-04 07:11:11",545.1,2,jarthuph
5030,16743055,栗ご飯,"2026-09-03 00:39:17",545.0,2,criticalpath1903
5031,16718338,"Oladimeji Adeyemi","2026-08-17 15:33:50",544.9,2,adeyemioladimeji
5032,16709837,Sophinator,"2026-09-02 18:32:09",544.9,2,sophinator
5033,16658895,kunihiro,"2026-08-17 03:05:05",544.7,2,kunihiro
5034,16689908,Hyun777,"2026-08-14 01:11:17",544.7,2,hyun777
5035,16814805,Muzhi11,"2026-09-03 13:09:30",544.4,2,muzhi11
5036,16661382,CBenaventte,"2026-09-02 13:35:27",544.4,2,cbenaventte
5037,16697568,"Sergey Fedorov","2026-08-20 21:25:34",544.3,1,bd01ar
5038,16679958,Bum_Fy_Mz,"2026-08-13 20:31:44",544.0,2,bumfymz
5039,16668589,"Gleb Naumkin","2026-08-05 22:46:26",543.4,1,glebnaumkin
5040,16744610,"Safiullah Baig","2026-08-20 13:16:58",543.3,1,safm1rza
5041,16635481,Jamaisvu,"2026-08-20 15:39:29",543.1,2,jamaisvu
5042,16662875,Jimmy,"2026-09-03 04:39:13",543.0,2,jiyo4476
5043,16666637,"Uttam Limbani","2026-08-07 13:41:14",543.0,2,uttamlimbani
5044,16709487,Kohei,"2026-08-19 20:54:42",543.0,2,kshintani
5045,16701046,"Thanakorn Kaewwiang","2026-08-14 17:13:39",542.9,2,deweytng
5046,16792568,李秉叡（ntumlnoob）,"2026-09-02 06:52:48",542.9,2,ntumlnoob
5047,16706277,"ratat Zheng","2026-08-12 10:25:38",542.8,2,ratatzheng
5048,16662060,"Richard Valino","2026-08-06 16:03:36",542.7,2,richardvalino
5049,16655630,askBillyWhatMamaDid,"2026-08-28 02:06:18",542.6,2,askbillywhatmamadid
5050,16738218,kiyo,"2026-08-30 02:39:48",542.6,2,kiyohiro
5051,16644765,MoeCode,"2026-09-02 08:03:55",542.4,2,syrianeagle
5052,16736951,giacomovin,"2026-08-25 20:14:52",542.4,2,giacomovin
5053,16718295,doinggyu,"2026-08-18 12:56:58",542.4,2,doinggyu
5054,16666652,"Mohamed Fanni","2026-08-17 00:51:38",542.4,2,"arachid,mohamedfanni,soukaynamokhtari"
5055,16659444,"ANKIT AGARWAL","2026-08-29 13:58:51",542.2,2,ankwall223
5056,16726854,"Tâm La Thành","2026-08-27 08:55:02",542.1,2,tmlathnh
5057,16759849,kkanayj,"2026-09-03 13:49:03",542.0,1,kkanayj
5058,16649421,Eltormtace,"2026-08-14 04:35:15",542.0,2,eltormtace
5059,16670719,SimoImane,"2026-08-05 23:36:09",541.8,2,simoimane
5060,16694314,"Ali Abbas Baig","2026-08-28 19:55:16",541.7,2,aliabbasbaig
5061,16720049,"aditya emmadishetty","2026-08-14 13:20:54",541.7,2,adityaemmadishetty
5062,16665080,"RAVI KUMAR696996","2026-08-05 06:14:29",541.5,2,ravikumar696996
5063,16672657,"Lochan Naik","2026-08-07 08:41:44",541.4,2,lochannaik
5064,16665436,Aeternum,"2026-08-15 18:31:32",541.3,2,"donbinoy2004,surajkumarks"
5065,16729152,Antoine,"2026-08-17 10:12:04",541.3,2,a11t01n3
5066,16693003,ShirrleyChen,"2026-08-15 12:54:58",541.2,2,shirrleychen
5067,16632157,"福原 大知","2026-08-03 06:46:04",540.5,2,fxxyfox
5068,16695400,"Karam Khasawneh","2026-08-10 20:29:16",540.4,2,karamkhasawneh
5069,16659505,"Duleeka Mevan","2026-08-06 09:32:46",540.1,2,duleekamevan
5070,16665281,"[Deleted] 899172b8-e148-4564-ba8c-c46356105ab8","2026-08-05 09:55:11",540.0,2,del=cd7e9a4014b872ef
5071,16663188,"Ethan Feng","2026-08-05 22:09:38",539.6,2,xenon111231
5072,16657674,Warriors,"2026-08-29 14:12:29",539.5,2,"karthikreddykarri,kovvurisaimohanreddy,vikramadityaabhiram"
5073,16717601,"Mariem Fersi","2026-08-24 23:22:14",538.9,2,"mariemfersi,yassinebrahem2"
5074,16700501,Konno,"2026-08-28 09:32:25",538.8,2,nearfield1234
5075,16655069,"Jason Harrison","2026-08-05 20:56:59",538.7,2,jasonharrisonco
5076,16715769,Ethereallll1,"2026-08-14 15:21:12",538.7,2,ethereallll1
5077,16749038,Seuz,"2026-08-29 18:40:14",538.6,2,kohdawei
5078,16745574,"Yadunandan Raman","2026-08-22 12:20:06",538.6,2,yadunandanraman
5079,16769170,"Hardik Savaliya211","2026-08-25 11:07:10",538.6,2,hardiksavaliya211
5080,16672473,goldfish,"2026-08-13 03:34:21",538.6,2,dolgfish
5081,16702281,"Dhruv Patel #2","2026-08-10 21:25:08",538.5,2,dhruvpatel1972
5082,16658925,CYBWithFlourish,"2026-08-06 15:56:28",538.4,2,cybwithflourish
5083,16660089,ChristosGrigoras,"2026-08-07 22:41:49",538.3,2,cgrigoras
5084,16798918,"Toan Nguyen Mau","2026-09-02 23:54:19",538.2,2,toannguyenmau
5085,16691807,lbs-vadar,"2026-08-26 18:29:57",538.1,2,lbsvadar
5086,16755781,NaveenManwani,"2026-08-28 05:37:31",538.0,2,naveenmanwani
5087,16733785,"Stuart Gilbert","2026-08-30 01:52:41",537.9,2,stuartgilbert
5088,16661646,"Sergey Shcherbakov","2026-08-12 21:58:30",537.5,2,sergey140146659
5089,16689372,"Kiran Yerpude","2026-08-12 05:39:43",537.4,2,kiranyerpude
5090,16775131,"Re Son","2026-08-27 14:29:31",537.3,2,lemelson
5091,16768939,"Pratham Sonawane","2026-08-30 17:37:23",537.1,2,prathamsonawane1
5092,16632368,"Yuelin Bai","2026-08-03 08:15:12",537.1,2,paralym
5093,16653118,"Elmira Yekani","2026-08-18 17:05:20",537.1,2,elmirayekani
5094,16727219,"Chukka Venugopalam","2026-09-03 08:05:41",536.8,2,chukkavenugopalam
5095,16715942,_@HimShukla23,"2026-08-18 03:57:15",536.8,2,himshukla23
5096,16664608,sid,"2026-08-07 18:18:04",536.7,2,sidshastri04
5097,16722109,Navneet,"2026-08-14 14:02:35",536.7,2,zxcdfg
5098,16658391,"Jack #2","2026-09-03 13:46:29",536.5,2,jack1233
5099,16726211,RepeatAfterMe,"2026-08-17 08:21:41",536.5,2,bekirsciftler
5100,16724470,"Mahdi Rafati","2026-08-24 15:32:51",536.1,2,mahdirafati
5101,16646286,"C Aravindhan","2026-08-04 05:03:22",536.1,2,caravindhan
5102,16723583,"varun chindage","2026-09-03 02:05:10",536.0,2,stormy420
5103,16659261,PromptEngineer48,"2026-08-04 16:44:46",536.0,2,promptengineer48
5104,16725483,PQ_Marz,"2026-08-15 16:25:50",535.9,2,pqmarz
5105,16772455,dextrecity,"2026-08-30 11:37:56",535.6,2,"dextrecity,leo0pa"
5106,16783677,"Đặng Anh Thịnh","2026-08-28 08:31:12",535.5,1,nganhthnh
5107,16688296,"Michael Pollind","2026-08-28 13:30:32",535.3,2,mpollind
5108,16737532,lsystudyhard,"2026-08-22 12:16:47",535.2,2,lsystudyhard
5109,16708348,"Edilaine Arceno","2026-08-28 18:41:14",534.9,2,edilainearceno
5110,16630163,"SEREENA JERRY","2026-08-06 08:59:17",534.9,2,serenajerry
5111,16686972,"Ankit Maurya","2026-08-23 07:05:44",534.8,2,"ankitmaurya16,rudraprasadsah"
5112,16716531,tebenia,"2026-08-16 08:06:58",534.6,2,tebenia
5113,16725123,"Pham Quang Nghia","2026-08-22 15:00:51",534.5,2,phamquangnghia
5114,16722561,Asia214,"2026-08-30 02:26:16",534.3,2,asia214
5115,16656797,"رحيم محمد","2026-08-04 20:05:45",533.9,2,darkmaxedwe
5116,16660060,AnkitGoyal,"2026-08-05 15:33:29",533.8,2,goyalankit
5117,16653809,acbabc123,"2026-08-04 13:53:53",533.7,2,acbabc123
5118,16681778,kzeus@003,"2026-08-12 05:12:15",533.6,2,kzeus003
5119,16662938,CarlitrosParra,"2026-08-05 21:34:52",533.5,2,carlitrosparra
5120,16743136,unhappy,"2026-09-03 17:30:05",533.5,2,chenyahui123
5121,16668154,JuanEspana,"2026-08-09 11:38:32",533.5,2,juanespana
5122,16737362,"moushun chen","2026-08-20 06:45:46",533.3,2,moushunchen
5123,16726155,miyawakiayaka,"2026-08-15 18:50:10",533.3,2,kanatakon
5124,16632118,nk,"2026-09-03 12:17:09",533.0,2,nagatakengo
5125,16654885,"Jason Kong","2026-08-04 06:52:19",532.8,2,jasonkongie
5126,16662293,"Alejandro Fonda","2026-09-02 01:09:18",532.7,2,alejandrofonda
5127,16675873,"Zhu Liang","2026-09-02 14:54:40",532.7,2,paradite
5128,16715897,shettynaisha,"2026-09-03 18:06:34",532.6,2,shettynaisha
5129,16676613,LCZ1996,"2026-08-29 02:02:59",532.6,2,lcz1996
5130,16654974,"ACd Rooy","2026-08-11 06:35:28",532.3,2,acdrooy
5131,16765688,jihunai,"2026-08-26 23:15:54",532.3,2,jihunai
5132,16663232,"Marco Mangan","2026-08-30 01:46:02",531.9,2,masmangan
5133,16664116,"Bogdan Sburlea","2026-09-02 01:59:38",531.9,2,bogdan1405
5134,16719257,"Alexander Morozov","2026-08-14 23:53:53",531.7,2,scanhex
5135,16730577,"Team Rocket’s Orbital Farm","2026-08-21 08:31:07",531.7,2,koheitsutsumi
5136,16623824,zhangende02,"2026-08-01 01:15:21",531.6,2,zhangende02
5137,16662995,"carlos mario de oro aguado","2026-08-06 21:08:28",531.5,2,cdeoroaguado
5138,16762427,Raj_craj,"2026-08-30 20:27:00",531.1,2,rajcraj
5139,16794598,"Andrew Yu","2026-09-02 04:51:57",531.0,1,andnyu
5140,16687330,"Mehmet Ensar Çetin","2026-08-15 07:39:29",530.9,2,mehmetensaretin
5141,16721814,"DOAMBA Jean Edouard Odilon","2026-08-24 14:48:43",530.8,2,doamba
5142,16780592,sergey,"2026-08-27 19:09:25",530.7,2,sadsdfsdf
5143,16688873,cancel,"2026-08-18 06:50:33",530.6,1,rugaru
5144,16665865,"Agrippa Beaulieu","2026-08-08 19:09:28",530.6,2,agrippabeaulieu
5145,16735251,AlviH47,"2026-08-19 14:25:48",530.5,2,alvih47
5146,16670634,"Narayan Sharan","2026-08-07 21:13:42",530.3,2,narayansharan
5147,16764751,"Abhishek Parmar","2026-08-26 04:06:39",530.2,2,abhisheknparmar
5148,16640399,Hubbahub,"2026-08-04 20:40:39",530.1,2,hubbahub
5149,16663267,"Sravya Isukapatla","2026-08-11 10:14:54",529.5,2,sravyaisukapatla
5150,16645870,"Barathan Aslan","2026-08-03 08:21:55",529.4,2,barathanaslan
5151,16661682,"Rishi Gupta","2026-08-05 07:46:38",529.4,2,rishigupta07
5152,16808020,Pulkitt.Arora,"2026-09-03 14:16:09",529.0,2,pulkittarora
5153,16729510,ARM,"2026-09-02 17:05:16",529.0,2,"midhun4126,mrohithjohn"
5154,16743852,"Alexander & Erik","2026-08-26 21:01:59",528.8,2,"alexandermlad,erikpymay"
5155,16657383,"Shih Hua Chou","2026-08-18 03:51:08",528.8,2,shihhuachou
5156,16649077,"Yifan Yang 135","2026-08-11 06:22:40",528.3,2,yifanyang135
5157,16626105,sasaki,"2026-08-24 02:34:55",528.2,2,rsasaki
5158,16793080,"Lonan Syayf","2026-08-31 19:44:09",528.0,2,lonansyayf
5159,16693045,"Huseyin Battal","2026-08-09 05:41:25",527.9,2,huseyinbattal
5160,16767754,"Dr. T","2026-08-28 07:00:33",527.8,2,davinor
5161,16638883,LeiYang,"2026-08-03 15:04:07",527.7,2,leiyangcq
5162,16656641,AndrewEly8,"2026-08-05 00:56:32",527.7,2,andrewely8
5163,16725955,"Aditya Pandey","2026-08-17 00:10:10",527.6,2,adipandey777
5164,16681924,WEcoS,"2026-08-10 04:32:03",527.6,2,aungkhainghtun
5165,16631547,"Chong Xuan Ng","2026-08-08 15:38:52",527.5,2,chongxuanng
5166,16656573,"Ashiq Firoz","2026-08-17 18:20:11",527.5,2,ashiqfiroz
5167,16759381,"Subhan Hussain","2026-08-26 10:37:25",527.4,2,subhanhussain0205
5168,16623646,"Minal kharat123","2026-08-23 01:39:06",527.3,2,minalkharat123
5169,16780097,"wei chang","2026-09-02 12:47:44",527.2,2,wayne0404
5170,16672798,yaphanqiii,"2026-08-27 07:55:23",527.1,2,yaphanqiii
5171,16711812,"zhan renyi","2026-08-31 05:24:39",526.8,2,zhanrenyi
5172,16657929,Robert-zwr,"2026-08-05 11:15:48",526.5,1,robertzwr
5173,16662015,"ryan panda","2026-09-03 04:46:50",526.5,2,hollowpurple
5174,16665424,taaaaanq,"2026-08-17 14:23:35",526.4,1,"chuayaplong,flashtigro,huayu05,taaaaanq"
5175,16682667,"zeel vavliya","2026-08-20 14:48:59",526.4,2,zeelvavliya
5176,16641948,JustForFun,"2026-08-18 08:00:36",526.3,2,thangphung215
5177,16661449,"Samarjeet Singh","2026-08-23 04:32:19",526.2,2,samarjeet010
5178,16802750,"[Deleted] fafa60dd-8026-43cc-b656-34ca4625ef7d","2026-09-01 12:22:13",526.1,1,del=e2a734cecd171934
5179,16802752,hako22,"2026-09-01 12:25:41",526.0,1,hako22
5180,16790943,"Tashfik Salehin","2026-08-29 17:48:22",525.9,1,tashfiksalehin
5181,16726044,"Lena Traczuk","2026-08-22 12:03:58",525.9,2,lenatraczuk
5182,16657502,Jasmeen,"2026-08-16 08:59:05",525.8,2,jasmeen0207
5183,16663707,DotBix,"2026-08-12 21:45:54",525.7,2,dotbix
5184,16623198,"Chris D'Mello (ineligible)","2026-07-31 17:32:46",525.6,1,cdmello
5185,16645936,"Abhy Rejikumar","2026-08-22 19:26:23",525.5,1,abhyrejikumar
5186,16661105,"Vignesh Murugan","2026-08-04 19:57:46",525.5,2,vigneshv1cky
5187,16682984,"Rishikesh Bharat Koli","2026-08-08 04:18:06",525.4,2,rishikeshbharatkoli
5188,16668606,"Hasith Kulathilaka","2026-08-31 19:09:39",525.4,2,hasithkulathilaka
5189,16714488,"HusseinNadem Nadem","2026-08-26 01:53:13",525.4,2,husseinnademnadem
5190,16668137,"Thomas De Sousa","2026-08-06 06:34:48",525.3,2,thomasdesousa
5191,16750273,"Nil Lic","2026-08-24 12:08:02",525.3,2,nillic
5192,16695521,"Chen Ken","2026-09-02 14:22:26",525.2,2,nutastray
5193,16663368,"Laurence Dale","2026-08-12 18:00:07",525.1,2,laurencedale
5194,16692480,"Khalis Murfid","2026-08-24 07:03:02",525.1,2,khalismurfid
5195,16670218,"What is Coding?","2026-08-07 01:47:17",524.6,2,matthewshvarts
5196,16663327,Gnr8tr,"2026-08-13 14:16:44",524.6,2,wilburjpereira
5197,16674612,"Muhammad Dhiaz Rafilianza","2026-08-22 05:48:04",524.5,2,dhiazr
5198,16627009,c0sm1c,"2026-08-01 11:06:14",524.5,1,tanghao111
5199,16809943,"A Rook","2026-09-03 19:06:08",524.5,2,rookcastle
5200,16733644,Gavilán,"2026-08-23 19:41:22",524.3,2,gaviln
5201,16761657,Picu,"2026-08-23 10:42:49",524.2,2,rumoschilling
5202,16666716,"Fanis Alexakis","2026-08-17 11:59:15",524.2,2,fanisalexakis
5203,16661460,Lucky,"2026-09-03 07:49:58",523.7,2,tmiya0107
5204,16748462,"Jiwon Lee","2026-09-03 11:22:14",523.6,2,jibong7600
5205,16768079,Sohee087,"2026-08-24 20:21:01",523.4,1,sohee087
5206,16773195,"Pham Nguyen Thanh Huy","2026-08-27 05:25:55",523.1,2,huyphmnguyenthanh
5207,16674605,Versilogic,"2026-08-16 07:54:48",522.9,2,versilogic
5208,16636973,"Ali Ali G","2026-08-03 18:36:40",522.8,2,alialig
5209,16687237,Khalibryler,"2026-08-11 09:17:03",522.2,2,khalibryler
5210,16729914,Christina,"2026-09-03 17:53:57",522.2,2,geekycb
5211,16798775,Lissabon,"2026-09-01 09:10:26",521.8,1,lissabon
5212,16668461,SobanAli,"2026-08-19 15:49:03",521.6,2,soban256
5213,16765194,henry,"2026-08-24 13:39:29",521.3,2,zchenry
5214,16667517,"Recep Barkın Topcu","2026-08-31 05:30:02",521.2,2,recepbarkntopcu
5215,16773194,NgNhan3110,"2026-08-27 09:36:17",521.1,2,ngnhan3110
5216,16775214,"Sambhav R","2026-08-27 15:34:44",521.1,2,sambhavr
5217,16686902,"Aaditya Jain","2026-08-10 08:59:33",520.9,1,aadityajain2312
5218,16661225,"Menelik Zafir","2026-08-31 22:16:27",520.9,2,monibeefudgekins
5219,16696231,"Oleg Smirnov","2026-08-09 19:22:20",520.9,2,smirnolegov
5220,16771340,pang,"2026-09-02 14:30:24",520.9,2,pangwenfeng
5221,16783367,hezhiqian,"2026-08-30 18:02:37",520.8,2,hezhiqian
5222,16639577,Haitaks,"2026-08-16 09:42:16",520.3,2,haitaks
5223,16742470,AK,"2026-08-31 09:52:39",520.2,2,aman1391
5224,16658476,"goksel yesiller","2026-08-04 11:07:53",520.2,2,gokselyesiller
5225,16699207,"Bipin Rimal","2026-08-10 07:45:21",520.0,2,bipinrimal314
5226,16633240,Igor,"2026-08-24 15:39:09",519.9,2,igor14497
5227,16645302,LuCcc,"2026-08-03 09:45:35",519.8,2,luuuuccccc
5228,16654984,"Guseinov Elvin","2026-08-08 21:44:00",519.4,2,guseinovelvin
5229,16667078,dprinzensteiner,"2026-08-05 14:06:26",519.4,2,dprinzensteiner
5230,16692263,"ADITYA CHAVAN","2026-08-09 17:44:15",519.1,2,adityasnr7
5231,16668108,"Suresh Chandra Mangena","2026-08-11 09:32:31",519.0,2,sureshchandramangena
5232,16743032,"Sabarishvar S S","2026-09-03 17:49:08",519.0,1,sabarishvarss
5233,16664352,"Shreyash Asati","2026-08-06 10:40:56",518.7,1,shreyashasati
5234,16625216,"Emre Can","2026-08-01 17:05:51",518.6,2,seicatsu
5235,16661287,"Jacob Hanlon","2026-08-11 13:59:58",518.5,2,jacobhanlon
5236,16767585,Hyena,"2026-08-25 22:17:26",518.5,1,hemant0
5237,16636333,xiaoyang66,"2026-08-17 13:35:28",518.4,2,kennethhao8
5238,16630520,dimitris_x94,"2026-08-23 21:10:57",518.4,2,dimitrisx94
5239,16661233,"Uriel Johnson","2026-08-05 08:45:24",518.4,2,urieljohnson
5240,16706143,Adityaupadhyay0805,"2026-08-20 04:28:06",518.3,1,adityaupadhyay0805
5241,16778947,mart3104,"2026-09-03 14:46:14",518.3,2,mart3104
5242,16780783,priscilamaria5363,"2026-08-28 15:10:15",518.0,2,priscilamaria5363
5243,16662790,"Derek Earnhart","2026-08-04 18:04:01",517.8,1,derekearnhart
5244,16661950,moonmelonpizza,"2026-08-09 12:25:23",517.6,2,moonmelonpizza
5245,16709918,GUI666,"2026-08-26 16:17:40",517.5,2,gui666
5246,16694330,"Jack Way","2026-08-10 11:48:42",517.2,2,jackway05
5247,16688662,"Faz Forward","2026-08-08 09:03:10",516.9,2,fazforward
5248,16774035,"Shengfeng Wang","2026-08-26 07:28:46",516.9,1,shengfengwang
5249,16694146,"JIlong Zhou","2026-08-26 15:04:38",516.5,2,acemaker
5250,16728318,T3jas06,"2026-08-22 19:45:13",516.5,2,t3jas06
5251,16804768,Chaos,"2026-09-03 01:53:55",516.5,2,hcfighting
5252,16762168,Lewbei,"2026-08-25 02:13:07",516.3,2,lewbei
5253,16655080,"Mohamed Judi","2026-08-31 00:47:20",516.3,2,mhjudi
5254,16775237,"Haruki Iwase","2026-09-03 15:46:47",516.1,1,harukiiwase
5255,16683837,"Blessed Ngorima","2026-08-18 09:40:53",515.8,2,blessedngorima
5256,16749271,"Shoki Suzuki","2026-09-01 13:48:43",515.7,2,shokisuzuki
5257,16719742,"Varun Dave","2026-08-31 22:56:07",515.7,2,"pranavtrivedi02,varundave95"
5258,16740709,"Abimael Firstana #2","2026-08-23 11:07:52",515.7,2,abimaelfirstana99
5259,16666071,"Arda Yıldız","2026-08-20 09:33:54",515.7,2,xreina8
5260,16751058,"Henrique Loyola ","2026-08-21 05:29:59",515.6,2,henriqueloyola
5261,16731636,関西人,"2026-08-24 06:23:14",515.6,2,m1333666888
5262,16641501,Sonal,"2026-08-08 22:07:46",515.5,2,sonalm13
5263,16655881,"Zhuoran Zhao","2026-08-07 16:50:04",515.4,2,yearcakes
5264,16700080,Kaushik,"2026-08-10 11:11:18",515.4,2,kgarumugam
5265,16728014,Alpha223,"2026-08-23 09:40:33",515.3,2,alpha223
5266,16756561,"Eren Tekin","2026-08-31 00:34:25",515.3,2,erennntkn
5267,16679872,"Kirby Won","2026-08-19 16:47:21",514.7,2,kirbywon
5268,16657528,"Symekah Shadrack Basweti","2026-08-05 10:17:09",514.7,2,symekah99
5269,16717018,"Urvashi Bansal","2026-08-17 09:12:29",514.6,2,urvashibansal123
5270,16718828,"Tejas Nisar","2026-08-23 17:04:45",514.6,2,tejasnisar
5271,16654394,sserges,"2026-08-08 20:46:14",514.5,2,sserges
5272,16625808,"Etsushi Yamamoto","2026-08-09 16:50:41",514.4,2,etsushiyamamoto
5273,16653049,"Umut Doruk Öztürk","2026-09-02 09:52:16",514.3,2,umutdorukztrk
5274,16665374,UmangDobhal03,"2026-08-06 03:46:29",514.3,2,umangdobhal03
5275,16728863,Irabala,"2026-09-03 18:59:14",514.2,2,irabala1
5276,16669397,"Abed Kibbe","2026-08-30 07:22:49",514.0,2,abedkibbe
5277,16621437,AdamBelniak,"2026-08-03 18:15:21",514.0,2,adamos581
5278,16792069,"Yen Hung1021","2026-09-03 16:09:33",513.8,2,yenhung1021
5279,16700211,miya,"2026-08-23 12:25:44",513.6,2,miyamuratakeki
5280,16723490,"Panashe Arthur Mhonde","2026-08-22 11:41:19",513.6,2,panashearthurmhonde
5281,16662647,"Ruben Maya","2026-08-18 20:55:57",513.6,2,rubenmaya
5282,16678613,iBooNDK,"2026-08-09 19:03:37",513.4,2,iboondk
5283,16768456,清水一希,"2026-08-25 00:47:38",513.4,1,kazukishimizu0427
5284,16802580,WarlockCode,"2026-09-03 14:07:58",513.2,2,maktub83
5285,16654347,"aarav maheshwari1","2026-08-26 05:57:03",512.5,2,aaravmaheshwari1
5286,16671602,"Nithin Nambi","2026-08-07 00:09:31",511.6,2,nitthewit
5287,16654401,ChronoForensics,"2026-08-08 17:26:11",511.5,2,ryanwollmuth
5288,16663040,"BARBARA GASKINS","2026-08-12 01:08:47",511.4,2,barbaragaskins
5289,16697448,"Mykola Mazniuk","2026-08-15 17:57:39",511.3,1,mykolamazniuk
5290,16721940,DarkLayer,"2026-08-22 02:07:13",511.3,2,nnpaopao
5291,16702713,"Rob Sartin","2026-08-27 23:15:44",511.2,2,robsartin
5292,16763898,"Tarık Sarıcı","2026-08-24 09:54:31",511.1,2,ssarici
5293,16722341,"Pham Huu Bao Chung","2026-08-23 21:44:46",511.0,1,phamhuubaochung
5294,16627324,"Attack on Kaggle","2026-08-06 13:27:22",511.0,2,user19394494
5295,16677524,"Phúc Phạm","2026-08-07 20:16:24",510.9,2,phucpham77
5296,16668698,Addie,"2026-08-08 05:21:08",510.9,1,addie999
5297,16795877,"Marco Polo","2026-09-03 03:27:06",510.9,2,zhesong1
5298,16682869,"Sepideh Rahmati","2026-08-12 08:10:46",510.8,2,sepidehrahmati
5299,16638967,"Jenny Luo","2026-08-01 23:55:07",510.7,2,"jennyluo96,kyeoh92"
5300,16678246,"Mark Holloway","2026-08-13 08:48:08",510.3,2,markholloway
5301,16635021,RiLi,"2026-09-02 13:21:50",510.3,1,hisatosenda
5302,16734290,CodeAMANSA,"2026-09-01 01:29:02",510.2,2,bcollazo
5303,16661576,"Yash Jumde","2026-08-15 20:09:59",510.1,2,yashjumde
5304,16758526,"sudo give_me_the_prize","2026-08-24 16:34:02",509.9,2,ibrahimab2
5305,16757204,hhcjj,"2026-08-22 06:42:32",509.7,2,hhcjjkk
5306,16655600,"VYSHAKH G NAIR","2026-08-04 21:31:24",509.7,2,vyshakhgnair
5307,16672105,"Natural Stupidity","2026-08-10 19:39:53",509.5,2,"parthb21,sujaygolla"
5308,16683390,Christopher34,"2026-08-08 00:20:59",509.5,2,christopher34
5309,16772090,"SHIVAJI SHAIK","2026-09-02 10:28:42",509.4,2,shivajishaik
5310,16621572,"Abdulazeez AbdulMumeen","2026-08-05 10:59:27",509.2,2,ayobeen
5311,16673109,"Surya Bhattiprol","2026-09-02 02:33:17",509.2,2,suryabhattiprol01
5312,16660330,wangyikai,"2026-08-09 07:59:45",509.0,2,wangyik
5313,16659681,"Aditya Seth","2026-09-03 08:27:52",509.0,2,adityaseth777
5314,16762021,Dhananjai1729,"2026-08-31 08:46:25",508.9,2,dhananjai1729
5315,16668068,"Neural Harvest","2026-08-27 19:23:44",508.9,2,meghashyampawar
5316,16724984,anish711,"2026-08-22 17:54:18",508.8,2,anish711
5317,16731790,"A random farmer","2026-08-18 02:19:53",508.8,1,hinatatokuda
5318,16691628,"Gavin Walsh (N1DGE11)","2026-08-08 16:07:24",508.8,2,gavinwalshn1dge11
5319,16691761,"Evie Barker","2026-08-15 13:40:05",508.8,2,eviebarker
5320,16644410,"Swaroop Kallakuri","2026-08-04 15:40:29",508.8,2,ksjpswaroop
5321,16681637,nasu01,"2026-08-07 10:14:10",508.6,2,nasu01
5322,16664205,"shr Wei","2026-09-03 06:00:47",508.5,2,shrwei
5323,16791254,"Prashant Bhattarai093","2026-09-03 15:46:43",508.3,2,prashantbhattarai093
5324,16728414,"Pedro Caycho","2026-08-16 12:40:26",508.0,1,pjcc1123
5325,16665949,Rbda,"2026-08-06 14:18:03",507.4,2,brazvan
5326,16690698,posty_melek,"2026-08-15 05:06:40",507.2,2,srisaraswati
5327,16661323,mzyktkhs,"2026-08-10 13:21:59",507.0,2,mzyktkhs
5328,16729214,kisamaki0815,"2026-08-28 01:21:57",506.8,2,kisamaki0815
5329,16756812,"Alex Amirkhanyan","2026-08-24 05:51:16",506.5,2,aleksamirkhanyan
5330,16707331,"Simon Ziegs","2026-08-23 22:54:11",506.4,2,simonziegs
5331,16688159,"aildar &  slopernak & bobot","2026-08-20 08:51:10",506.3,2,"eldarkhisamutdinov,mernak,vladimirbagmanov"
5332,16632105,"shreyas sangalad","2026-08-02 12:01:08",506.3,2,spoortisangalad
5333,16734672,"Artom  Wade","2026-08-27 23:08:29",506.0,2,artomwade
5334,16665184,woorym,"2026-08-10 03:04:12",505.9,2,woorym
5335,16663822,BhavyaSaini001,"2026-08-29 23:10:34",505.7,2,bhavyasaini001
5336,16810060,galileo680,"2026-09-02 17:41:43",505.7,1,keter333
5337,16704597,"Wallace Switzer","2026-08-12 01:09:49",505.6,2,wallaceswitzer
5338,16780019,"hamza khokhar890","2026-09-02 21:43:01",505.5,2,hamzakhokhar890
5339,16654312,Xmeeeee,"2026-08-05 00:11:29",505.4,2,xmeeeee
5340,16718517,"Jessica Yin","2026-08-17 00:10:31",505.4,2,jeqyin
5341,16756900,Kome_Sh,"2026-08-30 13:40:56",505.2,2,komeshun
5342,16745980,"Arif Amijoyo","2026-08-30 07:54:40",505.0,2,arifamijoyo
5343,16707437,"Ivan Plekhanov","2026-08-11 12:03:11",504.9,1,nnob0dy
5344,16657093,"sixer srinath","2026-08-26 10:48:12",504.9,2,srinath2495
5345,16693795,kurt,"2026-08-30 15:22:47",504.8,2,syarht
5346,16675000,"Carl Bell","2026-09-03 11:38:48",504.7,2,allegedcarlbell
5347,16668813,zhaowang,"2026-08-06 05:19:52",504.2,2,zhaowangwang
5348,16668185,"Swayam Chavan","2026-08-09 01:12:23",504.2,2,swamboy
5349,16804094,faheem,"2026-09-03 14:26:21",503.7,2,faheemkhaskheli9
5350,16644053,Rafiozoo,"2026-08-03 19:26:40",503.6,2,rafiozoo
5351,16690793,"MOHAMMAD ALRASHED","2026-08-08 18:33:34",503.5,2,mohammadalrashed
5352,16679098,"KIRTAN RUPESHBHAI BHOJANI","2026-08-06 23:51:52",503.4,2,kitran17
5353,16711823,Abi_e,"2026-08-31 17:11:29",503.3,2,abidjacquelineanadi
5354,16641513,"Sameer Chakravedi","2026-08-15 16:06:11",503.2,2,sameerchakravedi
5355,16669117,"Shrikant Lambe","2026-08-10 23:31:50",503.2,2,shrikantlambe
5356,16760191,"Kushal Shiva1","2026-08-26 20:19:36",503.1,1,kushalshiva1
5357,16695692,Saadii2279,"2026-08-11 16:44:39",503.0,2,saadii2279
5358,16713218,"Julien Baumgartner","2026-08-14 08:36:27",502.9,2,julienbaumgartner
5359,16656568,"FARIATHTHEEN F","2026-08-04 11:44:49",502.7,2,fariaththeenf
5360,16747670,"Luis Molina","2026-08-26 07:40:36",502.4,2,micuentadecasa
5361,16728549,Karatelb,"2026-08-16 17:45:59",502.4,2,karatelb
5362,16690221,"HISOKY DEV","2026-08-10 09:42:03",502.3,2,omarfahid
5363,16809842,"zg l1218","2026-09-03 16:23:14",501.7,2,zgl1218
5364,16656431,"Venetta Smithen","2026-08-20 02:19:45",501.6,2,venettasmithen
5365,16665647,hr15de,"2026-08-28 10:00:50",501.3,2,hr15de
5366,16651042,Mira_332,"2026-08-27 04:58:29",501.2,2,ichiiohno
5367,16786101,Cai0Emanuel,"2026-08-29 01:11:51",501.1,1,cai0emanuel
5368,16725065,"Maxim Smirnov","2026-08-15 13:21:05",500.9,2,smirnoffmg
5369,16659414,TTGP_TEAM,"2026-08-06 15:33:09",500.9,2,phttrntrnggia
5370,16653534,"Mohamed Amine Ettaki","2026-08-22 13:30:43",500.8,2,amine159
5371,16775236,hohohoZzZ,"2026-08-30 07:42:04",500.8,2,hohohozzz
5372,16739711,SBC,"2026-08-20 10:16:10",500.7,2,"anusasaha2406,harshkumar3014,rahulmaity"
5373,16791617,"Neil Li","2026-08-30 00:10:32",500.6,1,neilliroub
5374,16686093,"Muhammad Usman Butt","2026-08-07 22:00:04",500.4,2,debugdemon
5375,16719679,ZhiruiLuo,"2026-08-25 15:52:57",500.4,1,zhirluo
5376,16663594,"NGU BLACK SANTA","2026-08-05 15:23:10",500.3,2,ngublacksanta
5377,16764151,Jpadilla987@gmail.com,"2026-08-25 21:00:27",500.1,2,jpadilla987gmailcom
5378,16705510,"Palak Choudhary","2026-08-11 07:12:44",500.0,2,palak2564
5379,16658520,drownedsnake,"2026-08-05 01:03:22",499.9,2,makerplay
5380,16664129,"Mr M 8641","2026-08-06 18:57:45",499.8,2,mrm8641
5381,16705276,layr0,"2026-08-14 00:53:11",499.7,2,layr0dotdev
5382,16706790,"Stas Chereshkevich","2026-08-19 12:23:33",499.6,2,staschereshkevich
5383,16755495,"Leo Udah","2026-09-02 09:29:17",499.5,2,leoudah
5384,16695095,"Jayanth Chowdary","2026-08-22 17:50:39",499.4,2,jayanthchowdary24
5385,16659658,"Tim Wong","2026-08-06 02:02:30",499.3,2,wai0186
5386,16661360,"Jasper Jiss","2026-08-13 18:45:37",499.1,2,jasperjiss
5387,16755677,"Rutwik Kumar M","2026-08-26 16:31:00",499.1,2,rutwikkumarm
5388,16674266,HamYad,"2026-08-06 18:19:46",499.1,2,hamyadlab
5389,16712488,"Vansh Bhura","2026-08-12 14:23:18",499.1,2,vanshbhura
5390,16779152,"taijiu int","2026-09-03 17:02:12",499.1,2,taijiuint
5391,16810595,dauriel,"2026-09-03 08:31:02",499.0,2,dauriel
5392,16780057,"Njabulo Hope Makana","2026-09-03 06:12:37",498.9,2,njabulohopemakana
5393,16681655,"Tae seong Gim","2026-08-14 14:14:10",498.9,2,taeseonggim
5394,16807134,"Chaowei Liang","2026-09-02 11:16:17",498.6,1,chaoweiliang
5395,16662111,"Mood Vikram","2026-08-31 17:21:35",498.2,2,"moodvikram,sidhantchauhan"
5396,16794758,wppepi,"2026-09-01 05:25:26",498.2,2,"malossov,wppepi"
5397,16661786,Nagaraju,"2026-08-10 01:53:04",497.3,2,orugantn
5398,16662167,"Tara Singh Kharwad","2026-08-05 17:13:10",497.1,2,tarasi7261
5399,16668267,Saran,"2026-08-27 14:18:05",496.9,2,saran2
5400,16661462,"Dania Amer","2026-09-01 01:54:44",496.8,2,dania35
5401,16621402,Maxim,"2026-08-13 07:01:03",496.7,2,ektarr
5402,16711918,"Pavel Filin","2026-08-13 05:23:28",496.6,2,pavelfilin
5403,16687602,"jithin manoj","2026-08-12 13:00:23",496.6,2,jithingmanoj
5404,16722819,Anna,"2026-08-21 15:01:26",496.5,2,annatmp
5405,16623263,ASHML,"2026-07-30 23:28:50",496.5,2,ashml
5406,16810019,M&S,"2026-09-02 17:19:11",496.1,2,"martinhma,yishusheng"
5407,16774849,RiyadhLakadimu123,"2026-08-31 19:51:17",496.0,2,riyadhlakadimu123
5408,16792630,Vipluv1,"2026-09-03 16:11:19",496.0,2,vipluv1
5409,16669945,"Turab Zaidi","2026-08-07 13:27:44",495.7,2,turabzaidi
5410,16687959,"Destin Nedjou","2026-08-27 05:45:33",495.3,2,destinnedjou
5411,16675686,"PRERIT MAURYA","2026-08-14 06:37:51",494.8,2,preritmaurya
5412,16732200,"Louis WhoEat","2026-08-24 12:02:40",494.7,2,louiswhoeat
5413,16640814,"Kritika Adhikari","2026-08-07 09:25:26",494.6,2,kritikaadhikari
5414,16747839,"Ich Schmid","2026-08-26 20:57:54",494.5,2,ichschmid
5415,16632855,Shreyash_Automation,"2026-08-21 00:06:49",494.5,2,shreyashautomation
5416,16633097,"Matheus Bonjour Laviola da Silva","2026-08-02 11:08:21",494.5,2,matheusbonjour
5417,16697736,"Daniel Correa","2026-08-10 01:04:52",494.4,2,dcorrea1
5418,16698287,"Ethan J. Schauder","2026-08-12 18:21:50",494.3,2,ethanjschauder
5419,16655415,"Ivan Jarp","2026-08-29 17:07:03",494.3,2,ivanjarp
5420,16717051,"Chirag Hosdurga","2026-08-13 13:38:41",494.2,2,chiraghosdurga
5421,16755159,"Kay Gijzen","2026-08-23 11:51:31",494.2,2,kaygijzen
5422,16701871,"Raj Nandan","2026-08-10 15:13:30",493.9,1,imrajnandan
5423,16660073,"Mahad Kakooza","2026-09-02 20:40:05",493.7,2,mahadkakooza
5424,16655820,"Cory Tortorici","2026-08-08 15:20:42",493.6,2,corytortorici
5425,16693925,"Francisco Corredor","2026-08-19 22:20:44",493.5,2,franciscocorredor
5426,16676482,GitLyf,"2026-08-16 12:47:59",493.5,2,"jaideva30,rohithkrishnaak"
5427,16701367,CryptoQuant1992,"2026-08-11 13:04:12",493.4,2,cryptoquant1992
5428,16719521,xarquin,"2026-08-25 03:16:23",493.1,2,xarquin
5429,16675863,"Habib ullah","2026-09-03 16:05:50",493.0,2,habibullah123456789
5430,16696993,healer2408,"2026-08-15 07:10:57",492.9,2,healer2408
5431,16673981,"Aarya Jadhav","2026-08-28 19:47:23",492.5,2,aaryajadhav0310
5432,16667601,"Audrius Molis","2026-08-27 19:30:39",492.4,2,vienas
5433,16692373,"Ornevis Montero","2026-08-20 01:59:43",492.2,2,ornevisbolaosmontero
5434,16696716,MatiasMG,"2026-08-29 15:04:38",492.0,2,matiasmgonzalez
5435,16693227,"Aniket Sharma","2026-08-21 22:05:01",491.8,2,aniketsharma00411
5436,16628268,toxic_2499,"2026-08-08 09:07:32",491.7,2,toxic2499
5437,16777150,Eduardo2c,"2026-08-31 18:08:11",491.6,2,eduardo2c
5438,16661539,"Ilia Mironov","2026-08-09 13:51:47",491.6,1,millcool
5439,16675468,"atakan akgün","2026-08-13 15:32:32",491.3,2,atakanakg
5440,16728845,"Mohamed Kaleel","2026-08-22 16:12:58",491.2,2,mdkaleel
5441,16625434,"Chirapathleo Saelim","2026-08-19 10:32:26",491.0,2,chirapathleosaelim
5442,16659080,VENKY,"2026-08-07 17:22:03",490.9,2,venkateshthatha
5443,16677166,Spectrobot,"2026-08-08 11:11:46",490.8,2,spectrobot
5444,16734601,sweetlesson,"2026-08-18 00:40:55",490.5,2,sweetlesson
5445,16729996,"Michael Roust","2026-08-18 16:09:56",490.5,2,michaelroust
5446,16748173,pensukesan,"2026-08-26 04:50:04",490.4,2,pensukesan
5447,16669170,AsadUsmanFAST,"2026-08-05 22:37:33",490.3,2,asadusmanfast
5448,16683761,"Chiefmen749 Aris","2026-08-10 07:42:42",490.3,2,saysplayz
5449,16668810,ZZZZGOD,"2026-08-07 19:11:09",490.3,2,zzzzgod
5450,16752081,"Ahmad Dehaini","2026-08-30 06:04:54",489.9,2,ahmaddehaini
5451,16657312,"baolood herid","2026-08-06 13:13:48",489.9,2,baoloodherid
5452,16662985,DanTheDataScienceMan,"2026-08-05 17:40:06",489.6,1,danthedatascienceman
5453,16664251,zzy123123,"2026-08-08 09:22:51",489.3,2,zzy123123
5454,16624414,"Chaitanya Jamble","2026-07-31 05:42:10",489.2,1,chaitanyajamble
5455,16683316,moonriver0922,"2026-08-11 07:04:11",489.0,2,moonriver0922
5456,16652661,"Petru-Mihai Craciun","2026-08-05 14:55:07",488.8,2,petrumihaicraciun
5457,16811900,"Brejesh Balakrishnan","2026-09-03 19:27:03",488.7,2,brejeshbalakrishnan
5458,16766803,"Kanishk Sharma","2026-09-01 23:52:42",488.7,2,kan1shq198
5459,16735177,shilpa.rpns,"2026-08-22 04:57:10",488.7,2,shilparpns
5460,16728933,dOvOb,"2026-08-21 16:30:47",488.6,2,waytosleep
5461,16685904,KavYaHD,"2026-08-10 13:02:45",488.6,2,kavyahd
5462,16773320,kaka,"2026-09-02 06:47:51",488.2,2,kakawin
5463,16640516,"Alfandi Hassan","2026-08-08 03:41:33",488.2,2,alfandihassan
5464,16791550,Team21,"2026-09-02 23:39:30",488.2,2,"fchen121,muktharam"
5465,16659520,"Play Code","2026-08-05 14:28:00",488.0,2,codenya
5466,16759239,SunYaoXi,"2026-08-27 09:32:42",488.0,2,sunyaoxi
5467,16657664,"Nguyễn Anh Kiệt 28","2026-08-06 04:17:40",488.0,2,nguynanhkit28
5468,16706184,"Lingaraju Saikumar","2026-08-16 11:51:34",487.9,2,lingarajusaikumar
5469,16660484,"Waiswa Geoffrey","2026-08-31 08:29:58",487.6,2,waiswageoffrey
5470,16687648,"RSJ CorneR","2026-08-08 10:57:54",487.5,2,rsjcorner
5471,16684031,"Phillip Kamundia","2026-08-14 20:35:15",487.4,2,phillipkamundia
5472,16664558,"Praneeth Annapureddy","2026-08-05 04:52:45",487.3,2,praneethannapureddy
5473,16731013,"Abimael Firstana","2026-08-23 17:49:45",487.1,2,abimaelfirstana
5474,16657654,TemperaryT,"2026-08-26 23:08:35",487.1,2,temperaryt
5475,16629201,"GUILLERMO REY PANIAGUA","2026-08-01 16:41:58",486.9,2,guillermoreypaniagua
5476,16623271,"William Morley","2026-07-31 10:09:16",486.9,2,williamkmorley
5477,16699633,Nafmo,"2026-08-11 17:10:53",486.9,2,nafmo2
5478,16785010,"Victor Wangles","2026-08-28 16:01:17",486.5,1,victorwangles
5479,16640965,jidaoluckey,"2026-08-08 07:10:45",486.5,2,jidaoluckey
5480,16654175,abhiv142,"2026-08-11 13:22:03",486.3,2,abhiv142
5481,16664004,"Me, Myself, and I","2026-08-11 03:57:46",486.3,2,notlunarxd
5482,16692128,gibocx,"2026-08-10 18:10:34",486.0,2,gibocx
5483,16676256,"Kotaro Nakamura","2026-08-11 22:18:41",485.8,2,kotaroma
5484,16660923,naganikshith,"2026-08-06 08:01:09",485.7,2,naganikshith
5485,16802843,"3D printer","2026-09-02 14:55:54",485.7,2,jamesl8
5486,16668095,Menna_Allah_Samy12,"2026-08-15 15:04:56",485.6,2,mennaallahsamy12
5487,16755394,"Ruben Lucas","2026-08-21 21:50:16",485.5,2,rubenlucas
5488,16770454,"Nawaf Almutairi","2026-08-27 11:39:41",485.4,2,nawafbalmutairi
5489,16735012,"Shuvam Swapnil Dash","2026-08-28 19:56:48",485.3,2,"shashwatmandal,shuvamswapnildash"
5490,16802632,"Aloe moon","2026-09-01 13:25:31",485.3,2,aloemoon
5491,16768578,"Patrick Lzz","2026-08-25 02:56:30",485.2,2,patricklzz
5492,16623969,"Akira Imae","2026-09-03 00:03:19",485.2,2,imaeakira
5493,16661628,PradipBanerjee,"2026-08-05 21:03:11",485.0,2,pradipbanerjee
5494,16713061,Yuk!,"2026-08-16 10:59:12",485.0,2,mitsuyukiokamura
5495,16666873,"linli duan","2026-08-12 15:06:42",484.7,2,linliduan
5496,16798512,"Yuichiro Kinoshita","2026-09-03 15:05:53",484.6,2,yuichirokinoshita
5497,16732513,Taogege,"2026-09-02 09:43:25",484.4,2,"liyiyiyi6,taogege520"
5498,16659919,"SILVISTON EMMANUEL","2026-08-06 06:51:55",484.3,2,silvistonemmanuel
5499,16663622,sammuq1,"2026-08-10 23:56:19",484.2,2,sammuq1
5500,16726882,"Albert Yu","2026-08-17 00:01:53",484.0,2,yukinying
5501,16692618,"Ali Zakaee","2026-08-09 10:13:02",483.9,1,itheequalizer
5502,16757135,Agrihand,"2026-09-02 15:00:23",483.6,2,mayur756
5503,16658521,"Vishal Dhariwal","2026-08-08 11:43:36",483.5,2,user412
5504,16664327,"Maged Hegazy","2026-08-06 13:13:28",483.5,2,magedhegazy
5505,16657545,"Deepak Singh","2026-08-11 13:50:31",483.3,2,vihaannegi
5506,16698029,"Meet Vachhani","2026-08-10 18:34:55",483.2,2,meetvachhani7
5507,16658678,"Manav Aghera","2026-09-03 08:58:57",483.2,2,manavaghera
5508,16726285,Dhananjay,"2026-08-15 18:48:20",482.9,2,dhananjaylakkawar
5509,16623712,Dapp,"2026-08-03 23:09:19",482.9,2,lgloria
5510,16623503,"D Mohith","2026-08-01 01:06:22",482.9,2,dmohith
5511,16797002,ZhixinLuo,"2026-09-01 14:16:09",482.7,2,zhixinluo
5512,16775210,"Daniel LPD","2026-09-01 18:12:55",482.6,2,daniellpd
5513,16670155,Kiznaiver,"2026-08-23 14:27:19",482.5,2,kiznaiver
5514,16676803,"Josue Villao","2026-08-14 05:20:13",482.5,2,josuevillao
5515,16805621,"DIVYANSH KUMAR SINGH CHAUHAN","2026-09-02 04:04:53",482.4,2,capdiv
5516,16714240,"The Shovel","2026-08-26 03:21:18",482.3,2,"astapasta0,qotqat"
5517,16786328,"DanishGW School","2026-09-02 03:50:19",482.3,2,danishgwschool
5518,16669703,AnubhavBhadani142,"2026-08-15 06:32:19",481.8,2,anubhavbhadani142
5519,16729086,samanyu,"2026-08-23 10:13:11",481.8,2,samanyu1808
5520,16667959,"Fourth Quadrant","2026-09-02 01:14:47",481.8,2,flynnfei
5521,16791701,"Tired Dad Data","2026-09-02 19:40:00",481.7,2,alexmaggard
5522,16665152,"Ahmed Karim","2026-08-17 11:32:15",481.7,2,versusic
5523,16655783,KonaKonaz,"2026-08-04 09:36:57",481.5,2,konakonaz
5524,16726168,"Shrey Modi","2026-08-15 19:42:14",481.4,2,shreymodi2
5525,16666447,"Shuaib ayad Jasim Jasim","2026-08-06 20:51:47",481.2,2,shuaibayadjasimjasim
5526,16676397,Rohan_Joshi6404,"2026-08-13 13:58:56",480.9,2,rohanjoshi6404
5527,16676497,"Non-veg plants","2026-08-07 09:54:00",480.9,2,mohammadshadabshaikh
5528,16778939,"Stepan Antonov","2026-08-27 07:59:30",480.7,1,stepanantonov
5529,16761148,Deku,"2026-08-23 13:36:57",480.7,1,piyushsharma5654
5530,16760377,"Yuxuan Qian","2026-08-29 23:45:28",480.6,2,yuxuanqian
5531,16700596,"Markel Iru","2026-08-13 15:52:53",480.6,2,markeliru
5532,16675631,"Aswini Gowda","2026-08-10 05:37:33",480.5,2,aswinigowda
5533,16709512,Rustamdurdyyev,"2026-08-31 19:59:56",480.5,2,rustamdurdyyev
5534,16773032,fecrescencio22,"2026-09-02 21:07:10",480.4,2,fecrescencio22
5535,16657201,ShayML,"2026-08-08 09:02:05",480.3,2,shayml
5536,16656627,"Soykot Podder","2026-08-14 05:39:06",480.3,2,diptopodder
5537,16719296,Mr.TtT_Games,"2026-08-14 04:58:39",480.2,2,mrtttgames
5538,16730870,"Jiang Ryan","2026-09-03 03:37:12",480.1,2,jiangryan
5539,16663871,"Iyed Djebbi","2026-08-07 09:25:07",480.1,2,iyeddjebbi
5540,16675340,"SHAURYA SHARMA","2026-09-03 00:57:48",479.9,2,shauryas555
5541,16638019,Randynho,"2026-09-03 18:18:13",479.9,2,randynho
5542,16778886,"Sandeep Das","2026-08-31 09:48:37",479.9,2,sandypos
5543,16698141,Zippo,"2026-08-16 05:44:18",479.7,2,gagemerrick
5544,16675215,"Viljen Apalset Vassbø","2026-08-06 22:24:44",479.6,2,viljenapalsetvassb
5545,16773043,"Durra Handri","2026-09-03 00:56:35",479.4,2,durrahandri
5546,16728394,"Aisultan Davletkan","2026-08-16 13:01:38",479.3,1,aisdav
5547,16693522,shadycoderalltime,"2026-08-22 14:00:16",479.3,2,shadycoderalltime
5548,16706054,"ErrorX Info","2026-08-20 11:30:03",479.0,2,"errorxinfo,shyampatel47"
5549,16799224,"Tian Yan666","2026-09-03 14:48:42",478.9,2,tianyan666
5550,16728821,"Alen Maria Nirmal","2026-08-17 21:51:03",478.7,1,alenmarianirmal
5551,16677047,LINOXYR,"2026-08-15 13:13:58",478.6,2,linoxyr
5552,16621518,jaccobian,"2026-08-29 08:11:50",478.5,2,harshraj22
5553,16693255,"Carlos Hideo Yamaguchi","2026-08-10 00:59:12",478.4,2,carloshy
5554,16623631,SeaEag1e,"2026-07-31 06:26:17",478.3,1,seaeag1e
5555,16638953,"Joe Young","2026-08-03 19:23:13",478.3,2,jsphyg
5556,16800076,xinwang,"2026-09-02 05:49:55",477.6,2,xxxtetantion
5557,16660455,"Alex Kapend","2026-08-05 08:42:26",477.5,2,alexkapend
5558,16713723,"Jyot Buch","2026-08-12 23:09:41",477.2,2,jyotbuch
5559,16662133,"Ding Lifeng","2026-08-29 08:20:49",476.9,2,dinglifeng
5560,16768262,"Brayan Miranda G","2026-08-26 19:40:15",476.8,2,brayanmirandag
5561,16659269,"Bedirhan Dinçer","2026-08-10 20:26:46",476.8,2,bedirhandiner
5562,16634060,"Chí Thành Đỗ","2026-08-02 05:11:58",476.7,2,chithanhdeptrai
5563,16675916,Lorenzo176ITA,"2026-08-14 11:02:15",476.6,2,"alessiopap,lorenzo176ita"
5564,16697396,"Collective Win","2026-08-18 05:10:12",476.5,2,collectivewin
5565,16653429,mktdev,"2026-08-10 12:19:54",476.5,2,mktdev
5566,16638651,Emre,"2026-08-05 23:40:59",476.0,2,emre690
5567,16823204,"Adilson Eduardo Tostes Carmo","2026-09-03 19:24:15",475.6,1,eduardotostess
5568,16670659,saumyagupta12,"2026-08-21 22:25:00",475.5,2,saumyagupta12
5569,16655997,tanatet8,"2026-09-03 16:59:10",475.3,2,tanatet8
5570,16623385,"ISAKA Tsuyoshi","2026-07-31 00:31:34",475.0,2,isakatsuyoshi
5571,16632119,nickyl,"2026-09-03 10:53:37",474.8,2,nickyjliang
5572,16686796,"Harinath Reddy A","2026-08-23 21:23:45",474.8,2,harynath
5573,16669168,"Kingsley Jide","2026-08-31 21:30:18",474.7,2,kingsleyjide
5574,16791131,"Maria Carolina BRAY","2026-09-03 19:43:47",474.6,2,mariacarolinabray
5575,16692782,"Andres Regino","2026-08-23 20:26:03",474.5,2,andresregino
5576,16623582,yunsuxiaozi,"2026-08-01 13:59:57",474.5,2,yunsuxiaozi
5577,16660343,"Mert Olgun899","2026-08-05 13:05:07",474.3,2,mertolgun899
5578,16670986,"Anas Erami","2026-08-08 01:38:43",474.3,2,anaserami
5579,16670090,"Gianpaolo Nettis","2026-08-24 08:42:07",474.1,2,rakes7
5580,16667615,"Zayd Mulani","2026-08-08 23:05:57",474.0,2,zaydmulani
5581,16715456,"wilson LUNG","2026-08-17 23:54:10",474.0,2,wilsonlung
5582,16682906,Masiki,"2026-08-12 13:34:10",473.9,2,blackseed
5583,16786450,fujii,"2026-09-03 14:48:40",473.6,2,kojisoemi
5584,16631609,dlougen,"2026-08-04 16:40:03",473.4,2,dlougen
5585,16664044,IntentionalSayshara,"2026-09-03 10:06:04",473.3,2,jaelle
5586,16793145,KarlNUrban,"2026-09-03 17:59:30",473.0,2,karlnurban
5587,16810306,"Asy Mortenson","2026-09-03 19:26:01",473.0,2,asymortenson
5588,16668368,"Waleed Hasan","2026-08-12 01:42:22",472.6,2,whasan
5589,16639916,BloomBerry,"2026-08-12 12:38:31",472.4,2,kagglepalandata
5590,16684776,"D Rithika","2026-08-10 18:36:30",472.3,2,drithika
5591,16793755,"Juank Suarez","2026-09-03 03:21:58",472.2,2,juanksuarez
5592,16661014,manu,"2026-08-16 04:45:12",472.2,2,manupandit
5593,16692895,Manuf,"2026-08-18 18:00:19",472.1,2,manuelferromorales
5594,16775069,JWlKIM,"2026-08-26 23:22:43",471.8,2,jwlkim
5595,16729522,all-coder,"2026-08-16 17:55:08",471.8,2,allcoder
5596,16716002,"Preethi Gnanaprakasam","2026-08-14 09:10:46",471.6,2,preethignanaprakasam
5597,16795330,"Alejandro Villacampa","2026-09-02 17:32:11",471.6,2,avillacampa
5598,16716636,"Mahamane Lawaly","2026-08-13 10:22:51",471.4,1,mahamanelawaly
5599,16725957,"Ayman Tarig Mohammedosman Elgadi","2026-08-24 02:57:16",471.3,2,aymantarig17
5600,16661194,"Sandeep Vanapalli","2026-08-04 15:37:06",471.2,2,mrleaf
5601,16702980,GCSudarshanReddy,"2026-08-15 17:32:06",471.1,2,gcsudarshanreddy
5602,16810104,HemanthRaju311,"2026-09-03 18:35:49",471.0,2,hemanthraju311
5603,16667722,Radhouen911,"2026-08-06 21:37:37",470.9,2,radhouen911
5604,16758970,"Jason Wong","2026-08-30 07:47:43",470.8,2,jsin27
5605,16663976,"wangyang denis","2026-08-12 06:26:08",470.6,2,wangyangdenis
5606,16721530,revv0o,"2026-08-15 13:58:34",470.2,2,revv0o
5607,16675232,"Rafif Ariq Rabbani","2026-08-27 19:37:32",470.2,2,rafifariqrabbani
5608,16803129,hdttnk,"2026-09-02 14:13:00",470.2,2,hdttnk
5609,16663804,"Fredy Meyer","2026-08-05 20:19:51",470.2,2,alexmeyerm
5610,16738351,"Haidar Faruqi","2026-08-25 05:00:00",470.1,2,haidarfaruqi
5611,16630896,OpenBuilder,"2026-08-08 12:09:06",470.1,2,weijunguo
5612,16735206,"Shiyal Kishan","2026-08-20 04:01:28",470.0,2,shiyalkishan01
5613,16814409,YuyaSuzuki,"2026-09-03 17:08:48",470.0,2,yututapp
5614,16662079,"Farrukh Hussain","2026-08-31 19:05:02",469.9,2,farrukhhussai
5615,16659588,"Priya J","2026-08-14 05:57:46",469.9,2,priyaj21
5616,16668093,Sai_Dattu,"2026-08-07 07:35:01",469.7,2,saidattu2003
5617,16726765,"Ali Al-Killidar","2026-08-16 09:47:37",469.5,1,alialkillidar
5618,16811496,"Maria Shatrova","2026-09-03 19:04:01",469.5,2,mariashatrova
5619,16721942,"Daniel Rodriguez Bothe","2026-08-18 16:57:00",469.0,2,danielrodriguezbothe
5620,16666878,aaronykchen,"2026-08-17 15:06:13",468.6,2,aaronyukuchen
5621,16702200,"ANGAD JANGIR","2026-08-11 02:01:38",468.6,2,angadjangir
5622,16671665,"Kobata Sota","2026-08-06 07:17:03",468.4,1,kobatasota
5623,16627313,"Zafer Liu","2026-08-03 05:13:39",468.4,2,zaferliu
5624,16625149,Rubylicious,"2026-07-31 07:53:00",468.3,2,labibahalya
5625,16664512,oggyiu,"2026-09-01 07:46:10",468.1,1,oggyiu
5626,16723411,CaZen,"2026-08-15 10:48:16",467.8,2,cathzwah
5627,16668241,"Shreyansh Kanotra","2026-08-08 19:56:15",467.7,2,shreyanshkanotra
5628,16724556,"Yixiang Wu","2026-08-28 03:34:55",467.6,1,yixiang964
5629,16663258,sawe,"2026-08-05 17:07:24",467.6,2,boiihhh
5630,16708409,toshiconner,"2026-08-12 06:30:06",467.5,2,toshiconner
5631,16805940,Foxure,"2026-09-03 03:19:51",467.1,2,foxure
5632,16666132,andres555,"2026-08-28 14:36:21",466.5,2,"andres555,violalin"
5633,16640810,まさやん,"2026-08-12 15:22:53",466.5,2,masayam1234
5634,16717420,"Muhammad Yasir Sarwar","2026-08-13 14:40:09",466.2,2,muhammadyasirsarwar
5635,16811313,Ta_____ko,"2026-09-02 23:44:29",466.1,1,tako1249
5636,16753895,Andrew98,"2026-08-22 13:10:58",466.0,2,vitem98
5637,16639764,CortexExplorer,"2026-08-23 13:03:06",466.0,2,cortexexplorer
5638,16696959,"Joe Filfli","2026-08-11 10:47:03",465.9,2,joefilfli
5639,16664818,"B M Dimpu Shree","2026-08-21 10:51:22",465.9,2,bmdimpushree
5640,16806328,"Takamichi Toda","2026-09-03 14:23:46",465.0,2,takamichitoda
5641,16665040,"Arnav Yashlaha","2026-08-05 05:44:26",465.0,2,arnavyashlaha
5642,16777612,"zebra G","2026-08-27 15:46:59",464.9,1,zebrag
5643,16761319,Yuvraj,"2026-08-23 07:29:44",464.9,1,yuvrajkr01
5644,16696939,"Keaton Zang","2026-08-10 21:24:20",464.8,1,keatonzang
5645,16734431,"Maxwell Herron","2026-08-19 02:06:34",464.6,2,maxwellherron
5646,16661633,"Joseph Garcia","2026-08-19 16:28:08",464.6,2,josephpgar
5647,16658500,"abhinav rai1","2026-08-18 17:24:56",464.6,1,abhinavrai1
5648,16815817,haiy_qq,"2026-09-03 14:11:39",464.4,2,haiyqq
5649,16663658,oriolgalceran,"2026-09-03 14:35:23",464.3,2,oriolgalceran
5650,16623528,"Faijur Rahaman","2026-08-20 09:40:07",464.3,2,faijurrahaman
5651,16675462,bkcoban,"2026-08-07 18:22:48",464.0,2,bkcoban
5652,16630020,"Piotr Gabrys","2026-08-09 16:53:59",463.9,2,piotrekga
5653,16733961,"Julia Fredo","2026-09-03 17:43:58",463.9,2,juliafredo
5654,16757336,Stevejustin,"2026-08-31 04:18:31",463.9,2,stevejustin
5655,16635421,"Lennart Haupts","2026-09-03 14:18:01",463.7,2,lennarthaupts
5656,16670464,halfpintcider,"2026-08-11 20:02:25",463.7,2,"amoghdeshpande2021,visspric7"
5657,16662726,"Juan Carlos González Aguilar","2026-08-14 19:54:48",463.7,2,juancg
5658,16654085,"Bill Xu","2026-09-03 02:05:36",463.5,2,billll
5659,16656579,"Riad Rayhan","2026-08-15 06:40:35",463.5,2,riadrayhan
5660,16658535,khanna.rohit5,"2026-08-10 05:00:31",463.3,2,khannarohit5
5661,16771785,"Mencius silverio MENSAH","2026-08-31 08:51:17",463.1,2,menciussilverio
5662,16681509,"Kethan Sai","2026-08-24 18:22:30",462.9,2,kethansaikoneru
5663,16748500,stimmie,"2026-08-30 16:11:56",462.9,2,stimmie
5664,16714166,"Naman Malik","2026-09-03 01:42:06",462.8,2,"adenijielijah,anapau11,marydata,namanmalik81714"
5665,16633984,"Mongkhon Hatit","2026-08-04 11:58:56",462.8,2,mongkolhatit
5666,16658366,kuroneko,"2026-08-04 10:43:29",462.7,2,kurorosuke
5667,16663104,Sohan,"2026-08-23 14:42:40",462.7,2,sohansinghrawat
5668,16673583,"Priyanshu Jha","2026-08-16 08:10:08",462.6,2,codewithjha
5669,16695828,rihiRule,"2026-08-11 13:40:24",462.5,2,rihirule
5670,16693307,"Vlad Gavrilov","2026-08-09 04:00:29",462.5,2,vladgavrilov
5671,16653078,pk210495,"2026-08-09 09:13:32",462.5,2,pk210495
5672,16656989,Crunchex,"2026-08-29 10:52:11",462.4,2,"asmo04,chinmaysoni48,codencry"
5673,16664406,"MURDER GOOSE","2026-08-05 09:45:33",462.4,2,ujjwalar
5674,16696271,"Neeta Sanjay Gajabi","2026-08-09 14:48:42",462.4,2,neeta2574
5675,16690308,"Fatima Sarhan","2026-09-03 03:31:26",462.2,2,fatimasarhan
5676,16713033,rayofc,"2026-09-03 07:03:33",462.0,2,rayofc
5677,16712259,geqiulin,"2026-08-13 04:46:11",462.0,2,geqiulin
5678,16657520,"Joel De la Cruz Fuertes","2026-08-12 16:33:48",461.8,2,joeldcf
5679,16818405,MickyDot,"2026-09-03 13:38:34",461.8,2,mickydot
5680,16661717,"Yaswanth Ippili","2026-08-06 11:32:13",461.7,2,yaswanthippili
5681,16712906,"Sharad Garg","2026-08-13 14:54:43",461.6,2,sharadgarg
5682,16656156,"Kshitij aucharmal","2026-08-06 04:35:27",461.6,2,narutoaucharmal
5683,16669604,"Abhijit Pise","2026-08-28 16:35:55",461.4,2,abhijitpise
5684,16717912,"Anu Kumari","2026-08-13 18:03:07",461.3,1,anuk16020
5685,16793657,Xin_T,"2026-08-30 16:48:11",461.1,1,xint666
5686,16751979,"Sasha Sam","2026-08-27 20:02:46",461.0,2,sashasam
5687,16669434,"Saugat Kannojia","2026-08-07 11:45:47",460.6,2,saugatkannojia
5688,16700627,"Benedict Ebito Boyubie","2026-08-10 11:03:38",460.5,1,bboyubie
5689,16719460,"Amon #2","2026-08-15 12:40:41",460.0,2,ezjameng
5690,16637342,SupremeWarrior108,"2026-08-29 06:44:16",459.8,2,supremewarrior108
5691,16757253,ZEE,"2026-08-22 04:54:30",459.7,1,randyzhang666
5692,16689877,Amr_Said1233,"2026-08-08 08:48:28",459.4,1,amrsaid1233
5693,16676205,"Alhassan Fedawy","2026-08-14 17:15:07",459.3,2,alhassanfedawy
5694,16671532,"Yuri Nakayama","2026-08-13 11:34:55",459.2,2,yurinakayama
5695,16661659,"Ivan Zagorulko","2026-08-05 10:53:13",459.1,2,normaldaki278
5696,16671913,res67,"2026-08-07 16:22:30",458.9,2,junyeanyap
5697,16658202,"SNAEHATH P","2026-08-06 13:51:15",458.7,2,snaehath
5698,16661966,Rocket,"2026-08-29 18:05:35",458.7,2,"aarchie4,nick16541,siddharthdongardive"
5699,16658051,SethuMadhavan004,"2026-08-09 09:38:27",458.5,2,sethumadhavan004
5700,16657054,"ömer umut güngör","2026-08-05 06:10:22",458.2,2,merumutgngr
5701,16700685,"Preeti Dhotmal","2026-08-27 11:25:29",457.9,2,preetidhotmal
5702,16655316,Nader,"2026-08-10 14:49:21",457.9,2,naderamin
5703,16681441,"Lamiaa Al-bdrani","2026-08-07 04:25:50",457.7,1,lamiaaalbdrani
5704,16715033,"Colton Byers","2026-08-17 10:41:50",457.7,2,coltonbyers
5705,16759225,"Andrea Jordan Paro","2026-08-24 11:24:14",456.9,2,andreajordanparo
5706,16698570,MurphyIIVan,"2026-08-10 03:35:41",456.8,2,murphyiivan
5707,16745655,巴啦啦能量,"2026-08-29 05:29:05",456.7,2,wsh10086
5708,16672292,"KARTIKEY PANWAR","2026-08-06 05:46:16",456.5,2,kartikeypanwar
5709,16806541,hidenov,"2026-09-03 03:57:00",456.5,1,hidenov
5710,16667759,"Nafis Fuad Shahid","2026-08-05 19:21:39",456.4,2,nafisfuadshahidd
5711,16784400,K_DHEERAJ_11,"2026-08-31 02:58:38",456.4,2,kdheeraj11
5712,16706843,"yh z","2026-08-11 09:32:56",456.3,1,yhz123456
5713,16744018,"ZK Adam","2026-08-27 17:40:04",456.2,2,zkadam
5714,16711374,Jascha,"2026-08-13 11:22:30",455.9,2,lippja
5715,16691790,"Akshay Sawant","2026-08-08 19:33:14",455.9,2,akshaysawant8983
5716,16656902,"Ram Chandra Gupta","2026-08-05 10:18:41",455.9,2,ramchandra142
5717,16736432,"Sarthak #2","2026-08-18 12:33:53",455.8,2,srthkdixit
5718,16664506,"Jonatan Asketorp","2026-08-23 02:57:42",455.8,2,weft169aston
5719,16663286,"Fan Wang","2026-08-10 21:12:40",455.7,2,wangfan420
5720,16750931,"Antonio Rotundo","2026-08-27 12:52:58",455.7,2,antoniorotundo2
5721,16786264,"THISHA S","2026-09-03 06:35:31",455.7,2,thishas
5722,16704924,jdx,"2026-09-02 21:02:55",455.6,2,jdsemrau
5723,16758681,"Sahil suman","2026-08-26 16:26:13",455.3,2,gruntingtorch
5724,16793340,bee_lx_xl,"2026-08-31 05:28:17",455.2,2,beelxxl
5725,16731822,Senn88,"2026-08-23 11:12:39",455.2,1,senn88
5726,16633786,tuannm3812,"2026-08-28 08:00:42",455.0,2,tuannm3812
5727,16660413,Ritesh-2006,"2026-08-21 10:21:53",454.9,2,ritesh2006
5728,16660515,"pooja sandali","2026-08-08 05:51:03",454.8,2,poojasandali
5729,16694497,Kawai,"2026-08-23 18:33:10",454.5,2,"lavendermoon19,sumitwod"
5730,16747782,"Muhammad Agam Febryan","2026-08-29 18:22:04",454.5,2,muhammadagamfebryan
5731,16732340,"BJ Kim","2026-08-19 15:17:16",454.5,2,doitdoit80
5732,16662089,"Alonso Gallego Pacho","2026-08-27 13:27:36",454.4,2,alonsogallegopacho
5733,16716702,"majjati khalid ","2026-08-19 14:12:32",454.4,2,khalidma
5734,16625418,"Hariprasanth Paranjothy","2026-08-01 05:52:19",454.3,2,hariprasanth8
5735,16790718,"Carlos Alves","2026-09-02 04:29:42",454.1,2,carlosone
5736,16665470,KanakoS,"2026-08-18 13:13:58",454.0,2,kanakos
5737,16695627,"Xu Lou","2026-08-09 13:01:23",453.9,2,xuxiaozhou666
5738,16668522,"Moatez Litaiem","2026-08-06 16:57:54",453.8,2,moatezlitaiem04
5739,16701713,"Максим Хованский","2026-08-10 14:35:38",453.8,1,yeezynaizi
5740,16674106,Jaikrishna@007,"2026-08-26 15:38:23",453.7,1,jaikrishna007
5741,16660317,esgranja,"2026-08-04 18:58:48",453.7,1,esgranja
5742,16675385,Apex🦾,"2026-08-14 18:00:17",453.4,2,"raghadabdullara,renadahmadalamri,zzainh"
5743,16671911,"Dwi Eflatino","2026-08-16 10:44:17",453.4,2,eflatino
5744,16658498,cheesama,"2026-08-04 23:36:18",453.3,2,cheesama
5745,16715404,"karthik reddy","2026-09-03 04:45:35",453.1,2,karthikreddyp
5746,16723301,mayukistarry,"2026-08-15 02:20:13",452.9,2,mayukistarry
5747,16666944,"Meghnath S","2026-08-11 01:56:22",452.8,2,meghnaths
5748,16716657,"Jasti Phani","2026-08-19 08:38:00",452.2,1,jastiphani
5749,16701885,"Mehdi L.","2026-08-13 13:41:14",452.2,2,lmehdi
5750,16735735,Rishabh@1304,"2026-09-03 08:35:49",452.2,2,rishabh1304
5751,16659459,"Akandé Philippe ABIODOUN","2026-08-06 11:58:09",452.2,2,vrmelo
5752,16810408,"Bohdan Boklah","2026-09-02 21:19:21",451.8,1,bohdanbb2000
5753,16699436,"Oluwaseun O Adeya","2026-08-23 01:22:24",451.7,2,oluwaseunoadeya
5754,16678298,"RITIK CHAUDHRY","2026-08-10 13:34:35",451.7,2,ritikchaudhry13
5755,16624935,"Anjana mohan","2026-08-01 06:06:39",451.5,2,anjanamohan13
5756,16808646,"Yimeng Wang","2026-09-02 15:02:45",451.2,2,yimengwang0814
5757,16632503,"Wei Hsiang Lin111","2026-08-01 07:42:33",451.2,2,weihsianglin111
5758,16664514,"Henry Adjanor tetteh","2026-08-12 00:43:41",451.1,2,henryadjanortetteh
5759,16661453,"Disleve Kanku","2026-08-14 15:32:51",450.7,2,dislevekanku
5760,16796572,"Phan Van Hieu ","2026-08-31 14:23:03",450.6,2,phnvnh
5761,16706257,dlv,"2026-08-13 11:11:14",450.5,2,ducott1
5762,16806206,"Yuan Yongth","2026-09-03 18:22:00",450.4,2,yuanyongth
5763,16691704,"Rahman Aliyev","2026-09-01 14:41:13",450.2,2,rahman4li
5764,16762424,AuroraXXiiaa,"2026-09-03 09:13:18",450.2,2,auroraxxiiaa
5765,16666479,"Prajwal Nivangune","2026-08-09 18:33:51",450.1,2,prajwalnivangune
5766,16664401,"Pranav Premchand","2026-08-05 03:07:24",449.9,1,pranavpremchand
5767,16649339,"华东 朱","2026-08-30 09:35:51",449.8,2,mgdbzny
5768,16662319,ethan.ai,"2026-08-13 18:16:35",448.9,2,ethanai
5769,16644023,"Yiğit Efe Albaş","2026-08-02 18:34:39",448.8,1,yiitefealba
5770,16690197,"Ankit Kushwaha_06","2026-08-18 08:10:12",448.7,2,ankitkushwaha06
5771,16780915,"Aravind S","2026-08-29 18:04:47",448.7,2,aravind20061981
5772,16623135,mohduwaishchaudhary,"2026-07-30 22:05:45",448.5,2,muwaish5
5773,16669441,"Chirag Desai","2026-08-30 18:13:52",448.1,2,cid007
5774,16657712,"samuel job Adeola ","2026-09-02 08:11:03",448.1,2,samueljobadeola
5775,16735934,"Uday Kiran003","2026-08-18 06:23:18",448.0,1,udaykiran003
5776,16732395,"Nikita Antonov","2026-08-23 08:33:03",448.0,2,nantonov
5777,16729155,WangZihao5649,"2026-08-24 02:32:08",447.8,2,wangzihao5649
5778,16716589,"Shaik Adilazeez","2026-08-13 09:29:44",447.7,1,shaikadilazeez
5779,16666334,UnderBlade,"2026-08-05 09:56:11",447.6,2,"athillazaidan,kurtmikhael"
5780,16728945,"Suryansh Kulshreshtha","2026-09-01 14:39:14",447.5,2,"busyfellow,suryanshkulshreshtha"
5781,16662964,"Tim Ogilvie","2026-08-13 13:18:59",447.5,2,timogilvie
5782,16630662,Akshatjhawar777,"2026-08-05 12:18:30",447.4,2,akshatjhawar777
5783,16638704,"Lee Yen Fei","2026-09-01 03:31:45",447.4,2,leeyenfei
5784,16701064,KMishra011,"2026-08-20 20:30:34",447.2,2,kmishra011
5785,16742009,"Mutyam kavyanjali","2026-08-19 10:25:06",447.2,1,mutyamkavyanjali
5786,16660420,tipofyzik,"2026-09-02 15:47:30",447.2,2,tipofyzik
5787,16782993,hayashida,"2026-08-28 12:29:44",446.9,1,daichihayashi
5788,16702935,"Defne Demir","2026-08-11 18:27:36",446.8,2,defnedemir
5789,16750743,"Nagimov Timur","2026-08-20 21:10:30",446.7,2,nagimovtimur
5790,16657574,harikrishnacs,"2026-08-04 12:28:53",446.7,2,harikrishnacs
5791,16809998,chzCharbs,"2026-09-03 17:38:24",446.6,2,chzcharbel
5792,16814375,"Yuta Eiki","2026-09-03 08:44:49",446.0,2,wildauk
5793,16634911,onlytimeknows,"2026-08-22 12:31:11",445.7,2,onlytimeknows
5794,16775686,"Max Podd","2026-08-28 03:38:07",445.6,2,maxpodd
5795,16749503,ally,"2026-08-23 11:48:49",445.5,2,phamngoclinh
5796,16671670,"Karla Ziegler","2026-08-08 21:14:37",445.5,2,karlaziegler
5797,16624879,indira,"2026-07-31 06:52:02",445.4,2,inansia
5798,16712633,"Andy Andy","2026-08-13 08:11:38",445.4,2,andy3373
5799,16716299,Biwaaa67,"2026-08-13 19:57:06",445.4,1,biwaaa67
5800,16654458,"Likith Narakala","2026-09-03 18:19:32",445.3,2,likith17052004
5801,16794088,"Felipe Colombarolli","2026-08-31 00:46:32",445.2,2,felipecolombarolli
5802,16660852,"K VISHALINI","2026-08-13 06:59:27",444.9,2,kvishalini
5803,16658219,"Deepesh Pankaj","2026-08-15 05:58:07",444.8,2,deepeshpankaj
5804,16664064,lookapmaka,"2026-08-10 17:19:05",444.8,2,lookapmaka
5805,16665228,Jason_Qian,"2026-08-05 16:00:43",444.6,2,jasonqia
5806,16705640,"Dongre Laxman","2026-08-12 12:36:29",444.6,2,dongrelaxman
5807,16689286,"Telman Yusifov","2026-08-09 07:08:46",444.5,2,yusifovtelman
5808,16661751,"Shailaja J","2026-08-12 14:51:15",444.3,1,shailajaj
5809,16790615,"Suryansh Vashisth","2026-08-31 10:38:54",444.1,2,songoku2005
5810,16685615,Spectra,"2026-08-07 16:14:32",444.0,2,thomaskressig
5811,16655891,"Yukihito Ikoma","2026-08-27 03:55:41",444.0,2,yikoma
5812,16725757,AchyutKishore123,"2026-08-30 05:12:33",443.9,2,achyutkishore123
5813,16719603,"sravan Tirumala","2026-08-14 03:05:43",443.9,1,sravantirumala
5814,16738441,"Moritz Huber","2026-08-30 21:00:10",443.6,2,moritzhuber
5815,16738335,"Xuzhou Dong","2026-08-20 14:39:16",443.3,2,xuzhoudong
5816,16774592,"Oliad Dandana","2026-08-27 09:28:20",443.1,2,olidan
5817,16681209,AgenticBuilder,"2026-08-13 18:44:29",442.9,2,gau2112
5818,16773064,"Sonu Yadav","2026-09-03 18:27:11",442.5,2,sonuyadav710
5819,16807380,"D × MirAI","2026-09-02 10:37:53",442.2,1,kmnkmn
5820,16675900,"Pranav Advani","2026-08-23 14:43:09",442.2,2,pranavadvani
5821,16697627,abinandhan03,"2026-09-01 10:38:15",442.2,2,abinandhan03
5822,16686411,NeoCodes.Dev,"2026-08-23 23:53:10",442.1,2,neocodesdev
5823,16696384,Sisu16,"2026-08-13 20:13:27",442.1,2,sisu16
5824,16759916,"Jeevith G","2026-08-23 06:58:50",441.6,2,jeevithg090
5825,16663055,jainish_d24ce180,"2026-08-10 13:54:40",441.6,2,jainishshah35
5826,16665988,"Ronel maamoc","2026-08-31 09:37:13",441.5,2,ronelmaamoc
5827,16658304,"KETHAVATH Aadarsh","2026-08-05 21:00:45",441.5,2,kethavathaadarsh
5828,16656951,"[Deleted] 6015b650-8e16-4705-8036-db40bdd2d353","2026-08-04 09:08:05",441.0,1,del=084ea76838ad756b
5829,16777871,嵇禄lugent,"2026-09-01 00:00:35",441.0,2,lugent
5830,16662081,Ayush_Bhaskar_25323010,"2026-08-08 19:49:56",441.0,2,ayushbhaskar25323010
5831,16660287,BhatNasir,"2026-08-04 16:29:18",440.9,2,nasir94
5832,16780101,jjjhoon,"2026-08-28 04:04:26",440.9,2,jjjhoon
5833,16660228,"Ochuwa Pearl Isa","2026-08-06 09:29:36",440.8,2,pearlisa
5834,16779769,"Pravin jeyavel","2026-08-27 18:08:17",440.7,2,pravinjeyavel
5835,16700207,"S. Mujtaba Hussain","2026-08-28 05:48:15",440.6,2,smujtabahussain
5836,16658116,Emmy,"2026-09-02 10:14:30",440.4,2,emmyone
5837,16710244,Bytemindd,"2026-08-26 10:20:45",440.2,2,"daisy023,sruthikanv,thasneemj,uthayanandhini,vajraparameswari"
5838,16661990,"Olaoluwa Abiodun","2026-08-05 14:57:07",440.1,2,laoluwaa
5839,16808233,"Yash Hingane","2026-09-03 17:32:13",440.1,2,yashhingane
5840,16686954,"Davie Mdumuka","2026-08-09 19:40:56",440.0,1,daviemdumuka
5841,16726569,"Andrey Balvaneda","2026-08-17 20:59:45",440.0,2,andreybalvaneda
5842,16660929,ttkk,"2026-08-12 16:39:58",439.7,1,optimavia
5843,16732041,"Vallapu Nandini","2026-08-17 10:22:47",439.6,1,nandinivallapu
5844,16730589,山谷知輝,"2026-09-02 02:03:05",439.4,2,tomokiyamaya
5845,16774921,"conor lowth","2026-08-28 10:46:42",439.1,2,conorlowth
5846,16670475,Adib,"2026-08-06 02:02:27",439.1,2,adibemohamed
5847,16666596,"Daumas Benjamin","2026-09-03 10:05:38",439.1,2,daumasbenjamin
5848,16796223,"Bohan Shao","2026-08-31 15:10:43",439.0,2,bohanshao
5849,16750435,"Oleksandr Zalievskyi","2026-08-23 18:34:59",438.7,2,sashaworker
5850,16689344,"Shalini Gangrade","2026-08-09 13:17:30",438.6,2,shalinig1
5851,16667987,"Kunj Kansara","2026-08-05 13:41:26",438.4,1,kunjkansara
5852,16709337,"Chris Turnbull","2026-08-11 22:15:57",438.3,2,christurnbull
5853,16792685,李明,"2026-08-31 00:46:42",437.9,2,liming2026good
5854,16656608,"Jeffrey Dilley","2026-08-04 15:40:08",437.8,1,jeffreydilley
5855,16628521,arai9953,"2026-08-24 22:46:57",437.7,2,arai9953
5856,16678819,"Digant Kathiriya","2026-08-07 02:07:51",437.6,2,digantkathiriya
5857,16668673,"kyran sinha","2026-08-14 14:21:34",437.6,2,kyransinha
5858,16747683,"Jianyu Lin","2026-08-27 13:05:05",437.5,1,jianyulin1999
5859,16690029,Nitesh_Prajapati2569,"2026-08-18 08:12:30",437.2,2,niteshprajapati2569
5860,16670387,"Oracle69 AI","2026-09-01 10:55:45",436.9,1,princeadewaleadewumi
5861,16706516,"Mohit Khade13","2026-08-26 16:03:22",436.8,2,mohitkhade13
5862,16669229,"Kayvan Sinha","2026-08-11 15:23:35",436.6,2,kayvansinha
5863,16691753,"Jan Moilanen","2026-08-09 12:02:17",436.4,2,janmoilanen
5864,16729351,vlad.shorodok,"2026-08-16 18:05:09",436.2,2,vladshorodok
5865,16729669,HYPEREUCLIDEAN,"2026-08-19 07:47:48",436.1,2,hypereuclidean
5866,16653006,"anthony mbadiwe ikeme","2026-08-18 09:08:02",436.1,2,anthonymbadiweikeme
5867,16654258,"Ashray Bagde","2026-08-13 08:13:00",436.0,2,ashrayaaaaa
5868,16738298,tomo0608,"2026-08-19 13:33:07",435.9,2,tomo0608
5869,16672687,Liz,"2026-08-16 01:52:34",435.8,2,lizgarcia3
5870,16654947,"Ömer Hüseynov","2026-08-08 22:06:03",435.7,2,omarhuseynov
5871,16671512,"Darren Grendi","2026-08-10 00:38:51",435.7,1,darrengrendi
5872,16708896,"Alberto Scinetti","2026-08-13 19:18:11",435.5,2,albertoscinetti
5873,16710459,Nironiro,"2026-09-02 14:17:07",435.5,2,nironiro
5874,16668523,Bumblerrr,"2026-08-06 19:46:02",435.4,2,bumblerrr
5875,16663815,"Tetsuya Sasaki","2026-08-30 01:05:13",435.4,2,sasakitetsuya
5876,16723614,"James Atteh","2026-08-15 19:34:17",435.0,2,jamesatteh
5877,16720696,Ankit0017,"2026-08-14 10:16:58",434.9,2,ankit0017
5878,16666257,"Shijian Wen","2026-08-06 09:40:44",434.6,2,shijianwen
5879,16786280,Shambhavi21,"2026-08-29 14:43:11",434.4,2,shambhavi21
5880,16723779,Matheubern,"2026-08-22 00:44:48",434.2,2,matheubern
5881,16623054,"Max Bond ABE","2026-08-15 22:43:34",434.2,1,maxbondabe
5882,16743191,"Ryoya Kochiyma","2026-09-03 08:25:53",434.1,2,"kazutotakekuma,ryoyakochiyma"
5883,16726052,"Peter Mugoya","2026-08-27 04:32:50",434.1,2,petermugoya
5884,16705696,"TS Farmer","2026-08-13 11:22:09",433.8,2,"shivangkainth,tusharsekhri27"
5885,16671773,"Sawyer Lundberg","2026-08-07 03:33:23",433.6,2,sawyerlundberg
5886,16662646,"Jay Parsana","2026-08-09 18:07:10",433.4,2,jay051
5887,16684225,"Aum Savaliya","2026-08-10 20:10:02",433.4,2,aumsavaliya
5888,16712796,"Kumar Saurabh","2026-08-25 12:34:20",433.1,2,bakakaka
5889,16693092,"Andrei Dzis","2026-08-10 18:28:15",433.1,2,dzisandy
5890,16794499,smileMAN13912339850,"2026-09-02 13:42:36",432.9,2,smileman13912339850
5891,16709179,"SATENDRA SINGH","2026-08-16 05:38:21",432.6,2,satendrasingh9876
5892,16659720,Project_Kurukshetra,"2026-08-16 05:01:34",432.4,2,"chaitanyaterli05,lavanyayandapalli"
5893,16690299,"EL GORRIM MOHAMED","2026-09-01 10:59:10",432.3,2,elgorrimmohamed
5894,16664454,"Naga Vinay Avvaru","2026-08-05 07:04:44",432.3,2,anagavinay
5895,16628404,theken,"2026-08-09 12:19:19",432.0,2,theken
5896,16669102,Ritik,"2026-08-07 18:11:13",431.5,2,xritikx
5897,16800950,"Mani Kanta Kalluru","2026-09-03 12:30:57",431.3,2,manikantakalluru
5898,16668268,"Kunal Rout","2026-08-06 05:48:25",431.2,2,charlotte26
5899,16783870,郭一贤,"2026-08-29 07:22:41",430.9,2,guoyixian2
5900,16691891,"Gagan Thakur","2026-08-16 04:36:51",430.7,2,gaganthakur2006
5901,16690812,zhangkai_0121,"2026-08-09 01:40:21",430.3,2,zhangkai0121
5902,16669516,GorgeousCookie,"2026-08-06 09:17:13",430.2,2,axellindqvist
5903,16811013,"Sara Vahidestakhri","2026-09-03 00:32:07",430.1,1,saravahidestakhri
5904,16665654,"Anurag H H","2026-09-03 11:55:37",430.0,2,anur4ghh
5905,16794797,zzzyan10,"2026-09-03 02:16:36",430.0,1,zzzyan10
5906,16674278,"Niels de Gier","2026-08-07 15:57:04",429.2,2,nielsdegier
5907,16677804,"Pravin Takpire","2026-08-11 08:17:51",429.1,2,pravintakpire
5908,16714425,sileza,"2026-08-13 12:57:35",428.8,1,azelis
5909,16653728,"Iswar Patra","2026-09-01 02:46:09",428.8,2,iswarpatra
5910,16666958,TinkerBotics,"2026-08-05 20:29:19",428.8,2,salosojaedwin
5911,16665959,"Lourenz Baliber","2026-08-18 00:34:06",428.7,1,lourenz
5912,16659018,"Ramziddin Toxirov","2026-08-11 04:58:03",428.4,2,ramziddintoxirov
5913,16785352,"joão Vitor","2026-09-03 15:42:24",428.4,2,jaov30718
5914,16658227,Gugu888,"2026-08-14 04:27:57",428.3,2,gugu888
5915,16772511,"Max Gläser","2026-08-26 23:39:34",428.3,1,maxglser
5916,16773858,"Kundan Kumar","2026-09-02 09:29:52",427.5,2,edkundan
5917,16796102,yiliang,"2026-08-31 12:55:20",427.3,2,yilianglv
5918,16675043,malibu_orange,"2026-09-03 13:07:36",426.6,2,malibuorange
5919,16658960,"Amit Kumar","2026-08-06 05:44:30",426.6,2,anmitkumar
5920,16768884,z y f 007,"2026-08-31 05:39:35",426.6,2,zyf007
5921,16623678,Mahog,"2026-08-25 02:11:34",426.4,2,mahoganybuttstrings
5922,16793913,"Vrushal Patil","2026-09-01 07:09:59",426.4,2,vrushalpatil
5923,16715416,"Md. Adnan","2026-08-31 06:31:42",426.3,2,mdadnan96
5924,16809202,amano,"2026-09-03 13:44:49",426.3,2,amanoshotaro
5925,16707987,"Big Balls Entertainment","2026-08-12 10:18:24",426.2,2,"pavivin,semenkolesnikov"
5926,16655737,Dharshini,"2026-08-08 15:00:05",426.1,2,dharshini1812
5927,16725349,"Saj Patel","2026-08-15 21:55:42",425.9,2,sajpatel15
5928,16656860,SamReiswig,"2026-09-02 04:04:09",425.8,1,sreiswig
5929,16740197,Winssk,"2026-08-27 01:55:06",425.8,2,winssk
5930,16722757,"Sebastian Adamatzky","2026-08-14 19:10:23",425.6,2,sebastianadamatzky
5931,16732156,"Samvel Kocharyan","2026-08-17 18:45:53",425.2,2,samvelkoch
5932,16757351,SaiVenkatesh,"2026-09-03 09:54:10",425.1,2,nothingnew
5933,16677761,"Rithuraj Nambiar","2026-08-06 18:11:41",425.0,2,rithurajnambiar
5934,16751796,"Leo Pallorina","2026-08-23 14:06:17",425.0,2,lelelsp
5935,16727022,Saharkh99,"2026-09-01 00:18:26",424.9,2,saharkh99
5936,16660489,"Luca Lullo","2026-08-05 20:21:38",424.8,2,lucalullo
5937,16685207,"Koushik Thummu","2026-08-07 18:15:47",424.5,2,koushikthummu
5938,16662162,"THE predict","2026-08-13 21:18:25",424.4,2,vikaspal505
5939,16792013,"Alec Polansky","2026-09-01 16:30:31",424.4,1,alecpolansky
5940,16733318,"Anuj Bolewar","2026-08-18 11:11:01",424.1,2,anujbolewar
5941,16656932,"Thivvin Raj","2026-08-13 03:53:35",423.9,2,thivvinraj
5942,16785932,"Thomas Yi","2026-09-02 19:24:18",423.6,1,tyyslashd
5943,16668431,"Harshpreet Singh #2","2026-08-06 01:06:28",423.5,1,harshpreetsingh45
5944,16692825,"Saad Arain","2026-08-09 12:27:08",423.2,2,saad451
5945,16741746,"Ahmed Harfoush","2026-08-19 09:47:45",422.8,1,ahmed1harfoush
5946,16669346,"Jalpesh Vasa","2026-09-02 10:58:59",422.7,2,"deep1812,jalpeshvasa"
5947,16670565,"Grant Biellak","2026-08-05 22:52:01",422.7,2,grantbiellak
5948,16669123,"Alex #2","2026-08-06 22:50:30",422.6,2,alxdfy
5949,16776777,cerceanit,"2026-08-29 14:51:48",422.6,1,uaisamangeldi
5950,16666216,missss,"2026-08-06 06:49:00",422.6,2,missssb
5951,16689349,"Adunola Abdulrahman","2026-08-10 17:38:47",422.5,2,adunolaabdulrahman
5952,16732352,ORiginators,"2026-08-26 06:21:11",422.4,2,"sachinpandey721,sunritpal"
5953,16670257,RonitKhanna333,"2026-08-12 12:22:11",422.4,2,ronitkhanna333
5954,16629742,yun,"2026-08-15 09:10:21",422.3,2,yuyumarupython
5955,16716670,"Aremanda Yasaswini","2026-08-13 09:27:46",422.3,1,aremandayasaswini
5956,16670188,orivael,"2026-08-05 21:20:17",421.9,2,orivael
5957,16685412,Praveen8775,"2026-08-25 20:24:00",421.6,2,praveen8775
5958,16691565,"Blu cky","2026-08-09 19:13:27",421.5,2,llmdablucky
5959,16663259,erush,"2026-09-02 00:38:53",421.1,1,erushia
5960,16643278,"Giovani Moresco","2026-08-06 05:30:45",420.3,2,giovanimoresco
5961,16770232,MinhTran2346,"2026-08-27 19:46:30",420.2,2,minhtran2346
5962,16752444,zama,"2026-08-25 04:31:12",419.9,2,zamami
5963,16758192,"Dev Monk","2026-08-29 14:03:22",419.8,2,devmonk63
5964,16763938,"joel paul","2026-08-26 02:05:07",419.6,2,joelpaulf
5965,16664450,"Fritz Adelbertus","2026-08-10 01:13:44",419.3,1,fritzadelbertus
5966,16723045,"Albert Einstein F Muritiba","2026-08-21 02:27:16",419.3,2,spideryzarc
5967,16735580,"Dhiya Nachimuthu","2026-08-30 06:13:38",418.9,2,dhiyanachimuthu
5968,16793944,"Grupo 808","2026-08-30 22:36:59",418.8,1,grupo808
5969,16666218,"sugan Chandrasekar","2026-08-16 11:02:09",418.7,2,suganchandrasekar
5970,16630772,"Mitsuhiro Iizuka","2026-08-04 10:31:00",418.7,2,mitsuhiroiizuka
5971,16662267,"Fahim Montasir","2026-08-10 16:15:10",418.6,2,fahimmontasir
5972,16695177,"Ajith Bagali","2026-08-15 12:23:37",418.3,2,ajithbagali
5973,16663981,"Steven Pun","2026-08-07 01:59:52",418.3,2,stevenpunn
5974,16773370,"Nishant #1","2026-08-26 06:11:42",418.2,1,nishanttomar110
5975,16805906,FENGYESHAN,"2026-09-02 01:33:25",418.1,2,fengyeshan
5976,16657438,"Udit Aggarwal1","2026-08-08 19:09:27",417.8,2,uditaggarwal1
5977,16638383,"Yunus Emre Sarıduman","2026-08-12 12:57:08",417.8,2,emresariduman
5978,16763523,"Nam Khánh Lê","2026-09-02 06:28:44",417.7,2,"khanhss,khimbodoi"
5979,16689970,"Константин Паращук","2026-08-08 09:15:08",417.7,1,kangchenxi
5980,16802341,"Yousef Turk","2026-09-02 06:31:13",417.6,2,yousefturk
5981,16771187,FernandoRB,"2026-08-26 15:53:49",417.6,2,fernandorb
5982,16674012,ahankesumah,"2026-08-16 07:34:05",417.5,2,ahankesumah
5983,16662791,"Shiva Neshan yuva","2026-08-15 18:39:16",417.3,2,shivaneshanyuva
5984,16707951,K_ChanHo,"2026-09-03 12:44:52",417.3,2,kchanho
5985,16716585,"tejaswini kakollu","2026-08-13 09:12:37",417.2,1,tejaswinikakollu
5986,16637762,"Greek olive oil","2026-08-09 19:56:48",416.4,2,alexanderchar
5987,16723569,"Trishanth Mellimi","2026-08-15 07:09:55",415.8,2,trishanthmellimi
5988,16676327,shu10038,"2026-09-03 10:08:06",415.7,2,shu10038
5989,16658512,fatariq,"2026-08-10 21:18:35",415.6,2,fatariq
5990,16690947,"Veiled Star","2026-08-10 13:36:49",415.4,2,veiledstar
5991,16663674,"Mason Mahar","2026-08-30 04:00:17",415.4,2,masonmahar
5992,16622809,"German Vdovin","2026-08-03 00:38:01",415.2,2,ertrerhtytmnbdsefdw
5993,16668141,"Soichiro Mochizuki","2026-08-07 22:13:36",415.2,2,soichiromochizuki
5994,16639727,"Andres Mohali","2026-08-13 23:03:25",414.7,2,mohax3
5995,16747544,OliverYip,"2026-08-25 06:01:07",414.6,2,oliveryip
5996,16811454,"Zakaria Taouil","2026-09-03 00:57:08",414.5,1,ztaouil
5997,16715097,"Yusuf Yavuz","2026-08-13 00:25:40",414.3,1,yusufyavuzz
5998,16758663,"Light In","2026-08-22 19:18:51",413.6,2,lightin45
5999,16770758,"Maor talker","2026-08-26 20:18:59",413.4,2,maortalker20
6000,16625770,"Đức Trung Trần","2026-08-24 11:01:33",413.2,2,ctrungtrn
6001,16784030,"Pooja Gera","2026-09-02 15:10:47",413.2,2,poojagera00
6002,16729708,msmsuman,"2026-08-31 12:42:11",413.2,2,msmsumanmuskan
6003,16678633,"Tanishq Tayade","2026-08-11 10:29:59",413.2,1,tanishqtayade
6004,16658882,"toukali samir","2026-08-07 13:43:05",413.1,2,toukalisamir
6005,16731108,"Vipparla Nandini","2026-08-17 06:29:48",413.1,1,vipparlanandini
6006,16764608,messibeatgravity,"2026-08-24 05:34:05",413.0,1,messibeatgravity
6007,16793465,"Gajala, CEO Sonic Sols","2026-09-01 22:32:05",412.9,2,rishitreddypalle
6008,16807010,cjsrudals,"2026-09-03 14:17:52",412.6,2,cjsrudals
6009,16681188,"Tresor Mufalme.","2026-08-08 09:29:05",412.6,2,tresormufalme
6010,16758093,_student,"2026-08-23 22:21:25",412.6,2,drvtalan
6011,16727480,MSAM,"2026-08-31 12:48:11",412.5,2,arashdeepsinghmaan
6012,16661476,slowpoke,"2026-08-29 16:33:07",412.4,2,banboyechristains
6013,16726441,Enrique.rfm,"2026-09-03 19:13:21",412.2,2,enriquerfm
6014,16665400,FieldOps,"2026-08-10 16:16:03",412.1,2,sycpr1me
6015,16731616,"Mohamed Aashik 24","2026-09-03 18:45:33",412.0,2,mohamedaashik24
6016,16710417,"Aryant Jadhav","2026-08-15 18:57:18",411.8,2,aryantjadhav
6017,16679850,AryaGarg23,"2026-08-09 03:33:14",411.7,2,aryagarg23
6018,16715912,"Hiroshi Sakiyama","2026-08-14 13:22:19",411.6,2,hiroshisakiyama
6019,16684677,"Sean Southwick","2026-08-27 14:45:32",411.5,2,seansouthwick
6020,16658367,"Prachii Sonii","2026-08-31 17:28:45",411.5,2,prachiisonii
6021,16676726,"Manaswi Bansal","2026-08-16 06:28:05",411.1,2,manaswibansal
6022,16743015,"Sword's Frost","2026-09-03 10:39:29",411.0,2,alexwilliam7
6023,16702771,n_samii,"2026-08-14 01:20:08",411.0,2,nsamii
6024,16765310,"Aria Muse","2026-09-03 03:04:29",411.0,2,ariamuse
6025,16662094,"moncef elm","2026-08-11 04:34:28",410.9,2,moncefelm
6026,16634720,Thiyo,"2026-08-18 11:51:04",410.9,2,thimirajayasekara
6027,16656946,"Sambit Padhan","2026-08-05 10:10:10",410.9,2,sambitpadhan
6028,16717522,kyunyoung,"2026-08-14 07:16:00",410.8,2,kyunyoung
6029,16673310,dffzno1,"2026-08-14 01:44:55",410.7,2,joyzip
6030,16666275,HeatS33ker,"2026-08-15 14:37:36",410.6,2,byronokou
6031,16729157,HahaTaco,"2026-08-16 16:55:03",410.5,2,hahataco
6032,16716594,"U Anand Williams","2026-08-13 09:19:09",410.5,1,uanandwilliams
6033,16727326,AhmedMousaHassan2510,"2026-08-17 12:56:01",410.5,2,ahmedmousahassan2510
6034,16757236,"Erlanda Miko P","2026-08-23 07:02:01",410.2,2,snneva
6035,16726616,9Hash,"2026-08-19 19:08:01",410.1,2,hashimrazi
6036,16669176,"Karakam Sridevi","2026-08-11 07:44:48",410.0,2,karakamsridevi
6037,16656135,"JAYASURYA R","2026-08-05 15:43:01",409.7,2,suryar261
6038,16692710,"Baran Haydar","2026-08-12 06:56:50",409.6,2,baranhaydar
6039,16675324,"Attempt Seven","2026-08-10 10:13:50",409.5,2,attemptseven
6040,16732936,"Kateryna Dudko","2026-08-25 12:15:40",409.4,2,dudkiina
6041,16661891,BALLEN1337,"2026-08-04 19:22:30",409.4,2,ballen1337
6042,16716488,"Will Henderson290","2026-08-14 13:27:25",409.4,1,willhenderson290
6043,16665449,AgroVisionAI,"2026-08-11 19:52:49",409.3,2,"aishwaryvarshney,bhuppisharma,kirtisharmaphd,pragyasingh59,priyasingh0590"
6044,16677950,"Rounak Laddha","2026-08-15 01:47:41",409.2,1,rounakladdha
6045,16735593,"timur tytrin","2026-08-18 07:37:46",409.1,2,timurtiutrin
6046,16667177,"Raunak Phull","2026-08-10 11:14:44",409.1,2,raunakphull4
6047,16785676,Bilal11122,"2026-08-29 08:15:46",409.1,1,bilal11122
6048,16655689,花朝,"2026-08-05 04:10:02",408.9,2,xhxyyds
6049,16761784,"Ghaith Kammoun","2026-08-24 21:19:54",408.9,2,ghaithkammoun
6050,16675093,"Nikhil Srivastava","2026-08-15 08:47:12",408.8,2,nikhilsrivastavark
6051,16779823,"Jean Dem","2026-08-31 12:38:41",408.7,2,jeandem
6052,16638938,Light&Thunder,"2026-08-09 06:39:19",408.2,2,yerne39
6053,16655555,Bharath2411,"2026-09-03 07:14:26",407.8,2,bharath2411
6054,16755264,wsdsby,"2026-08-21 15:16:42",407.7,2,wsdsby
6055,16733007,"Not Found","2026-08-17 16:32:16",407.6,4,"ammarkhan05,zainabirfanansari"
6056,16693098,broken_gpu,"2026-08-30 10:07:27",407.4,2,brokengpu
6057,16677747,"Yuvraj Bhatt","2026-08-10 08:38:11",407.4,2,bhattyuvraj22
6058,16657883,jps,"2026-08-06 08:36:04",406.9,2,jahaziel
6059,16685625,"silvan ion","2026-08-08 13:05:39",406.9,2,john1one
6060,16659394,"יוסף בש","2026-08-09 15:11:23",406.6,2,josiii123212
6061,16663864,RamónLópez,"2026-09-03 17:41:11",405.9,2,lopeznomar
6062,16770085,AllenCheng329,"2026-08-25 10:05:43",405.9,1,allencheng329
6063,16701060,"Paula Jimenez","2026-08-22 16:18:37",405.8,2,paulajimenez
6064,16770270,"salthiel nishimwe","2026-08-25 10:45:23",405.5,2,salthielnishimwe
6065,16668159,ABDELGHANY,"2026-08-12 11:04:36",405.5,2,abdelghanyrageh
6066,16640067,"minghao mei","2026-08-02 09:57:29",405.2,1,minghaomei
6067,16656190,"Akshaj Shandilya","2026-08-06 03:14:36",405.2,2,akshajshandilya
6068,16716713,"T Vamsi Krishna","2026-08-13 09:37:43",405.1,1,vamsee3763
6069,16757338,Dewakaran,"2026-08-22 05:34:35",404.5,1,dewakaran
6070,16794153,"harshita harshita","2026-08-31 17:47:11",404.4,2,harshitaharshitaaaa
6071,16666577,"Jatin khandelwal112","2026-08-05 11:26:41",404.2,2,jatinkhandelwal112
6072,16679392,Dickie,"2026-08-09 09:05:10",404.1,2,dickieho
6073,16815132,"Duc-Anh Nguyen","2026-09-03 10:42:28",404.0,2,valentinonguyen
6074,16768466,BenJung,"2026-08-31 16:16:04",403.9,1,"benjung2512,hyeonglvl,hyeonho028,limjoonsoo"
6075,16666924,esis_ai,"2026-09-01 03:11:15",403.4,2,alexesn
6076,16739447,"Jacob Stambaugh","2026-08-19 17:53:29",403.3,2,jacobstambaugh
6077,16808705,Danielaijdkx,"2026-09-03 11:29:34",403.0,1,danielaijdkx
6078,16652422,Kite,"2026-08-17 16:26:55",402.9,1,kiteyinlong
6079,16688381,"Teresa Fitzgerald","2026-09-03 02:26:10",402.9,2,teresafitzgerald
6080,16710241,"Julien Serbanescu","2026-08-12 14:32:50",402.9,2,julienserbanescu
6081,16634352,"sovit karki","2026-08-12 17:21:13",402.9,2,sovitkarki
6082,16655257,"Afia Animah Fosu","2026-08-04 18:21:50",402.9,2,afiaanimahfosu
6083,16662854,"NISCHAY SANJAY JIWANKAR 23115098","2026-08-13 05:38:18",402.3,2,nischay2908
6084,16690077,"GOMATHI PRIYA","2026-08-13 06:38:45",402.0,2,gomathipriyaraj22
6085,16795677,"Carol bright","2026-08-31 09:30:28",401.9,2,carolbright
6086,16622097,"Garrick C.P.","2026-08-10 18:12:06",401.8,2,garrickchinnis
6087,16762154,lli,"2026-08-24 14:40:36",401.4,2,colesuoseue
6088,16717797,"patan hashmi","2026-08-13 15:02:52",401.3,1,patanhashmi
6089,16658286,"Jatin Gujarathi","2026-09-03 08:43:39",401.2,2,jatingujarathi
6090,16704985,"Ethan Marchisano","2026-08-24 21:36:54",401.2,2,ethanmarchisano
6091,16774700,たたたた,"2026-09-02 11:07:01",401.2,2,tatatata1111
6092,16706898,Simiyon,"2026-09-01 18:14:14",400.9,2,blackscythe123
6093,16668592,"Ashutosh jatav","2026-08-09 13:34:45",400.9,2,ghost1412
6094,16660294,"Mohamed Amadu Bangura","2026-08-04 16:14:07",400.7,1,mohamedamadubangura
6095,16771216,"Hugo Ponce","2026-08-25 17:54:30",400.7,2,hugoskn
6096,16691027,"Jelle Maas","2026-08-08 14:58:19",400.5,2,jellemaas
6097,16656480,"Dip Biswas","2026-08-07 04:35:56",400.4,2,dipjacobiswas
6098,16658519,"David kinyanjui","2026-08-31 07:10:00",400.3,2,davidkinyanjui
6099,16726381,"Adriana Redondo","2026-08-15 19:39:41",399.9,1,adrianaredondo
6100,16685164,cleanledger,"2026-08-07 13:38:23",399.8,2,cleanledger
6101,16716497,xpxg,"2026-08-16 17:04:22",399.7,2,deepxchat
6102,16663990,"OURNO PAPA SALIF","2026-08-07 23:18:43",399.7,2,belfiremine
6103,16808433,thenokol,"2026-09-02 11:38:54",399.7,2,thenokol
6104,16716649,"Meghana Busse","2026-08-13 09:33:08",399.6,1,meghanabusse
6105,16695592,"André Luiz Pedroso","2026-08-09 11:59:19",399.5,1,andreluizpedroso
6106,16624029,"Miguel Angel Rodriguez Fonseca","2026-08-07 03:55:38",399.1,2,miguelangelrodriguez
6107,16657063,"those how","2026-08-04 07:50:57",399.0,2,thosehow
6108,16673825,h_jun,"2026-08-10 06:21:12",398.9,1,lhjoon77
6109,16730060,"Enzo Pio","2026-08-21 16:44:03",398.7,2,enzopio
6110,16666997,"Krishnamurthy Venkatasubramanian","2026-08-05 15:09:46",398.7,2,krishnamurthyvenkat
6111,16641665,huangjunjia,"2026-08-04 14:12:26",398.4,2,huangjunjia777
6112,16726769,"Ci Zhu","2026-08-16 07:03:55",398.2,2,zhuci1993
6113,16721529,"Danny De Bree","2026-08-20 09:46:36",398.1,1,dannydebree
6114,16765863,MADUPU.SRINIDHI,"2026-08-24 10:43:10",398.0,1,madupusrinidhi
6115,16634219,"Michael J Hammel","2026-08-01 11:37:10",397.8,2,michaeljhammel
6116,16722122,Abhas20,"2026-08-19 10:02:51",397.7,2,abhas20
6117,16641330,"Takuya Yoshimi","2026-08-04 05:16:22",397.3,2,tkyysm
6118,16721948,ziszim,"2026-08-26 14:38:30",397.1,2,ziszim
6119,16674367,"zongze Yan","2026-08-19 15:23:21",396.9,2,aaayan
6120,16745497,"Handsome Heretic","2026-08-21 19:14:30",396.8,2,handsomeheretic
6121,16778526,starkhushi,"2026-08-27 07:01:28",396.7,2,starkhushi
6122,16798347,"Mr Michael Chung","2026-09-03 02:16:59",396.7,2,mrmichaelchung
6123,16717679,mureee,"2026-09-01 09:37:43",396.5,2,"hosyan3279,mureee54"
6124,16696419,detectivseb,"2026-08-12 10:34:45",396.4,2,detectivseb
6125,16671519,"Mandhati Sai ganesh","2026-08-06 06:36:45",396.2,2,mandhatisaiganesh
6126,16685649,YUYUTA,"2026-08-09 05:39:50",396.2,2,yuyuta
6127,16662589,"Arunagirinadan Sudharshan","2026-09-01 20:38:47",396.1,2,sudhanaruna
6128,16680015,"Khôi Trương","2026-08-10 01:11:55",396.1,1,kiykhoi
6129,16682342,"Jebez Oswald","2026-08-10 05:38:15",396.0,2,jebezoswald
6130,16662197,"Zehra Basaral","2026-08-07 10:42:57",395.9,2,zehrabaaral
6131,16709754,"Simon Preuss","2026-08-12 16:39:55",395.7,2,simonpreuss01
6132,16730191,rRTZZZ,"2026-08-17 02:43:14",395.7,2,rrtzzz
6133,16653001,"Alexey Kuleshov","2026-08-04 12:07:51",395.7,2,alexkulll
6134,16715988,"Hsyn Kskn","2026-09-03 12:08:15",395.7,2,hsynkskn
6135,16673167,Karam96,"2026-08-08 11:40:36",395.6,2,karam96
6136,16654788,bumbum,"2026-08-14 12:59:51",395.6,2,krzysztoff1
6137,16774954,Ye_xz233,"2026-08-26 15:35:23",395.5,2,yexz233
6138,16806809,air,"2026-09-02 10:45:40",395.4,1,air041001
6139,16734096,"Cem Ali Görmez","2026-09-02 00:49:05",395.4,2,cemaligrmez
6140,16723047,"Matheus Finger","2026-08-28 19:02:12",394.9,2,matheusfinger
6141,16641140,NITISH_GOYAL1,"2026-08-27 06:42:29",394.8,2,nitishgoyal1
6142,16784379,超级陆战队,"2026-08-29 14:43:33",394.8,2,luyi61227
6143,16693147,"Oliver Curtis1","2026-08-09 14:51:57",394.7,2,olivercurtis1
6144,16661095,"AAYUSHMAAN PATEL","2026-08-09 08:16:53",394.6,2,aayushmaanpatel
6145,16660899,"Clarence Trinidad","2026-08-07 17:53:59",394.5,2,claree007
6146,16671714,"Donnell Layne","2026-08-07 15:40:35",394.5,2,jupiter1127
6147,16794285,Penelope.pnlp,"2026-09-01 15:38:43",394.1,2,penelopepnlp
6148,16670724,"Neel Patel","2026-08-14 19:33:43",394.0,2,n33lpat3l
6149,16802866,"Antonio Di Cecco","2026-09-01 18:37:02",393.9,1,antdic
6150,16661012,"Tesfahun Feleke","2026-09-03 08:48:26",393.7,2,tesfahunfeleke
6151,16668286,"Sabari V","2026-08-15 14:38:41",393.6,2,sabari112005
6152,16696800,"VEER GOMA","2026-08-14 15:42:47",393.4,2,novaxoxo
6153,16783322,kentaro,"2026-08-29 03:55:45",393.4,2,kentarokujo
6154,16682108,"Shadow Monarch","2026-08-17 06:45:10",393.2,2,avinashk01
6155,16654213,"Hojin Jang","2026-08-20 09:59:20",393.2,2,hojinjang
6156,16733886,LuisMV8,"2026-08-18 16:28:42",393.0,2,luismv8
6157,16689718,HumsAuraTech,"2026-08-21 17:11:42",393.0,2,humaima03
6158,16777666,Lithops1112,"2026-08-31 08:25:07",392.8,2,lithops1112
6159,16658817,"Andrew Glez","2026-08-04 12:10:17",392.8,1,andgos
6160,16673009,CruelShow,"2026-08-21 20:00:15",392.7,2,cruelshow
6161,16666590,"Hoàng Anh Tú","2026-08-12 23:59:58",392.6,2,anhtu9999
6162,16665980,cshara,"2026-08-06 08:41:16",392.2,2,cshara
6163,16656023,JD_Mello,"2026-08-30 03:52:27",392.2,2,jdmello
6164,16652230,BorisSpider,"2026-08-13 11:34:46",392.1,2,borisspider
6165,16646644,BeyondBirthday,"2026-08-09 06:39:01",391.8,2,near07
6166,16709519,"p pxl16","2026-08-19 09:49:35",391.8,2,ppxl16
6167,16683087,qiuchenglong,"2026-08-07 09:25:48",391.5,2,qiuchenglong
6168,16669218,"Shaik Sabiya","2026-08-12 09:15:22",391.5,2,shaiksabiya55
6169,16635130,Pongsaky,"2026-08-01 12:56:02",391.3,2,gantanch
6170,16690098,"Akshay Kashyap","2026-08-10 17:10:28",391.1,2,akshaykashyapakku
6171,16674725,"rajan jha","2026-08-13 12:05:42",391.1,2,rajan1673
6172,16663576,Yurnero,"2026-08-04 21:24:04",391.0,1,samson8
6173,16705300,T3485D5T,"2026-09-03 08:20:18",391.0,2,"danijelbilalli,t3485d5t"
6174,16659410,TTH,"2026-08-07 08:21:16",390.9,2,tthungdz
6175,16660980,"João Marcelo Curi","2026-08-05 18:31:19",390.9,2,joomarcelocuri
6176,16721675,stork8i,"2026-08-14 13:16:26",390.9,1,stork8i
6177,16798974,huangbin,"2026-09-03 15:49:04",390.8,2,huangbin1
6178,16702742,"Kavyanshu Singh","2026-08-11 10:47:02",390.3,2,kavyanshusingh
6179,16667105,"Vikram Tiwari","2026-08-10 11:12:26",390.3,2,vikramtiwari
6180,16668091,Solidscripts.io,"2026-08-23 23:41:23",389.6,2,juancamera1
6181,16668012,"Aleksander Iżemski","2026-08-05 20:52:54",389.5,2,aizemski
6182,16638343,"Phong Khoi","2026-08-04 12:20:52",389.4,2,phongkhoi
6183,16696439,VaraPrabha,"2026-08-10 04:36:00",389.2,2,galiveetipoornima
6184,16759765,"Ososanwo Idris Olaitan","2026-08-29 11:02:33",389.1,2,ososanwoidrisolaitan
6185,16755029,"Jashan Bajwa","2026-08-22 12:56:30",389.0,2,jashanbajwa
6186,16654808,Vishwajeet-maker,"2026-08-17 21:17:02",388.5,1,vishwajeetmaker
6187,16759115,chabinhwang,"2026-08-22 14:33:59",388.4,1,chabinhwang
6188,16660246,taqnik,"2026-08-08 11:54:39",388.2,2,taqnik
6189,16677470,"Saish Walavalkar02","2026-08-09 12:44:51",388.1,2,"harichaudhari1,kaiserjayin,meetramjiyani,nirbhaygajabi30,saishwalavalkar02"
6190,16630007,"Yuankun Liu","2026-07-31 15:48:13",388.0,2,lyk1652
6191,16633475,betagammashtrit,"2026-08-29 16:24:03",387.8,2,betagammashtrit
6192,16632841,AGG,"2026-09-02 12:52:29",387.8,2,aleixgim
6193,16649794,"Wanzhu Zhao","2026-08-04 13:04:05",387.6,2,wanzhuzhaora
6194,16691667,jeremyllll,"2026-08-12 03:30:26",387.6,2,jeremyllll
6195,16653105,James,"2026-08-17 16:52:18",387.3,2,jamesquirk
6196,16654330,"Perumalla Pujitha","2026-08-12 18:09:24",387.3,2,perumallapoojitha
6197,16818060,bnfan,"2026-09-03 11:30:36",387.2,1,simonfan7
6198,16713366,BANKAI,"2026-08-16 15:24:28",387.1,2,igors97
6199,16681397,"Vishal Dubey","2026-08-11 08:51:13",387.1,2,visha1dubey
6200,16688364,"Om Raval08","2026-08-21 02:57:23",386.9,2,omraval08
6201,16679096,WilliamXylean,"2026-08-31 03:34:39",386.8,2,williamxylean
6202,16783863,"Vivek Vardhan Reddy","2026-08-31 06:14:34",386.7,2,vivekvardhanreddy77
6203,16636643,"Babul Kumar","2026-08-02 07:46:50",386.6,2,babulkumar07
6204,16660397,Divyansh82Raj,"2026-08-04 15:01:28",386.5,2,divyansh82raj
6205,16659260,hitesh,"2026-08-05 19:29:28",386.4,2,shahhs
6206,16802028,Dong,"2026-09-03 04:31:20",386.4,2,protostar
6207,16656919,Sumaiya,"2026-08-28 17:38:53",385.8,2,ayeshasummaiyya
6208,16786140,valgrinderror,"2026-08-31 15:33:36",385.8,1,valgrinderror
6209,16785821,"Naresh Meena","2026-08-28 21:24:31",385.6,1,nareshmeena12
6210,16660099,Desireog71,"2026-08-08 15:01:19",385.6,2,desireog71
6211,16700360,"Thanush Soma","2026-08-10 09:49:02",385.5,2,thanushsoma
6212,16661390,"Raúl García Gómez","2026-08-04 17:04:39",385.5,2,corso138
6213,16656472,angusdddsa,"2026-08-04 06:04:22",385.3,2,angusdddsa
6214,16641606,"Tanisha Sahu","2026-08-02 14:39:27",385.2,2,tanisha3
6215,16639624,"Nishanth Rajan","2026-08-02 03:25:35",385.0,2,nishanthrajandev
6216,16706276,MitulbhBhatia,"2026-08-18 04:02:38",384.8,2,mitulbhbhatia
6217,16723273,"Bradley ZODOME","2026-08-19 07:06:18",384.1,2,bradleyzodome
6218,16721615,"Dai Dai","2026-08-24 16:43:19",384.0,2,jumpingdaidai
6219,16802128,"vaman soni","2026-09-02 10:08:49",383.8,1,vamansoni
6220,16659688,Daniel,"2026-08-05 12:21:37",383.8,2,danielyazgi
6221,16658897,"Teja Pattem","2026-08-07 10:42:44",383.3,2,tejapattem
6222,16665460,"Shubham kumar jha","2026-08-23 07:36:36",383.3,2,shubhamjhakr
6223,16654688,"Terrell Millz","2026-08-10 16:08:33",383.0,2,terrellmillz
6224,16823144,"AARAV JADAV","2026-09-03 19:38:32",382.8,1,aaravjadav
6225,16758987,"Irtaza Ahmed Khan","2026-09-02 19:31:56",382.7,2,yrrebeere
6226,16661002,"Eliyas sk","2026-09-02 12:32:51",382.4,2,eliyassk
6227,16660436,turkenm,"2026-08-06 13:03:36",382.3,2,turkenm
6228,16695479,Anandhasabesan,"2026-08-09 13:50:37",382.3,1,anandhasabesan
6229,16709165,"Yooraj Gole","2026-08-13 18:10:17",382.3,1,yoorajgole
6230,16738581,"mr moradi1","2026-08-18 14:31:26",382.1,1,mrmoradi1
6231,16728261,"Smit Deshaval","2026-08-24 17:44:12",381.9,2,smitdeshaval11
6232,16661068,ZeViX,"2026-09-02 08:24:10",381.9,2,"codinggeek101,vedantkhete"
6233,16734894,"MP Gamimg","2026-08-26 14:47:08",381.8,2,okadahiroshi
6234,16639067,"ToMY F.","2026-08-11 11:34:31",381.8,1,tomyfdev
6235,16687699,jegazhu,"2026-08-13 22:25:15",381.7,2,jegazhu
6236,16660369,"Dev MCP","2026-08-04 12:59:09",381.7,1,nishant2905
6237,16664617,BarkeviousBingo,"2026-08-19 04:34:59",381.7,2,barkeviousbingo
6238,16682632,Sebastiaan,"2026-08-27 18:24:40",381.5,2,sebastiaanreinders
6239,16628296,NoxMetenis,"2026-08-15 17:54:03",381.4,1,avasgaire
6240,16662643,Mohit_Singh,"2026-08-29 18:21:55",381.3,2,mohitsingh955
6241,16735393,Dai_Research,"2026-08-18 10:40:17",381.2,2,dairesearch
6242,16661351,"Adekojo Adeyemi","2026-08-04 15:25:52",381.0,1,adekojoadeyemi
6243,16692427,"Infy ","2026-08-09 20:48:09",380.7,2,infydes
6244,16779805,"Ákos Blaschek","2026-09-01 17:21:44",380.7,2,kosblaschek
6245,16710564,"Clarice Harijanto","2026-08-14 04:28:13",380.3,2,clariceting
6246,16662874,"Dev Shah","2026-08-08 01:52:52",380.3,2,imdevshah11
6247,16690775,"Prasanna Raut","2026-08-08 20:41:38",379.9,2,prasannaraut
6248,16635406,ykuroka,"2026-09-03 09:53:50",379.8,1,ykuroka
6249,16735966,kyone,"2026-08-18 08:09:32",379.8,1,xtraky
6250,16731458,"Arthur Baygildin","2026-08-17 10:06:55",379.8,1,arthurbaygildin
6251,16659312,qwertyDmitry,"2026-08-05 13:44:24",379.5,2,qwertydmitry
6252,16668479,"Muneera Mahjabeen","2026-08-26 21:14:40",379.3,2,muneeramahjabeen
6253,16741512,Offenders,"2026-08-30 15:08:39",379.1,2,"karthicchockalingams,shakil2411,shehnaaz01"
6254,16662577,"Shreyash Suryawanshi","2026-09-02 19:42:31",378.5,2,shreyashsuryawanshi
6255,16765807,"Ashwani Dhukra","2026-09-03 11:04:57",378.5,2,ashwanidhukra
6256,16625011,"Heng Yu","2026-08-18 06:30:56",378.4,1,megalobox1
6257,16629476,NOOBS,"2026-08-09 19:58:48",378.4,2,"patelkrishna8,sakshamranawade,shravanideshpande25"
6258,16803726,Yaromir_Ko,"2026-09-02 19:07:16",378.3,1,ronanndex
6259,16673152,"Arijit Raj","2026-08-06 08:23:14",378.0,2,arijitraj02
6260,16786139,Trezerg,"2026-09-03 04:00:04",377.9,2,progtrollwarrior16
6261,16692906,CodeZee,"2026-08-09 19:50:49",377.9,2,codewithzaeem
6262,16762854,J8young,"2026-08-26 13:52:54",377.9,1,j8young
6263,16683136,"Stefano Ciaci","2026-08-16 14:47:29",377.8,2,stefanovcciaci
6264,16661551,SimonAx,"2026-08-10 09:41:59",377.8,2,simonaxel
6265,16686332,毛治钦,"2026-09-01 05:05:37",377.8,2,maozhiqinf
6266,16743604,KeswaniRohit,"2026-08-22 17:19:18",377.7,2,keswanirohit
6267,16628409,"yann sadowski","2026-07-31 09:39:25",377.7,1,yannsadowski
6268,16690166,"Niteshwar Mishra","2026-08-08 10:02:22",377.7,2,niteshwarmishra
6269,16718662,Safin,"2026-08-22 17:50:27",377.4,2,safinlynx
6270,16742073,"nguyễn huệ anh","2026-09-03 11:27:00",376.1,2,akapatu
6271,16678653,Wzjj98,"2026-08-06 19:31:39",375.5,1,wzjj98
6272,16624235,appu2431,"2026-08-11 15:56:41",375.4,2,appu2431
6273,16711383,"Monika Kocianova","2026-08-14 11:01:11",375.4,2,monikakocianova
6274,16716322,zhaimh,"2026-08-14 02:43:21",375.3,2,zhaimh
6275,16655652,Emergence,"2026-08-10 03:21:04",375.3,2,daylighth
6276,16640901,"Kian Maghsoodi","2026-08-20 23:01:51",375.2,2,kizmodo
6277,16668471,Broomva,"2026-08-05 14:57:35",375.2,1,broomva
6278,16657687,"Siddardha Shayini","2026-08-04 14:23:48",375.0,2,siddardhashayini3
6279,16656732,"Shivam Kashyap","2026-08-04 05:28:03",374.5,1,shiyan0090
6280,16655250,"Juan Pablo Ponce","2026-08-08 03:34:18",374.4,2,juanpabloponce28
6281,16668696,Fabian,"2026-09-03 15:52:06",374.3,1,fabiantoh98
6282,16624102,Khadersha.sk,"2026-08-03 02:45:03",374.0,2,khadershask
6283,16741982,barry_Paddi,"2026-08-27 07:10:52",373.8,2,barrypaddi
6284,16775010,"Alexey Kuznetsov","2026-08-27 13:49:22",373.8,2,legtarrr
6285,16728881,Ch.Manvita,"2026-08-16 16:33:52",373.7,2,chmanvita
6286,16688859,"Muhammad Fayaz Khan","2026-08-08 06:36:02",373.5,2,mfayazkhan
6287,16732873,"Yash Rana","2026-08-18 04:57:04",373.5,2,yashrana24
6288,16780268,"SAI ESHWAR S","2026-08-29 06:26:11",373.5,1,saieshwars
6289,16661331,"John Wessel","2026-09-02 23:42:41",373.5,2,johnwessel
6290,16652805,"Rodrigo Batista da Silva","2026-08-13 13:35:19",373.3,2,eurodrigobatista
6291,16711573,"Sushmitha Vasantha","2026-08-13 09:08:29",373.3,1,sushmithavasantha
6292,16659234,"MARY RAISA P","2026-08-27 07:06:43",373.0,2,"harinimala21,maryraisap,saha0102"
6293,16660568,Fascetta,"2026-08-07 20:48:53",372.6,2,fascetta
6294,16656143,"Debanshu Mallick","2026-08-07 05:27:56",372.5,1,debanshumallickiisc
6295,16732296,"duong nguyen","2026-08-20 14:51:38",372.2,1,duongnguyen161
6296,16712257,Banarto,"2026-08-13 07:49:16",372.1,1,banarto
6297,16670988,"Pavle Skoric","2026-08-21 21:34:32",372.1,1,pavleskoric
6298,16662428,"Sonu kumar","2026-08-24 05:18:49",372.0,2,sonukumar9142
6299,16668340,"Sibi Vishnu","2026-08-08 10:35:33",371.9,2,sibivi
6300,16659939,"Mouafak Dakhlaoui","2026-09-03 08:19:00",371.8,2,sharmoul
6301,16657142,"Vishisht Gupta","2026-08-16 16:16:54",371.6,2,vishishtgupta
6302,16662967,"Amalio Gomez","2026-08-04 22:07:16",371.5,1,amaliogomez
6303,16768551,"AAYUSHMAAN SINHA","2026-08-25 02:43:00",371.2,2,aayushmaansinha
6304,16815985,leemc95,"2026-09-03 08:28:36",370.8,1,leemc95
6305,16658320,"Justin Eight","2026-08-27 07:29:52",370.7,2,justineight
6306,16715576,bhavnachavda21,"2026-09-03 08:10:30",370.3,2,bhavnachavda21
6307,16623739,SarsaShen,"2026-08-05 07:12:00",370.1,2,sarsashen
6308,16655919,"Tạ Minh Lễ","2026-08-04 06:46:45",370.0,2,tminhl
6309,16658319,"Huỳnh Nguyễn Trọng Tín","2026-08-06 06:23:40",369.8,2,tnhunhnguyntrng
6310,16624990,"Tanjim Ahmed Kingshu","2026-08-02 07:05:52",369.7,2,tanjimahmedkingshu
6311,16659865,Rithikaaaaah,"2026-08-17 07:09:08",369.7,2,rithikaaaah
6312,16683178,soulasin,"2026-08-07 14:32:26",369.6,2,soulasin
6313,16739702,"Vasantha Kumar552","2026-08-19 07:22:10",369.6,2,vasanthakumar552
6314,16641294,YogeshG22,"2026-08-03 17:58:51",369.4,2,yogeshg22
6315,16662856,"Pranjal Arya","2026-09-02 05:22:56",369.4,2,pranjalaryaa
6316,16698591,FestusKipkoech,"2026-08-28 18:58:28",369.3,2,festuskipkoech
6317,16752067,neuroxaker,"2026-08-22 14:50:32",369.2,2,neuroxaker
6318,16635243,MlMlDev34,"2026-08-01 11:26:52",369.1,2,mlmldev34
6319,16674394,"Ishant Mittal","2026-08-08 09:24:57",369.1,2,ishantmittal95
6320,16670600,"Leon Lum","2026-08-20 14:58:27",368.9,2,leonlum
6321,16657658,"Esther Usman","2026-08-25 23:45:50",368.9,2,estherusman
6322,16633737,nrg,"2026-08-04 20:19:50",368.9,1,nargizaskarbekkyzy
6323,16661191,"Yudha Eka Saputra","2026-08-04 19:28:31",368.6,2,yudhaekasaputra
6324,16623938,flashthunder,"2026-09-01 09:02:15",368.6,1,thunderflash
6325,16758426,"Attique Ansari","2026-08-22 11:50:42",368.4,2,attiqueansari
6326,16658733,luoqiuy,"2026-08-04 10:46:04",368.2,2,luo912
6327,16667033,"Geethika Sandireddy","2026-08-15 07:04:31",368.0,2,geethikasandireddy
6328,16646318,"I wanna Die","2026-08-18 18:28:29",367.8,2,chrisopherjoshy
6329,16665996,AVATAR3905,"2026-08-06 18:14:01",367.3,2,avatar3905
6330,16727044,"Kai Leisten","2026-08-16 10:19:42",367.0,2,kaileisten
6331,16796901,hanhan761,"2026-09-02 13:35:01",367.0,1,"hanhan761,kiivii,noice12138,xiaobai0417"
6332,16765805,"sayyad karimun","2026-08-25 10:14:26",366.8,1,sayyadkarimun
6333,16735751,"Hasan Taşkın","2026-08-24 19:36:02",366.8,2,hasantaskin
6334,16665907,"Jonathan Saina","2026-08-16 14:48:56",366.7,2,jonathansaina
6335,16658011,"Arooba Hanif","2026-08-05 07:24:53",366.7,2,aroobahanif
6336,16682345,Gordy,"2026-08-31 07:39:13",366.7,2,gordyii
6337,16669535,sakshitantak,"2026-08-08 05:16:32",366.6,2,sakshitantak
6338,16683400,"wo zhe yi sheng ru lu bo bing","2026-08-10 16:53:48",366.5,2,"ivanlo103,panckck,waijai"
6339,16701902,"Matthew Souza Chong","2026-08-11 05:58:50",366.4,2,matthewsouzachong
6340,16710906,Krunal.ix,"2026-08-12 07:06:58",366.3,1,krunalix
6341,16657056,"Jacob Ross Piedad","2026-08-06 12:15:14",366.3,1,jacobrosspiedad
6342,16799023,"Alkava Ind","2026-09-03 00:08:10",366.2,2,alkavaind
6343,16660996,"Thịnh Nguyễn Chí Tiến","2026-08-08 01:49:40",365.7,2,thnhnguynchtin
6344,16664671,Acteus,"2026-08-06 00:01:12",365.5,2,acteus
6345,16777515,Abhimanyu21,"2026-08-27 13:33:38",365.3,2,abhimanyu21
6346,16666171,"JD Crew","2026-08-06 12:52:58",365.1,2,"abhijnanpodder,ahsafabid"
6347,16682262,"Pardeep Singh","2026-09-01 11:01:27",365.1,2,pardeep06
6348,16668453,"Kawish Hassan","2026-08-05 16:51:03",364.9,2,kawishhassan
6349,16676063,"Kembang Melon","2026-09-03 16:32:29",364.8,2,wajawaja
6350,16694264,"Vansh Visariya","2026-08-10 09:00:11",364.5,2,vanshvisariya
6351,16655446,"Ismael Omar Leonidas Hurtado Vargas","2026-08-04 00:07:01",364.5,1,ihurtadov
6352,16662495,Earth,"2026-08-15 10:54:03",363.8,2,earthearth
6353,16686716,"menna hassanM","2026-08-28 21:49:51",363.8,2,mennahassanm
6354,16675048,Wizard_King,"2026-08-06 19:35:41",363.8,2,anshumanrayy
6355,16769110,tianlululing,"2026-08-26 13:09:45",363.7,2,tianlululing
6356,16669725,chosunghwan,"2026-08-06 03:52:24",363.4,1,chosunghwan
6357,16660531,greySnow,"2026-08-08 00:36:32",363.2,2,shlomoron
6358,16689841,Pavani2325,"2026-08-08 10:00:56",362.2,2,pavani2325
6359,16623405,nbarlow,"2026-08-12 20:01:08",362.1,2,nickbarlow
6360,16659415,PincheCabrón,"2026-08-17 17:34:01",362.0,2,pinchecabrn
6361,16759407,"Giovanni Colpani","2026-08-22 17:02:37",362.0,2,giovannicolpani
6362,16690183,ankit8924praj,"2026-08-14 15:43:56",361.9,2,ankit8924praj
6363,16677312,"Kavuri Sravya","2026-08-19 02:33:01",361.5,2,kavurisravya
6364,16659529,"Sanchit Jain","2026-08-05 05:58:55",361.2,2,sanchit1609
6365,16670812,"Brian Toman","2026-08-09 15:56:22",361.0,2,briantoman
6366,16666115,"Iam Intolerable","2026-08-06 07:48:28",360.6,2,iamintolerable
6367,16661690,codefusiondu,"2026-08-06 04:53:25",360.4,2,codefusiondu
6368,16740191,"Arjun Dhillon","2026-08-19 15:15:57",360.0,2,arjundhillon07
6369,16665360,"Ayush Bhadauria","2026-08-19 11:11:51",359.8,2,ayushbhadauria50
6370,16806475,sohma,"2026-09-03 10:43:46",359.7,1,hi210278
6371,16664469,"Thorlapati Nikhil","2026-08-11 19:11:09",359.6,2,thorlapatinikhil
6372,16707702,"anton leyn","2026-08-27 18:40:04",359.6,2,antonleyn
6373,16724976,Soham,"2026-08-18 11:28:07",359.4,2,soham308
6374,16725769,NikunjMakhija_,"2026-08-19 13:01:57",359.0,2,nikunjmak
6375,16713319,"David Tilman","2026-08-12 18:56:13",358.9,2,davidtilman
6376,16660473,"Owen M Kelley","2026-08-10 00:53:11",358.3,2,owenmkelley
6377,16800468,Vaishnavi,"2026-09-01 11:13:30",358.2,1,vaishnavisri09
6378,16663738,"Handre Bezuidenhout","2026-08-04 23:27:08",357.8,2,handrebezuidenhout
6379,16697694,"Adithya Thiruvalluvan","2026-08-29 17:28:42",357.4,1,forestfire7
6380,16677732,"Alessandro Mermali","2026-08-06 20:52:35",357.3,2,alessandromermali
6381,16757557,BitxWolf,"2026-08-22 19:06:48",357.3,2,bitxwolf
6382,16623730,"Ethan Higgins","2026-07-31 02:25:21",357.2,2,ethanhigginz
6383,16679827,Juanky_too,"2026-08-27 11:13:42",356.9,1,juankytoo
6384,16735080,"SARTHAK PATIL","2026-09-02 19:23:03",356.8,2,sarthakpatil23
6385,16676974,"Deveshwar U","2026-08-31 01:10:42",356.5,2,deveshwaru
6386,16698739,"Sahrul Adicandra","2026-08-11 04:06:08",356.5,2,sahruladicandra
6387,16709299,"Divyanshu Choudhary","2026-09-02 20:11:42",356.2,2,divyanshuchoudhary25
6388,16682454," Vandanaa R","2026-09-02 09:48:24",356.0,2,vandanaar
6389,16728948,L3MG,"2026-08-16 21:17:06",355.7,2,lemgyy
6390,16661212,AnkitRaj4004,"2026-08-23 13:17:37",355.3,2,ankitraj4004
6391,16632620,"[Deleted] d9d74cbb-c76e-4fbb-a4bf-35e25b48627d","2026-08-08 16:00:16",355.2,2,del=c21e6a8a03ad3b3c
6392,16655729,"Arnab Mallick","2026-08-04 02:41:48",354.7,2,arnabmallick24
6393,16657729,"Kandregula V S S V P Krishna Murthy","2026-08-08 15:29:35",354.5,2,kkandregula
6394,16689923,Dhinesh,"2026-08-09 08:39:37",354.5,2,dhineshwarrs
6395,16681801,majj,"2026-08-11 03:07:46",354.4,2,m313786372
6396,16663351,MiguelS,"2026-08-07 15:25:29",354.2,2,lordm758
6397,16660658,Shlok_Sharma0001,"2026-08-19 09:31:48",354.1,2,shloksharma0001
6398,16659533,"Pavan Desai","2026-08-10 16:29:20",353.9,2,pavancdesai
6399,16655621,xia0910,"2026-08-08 11:03:21",353.8,2,xia0910
6400,16691936,"Adhar Chaudhari 07","2026-08-09 08:13:35",353.7,2,adharchaudhari07
6401,16658450,"Krish Singh","2026-08-05 16:11:00",353.5,2,krishsingh2283
6402,16719709,Rishiii360,"2026-08-18 03:46:23",353.5,2,rishiii360
6403,16694575,"Aloise Mutune","2026-09-03 13:51:32",353.3,1,aloisemutune
6404,16693949,"Eric Worrall","2026-08-16 00:39:43",353.2,2,ericworrall
6405,16672689,"Yusuf Yemez","2026-08-06 06:51:07",353.2,1,yusufyemez
6406,16694673,"B T Chinmayi","2026-08-27 19:47:10",353.1,2,btchinmayi
6407,16665252,"Harsh Katara","2026-08-05 06:51:14",353.0,1,harshkatara
6408,16711497,"Korvi sai kumar","2026-08-13 08:02:21",352.9,1,korvisaikumar
6409,16659523,"Ahmad Khidir","2026-08-27 22:33:31",352.6,1,ahmadkhidir
6410,16706591,"Poorvi Shetty","2026-08-20 05:06:12",352.6,2,poorvishetty1
6411,16662054,"phantom of shubh","2026-08-11 07:54:46",351.8,1,shubhamkumar123490
6412,16784712,SIDDpat,"2026-08-30 08:13:50",351.5,2,siddpat
6413,16682229,"mayuri sarangi","2026-08-29 14:03:36",351.3,2,mayurisarangi
6414,16706181,"Juvenal Pedro Baptista","2026-08-16 14:58:40",351.2,2,juvenalpedrobaptista
6415,16668271,"Shashank Raj","2026-08-06 14:27:00",350.8,2,ssr6156
6416,16655811,"Duy Trần","2026-08-04 08:23:27",350.7,1,duyqtrn
6417,16721533,"Lakshya Sharma","2026-08-16 06:01:34",350.6,2,lakshyasharma007
6418,16671256,"Navid Zaman","2026-08-26 17:20:02",350.2,2,navidzaman01
6419,16667406,"Abdulrahman AlAsali","2026-08-05 13:20:41",350.2,1,abdulrahmanalasali
6420,16666056,"sarthak gupta1303","2026-08-05 11:01:04",350.1,2,"sarthakgupta1303,sathviktummalapenta"
6421,16676416,"Abhishek Mishra","2026-08-10 10:09:30",349.5,2,abhishekmishra23
6422,16797284,Alice7371,"2026-08-31 17:58:22",349.3,1,alice7371
6423,16672138,mostafa69ca,"2026-08-06 05:03:43",349.0,1,mostafa69ca
6424,16809721,siren2345,"2026-09-02 14:48:32",348.7,1,siren2345
6425,16810030,fukumayo,"2026-09-02 22:03:26",348.7,2,fukumayouta
6426,16784605,"Iniyan M D R","2026-08-28 13:53:22",348.4,1,iniyanmdr
6427,16672020,"Arum Puri ","2026-08-18 14:03:33",348.3,2,arumpuri
6428,16660992,"Vishnu Vardhan Dumpala","2026-08-05 18:17:30",348.0,1,vishnuvardhandumpala
6429,16661639,"Jayanth Kumar D","2026-08-06 13:36:46",347.6,2,jayanthkumard
6430,16749568,"Nana Hung","2026-08-23 02:17:34",347.6,2,nanahung
6431,16713082,"Siyam Molla","2026-09-03 15:55:32",347.4,2,siyammolla
6432,16693821,"DARSHAN A","2026-08-11 18:02:26",347.1,2,ad12345kag
6433,16691813,Hyezir4,"2026-08-10 08:36:47",346.9,2,hyezir4
6434,16664718,Vedika_,"2026-08-11 18:28:09",346.8,1,lighjt
6435,16664147,JordanM10,"2026-08-05 19:54:08",346.6,1,jordanm10
6436,16670881,"Amir Y. Sajjadi","2026-08-05 23:56:26",346.5,1,amirysajjadi
6437,16687403,"Raja Sai Vardhan","2026-08-09 08:19:22",346.0,2,rajasaivardhan
6438,16794052,"Sarthak Mishra","2026-09-03 15:07:43",345.8,2,"aarushverma04,pg541425,sarthak25b15310182,yadavup50"
6439,16671959,"Sintu Verma","2026-08-09 05:44:56",345.6,2,sintuverma
6440,16729572,"Aswin Ramanathan","2026-08-17 16:17:38",345.5,1,aswinramanathan
6441,16630545,"GAURAV PARKHEDKAR","2026-08-01 07:00:23",345.5,2,gauravparkhedkar
6442,16705294,"zhenf Liu","2026-08-11 07:51:06",345.4,2,zhenfliu
6443,16815017,"Evgeniy Shalagin","2026-09-03 12:00:20",345.3,2,humanitis
6444,16732315,"Filip Chladek","2026-08-17 13:37:38",345.3,2,filipchladek
6445,16692084,"Kaggri Farmers","2026-08-29 19:47:29",345.1,2,"jayant99acharya,satvikkolluru"
6446,16696061,Mingyuan2002,"2026-08-28 17:15:00",345.0,2,mingyuan2002
6447,16656351,"Triet Ho","2026-08-07 07:27:33",345.0,2,trietho247
6448,16778327,WangYingChen,"2026-08-28 03:11:28",344.8,1,wangyingchen
6449,16628190,Horizonx30,"2026-08-09 18:06:56",344.7,2,horizonx30
6450,16780106,"Mirangga Jakti","2026-08-31 03:41:53",344.5,2,miranggajakti
6451,16660313,Ctrl+Code,"2026-09-03 14:58:52",344.3,2,"jayashankar369085,parnikasm"
6452,16777489,"Yousef Elbaz","2026-08-27 11:18:54",344.2,1,yousefelbaz
6453,16777607,"je nap","2026-08-30 01:56:28",344.1,2,johnenapoles
6454,16811685,benhur0905,"2026-09-03 09:21:23",344.1,2,benhur0905
6455,16785050,"MITHIL J URK26CS7067","2026-08-28 18:29:14",343.7,1,mithiljurk26cs7067
6456,16665661,Ikhbar,"2026-08-05 09:50:57",343.3,2,ikhbar
6457,16714418,AdriMonFer,"2026-09-01 12:15:21",343.2,2,adrimonfer
6458,16700187,"adrian purnama","2026-08-10 10:50:45",342.9,1,adrianpurnama
6459,16682386,"Charbel Nehme","2026-09-01 00:09:46",342.7,2,charbelnehme
6460,16666639,"Dheeraj Pranav","2026-08-24 19:38:42",342.6,1,dheerajpranav
6461,16654407,"Serendeep Rudraraju","2026-08-27 11:15:08",342.2,2,serendeeprudraraju
6462,16653903,Manav2805,"2026-08-04 09:25:08",342.1,2,manav2805
6463,16660341,"Nefise Aybar","2026-08-04 12:37:29",342.0,2,nefiseaybar
6464,16767037,"Yubraj Sigdel","2026-08-24 15:45:56",341.9,1,yubraj11
6465,16792780,"Sreekar Reddy","2026-09-01 15:33:38",341.4,2,eshured
6466,16669164,コノウイ,"2026-09-01 14:38:34",341.4,2,nickhu0414
6467,16766274,"Satwato Dey","2026-08-28 08:35:12",340.9,2,satwato
6468,16707118,"DEVEN BAGADE","2026-08-11 11:24:10",340.9,2,devenbagade
6469,16784538,"mou1234568 fdsfds","2026-08-28 18:05:29",340.7,2,mou1234568fdsfds
6470,16681177,"Ivan Kevin Garcia Hernandez","2026-08-17 19:25:34",340.6,2,jedilgh
6471,16690514,"Aditya #3","2026-08-09 06:29:48",340.3,1,a0x1ab
6472,16707092,"Asharani Sahu","2026-08-11 11:19:08",340.0,1,asharanisahu
6473,16769212,"jason vetter","2026-08-25 05:48:22",339.9,1,jasonvetter
6474,16757233,"Tet Toe Wai","2026-08-24 07:51:45",339.5,1,tettoewai
6475,16763916,"Mohamed Nchourupouo","2026-08-24 09:28:47",339.0,2,mohamednchourupouo
6476,16732409,kawhi0.0,"2026-08-18 17:53:51",339.0,1,kawhi00
6477,16660543,"BUTUH DUIT","2026-08-06 07:39:16",338.5,2,abulkahfi
6478,16658489,小出和見,"2026-08-13 23:23:04",338.1,2,kzmk8d
6479,16785111,"JEFFREY KIRUBA J ","2026-08-28 18:07:41",338.1,1,jeffreykirubaj
6480,16672670,RonTroy,"2026-08-13 04:46:15",337.8,2,rontroy
6481,16652899,Isha,"2026-08-22 05:51:50",337.4,2,aarohi20
6482,16623161,"Charles Kalaba","2026-08-08 13:06:02",336.7,2,charleskalaba
6483,16662403,"ulaş özen","2026-08-05 19:49:16",336.5,2,ulazen
6484,16732280,"Akarsh kumar shukla","2026-08-18 20:38:35",336.4,1,akarshkumarshukla
6485,16659558,Ayuroshbo,"2026-09-02 17:41:05",336.1,2,ayuroshbo
6486,16652970,"Abhay sarkar","2026-08-05 14:40:05",336.0,1,abhaysarkarai
6487,16697373,"Sumit Bhattacharjee","2026-08-29 18:29:11",335.9,2,sumitbhattacharjee
6488,16657145,"Shudipto Trafder","2026-08-04 19:25:24",335.7,1,iamsdt
6489,16658941,Matts6591,"2026-08-17 07:59:36",335.5,1,mathwithmatt
6490,16675037,"Stanislav Pashkov","2026-08-08 20:50:16",335.1,2,stanislavpashkov
6491,16755632,"Adarsh Yadav","2026-08-21 16:34:37",334.4,1,adarsh12yadav
6492,16726021,"The Farm Game","2026-09-02 13:23:00",333.9,2,"tacostew,thomasbower6"
6493,16684308,Itsside_jay,"2026-08-07 11:46:48",333.6,1,itssidejay
6494,16734670,Sparsh,"2026-08-22 01:48:51",333.2,2,sparshsinha24
6495,16654430,"Rishoban Y","2026-08-07 13:46:37",333.2,1,rishoban
6496,16696644,"Franklin T","2026-08-13 10:28:53",332.6,2,franklin0410
6497,16721849,ayushai8714,"2026-08-28 09:36:41",332.5,2,ayushai8714
6498,16720606,Williamtime,"2026-08-17 03:11:34",332.3,2,williamtime
6499,16652397,"Aniket Kumar","2026-08-06 13:29:50",332.0,2,kalkiavatar3
6500,16728465,"Abdurrahman Assegaf","2026-08-16 12:13:15",331.8,2,amanshop
6501,16712089,"yui seya","2026-08-12 12:17:02",331.7,2,yuiseya
6502,16633330,"danielle Ange","2026-08-12 16:26:03",331.4,2,danielleange
6503,16686700,"Hakkı selim Ak","2026-08-07 17:06:03",331.2,1,hakkselimak
6504,16678521,"Arina Nevolina","2026-08-06 20:31:22",331.2,1,nevolinaa
6505,16690055,"Prem Kumar","2026-09-02 05:56:28",331.2,2,premkumar099
6506,16683421,"Ruchita Yadav","2026-08-13 18:09:54",331.1,2,ruchitayadav20
6507,16768174,lambdap,"2026-08-25 07:12:50",330.6,2,lambdap
6508,16624246,"xu j1ayang","2026-08-11 05:12:47",330.4,2,xuj1ayang
6509,16660308,zhangzhenman,"2026-08-25 06:14:26",330.2,1,zhangzhenman
6510,16790603,xinbao,"2026-09-02 17:29:36",330.1,2,zww123456
6511,16658990,"Muhammad Burhan SE-45-02","2026-08-07 04:26:18",330.1,2,muhammadburhanse4502
6512,16751311,JoangHZ,"2026-08-21 09:18:57",329.9,2,joanghz
6513,16756868,"Anisha Maurya","2026-08-31 19:59:05",329.9,2,anishamaurya
6514,16653054,Khongor2424,"2026-08-03 15:32:17",329.8,2,khongorkikaik21
6515,16711348,ticoraph,"2026-08-21 18:55:56",329.8,2,ticoraph
6516,16775771,"Ewia Tng","2026-08-31 15:40:23",329.8,2,ewiatng
6517,16725938,"Ben Cheng","2026-08-17 18:39:38",329.8,2,benczb
6518,16701697,"Shadow #2","2026-08-16 12:13:27",329.6,2,chetanagrawall
6519,16795163,"Nguyễn Đỉnh","2026-09-02 01:50:55",329.0,2,nguyendinh1507
6520,16657891,"Joshua Kinnah","2026-08-07 23:00:45",328.9,2,joshuakinnah
6521,16750666,"Mitali Yadav","2026-09-03 04:21:03",328.6,2,mitaliyadav18
6522,16723046,"Pedro Joás","2026-08-21 18:41:15",328.3,2,pedrojos
6523,16662659,"Chiziterem Eze","2026-08-11 12:20:48",328.2,2,chiziteremeze
6524,16632319,Valentin,"2026-07-31 21:14:24",328.1,1,vaha94
6525,16690163,"Abhay Upadhyay","2026-08-08 18:05:54",328.0,2,abhay18s
6526,16738349,Suna-D,"2026-08-30 14:24:52",327.9,2,sunad0630
6527,16661955,Bingos,"2026-08-05 11:43:07",327.2,2,bingos
6528,16634769,Fivingone,"2026-08-03 03:47:43",327.2,2,fivingone
6529,16809820,"Pramit Das","2026-09-03 19:26:03",327.0,2,pramitdas
6530,16659975,"Rahul Sain","2026-08-05 18:54:58",326.9,2,rahulsain2001
6531,16729246,"Ayodeji Akinola","2026-08-29 19:45:30",326.9,2,ayodejiakinola
6532,16783537,JustinybGao,"2026-09-01 21:23:01",326.4,2,justinybgao
6533,16661290,"Kelian Esteve","2026-08-04 14:33:13",326.2,1,kelianesteve
6534,16712086,"Zubair Shafi","2026-08-16 23:23:04",326.2,2,zubairshafi5050
6535,16671566,renmin517,"2026-08-17 07:31:19",326.2,2,renmin517
6536,16758856,"Ali Zaib","2026-08-27 20:12:02",326.1,2,alizaib001
6537,16716476,lnssan,"2026-08-20 13:05:18",325.8,2,lukanilssandmayr
6538,16668166,Pikachu,"2026-08-05 14:52:15",325.8,2,"arpankumarsinha,phantomboy69,subhojitpaul2006"
6539,16809515,"Александр Трифонов","2026-09-02 17:21:44",325.4,1,cybrvibe
6540,16621557,"Vijay Krishna Lanka","2026-08-26 01:20:53",325.4,2,vijaykrishnalanka
6541,16656506,"Piyush Harde","2026-08-04 12:54:26",325.1,2,piyushharde
6542,16637025,kodalien,"2026-08-10 15:21:00",324.9,2,kodalien
6543,16676302,Arnav,"2026-08-08 06:10:01",324.7,2,arnav03101
6544,16654348,rkeshwani,"2026-08-07 16:17:49",324.6,2,rkeshwani
6545,16667042,"Adarsh Mukundan","2026-08-07 17:12:28",324.5,1,aadarshmukundan
6546,16659493,"Ori Glisko","2026-08-09 14:27:44",324.4,2,origlisko
6547,16765570,"Akhand Soni","2026-08-24 12:47:42",324.1,1,akhandsoni
6548,16659453,"Ishwar Rathod","2026-08-06 03:29:27",324.0,2,ishwarrathodofficial
6549,16756768,"Sayeed Ibrahim","2026-08-22 01:32:12",323.6,2,sayeedibrahim
6550,16671942,"JIVRAJ SINGH","2026-08-13 16:54:51",323.2,2,jivrajsingh
6551,16698562,Kyoko004,"2026-08-11 04:38:18",323.1,1,kyoko004
6552,16691354,"Vedika Gupta","2026-08-08 14:20:25",322.7,1,vedikagupta0
6553,16662861,"Chirag Tutlani","2026-08-04 19:13:05",322.7,1,chiragtutlani
6554,16664218,"Nguyen Vu Tue Khang","2026-08-24 03:32:10",322.5,2,nguyenvutuekhang
6555,16676305,JTHEFROG,"2026-08-08 12:09:45",322.3,2,joshyuasa
6556,16657104,"Bashar Gamal","2026-08-17 00:04:56",322.1,2,bashargamal
6557,16668331,"Maitreya Mohapatra","2026-08-19 01:42:53",322.1,2,maitreyamohapatra
6558,16662491,Rudra070311,"2026-08-11 17:06:39",322.0,2,rudra070311
6559,16646076,"Ajeet Krishnasamy","2026-08-04 19:52:27",321.9,2,ajeetkrish
6560,16668559,Goups,"2026-08-22 09:11:46",321.3,2,hervrenard
6561,16633982,Nikunj1375,"2026-08-07 08:40:29",320.9,2,nikunj1375
6562,16685996,"Universal Entropy","2026-08-07 16:22:28",320.7,1,fennerjw
6563,16654253,"Gaius K Biju","2026-08-03 18:51:18",320.6,2,gaiuskbiju
6564,16762084,"Krishna Lokhande","2026-08-23 14:08:48",320.5,1,krishnalokhande8080
6565,16794647,"Michael Cahill","2026-09-01 07:46:28",320.2,2,michael1232
6566,16740795,Yanshaoo2026,"2026-08-19 08:40:17",320.2,1,yanshaoo2026
6567,16668333,VishalVivek,"2026-08-07 09:46:17",319.8,1,vishal14332
6568,16682623,"Aditya Paul","2026-08-14 12:44:45",319.4,2,adityapaul634
6569,16789486,TanjiahaoXX,"2026-08-29 07:47:37",319.3,1,tanjiahaoxx
6570,16658725,"syed jawad","2026-08-17 08:49:32",319.1,1,syedjawad663
6571,16682559,"Punit Pritam Mohanty","2026-08-11 06:21:03",319.0,2,punitpritammohanty
6572,16657159,"Amey Malpurkar","2026-08-11 07:35:27",318.9,2,"ameymalpurkar,siddheshsadarao"
6573,16656198,N9uy3nPham,"2026-08-06 10:56:04",318.6,2,n9uy3npham
6574,16662913,"IYAMPAYE ribert","2026-08-04 19:01:38",318.5,1,iyampayeribert
6575,16650070,"jakub slavíček","2026-08-04 12:58:40",318.3,2,jakubslavicek
6576,16658357,heetmehta18,"2026-08-07 13:30:40",318.2,2,heetmehta0000
6577,16760025,"Mayar Abdelfattah","2026-08-30 18:26:40",317.8,2,"mayarabdelfattah,omarelmaghraby03"
6578,16762045,ADV,"2026-08-23 13:28:56",317.5,1,shuntianjiang
6579,16690187,"Amrita Singh","2026-08-08 10:34:51",317.4,2,amrita004
6580,16707179,"Achintya Rai","2026-08-12 11:15:16",317.2,2,achintyarai
6581,16745485,"Thamires dos Santos ","2026-08-26 01:39:27",317.2,2,thasantos
6582,16698920,"Rishabh Bhartiya","2026-08-12 13:48:26",317.2,2,rishabhbhartiya
6583,16665758,"Oladipo Bashir","2026-08-31 10:23:51",316.3,1,oladipobashir
6584,16682422,"SABBIR HOSSAIN 2029","2026-08-16 14:23:24",315.9,2,sabbirhossain2029
6585,16702052,"Beny Pratama Putra","2026-08-12 16:18:20",315.8,2,benypratamaputra
6586,16669576,"zarnab waheed","2026-08-17 19:20:34",315.7,2,zarnabwaheed
6587,16702430,"ZeLong Leo","2026-09-02 02:32:43",315.7,2,zelongleo
6588,16631989,"VIDIT SHRIMALI","2026-07-31 17:13:46",315.6,1,viditshrimali
6589,16761681,"Ming Myung","2026-08-24 05:12:56",315.5,2,vanhaminhquan
6590,16723487,RoboDavo,"2026-08-19 00:36:17",315.3,2,robertdavidson1911
6591,16655315,SL,"2026-08-13 01:50:18",315.1,2,xndr007
6592,16655875,PLLZ,"2026-08-17 01:11:41",315.0,2,pllzzz
6593,16684223,"Aayush Shah","2026-08-13 17:57:28",314.9,2,aayushshah265
6594,16724204,chestnut,"2026-08-21 02:15:17",314.8,2,yskkrbysh
6595,16778585,Deepa,"2026-09-02 06:03:53",314.1,2,deepa42639
6596,16659060,Pratham3gewg,"2026-08-06 18:26:51",313.9,2,pratham3gewg
6597,16663600,"Adrián Flores","2026-08-05 00:38:36",313.8,2,foward2892
6598,16661276,Middle,"2026-08-29 04:36:49",313.6,2,aydagul
6599,16784225,sulala,"2026-08-29 08:51:26",313.3,2,sulala
6600,16725135,"clement cg","2026-08-19 07:54:00",313.2,2,clementcg
6601,16683075,"Manuel lasarte León","2026-08-26 19:06:58",313.1,2,manuellasarte
6602,16660529,Imaanga,"2026-08-10 11:41:21",312.8,2,imaangababy
6603,16641866,"Prem Gandhi","2026-08-06 19:48:18",312.2,2,gprem352
6604,16655003,"Paramjeet Kaur","2026-08-04 21:09:02",312.0,1,kauxp26
6605,16683284,"Haha Farming","2026-08-07 14:38:04",312.0,1,"akshitharamesh,harinir1423"
6606,16675218,데미안과마루,"2026-08-18 14:16:13",311.7,2,siver3
6607,16659804,"Gashahun Demise","2026-08-04 13:23:20",311.7,2,gashahundemiset
6608,16629403,Galza98,"2026-07-31 10:09:02",311.5,1,galza98
6609,16624073,Maruichi01,"2026-08-14 16:03:02",311.5,2,"maruichi01,ppocharl,puws06,tatsukisato,unikina"
6610,16748410,Lemons,"2026-08-21 19:44:07",311.1,1,takahiromatoba
6611,16740506,Growingduck,"2026-09-02 03:18:21",311.0,2,jaeminkang2021
6612,16690882,"Meet P. Shah","2026-08-30 13:51:02",311.0,2,meet47
6613,16666316,adityakr1001,"2026-08-05 09:33:41",310.9,1,adityakr1001
6614,16658676,"Abdul Roheem Abdul Warith","2026-08-04 18:59:04",310.7,1,albasoliyy
6615,16773545,faithk7u,"2026-08-31 21:57:43",310.3,2,faithk7u
6616,16661879,"Pham Truc","2026-08-07 07:21:46",310.1,1,genti1206
6617,16659581,"isah ridwan","2026-08-07 09:02:00",309.9,2,isahridwan
6618,16756174,"Mateo Coelho","2026-09-02 19:10:01",308.8,2,mathsco
6619,16652276,Phare111,"2026-08-04 15:09:55",308.5,1,phare111
6620,16746121,Nononoi,"2026-08-21 07:18:02",307.5,1,nononoi
6621,16748092,Luckshith,"2026-08-20 12:59:43",307.3,2,luckshith
6622,16669411,"Atta Ullah","2026-08-10 13:28:30",307.3,2,attaullahqau
6623,16657426,"M.Mukunda Reddy","2026-08-17 06:18:11",307.1,2,mmukundareddy
6624,16689926,"Yongxiang Zhao #2","2026-08-12 03:33:27",307.0,2,yongxiangzhao
6625,16660144,"Léandre ELISHA","2026-08-09 12:25:44",305.3,2,landreelisha
6626,16707941,ニイエチカイン,"2026-08-14 15:28:42",305.3,2,j4ck99
6627,16684191,"Patel Aryan D","2026-08-10 07:36:13",305.3,2,patelaryand
6628,16660579,mayank,"2026-08-06 14:41:12",305.0,2,mayank921
6629,16792188,anisotropies,"2026-08-30 07:36:28",304.7,2,achan31
6630,16622245,"Vlas Veles","2026-08-18 17:17:10",304.6,1,vlasveles
6631,16668464,Mauro,"2026-08-05 15:57:27",303.6,2,ilmaurino
6632,16655734,dworld,"2026-08-05 04:13:18",303.5,2,jagdishhalde
6633,16748712,"Amit Kumar Gupta","2026-08-21 13:33:00",303.1,2,eramitg
6634,16651668,Haiku,"2026-08-05 06:28:54",302.5,2,yangjiefu
6635,16701143,macneil,"2026-08-14 14:53:54",302.4,2,macneil
6636,16683998,"Mahoraga save me","2026-08-07 22:09:22",302.3,2,yqngyv
6637,16796258,"Lanzhi Jiao","2026-09-03 08:31:13",302.3,1,lanzhijiao
6638,16733752,Abhi,"2026-08-17 19:34:16",302.1,1,zeroday19
6639,16623533,xthixsl_ml,"2026-08-18 04:17:18",302.0,2,xthistle999
6640,16658065,"Parul Mittal","2026-08-06 13:55:51",301.7,1,pisces83
6641,16658620,"Dina Chettouh","2026-08-04 09:13:27",301.6,2,dinachettouh
6642,16707372,"zidu cheng","2026-08-11 13:30:40",301.6,1,ziducheng
6643,16684168,"Roaya Saed","2026-08-10 14:36:20",301.5,1,roayasaed
6644,16761324,WLYYYo,"2026-08-23 18:10:35",301.1,2,wlyyyo
6645,16670185,"Odilon Yehouenou","2026-08-13 20:23:58",301.1,2,odilonyehouenou
6646,16823229,aper,"2026-09-03 19:34:16",301.0,1,todaya
6647,16809898,wodDAOdun,"2026-09-03 15:54:31",300.5,2,kylaucode
6648,16656595,"Sithija Amarathunga","2026-08-04 10:09:50",300.0,2,sithijaamarathunga
6649,16677517,justnyoike,"2026-08-10 01:12:56",299.9,2,justnyoike
6650,16742149,"Ankith Savio","2026-08-31 07:14:34",299.9,2,weedoo
6651,16762940,"Davide Andreolli","2026-08-25 21:39:30",299.8,2,davideandreolli
6652,16761731,"James Hu","2026-08-23 17:50:28",299.6,1,cnjameshu
6653,16754845,"LG Music","2026-08-21 22:48:01",299.4,1,lgmusic
6654,16665243,"Harshit Jha","2026-08-05 13:40:16",299.2,2,harshitjha28
6655,16665114,"Francesco Benincasa","2026-08-05 09:56:52",299.2,2,francescobenincasa
6656,16728152,"Kenji Tai","2026-08-16 18:27:33",299.1,2,kenjitai
6657,16659203,"Praful Nayak","2026-08-05 08:17:06",299.0,2,prafulnayak2003
6658,16686316,"Ali mohon","2026-08-07 16:16:43",299.0,2,alimohon
6659,16661213,"Daniel Siersleben","2026-08-05 12:53:41",298.5,1,danielsiersleben
6660,16798602,uns.t,"2026-09-03 13:29:37",298.1,2,franksunp
6661,16821068,"Danila Goncharenko","2026-09-03 15:22:12",297.9,2,danilegovich
6662,16741555,"Rushikesh Shirwalkar","2026-08-19 11:02:46",297.9,2,rushikeshshirwalkar
6663,16663253,"Albert Benjamin Asare","2026-08-06 19:29:05",297.9,2,albertbenjaminasare
6664,16678362,"Mitiku Yohannes","2026-08-07 00:00:37",297.7,2,mitiku
6665,16799769,manyuA,"2026-09-01 08:04:06",297.3,2,"forheuristiclifeksh,manyua"
6666,16695733,"Imad Zaanine","2026-08-11 02:11:15",297.2,2,imadzaanine
6667,16730653,"Daham Dissanayake","2026-08-21 03:17:15",297.0,1,"dahamdissanayake,dinuginimnara"
6668,16623823,"Julieta Rubis","2026-07-31 04:45:53",297.0,2,julietarubis
6669,16718890,"Andy Symonds","2026-08-19 23:04:11",296.9,2,andyivanhoe
6670,16783872,"Soupau Lev","2026-09-01 09:50:33",296.8,1,olivierauffret
6671,16781276,"Nikita Greben","2026-08-27 23:11:35",296.8,2,justnik77
6672,16791786,BladeOffline,"2026-08-30 03:42:42",296.6,1,bladeoffline
6673,16733204,"Sompalli Akhil Kumar","2026-08-18 10:14:08",296.3,2,sompalliakhilkumar
6674,16686789,Hay-gent,"2026-08-18 19:00:36",295.9,2,"alagusuriyas,gayathrisrimai"
6675,16739918,POLAROID_86,"2026-08-18 21:56:04",295.6,2,polaroid86
6676,16723065,"Kaio Castro","2026-08-28 17:24:26",295.1,1,kaiocastro
6677,16636719,"Naman Durve","2026-09-03 04:12:04",295.0,1,namancdurve
6678,16659696,"Lakshyaraj Singh Rathore","2026-09-01 04:57:55",294.9,2,lakshyarajrtm
6679,16724743,"Dr. James Gambrah","2026-08-17 08:48:47",294.9,2,jamesgambrah
6680,16657440,Lz7_129,"2026-08-04 15:26:01",294.9,1,lz7129
6681,16818690,"Arionchen TitanTeam","2026-09-03 12:57:27",294.8,2,arionchentitanteam
6682,16665461,"Krishna Golwala","2026-08-24 18:39:08",294.8,2,krishnagolwala
6683,16693087,osprey2k,"2026-09-03 02:01:51",294.8,2,osprey2k
6684,16783521,xiannaix,"2026-08-31 04:14:00",294.6,1,xiannaix
6685,16667700,"Omar Mohammad","2026-08-05 15:52:54",294.5,2,omarmohammadw
6686,16669523,Jackson55171,"2026-08-05 18:21:00",294.5,2,jackson55171
6687,16661587,"Debashis Mohapatra","2026-08-05 09:05:50",294.4,2,debashismohapatra
6688,16810472,YuanKing77,"2026-09-03 18:29:35",294.3,2,yuanking77
6689,16687151,harshi101,"2026-08-08 06:32:37",294.2,2,harshi101
6690,16770777,"Oscar Legoupil","2026-08-26 05:56:00",293.8,1,oscarlegoupil
6691,16632795,"vishwottam kudekar","2026-08-05 18:19:02",293.8,1,vishwottamkudekar
6692,16743218,RYUSHI,"2026-09-03 14:50:33",293.4,1,ryushisa
6693,16790545,Adnane,"2026-09-01 02:18:09",293.2,2,adnaneel
6694,16725288,mustafasadiqi,"2026-08-15 12:26:35",293.2,1,mustafasadiqi
6695,16676084,"Abir Majdi","2026-08-24 00:24:35",292.8,2,abirmajdi
6696,16660450,"prashant prakash","2026-08-08 09:45:36",292.5,2,prashantprakash28
6697,16762167,"Arkoday Roychowdhury","2026-08-24 01:29:19",292.4,2,arkodayroychowdhury
6698,16822523,vbeeram,"2026-09-03 18:48:44",292.1,2,vbeeram
6699,16818924,"super penguin king","2026-09-03 12:35:44",292.0,1,superpenguinking
6700,16666512,RexHuang936,"2026-08-07 08:51:41",291.1,2,rexhuang936
6701,16761994,"Talha Sayyad faim","2026-08-23 11:32:37",290.9,1,talhasayyadfaim
6702,16700876,"Oyegoke Emmanuel","2026-09-03 11:09:02",290.8,2,oyegokeemmanuel
6703,16688231,"Antoine Matemane Mahirwe","2026-08-10 19:40:15",290.7,2,antoinemah
6704,16758007,stoicsatvik,"2026-08-22 12:37:48",290.4,1,stoicsatvik
6705,16759726,Phoenix,"2026-08-22 19:43:10",290.3,1,seanht1
6706,16723050,"Ítalo Albuquerque","2026-08-21 17:23:25",290.0,2,taloalbuquerque
6707,16678355,"Tanuj Saxena","2026-08-07 10:10:24",290.0,2,tanujsaxena
6708,16660957,CREVATEC,"2026-08-11 09:30:33",289.7,2,"olakunleolalekan,samueloladeji"
6709,16747086,Karma_350234,"2026-08-20 09:56:52",289.7,1,karma350234
6710,16686950,"Kittikhun Pachana","2026-08-08 00:16:11",289.5,2,kittikhunpachana
6711,16708246,StudyForUse01,"2026-08-11 16:58:19",289.5,1,studyforuse01
6712,16745293,Harvey,"2026-08-22 04:20:10",289.5,2,celestia0113
6713,16738810,mararaa,"2026-08-25 06:54:40",288.6,1,mararaa
6714,16755126,"David ter Kuile","2026-08-21 14:01:59",288.6,2,davidterkuile
6715,16751488,Klixel,"2026-08-21 03:35:28",288.2,1,klixel
6716,16654306,Shubham,"2026-08-03 19:09:40",287.8,2,sanjayshubham24
6717,16707228,"Milind Bansal","2026-08-11 11:45:00",287.7,1,milindbansal18
6718,16672767,"FasterYouChase FasterIRun","2026-08-09 13:15:12",287.4,2,icoguser
6719,16765488,chenyinheng30,"2026-09-02 01:28:11",287.3,2,chenyinheng30
6720,16745419,elren,"2026-08-27 08:31:36",287.2,2,elrensmin
6721,16657777,"sandeep kumar","2026-08-04 11:41:21",287.0,2,sandeep088
6722,16740800,"Shiva Sai","2026-08-19 03:54:27",286.9,1,shivasai846
6723,16706312,"shabbar taj","2026-08-11 16:35:57",286.8,2,shabbartaj
6724,16728366,"Top RL Learner","2026-08-30 18:30:15",286.7,1,forrestxlz
6725,16677629,"XIE Jintao","2026-08-06 18:47:28",286.5,2,xiejintao
6726,16711610,cc_z_kaggle,"2026-08-12 09:33:23",286.5,1,cczkaggle
6727,16684875,"Amitrakshar Mukherjee","2026-08-07 13:21:32",286.3,2,amitraksharmukherjee
6728,16730326,atsushi11o7,"2026-08-21 15:47:31",286.2,1,atsushi11o7
6729,16645300,szyulian,"2026-08-04 04:42:36",286.2,1,szyulian
6730,16701041,"Meet Babariya","2026-08-10 14:21:06",286.1,1,meetbabariya
6731,16654067,DataForge,"2026-08-05 10:19:25",285.9,2,"chanduchandini,goriparthiramatulasi,srilakshmipanitini,suryachakradhar"
6732,16790992,"Matthew Knyazev","2026-08-29 17:53:40",285.8,1,matthewknyazev
6733,16714263,Lmfm24,"2026-08-12 20:38:01",285.8,2,lmfm24
6734,16659698,"Duy Anh Nguyễn","2026-08-07 10:23:27",285.8,1,duyanhnguyn
6735,16752153,zhao569,"2026-08-27 03:57:59",285.8,1,zhao569
6736,16663459,"Cristian Yeanpaul Palomino Calderon","2026-08-06 04:14:17",285.7,2,dawo0t
6737,16771048,"Aditya Pawar","2026-08-25 16:55:04",285.3,1,aditya22102001
6738,16768507,"Dhanush Ballanki","2026-08-25 00:33:27",285.2,1,dhanushballanki
6739,16785789,"Mateus Sousa do Carmo","2026-08-28 21:23:10",285.2,2,mateaadsaf
6740,16713601,"Omar spok","2026-08-19 13:27:13",285.0,2,omarspok
6741,16772388,XiaozhenWu2002,"2026-08-29 16:21:55",285.0,2,xiaozhenwu2002
6742,16738539,"Sharath S","2026-08-21 05:19:45",284.7,2,akicodes
6743,16649074,nanato,"2026-08-28 04:27:29",284.1,1,nanato
6744,16649650,"Ashish Barnawal","2026-08-11 04:08:04",283.5,1,klein4
6745,16657378,doteeee,"2026-08-14 11:43:40",283.3,2,narendra
6746,16689933,"Anjali Shah","2026-08-17 09:30:28",283.0,2,anjalishah0306
6747,16623099,"Bovard Doerschuk-Tiberi","2026-07-30 21:04:23",283.0,1,bovard
6748,16724512,"Diw Gupta","2026-08-21 13:45:51",282.8,1,diwgupta
6749,16708480,"Omar M.Moustafa","2026-08-11 18:55:58",282.8,2,omarmmoustafa
6750,16748206,ArtlexYang,"2026-08-25 08:43:28",282.8,1,artlexyang
6751,16656692,"kinza aftab 714","2026-08-04 05:43:51",282.3,2,kinzaaftab714
6752,16690494,StevenBeyen,"2026-08-13 07:55:32",282.2,2,beyensteven
6753,16762081,VKAUL3,"2026-08-23 12:09:08",282.2,1,vkaul3
6754,16679467,"Ahmed Zedan","2026-08-18 00:28:27",281.9,2,ahmedzedan11
6755,16656679,"Sadiqa Bibi","2026-08-27 09:52:29",281.9,2,sadiqabibidata
6756,16744954,charley8,"2026-08-22 06:23:36",281.8,2,charley8
6757,16676007,"Lao KENAO","2026-08-15 01:15:48",281.7,2,laokenao
6758,16662105,PunnatatJAY,"2026-08-04 16:22:50",281.7,1,punnatatjay
6759,16823197,Cowabunga,"2026-09-03 19:20:01",281.7,1,ameripreye
6760,16703295,Yuting,"2026-08-13 20:42:16",281.3,2,yutinghanuxd
6761,16660471,"Obsessed Beings","2026-08-24 16:44:48",281.3,2,"meur99,muhammedsaeed315,obsessedbeing,studentwork01"
6762,16654853,"Saketh Rao","2026-08-03 21:43:14",281.1,1,sakethrao
6763,16655508,bigsea,"2026-08-04 01:31:58",280.9,2,sakamakihiromi
6764,16766823,suikkee,"2026-09-02 05:05:50",280.6,1,suikkee
6765,16654290,"Srinivasa Ranga","2026-08-17 05:19:41",280.6,1,srinivasaranga
6766,16690161,"Sudipto Event","2026-08-11 09:25:00",280.5,2,sudiptoevent
6767,16663387,Ju,"2026-08-05 23:29:38",280.1,2,juziddd
6768,16762459,GNR_network,"2026-08-23 13:59:19",279.9,1,gnrnetwork
6769,16713204,Mohamedg,"2026-08-24 23:15:06",279.9,2,mohamedgcroesus
6770,16736084,"Kaishang Zhang","2026-09-02 13:41:28",279.9,2,kaishangzhang
6771,16793148,"Hoàng Trung Nguyễn","2026-09-01 08:08:00",279.7,2,hongtrungnguyn
6772,16643821,"arnav chaturvedi123","2026-08-02 22:16:08",279.4,2,arnavchaturvedi123
6773,16630833,"Savan Javia","2026-08-27 08:06:03",278.9,1,savanjaviya
6774,16683428,"Darsh Jilka","2026-08-19 09:03:08",278.9,2,darshjilka
6775,16633483,"benkerrouche abdelbasset","2026-08-07 16:11:50",278.8,1,bassetkerouche
6776,16698399,liuzhangzhen,"2026-08-10 09:49:23",278.7,1,liuzhangzhen
6777,16689903,wangbohuan,"2026-08-08 09:35:12",278.7,2,wangbohuan
6778,16676501,"[Deleted] cf820879-5b51-45ff-9f0a-1d88833299b5","2026-08-08 08:32:10",278.3,2,kamraanmulani
6779,16798369,"Olabode James","2026-09-01 20:40:53",278.0,1,olabodejames
6780,16740950,Shaw,"2026-08-23 10:07:14",278.0,2,shaw06
6781,16658795,"Case Seller","2026-08-30 06:46:45",277.8,2,caseseller
6782,16672325,Ispagiytiy,"2026-08-06 08:58:30",277.6,2,ispagiytiy
6783,16809006,Ilya,"2026-09-02 13:23:05",277.6,1,zhukov
6784,16669314,"Editor Jugnu AI","2026-08-18 10:06:41",277.6,2,editorjugnuai
6785,16708091,"Dipak Kumar Samanta","2026-08-11 15:17:04",277.3,1,dipak889
6786,16656881,"Eugene Nyondo","2026-08-30 22:33:50",277.2,2,eugenenyondo
6787,16725104,ManasviVarma,"2026-08-23 10:20:35",277.2,1,manasvivarma
6788,16659900,"Abu Bakr","2026-08-04 18:30:29",276.9,2,mohamed32010
6789,16665701,ManuelWick-Eckl,"2026-08-27 16:01:18",276.9,2,manuelw
6790,16660321,syafanidwina,"2026-08-05 00:41:33",276.8,1,syafanidwina
6791,16665719,"[Armenia] Narek Petrosyan1","2026-08-05 07:49:34",276.6,1,narekpetrosyan1
6792,16661469,"Qiqi Xie","2026-08-06 20:53:32",276.6,2,qiqixie123
6793,16753831,zhangjiaweii,"2026-09-02 10:51:23",276.3,2,zhangjiaweii
6794,16699790,Aryanpal07,"2026-08-16 12:28:53",276.2,1,aryanpal07
6795,16653997,"Alekya Valapushetty","2026-08-05 13:52:08",276.1,2,alekyavalapushetty
6796,16659001,"Tim Wanjohi","2026-08-12 11:43:16",276.1,2,timwanjohi
6797,16793083,kurupical,"2026-08-30 22:06:48",276.0,1,kurupical
6798,16804924,"Kevin L.","2026-09-03 19:29:33",275.9,2,zorgis
6799,16663869,CYBER_TECH99,"2026-08-05 01:40:15",275.8,2,cybertech99
6800,16683970,"Zakhar Homyakov","2026-08-07 11:14:41",275.7,2,zakharhomyakov
6801,16658152,MingSUN007,"2026-08-04 13:46:29",275.6,2,mingsun007
6802,16675952,"Stephan Hahn","2026-09-03 11:21:21",275.5,2,stephanhahn16
6803,16772089,"Ana Riquele","2026-08-26 18:11:38",275.4,2,anariquele
6804,16736202,杨雨灿,"2026-09-02 09:24:09",275.0,1,yucanyang
6805,16667691,alexanderctrl,"2026-08-18 10:10:51",274.7,2,alexanderctrl
6806,16711673,losingself,"2026-08-12 09:07:45",274.4,1,level14taken
6807,16661231,"R Ajay Kumar12","2026-08-04 14:12:11",274.2,1,rajaykumar12
6808,16749514,"M Harini","2026-08-20 16:43:59",274.1,1,rvmharini
6809,16667365,"leul dereje","2026-08-08 06:54:54",274.1,2,leuldereje
6810,16637845,"Hadjmohamd Seif","2026-08-08 21:47:53",274.0,2,hadjmohamdseif
6811,16680789,Marouane,"2026-08-15 02:41:18",273.9,2,marouanealahyane
6812,16635681,"Shubham Phapale","2026-08-09 04:17:07",273.9,2,shubhamphapale
6813,16668032,pat999,"2026-08-08 08:30:58",273.4,2,pat999
6814,16671302,"Pratish Chaudhary","2026-08-10 00:35:01",273.4,1,pratishchaudhary
6815,16712844,"ray hengbo","2026-09-01 03:35:31",273.3,1,rayhengbo
6816,16712979,"Yusuke Tsukuda","2026-08-12 14:58:39",273.2,1,yusuketsukuda
6817,16678647,"Zorawar Singh","2026-08-06 19:55:53",273.1,2,zorawarsingh677
6818,16670674,"Foodle Jang","2026-08-19 22:14:34",272.8,2,foodlejang
6819,16673369,Frame,"2026-08-06 07:59:47",272.7,1,rainorwang
6820,16658888,NovaBytes,"2026-08-06 07:06:34",272.5,2,"drashtisingh14,kjjkjjk3107"
6821,16756743,"Ismail Alli Adekunle","2026-08-21 22:59:18",272.5,1,ismailalliadekunle
6822,16695937,Ryckiii,"2026-08-09 13:03:24",271.7,1,ryckiii
6823,16627717,da_pond,"2026-07-31 08:33:57",271.7,1,dapond
6824,16769754,daguniang,"2026-08-26 00:44:59",271.7,2,daguniang
6825,16632881,"Brisa Marina","2026-08-07 16:13:15",271.6,1,brisamarina
6826,16687891,qklent,"2026-08-09 19:44:12",271.6,1,qklent
6827,16666553,DevChheda26,"2026-08-05 09:53:22",271.5,1,devchheda26
6828,16707519,"Pradnya Khanse","2026-08-11 12:52:07",271.2,1,pradnyakhanse
6829,16791680,"Surja Sarker","2026-09-03 15:31:36",271.0,2,surjasarker
6830,16710929,"Pooja Divekar","2026-08-16 08:22:48",270.9,1,poojadivekar123
6831,16671827,"Shourya Gupta","2026-08-30 10:10:00",270.8,2,siriuspotter
6832,16654293,"Jatin N. Soni","2026-08-18 09:59:05",270.5,2,jatinsoni111
6833,16622943,"Erwin Huizenga","2026-08-21 06:40:50",270.4,2,erwinh
6834,16725537,"Ayan Bashir Sheikh","2026-08-15 18:02:07",270.1,2,ayanbashirsheikh
6835,16728350,fajarnadeem808,"2026-08-16 13:07:59",270.1,2,fajarnadeem808
6836,16758090,"JOYMIE TALICUAD","2026-08-22 10:07:40",270.0,1,joymietalicuad
6837,16667063,"Amiksha S","2026-08-09 15:16:49",269.8,1,amikshas
6838,16658761,!Aman212,"2026-08-04 12:10:28",269.5,2,aman9142424
6839,16668024,"Igor Burkov","2026-08-07 04:35:37",269.3,2,igorburkov
6840,16670506,"Juan Andres Bravo Mejia","2026-08-05 21:40:17",269.1,1,juanandresbravomejia
6841,16676003,franck,"2026-08-06 14:59:55",269.1,2,bakura
6842,16655813,minerppdy,"2026-08-04 06:06:58",269.0,1,minerppdy
6843,16778656,Aacceeo,"2026-08-30 23:18:49",268.8,1,aacceeo
6844,16633833,"mohammad javad Kamali","2026-08-19 05:13:42",268.7,1,mohammadjavadkamali
6845,16644210,"حسنين ساجد","2026-08-07 22:08:44",268.6,2,kutghngf98687er
6846,16760903,"Derrick Lace","2026-08-23 04:23:40",268.6,2,derricklace
6847,16669756,AlgSaid,"2026-08-05 18:54:07",268.6,1,imabdallah
6848,16677788,DorianCo,"2026-08-06 18:10:06",268.6,2,dorianco
6849,16632145,kazuki_kazukazu,"2026-07-31 14:53:13",268.1,1,kazukikazukazu
6850,16675104,"khwaja Moula'Ali","2026-08-06 11:30:49",268.0,1,khwajamoulaali
6851,16672982,"Enes Aytaç","2026-08-14 12:12:24",267.9,2,enesayta
6852,16696266,"Pandarasamy Arjunan (Samy)","2026-08-09 14:16:03",267.8,1,samy101
6853,16663003,devzohaib,"2026-08-04 21:27:30",267.8,1,devzohaib
6854,16666574,"hrishit prakash","2026-08-05 13:26:37",267.8,2,hrishitprakash
6855,16625775,liubingxin205,"2026-08-15 06:29:40",267.7,2,"hongjuw,liubingxin205"
6856,16809158,"Kaito Sada","2026-09-02 21:50:55",267.7,1,kaitosada
6857,16684891,SARTHAK,"2026-08-14 19:07:26",267.5,1,s4rth4k01
6858,16790483,"ivo nahuel jasinskas","2026-08-29 14:08:28",267.4,1,ivonahueljasinskas
6859,16774202,Wrs,"2026-08-26 09:21:40",267.3,1,wrsarch
6860,16641331,ushi,"2026-08-05 13:33:18",266.7,1,yuki508
6861,16670004,Zinc-Eater,"2026-08-19 22:50:41",266.5,2,zans7331
6862,16748312,C.Ronaldo,"2026-08-25 16:55:33",266.5,2,wzh20050212
6863,16676991,"Jack Hopkins","2026-08-19 19:11:37",266.4,2,jackhopkins
6864,16658783,"Devesh Choudhury","2026-08-07 17:08:33",265.9,2,deveshchoudhury
6865,16765329,"Bart Woz","2026-08-31 14:18:24",265.8,2,bartwoz
6866,16659572,"ABHILASH PRAHARAJ","2026-08-04 11:24:21",265.8,1,abhilashpraharaj
6867,16635098,"Charvi Upreti","2026-08-15 05:43:59",265.6,1,charviupreti
6868,16664157,"Runjie Zhu","2026-08-10 11:49:13",265.5,1,damiendesolei
6869,16750033,davidw001,"2026-08-20 17:13:07",265.4,1,davidw001
6870,16663191,"Arnav Anand","2026-08-04 19:53:08",265.3,1,arnavair27
6871,16665704,"Sreesanth M S","2026-08-05 07:12:05",264.9,1,sreesanthms
6872,16687574,"Yash Raghuvanshi","2026-08-07 22:09:38",264.8,2,yashraghuvanshi25
6873,16723726,"Erika Worrall","2026-08-15 23:09:17",264.8,1,erikaworrall
6874,16691322,"Anita rai98765","2026-08-16 19:05:43",264.6,2,anitarai98765
6875,16740263,"Scott Weeden","2026-09-02 08:27:43",264.6,2,scottweeden
6876,16783050,"Charles Chen","2026-08-29 05:33:27",263.9,2,charles2580
6877,16723467,"Vladas Verkelis","2026-08-15 14:23:42",263.2,1,vlaveris
6878,16723075,"Cauã Freitas","2026-08-28 17:35:54",263.2,1,cauafreitas
6879,16639684,Rubel,"2026-08-05 18:49:11",263.1,2,rubel01
6880,16644398,Nurkan123,"2026-08-16 21:20:24",262.6,2,nurkan123
6881,16761134,mash3gt,"2026-08-23 06:10:12",262.3,1,shiroguitar
6882,16632476,"Назар Коваль","2026-09-01 18:18:39",262.0,1,miickey
6883,16785175,SonOfNike,"2026-08-28 17:20:58",262.0,1,sonofnike
6884,16655786,leavts,"2026-08-04 02:35:50",261.6,1,leavts
6885,16743603,tanmoypal11,"2026-08-19 15:19:36",261.5,1,tanmoypal11
6886,16663066,"Mithun Kore","2026-08-29 19:18:28",261.2,1,mithunkore
6887,16662066,"Yug Savalia","2026-08-06 19:06:26",261.2,1,"priyankagarg19,yugsavalia"
6888,16782525,"Ashish Mittal","2026-08-28 05:27:46",261.1,2,ashish1502g
6889,16759675,TianKitty,"2026-08-27 04:43:06",260.7,1,tiankitty
6890,16727383,"Minchul Shin","2026-08-20 07:50:37",260.3,1,nashory
6891,16659374,"[Deleted] 8f7327b9-2576-439b-bd6e-3f5fde366ebe","2026-08-04 10:12:44",260.2,1,del=8b215115eb53cbc1
6892,16782747,goodgreen,"2026-08-28 04:30:23",260.0,1,goodgreen
6893,16665614,MesonLabs,"2026-08-11 06:17:27",259.6,1,mesonlabs
6894,16789990,SA,"2026-08-29 15:10:26",259.2,1,soheiarisaka
6895,16687620,Goktug1,"2026-08-24 21:03:56",259.1,2,goktug1
6896,16659280,"yahaya zayyan","2026-08-04 10:51:16",259.1,1,yahayazayyan
6897,16809620,"Mohamed Alaa Elboraay","2026-09-02 19:11:42",259.0,2,mohamedalaa10
6898,16653319,"Md. Rasel Meya","2026-08-06 14:42:18",259.0,2,raselmeya
6899,16661810,AGNES33,"2026-08-16 19:09:18",258.6,2,agnes33
6900,16729884,"Chaimaa Matrag","2026-08-29 23:52:01",258.5,2,chaimaamatrag
6901,16664863,zzzhhcc,"2026-08-13 06:15:42",258.1,2,zzzhhcc
6902,16668654,"Zharkyn Makhanbet","2026-08-10 18:28:08",258.0,1,imadparadoxi
6903,16737009,"Alexandre Pedrosa","2026-09-03 07:42:20",257.9,1,alexandrepedrosai
6904,16628765,"Kota Iizuka","2026-08-21 09:24:37",257.7,1,kotaiizuka
6905,16662048,"Deekshitha Prabhakar","2026-08-06 18:15:45",257.7,2,deekshithaprabhakar
6906,16666027,CropBOTS,"2026-08-13 16:12:42",256.7,2,"anshultickoo,itsmepooja,manuakumar,sapnajain115"
6907,16789587,"José Luis","2026-08-29 09:54:52",256.6,1,joseluissz
6908,16681959,"shun takinami","2026-08-07 05:43:47",256.5,1,shuntakinami
6909,16675956,"Hassan Alghamoudi","2026-08-10 02:36:36",256.4,2,hassanabdulhafid
6910,16728249,"Ahmet Kiraz","2026-08-17 07:23:30",256.4,1,ahmetqiraz
6911,16822994,"Peter Danilov","2026-09-03 18:16:23",256.1,1,pndanilov
6912,16671342,"Danh Nguyen 1303","2026-08-09 14:47:52",255.8,1,danhnguyen1303
6913,16690286,imunderthetree,"2026-08-08 12:25:51",255.8,2,imunderthetree
6914,16677786,"[Deleted] aec7dc1f-59cb-486f-998a-d2407e297536","2026-08-26 13:39:08",255.1,2,del=0fde9ba2630fee3c
6915,16748882,gsv,"2026-08-20 16:13:45",254.9,1,ram1o1
6916,16716407,"Ibrahim Adamu Anka","2026-08-13 09:01:38",254.8,2,ibrahimadamuanka
6917,16792392,pansya,"2026-08-30 08:13:58",254.8,1,pansya
6918,16717447,zhiyue666,"2026-08-14 10:09:51",254.6,1,zhiyue666
6919,16719618,Javierrcs,"2026-08-14 13:16:05",254.6,1,javierrcs
6920,16654318,"Aryan Raj Ayush","2026-08-23 08:34:14",254.1,1,aryanrajayush
6921,16729874,"Shane Schisler","2026-08-17 18:10:06",253.5,1,seschis
6922,16635610,JeffFosterUK,"2026-08-01 17:16:52",253.2,2,jefffosteruk
6923,16813582,Soham_7391,"2026-09-03 06:44:41",252.8,1,soham7391
6924,16658567,"Sharif Mohamed (1)","2026-08-04 13:16:47",252.6,1,sharifmohamed1
6925,16662603,"Shem Gikunda","2026-08-06 17:24:48",252.4,1,shemgikunda
6926,16658644,"Hitarth Pandey","2026-08-09 03:04:42",252.2,1,hitarthpandey
6927,16669060,Twansss,"2026-08-15 04:37:59",252.2,2,twansss
6928,16697020,"Hossam elden Mohamed","2026-08-15 01:13:51",252.0,2,hossameldenmohamed
6929,16679904,"Joshua Bensemann","2026-08-16 01:29:23",251.9,1,qazcat
6930,16684908,"Nidal Saleh","2026-08-08 14:08:20",251.3,2,nidalsaleh
6931,16659387,dharssshiniii,"2026-08-04 09:48:15",251.1,1,dharssshiniii
6932,16785434,"Caik Franco","2026-08-28 18:05:21",250.8,1,caikfranco
6933,16684535,Moonlight,"2026-08-14 15:53:31",250.7,2,rajesh1joc
6934,16689364,"Udbhav Purwar","2026-08-11 10:12:00",250.4,1,udbhavpurwar
6935,16655292,"Ingrid Fellah","2026-08-04 06:31:35",250.4,2,ingvor
6936,16776824,"Manuel Santiago Atencio","2026-09-01 21:01:47",250.1,2,manuelsatencio
6937,16700992,Abhishek_1355,"2026-08-25 09:17:08",249.7,1,abhishek1355
6938,16691583,Caleb,"2026-08-09 14:32:52",249.5,2,collev
6939,16623274,Mhmda81,"2026-08-03 00:10:04",248.6,2,mhmda81
6940,16773358,yogeshgoudapatil,"2026-08-27 14:59:13",248.3,2,yogeshgoudapatil
6941,16667684,"Tim Neale","2026-08-06 13:01:12",247.9,1,timothyjneale
6942,16790137,sinchir0,"2026-08-30 12:52:05",247.7,1,sinchir0
6943,16656485,stunningvn,"2026-08-05 04:47:11",247.6,2,dedquoc
6944,16654314,Mahamudul_Hassan_8012,"2026-08-03 18:33:07",247.5,2,mahamudulhassan8012
6945,16658383,"SIVA S","2026-09-03 05:44:58",247.4,2,codingmaster24
6946,16743823,"Zeyu Huang_summer","2026-08-19 17:24:11",247.4,2,zeyuhuangsummer
6947,16660930,"Chung Ching Yeh","2026-08-04 14:44:34",247.2,2,chungchingyeh
6948,16659703,"Ananya #2","2026-08-04 12:00:26",246.8,1,ananyax8
6949,16653941,"Sachin Kumar Kushwaha","2026-08-11 08:45:11",245.8,2,sachinkumarkushwaha
6950,16725615,carside,"2026-08-29 04:49:31",245.4,1,carside118
6951,16780411,K.Satwik,"2026-08-27 16:23:04",245.3,2,ksatwik3220
6952,16661689,"David Rao","2026-08-04 18:27:01",244.8,1,davidrao63
6953,16668506,"Louie Tang","2026-08-08 06:56:52",244.6,2,louietang
6954,16698886,pied_piper,"2026-08-10 14:11:15",244.6,2,ahanhalder
6955,16685128,"Rohan Hake","2026-08-10 12:48:36",244.4,2,rohanhake
6956,16656633,N25H03A1028,"2026-08-05 05:18:45",244.3,1,pardhusadhu
6957,16712990,shreyaaaaa9,"2026-08-12 16:17:06",244.0,1,shreyaaaaa9
6958,16670747,"Aryan Kumar Chaudhary","2026-08-11 22:46:05",243.9,2,"aryankumarchaudhary,rakshitmundra"
6959,16819370,"István Csik","2026-09-03 13:39:36",243.8,2,istvncsik
6960,16779857,0x74,"2026-09-03 14:03:17",243.4,1,i0x74i
6961,16621290,"Muhammad Ahsan","2026-07-30 17:35:00",242.7,2,ahsanneural
6962,16660309,"Hazem Mahmoud Elsayd","2026-08-04 16:34:31",242.5,2,hazemmahmoudelsaid
6963,16687514,Dark_1926,"2026-08-07 20:30:33",242.1,1,dark1926
6964,16784952,"Adria Barreto","2026-08-28 16:06:57",242.0,1,adriabarreto
6965,16716386,"Dev Marya","2026-08-13 09:26:18",242.0,1,devmarya
6966,16659910,"Shraddha Kumbhar","2026-08-07 09:55:58",242.0,2,raj113
6967,16750285,LeEmperor,"2026-08-22 04:36:18",241.9,2,leemperor
6968,16656900,Hxrsh09,"2026-08-10 14:39:46",241.0,2,hxrsh09
6969,16796241,"pavan rajr","2026-09-02 11:17:58",240.9,2,pavanrajr
6970,16772354,"Gleidistony Mendes","2026-08-28 17:50:07",240.7,1,gleidistonymendes
6971,16798152,"A secretive person","2026-09-02 13:18:48",240.4,1,asecretiveperson
6972,16639168,Sergey,"2026-08-27 07:49:54",240.2,2,sergeymikhailovn
6973,16700832,Blitz,"2026-08-10 11:37:18",239.9,1,premshinde
6974,16711840,OverfitMilkCake,"2026-08-13 06:36:21",239.6,1,overfitmilkcake
6975,16751141,DeadJed,"2026-08-26 11:10:40",239.3,2,deadjed
6976,16675428,"Farhan Khairullah","2026-08-09 16:22:00",239.3,2,farhankhairullah06
6977,16671985,"vishal waghchaure","2026-08-07 09:25:36",239.3,2,vishalwaghchaure
6978,16697628,"Yash Sharma","2026-08-17 15:33:32",239.1,2,yashsharma42
6979,16689017,"Mounica Challa","2026-09-02 18:53:26",239.1,1,mounicachalla
6980,16624000,Leneen,"2026-08-31 16:02:47",238.7,1,leneen
6981,16660749,"PavanK Saketh","2026-08-04 13:38:48",238.7,2,pavanksaketh
6982,16657525,"Alae Lakhdar","2026-08-05 08:10:49",238.3,1,alaelakhdar
6983,16621610,NMarkS,"2026-09-02 13:35:10",238.0,2,nmarks
6984,16687337,"sravani kamjula","2026-08-07 19:38:39",237.9,2,sravanikamjula
6985,16796678,ka,"2026-08-31 16:16:03",237.5,1,kandruszek
6986,16655159,"Marcel Relaford","2026-08-13 01:26:26",237.5,1,marcelrelaford
6987,16701138,superpig,"2026-08-19 09:43:31",237.4,1,geniussuperpig
6988,16662039,"Ajat Rosadi","2026-08-04 16:58:10",237.4,2,ajatrosadi
6989,16667550,"Oseni Sakariyau Oluwadamilare ","2026-08-23 10:05:56",237.3,2,sakabambam
6990,16822259,"Craig Goldswain","2026-09-03 16:23:23",237.3,1,craiggoldswain
6991,16656287,sandip_shaw123,"2026-08-05 10:02:07",237.3,1,sandipshaw123
6992,16685568,Secertive,"2026-08-08 17:59:52",236.9,1,secretiveplotter1863
6993,16709957,"Lei Gao","2026-08-12 04:03:42",236.9,1,leigao31
6994,16641816,"Toshiki Honda","2026-09-03 14:32:12",236.1,1,toshikihonda
6995,16661252,"Andrzej Walczak","2026-08-05 09:46:19",235.3,2,andrzej1983
6996,16663448,"Adel I.","2026-08-07 12:55:44",235.1,2,adelid
6997,16706134,NK11FC,"2026-08-25 11:30:00",234.7,2,nk11fc
6998,16654482,SarahShams,"2026-08-14 16:36:06",234.6,2,sarahshams
6999,16777986,小雨姑娘,"2026-08-27 21:51:19",234.6,2,skewcy
7000,16717586,wangjialu2333,"2026-08-15 09:29:36",234.4,1,wangjialu2333
7001,16660291,"Abhijit Rajkumar","2026-08-04 13:27:44",233.6,2,abhijitrajkumar
7002,16744221,Dizzy1829,"2026-08-29 04:15:48",233.5,1,dizzy1829
7003,16724325,Melancholian,"2026-08-15 06:43:12",233.2,1,kasaneru
7004,16811407,"Souta Wakatsuki","2026-09-03 00:01:10",232.1,1,souwaka
7005,16668438,"Sahil Suman","2026-08-16 17:09:20",231.9,1,sahilmanavraunak
7006,16698987,"Shree Ashok L","2026-09-01 05:16:16",231.5,2,"praneelbaskar,rishivarathan,santhoshkumarp24,shreeashok72"
7007,16672284,"Dhruv | AI/ML Engineer in Progress","2026-08-07 06:55:13",231.2,1,dhruvdipakchudasama
7008,16639692,"Nirmal Patel","2026-08-06 03:05:27",231.2,2,nirmalpatel02
7009,16769114,angayoung,"2026-08-25 07:22:00",230.5,1,joaga0603
7010,16760392,Владимир,"2026-08-23 00:19:23",230.4,1,vgkuvshinov
7011,16663438,"Varun Prajapati","2026-08-08 21:54:54",230.4,2,"krunalasari,varun2206"
7012,16633342,farm75,"2026-08-03 14:03:14",230.3,2,sakthi75
7013,16681610,"team maccy","2026-08-07 20:27:06",230.0,1,robertgama
7014,16636540,"Burkova Nastia","2026-08-01 13:34:02",230.0,2,"burkovanastia,ellvalerie"
7015,16654256,"KONGARA PRASANTH","2026-08-04 03:40:27",229.5,2,prasanth2008
7016,16682051,"Noorjahan Siddiqui","2026-08-10 09:33:35",229.2,2,noorjahansiddiqui
7017,16754882,vvs,"2026-09-03 08:31:17",229.1,2,marvelworld
7018,16659283,"DILEEP POTHULA","2026-08-08 06:43:15",228.9,2,dileeppothula
7019,16630797,"Seok, Jeongeum","2026-09-03 11:18:18",228.8,2,seokjeongeum
7020,16669473,"William Bickelmann","2026-08-05 17:47:13",228.7,1,williambickelmann
7021,16623846,"masatoshi hiraki","2026-07-31 07:52:39",228.7,2,masatoshihiraki
7022,16656515,"Rushal Manandhar","2026-08-06 04:15:01",228.3,1,rushalmanandhar
7023,16768568,Nour102006,"2026-08-27 04:46:00",228.1,2,nour102006
7024,16741239,"fjf 1asd","2026-08-19 08:46:31",227.1,1,fjf1asd
7025,16678083,"Abdeljalil Idalahaj","2026-09-02 01:50:31",227.0,2,abdeljalilidalahaj
7026,16723404,"Mahdi Al Hajji","2026-08-20 02:13:12",226.9,2,mhh1430hacker
7027,16744545,"Aditya Kumar Singh 013","2026-08-19 18:45:42",226.8,1,adityakumarsingh013
7028,16667238,"Srija ganguluri","2026-08-07 10:14:48",226.7,1,srijaganguluri
7029,16623131,"Liam Carrig Newsam","2026-08-04 00:00:03",226.7,1,liamcarrignewsam
7030,16684237,Zen_0910,"2026-08-07 17:07:02",226.3,1,zendeptrai
7031,16743329,"Daniel Obioma emenike","2026-08-31 02:29:55",226.2,2,danielobiomaemenike
7032,16654244,"Saad Nanawala","2026-08-03 18:17:33",225.9,1,saadnanawala
7033,16632724,"Sayan Dutta","2026-08-04 07:47:42",225.8,1,sayan1507
7034,16712395,"Zuohong Pan","2026-08-12 12:15:40",225.6,1,pshuaibi
7035,16665463,Seendon,"2026-08-06 19:19:25",225.5,2,informationminer
7036,16692652,"Harsith R","2026-08-08 20:26:56",225.5,1,chiefofpredicitions
7037,16668379,dccgps,"2026-08-08 05:44:36",225.5,1,dccgps
7038,16658311,zkskhurram,"2026-08-05 07:59:40",225.4,2,zkskhurram
7039,16666946,pwxc00,"2026-08-25 17:26:40",225.3,2,alert04
7040,16706410,lixiaoxin25,"2026-09-03 13:02:55",225.1,2,lixiaoxin25
7041,16666719,helenkwok,"2026-08-06 14:55:20",224.3,1,helenkwok
7042,16738145,綿鍋だよん,"2026-08-22 13:38:54",223.7,1,potrue
7043,16732342,"Viktor Antonov","2026-08-18 10:22:32",223.5,1,viktorantonov
7044,16682689,HenryRichardson1,"2026-08-07 10:00:12",223.3,1,henryrichardson1
7045,16676992,NIDHIHEER01,"2026-08-16 17:09:00",223.1,1,nidhiheer01
7046,16769470,HaHHYbYY,"2026-08-26 07:52:33",223.0,1,hahhybyy
7047,16674093,"Hoàng Trần Đặng Minh","2026-08-06 08:54:38",222.4,1,hongtrnngminh
7048,16661494,"Arulmaniyan Rajavel","2026-08-22 13:46:58",221.8,2,arulmaniyanrajavel
7049,16757098,"Tharun kumar Jaya kumar","2026-08-30 02:29:39",221.8,1,tharunkumarjayakumar
7050,16663910,"Shivram Nekkanti","2026-08-07 14:38:04",221.6,1,shivramnekkanti
7051,16795353,BlurreA,"2026-08-31 06:42:30",221.2,1,blurrea
7052,16715896,新木,"2026-08-18 05:25:46",221.2,1,sunchief
7053,16677328,"Eng. Husnain","2026-08-08 13:13:23",220.4,2,enghusnain
7054,16663913,"Aanaa Kaliil","2026-08-05 15:15:31",220.4,2,aanaakaliil
7055,16660990,"Bunny Tang","2026-09-01 14:26:34",220.3,2,tanghung64
7056,16702060,Mcusac,"2026-08-13 19:42:54",219.6,1,mcusac
7057,16794720,"paola hernandez55","2026-08-31 04:19:31",219.6,1,paolahernandez55
7058,16738563,"Amrutha H","2026-08-19 14:01:51",219.4,1,amr13utha
7059,16757366,"Sean Connolly","2026-09-03 06:00:27",219.2,2,seanconnolly
7060,16656771,"thushara bandara","2026-08-07 04:13:43",219.2,2,dushyanthibandara
7061,16668048,"Gazi Sayem Uddin Samir","2026-08-05 14:29:51",219.0,2,gazisayemuddinsamir
7062,16760920,"Román Eliezer Pérez Ríos","2026-08-31 18:07:43",218.9,2,perezrios
7063,16666365,yiyu0716,"2026-08-27 12:38:04",217.6,2,yiyu0716
7064,16715791,CustardApple47,"2026-08-14 12:48:02",217.5,1,custardapple47
7065,16651507,jappanini,"2026-08-03 09:14:04",217.5,1,jappanini
7066,16656196,"Vishwash Golakiya","2026-08-27 01:07:00",217.4,1,vishwashgolakiya
7067,16644360,Mathous,"2026-08-02 20:28:00",217.2,1,mathisdac
7068,16724242,"Romash Koirala","2026-08-20 11:34:14",217.2,1,romashkoirala
7069,16799132,"Marlon Vasquez","2026-09-01 08:07:31",216.8,2,vexmeavf
7070,16727681,JanV123,"2026-08-21 05:58:02",216.5,1,janv123
7071,16792329,"Kumkum Barot","2026-09-02 06:44:17",216.2,2,kumkumbarot02062003
7072,16773333,"Abdullah javed Javed","2026-09-03 18:37:26",215.8,2,abdullahjavedjaved
7073,16660978,"Maksym Khavil","2026-08-04 13:43:48",215.3,1,maksymkhavil
7074,16744461,"Adiratna Kamble","2026-08-21 22:05:13",215.2,1,adiratnakamble
7075,16688190,"Win M","2026-08-08 00:28:18",214.9,1,winmet
7076,16663333,"Iago Moura e Moreira","2026-08-04 20:05:06",214.5,1,iagomouraemoreira
7077,16718605,"صفاء عبد الرقيب","2026-09-03 18:21:49",214.3,2,bssgirl
7078,16652159,Boson328,"2026-08-04 10:06:13",214.0,1,boson328
7079,16693318,meow3301,"2026-08-09 02:33:34",213.6,2,meow3301
7080,16655482,Apoorv007,"2026-08-04 01:55:41",213.3,1,apoorv007
7081,16762162,"Shota Hirao","2026-08-23 12:34:05",213.2,1,shotahirao
7082,16773557,"Rudra kalyan","2026-08-26 09:08:54",212.4,2,rk1144
7083,16802867,matcha110,"2026-09-02 15:56:01",212.1,2,matcha110
7084,16639465,"Gabriel Aguiar Leao","2026-08-02 00:23:49",212.1,1,"gabrielaguiarleao,marcositta"
7085,16679713,"John william Vicente 🇧🇷","2026-08-07 00:38:57",211.5,1,chrollo079
7086,16666414,salyamq,"2026-08-05 16:41:38",210.9,1,salyamq
7087,16736759,"Lavesh Kadam","2026-08-18 10:55:05",210.5,1,laveshk314
7088,16662108,nhkien,"2026-08-05 06:52:18",210.3,2,nhkien
7089,16699578,kakanekoka,"2026-08-12 13:35:37",210.2,1,kakanekoka
7090,16809584,"Kinnal Rutu","2026-09-02 15:01:01",209.8,2,kinnalrutu
7091,16707062,"G DOLANARASIMHA","2026-08-11 12:18:02",209.4,2,gdolanarasimha
7092,16624109,"Nguyễn Thế Minh Đức","2026-09-03 17:25:06",208.5,1,nguynthminhc
7093,16666383,"Sindhi Vishal","2026-08-14 10:46:32",207.3,2,sindhivishal
7094,16730086,HanaGhanem,"2026-08-16 23:44:56",206.2,1,hanaghanem
7095,16814952,"Ngọc Huyền","2026-09-03 08:06:07",206.2,1,ngchuynss
7096,16654827,"ADITYA KUMAR MISHRA","2026-08-03 20:07:22",205.9,1,aditya1kumarmishra
7097,16749225,"Hisyam Prasetyo","2026-08-27 11:26:07",205.0,2,hisyamprasetyo
7098,16657628,Hamo,"2026-08-07 12:00:21",204.8,2,mohamed2223
7099,16665371,"Kevoh Mutwiri","2026-08-24 19:31:27",204.4,2,kevohmutwiri
7100,16660146,4Solver,"2026-08-08 02:06:19",203.6,2,msfbiolinhares
7101,16664315,happy_boy_2007,"2026-08-12 09:04:40",202.5,1,happyboy2007
7102,16688165,"David @ Koantek","2026-08-25 23:53:17",201.8,2,artificialbrilliance
7103,16795043,"SONU RAUT","2026-08-31 09:25:56",200.7,2,sonuraut
7104,16662269,"KAMLESH KUMAR POKHARNA","2026-08-06 17:25:51",200.1,2,kamleshkumarpokharna
7105,16635248,eosphor,"2026-08-01 09:46:59",200.0,2,eosphor
7106,16666037,"Matheus Marques","2026-08-06 06:03:28",199.4,2,mathmarquesbr
7107,16667968,ChronosData,"2026-08-18 14:25:43",199.2,2,codex5843
7108,16658401,"Aryan Lonare","2026-08-04 09:55:47",198.9,2,aryandyalullonare
7109,16723262,"Tiago OliveiraLL","2026-08-28 18:22:12",198.7,1,tiagooliveirall
7110,16713329,qrcodeTH,"2026-08-13 08:22:40",198.2,2,thanaphumsaywonin
7111,16656210,"Sanjay Suthraye","2026-08-04 14:55:13",198.0,2,sanjaysuthraye96
7112,16668018,"DAVID CHEW HL","2026-08-06 06:36:34",197.8,2,davidchewhl
7113,16724995,dice1494,"2026-08-16 08:51:34",197.3,1,dice1494
7114,16653462,"Ruchi Scott","2026-08-12 12:19:19",197.3,2,ruchiscott
7115,16679470,"GamaL Mahmoud","2026-08-08 13:33:52",197.2,2,gamalmahmoudtaha
7116,16658969,"Yuri Maslov","2026-08-04 10:11:45",197.0,1,yurimaslov
7117,16658635,"Deepak Kumar ","2026-08-05 02:38:29",196.9,2,deepak2026ml
7118,16662630,"M.mohamed Muhasir","2026-08-05 18:25:39",195.8,2,mmohamedmuhasir
7119,16683577,"Ankush Kumar M","2026-08-07 13:19:05",195.5,2,ankushkumarm
7120,16659036,"Mohammed Kaif","2026-08-04 10:41:22",195.3,2,mkaif001
7121,16793392,"reda elkrouchni","2026-09-02 16:16:05",195.3,2,redaelkrouchni2
7122,16674390,yangluo1,"2026-08-08 01:31:08",195.1,2,yangluo1
7123,16662099,"The Algorithmist","2026-08-04 23:41:59",194.9,2,riyagheewala
7124,16784431,"Régis Meyssonnier","2026-08-28 14:47:27",194.8,1,rgismeyssonnier
7125,16718139,"shah jatin","2026-09-03 18:10:07",194.2,2,shahjatin
7126,16752120,"Görkem Tuğ","2026-08-24 10:45:35",193.8,2,grkemtu
7127,16770096,Program,"2026-09-01 19:36:25",193.7,2,panagiotapanora
7128,16632418,"Bretokce 3amich","2026-08-07 12:18:26",193.5,2,bretokce3amich
7129,16661500,"yagnit sutariya","2026-08-04 15:34:39",193.5,1,yagnitsutariya
7130,16664875,SaiSujitPunukollu,"2026-08-05 05:46:11",192.4,1,saisujitpunukollu
7131,16714589,xinsu9898,"2026-08-16 22:26:49",192.3,1,xinsu9898
7132,16729148,"Marco M","2026-08-16 22:51:36",192.3,1,marcoms1000
7133,16743630,TRP,"2026-09-01 17:06:48",192.3,2,tejratanpaulrocky
7134,16797025,"Jonathan Glinton","2026-09-02 00:01:32",192.2,2,jonathanglinton
7135,16670777,"Aman Yitbark","2026-08-13 05:43:27",191.9,1,amanyitbark
7136,16730380,"FOKRUL ISLAM LECTURER","2026-08-19 01:56:28",191.7,2,fokrulislamlecturer
7137,16680419,"Tech Changer","2026-08-17 12:31:58",191.6,1,johnbibin
7138,16662083,ihabkaggle,"2026-08-07 00:42:33",191.4,2,ihabkaggle
7139,16632111,"Arda Çiftçi","2026-08-04 20:03:37",190.9,2,ardaciftci
7140,16701997,zran1t,"2026-08-15 14:10:18",190.6,2,zran1t
7141,16669142,"Jaclyn Agee","2026-08-07 15:21:06",190.6,2,jaclynagee
7142,16729010,"karan sankhe","2026-08-16 15:15:45",189.9,2,karansankhe1356
7143,16658522,"Amna khanii23","2026-08-07 05:15:47",189.7,2,amnakhanii23
7144,16630725,"vaibhav vyas","2026-08-06 10:56:52",189.6,2,vaibhavvyas0
7145,16706557,"Nurullah Gundogdu","2026-08-11 17:52:07",189.6,2,nurullahgundogdu
7146,16691502,"DILANE FOGUE KAMGA","2026-08-08 15:20:05",189.5,1,dilanekamga
7147,16657462,"CROP CODERS","2026-08-10 18:00:28",189.4,2,"dhanvanthraj,raghavan9944,shanmugam666,sitha2345,sumaiyahibrahim"
7148,16662557,"Naman Sudershan","2026-08-05 13:21:08",189.4,2,namansudershan
7149,16625043,"Ivan Litvak","2026-08-27 21:14:45",189.0,2,trydotatwo
7150,16680858,"Harshul Gupta","2026-08-21 04:40:05",189.0,2,harshulgupta77
7151,16662859,"Mohamed Zahran","2026-08-05 04:41:56",188.8,1,zrnking2012
7152,16658693,leehuilong,"2026-08-06 12:49:22",188.6,2,leehuilong
7153,16629426,"Abdullah Qureshi","2026-07-31 10:00:44",188.6,2,abdullahqureshi120
7154,16641277,Zenieverse,"2026-08-30 05:09:04",188.5,2,zenieverse
7155,16692568,"Muhammed Gulfam Toor","2026-08-13 19:04:32",188.1,2,gultoor
7156,16654124,"Aditya Kumar Singh","2026-08-05 09:57:29",188.0,2,adityq121608
7157,16655573,"Probablyaphilosopher ","2026-08-16 00:01:40",187.8,2,probablyaphilosopher
7158,16775493,"JOE DEVA JERRY D ","2026-08-26 15:41:55",187.7,1,joedevajerryd
7159,16663265,"Darlington Ayakazi","2026-08-04 20:26:08",187.7,1,darlingtonayakazi
7160,16722089,"Saidjon Ramazonov","2026-08-16 05:51:50",187.4,2,saidjonramazonov
7161,16668495,Herisitraka,"2026-08-05 17:16:28",187.3,2,herisitraka
7162,16686834,Kaabbil,"2026-08-09 16:14:49",187.3,2,"dr3aking,kaabbil"
7163,16671232,"sms tcil","2026-08-07 13:03:30",187.3,1,smstcil
7164,16630041,"Devi prashad tripathi","2026-08-03 17:56:58",187.2,1,deviprashadtripathi
7165,16653906,swaroop41,"2026-08-04 05:53:29",186.8,2,swaroop41
7166,16624973,"Mrunmayee Kulkarni","2026-07-31 06:16:46",186.6,1,kulmrun
7167,16670462,"Talha Kayar","2026-08-15 15:24:03",186.4,2,talhakayar
7168,16654098,"Mohd Zaki","2026-08-26 01:46:45",186.1,2,mdzaki08
7169,16725990,"Parth Tomar","2026-08-24 12:35:45",185.8,2,parthtomar193
7170,16676026,"Bedashree Swarupa Das","2026-08-06 14:14:21",185.8,1,ashokkumardasbedashr
7171,16713002,"Adithya M","2026-08-13 15:42:17",185.8,2,adithya3907
7172,16677403,bababoy,"2026-08-15 14:55:17",185.6,2,adrienrenard
7173,16660285,"Sawan Kohli","2026-08-06 13:11:44",185.5,2,sawankohli
7174,16734901,Breaking1800,"2026-08-22 10:59:10",185.2,2,breaking1800
7175,16666706,baijiachang,"2026-08-05 11:04:21",185.0,1,baijiachang
7176,16715354,"Alyssa Clark","2026-08-14 02:52:26",185.0,2,a1yssaclark
7177,16677081,"Brandon Gaston","2026-08-12 23:49:58",184.6,1,mushmon
7178,16757671,xxxxc47,"2026-08-22 08:25:52",184.6,1,xxxxc47
7179,16737641,"PATIL ATHARV VIJAYKUMAR","2026-09-01 18:05:10",184.4,2,"atharv095022,patilsarthakvilas,sonuretusharsuresh"
7180,16663945,anyasri,"2026-08-18 03:52:31",184.4,2,anyasri
7181,16697466,"hunain shahid","2026-08-11 06:12:38",184.4,2,hunainshahid230
7182,16690199,"Lavkush Yadav","2026-08-08 10:20:55",184.3,1,lavkushyadavcse
7183,16712562,"Sagar Singh","2026-08-17 09:28:26",184.3,2,acrejzz
7184,16752481,"Thanh Toan","2026-08-21 08:33:13",183.7,2,tonnglthnh
7185,16705360,Elahi,"2026-08-18 05:49:00",183.4,2,mmelahi
7186,16663334,"sameer mughal","2026-08-29 20:12:57",183.3,2,sameermughal109
7187,16688288,"Ojo Oluwadamilare","2026-08-08 01:43:30",183.3,2,ojooluwadamilare
7188,16662662,"Joaquim Jose1","2026-08-04 17:57:03",183.0,1,joaquimjose1
7189,16657344,"Ombayo fredrick","2026-08-04 14:04:04",182.6,2,ombayofredrick
7190,16656278,"Bhuvaneshwari Rebba","2026-08-04 09:20:36",182.6,1,bhuvaneshwarirebba
7191,16659247,cindrella_18,"2026-09-02 06:43:32",182.3,2,"ankithraj30,neharaj1518"
7192,16623563,"Jocelyn Dumlao","2026-09-01 02:35:54",182.2,2,jocelyndumlao
7193,16633003,"K Mukhiya ","2026-08-01 12:09:51",182.1,2,kmukhiya
7194,16640468,"Sohangkumar Patel","2026-08-26 15:00:44",182.0,2,samsamurai
7195,16662803,"Ashish Gawade","2026-08-04 19:11:19",181.7,2,ashishgawade
7196,16633551,"Subarno Sen","2026-08-25 04:42:35",181.7,2,lordfiftyfive
7197,16665223,"Sawon Mitra","2026-08-07 11:11:17",181.5,2,sawonmitra
7198,16659271,Hamish,"2026-08-12 12:48:51",181.2,2,hamishdickson
7199,16685093,"Huzaifa Inam","2026-08-07 13:47:15",181.0,2,huzaifainam
7200,16681895,Akshar,"2026-08-07 06:16:19",181.0,2,aks0625
7201,16658362,MHaurel,"2026-08-09 15:32:45",180.8,1,hetax17
7202,16667231,bettsy,"2026-08-05 12:12:35",180.8,2,bettsy
7203,16697339,"Muhammad Safwan Ahmad Saffi","2026-08-15 00:28:21",180.7,2,safwanahmadsaffi
7204,16664458,"Prantik Chandra","2026-08-05 05:47:10",180.6,1,prantikchandra
7205,16690112,"Ayush Tripathi","2026-08-17 09:03:03",180.6,2,ayushtripathi112
7206,16669311,Schoki,"2026-08-17 22:26:49",180.5,2,jensdnisch
7207,16658033,"sanjay Ghalagi","2026-08-27 15:29:34",180.5,2,sanjayghalagi
7208,16659929,"MAMADOU LY (LY BOUSSO 45)","2026-08-13 11:43:25",180.4,2,mamadoulylybousso45
7209,16658440,"Gloria Lourelynn S","2026-08-04 15:16:09",180.3,1,glorialourelynn
7210,16659870,"Tien N.","2026-09-03 06:58:23",180.3,2,tientrum
7211,16698164,"Ruizhang Zhi","2026-08-27 14:51:13",180.2,2,ruizhangzhi
7212,16657227,"Anusha Marla","2026-08-04 07:05:53",180.2,2,anushamarla
7213,16657306,"Krunal Chavda","2026-08-07 21:38:11",179.9,2,krunalchavda21
7214,16732355,"Nagesh gite","2026-09-03 08:34:28",179.9,2,"kuberb,nageshgite,vasugupta1121"
7215,16785398,"Vitória Freitas","2026-08-28 20:07:12",179.9,1,vitoriafreitas13
7216,16755664,"Shivam Rajdev","2026-08-21 17:52:04",179.7,1,shivamrajdev
7217,16633190,Gigrise,"2026-09-02 04:57:09",179.6,2,gigrais
7218,16780986,Azizbek,"2026-09-01 14:26:45",179.6,2,miracle88
7219,16769595,Rudra,"2026-09-03 02:18:39",179.5,1,rudrabhaskar
7220,16659062,"MOHAMMAD SUBHAN PASHA","2026-08-17 07:14:09",179.4,1,mohammadsubhanpasha
7221,16634761,"CHARHBILI Moad","2026-08-07 13:44:23",179.3,1,charhbilimoad
7222,16632458,"RAMAN BANSAL","2026-08-24 04:35:56",178.8,1,ramanbansal
7223,16661447,"Sibel Özbek","2026-08-04 20:50:27",178.6,1,sibelzbek
7224,16777407,"Fahrur Rozzi","2026-08-26 23:01:52",178.6,1,frozzi18
7225,16698307,AnasAl7,"2026-08-10 13:08:08",178.3,2,anasal7
7226,16657892,"Boonanan namna","2026-08-17 04:36:04",177.9,1,boonanannamna
7227,16690433,"Amar Amar Gupta","2026-08-15 10:08:37",177.8,2,amaramargupta
7228,16701106,moshito,"2026-08-10 14:13:58",177.8,2,"danamaulana123,moshito,naufaldhiaulhaq01"
7229,16629441,Sofia_Gilka,"2026-08-01 07:45:58",177.8,2,sofiagilka
7230,16690195,"Manshi Shukla","2026-08-08 10:12:24",177.7,2,manshishukla
7231,16697540,"Jared Floersch","2026-09-02 14:34:06",177.3,2,jaredfloersch
7232,16721941,"Rita Ohabuenyi","2026-08-14 12:57:37",177.3,2,ritaohabuenyi
7233,16695951,"Gleb Makarenko","2026-08-09 18:21:25",177.1,2,gleny48
7234,16664586,"Owen Lim","2026-08-05 05:42:25",177.0,2,owenlim45
7235,16756875,"Meryem Kevser Keskin","2026-09-01 21:30:35",176.6,2,meryemkevserkeskin
7236,16657578,raushancoursework,"2026-08-05 06:54:51",176.3,1,raushancoursework
7237,16639615,rickzai,"2026-09-01 05:37:21",176.1,2,rickzai
7238,16712406,"L Sangeetha","2026-08-18 01:56:24",176.0,2,lsangeetha
7239,16656164,"Justin Schomer","2026-08-09 09:05:59",175.6,2,fathersecurity
7240,16654384,"Alladi Sai Kalyan Raman 24BCE1509","2026-08-30 09:33:11",174.5,2,alladisaikalyanraman
7241,16683903,Saju,"2026-08-17 11:31:45",174.1,1,sajutr
7242,16656954,"Marwan Elmetwally","2026-08-04 05:56:29",174.0,2,marwanelmetwally
7243,16802035,"sanchit atre","2026-09-01 09:31:07",173.9,2,sanchitatre
7244,16625029,Hilarus,"2026-08-01 15:59:02",173.8,2,hilagbag
7245,16740144,Salmon,"2026-08-21 12:55:13",173.3,2,shin3110
7246,16713896,"Quantum Fusion","2026-08-14 12:12:34",173.2,1,gugurobotics
7247,16784932,"Shefali Pradhan","2026-08-29 10:03:30",172.9,2,shefalipradhan
7248,16734896,pattikamo,"2026-08-27 10:52:28",172.6,2,pattikamo
7249,16667886,"Ubaid ur rehman 0345","2026-08-05 15:23:12",172.5,2,ubaidurrehman0345
7250,16723289,"Caio Saboia","2026-08-28 18:24:29",172.1,1,caiosaboia
7251,16741243,"Yasin Mert Şahin","2026-08-19 08:02:12",171.9,2,ymertsahin
7252,16670662,"Gina Lee","2026-08-11 22:45:21",171.7,2,ginaleegdm
7253,16802348,Shergill_17,"2026-09-01 11:17:15",170.3,2,shergill17
7254,16763255,"I P Tharun Gowda","2026-08-31 16:07:06",169.0,2,iptharungowda
7255,16794281,"adilio freitas","2026-08-30 22:25:36",168.3,1,adiliofreitas
7256,16712568,"Tanvi Dobariya","2026-08-14 17:39:52",167.6,1,tanvidobariya
7257,16754111,"Kalpana Patki","2026-08-22 16:05:10",167.1,1,kalpanapatki
7258,16739102,"Mithulya Kumarapeli","2026-08-30 03:53:39",166.4,1,sandalim
7259,16662334,"Andres Beltran","2026-08-04 22:58:11",166.4,2,andresbeltran05
7260,16717094,geoperate,"2026-08-13 12:30:26",166.2,1,geoperate
7261,16662933,"Marcelo Pereira","2026-08-19 01:14:40",165.8,2,marcekkusrp
7262,16793648,Sarda___,"2026-08-30 16:51:21",165.7,2,brainnotfound3
7263,16653934,"Ayomide Abdulrahmon","2026-08-03 19:22:32",165.3,2,ayomideabdulrahmon
7264,16647390,"guoqin gu","2026-08-11 08:54:59",165.1,1,guoqingu
7265,16640323,"KOUSHIK KUMAR DINDA","2026-08-29 01:55:31",163.4,2,koushikkumardinda
7266,16660342,"Adapa Gopireddy","2026-08-04 12:49:43",163.2,1,adapagopireddy
7267,16755329,SBedrosian123@,"2026-08-21 15:07:41",162.8,1,sbedrosian123
7268,16717600,"Collistus Kibe","2026-08-21 22:13:38",162.6,2,collistuskibe
7269,16785085,"THEEPAN S.S","2026-08-28 16:35:39",162.4,2,theepanss
7270,16672322,"khalil ur Rehman","2026-08-13 05:10:03",161.0,2,khalilurehman
7271,16737040,"Joseph Djian","2026-08-30 21:18:34",159.4,2,djian55
7272,16680165,"Radwa ALkalifa","2026-08-23 08:39:37",159.0,2,radwahamada
7273,16681056,"Aryan Jhingan","2026-08-11 18:53:48",158.9,2,aryanjhingan
7274,16765566,DIYANSH_JAIN7,"2026-09-03 10:56:38",158.9,1,diyanshjain7
7275,16771841,"Panagiotis Alimisis","2026-08-25 18:00:11",158.7,1,palimisis6
7276,16656815,"Atharva S. Naladkar","2026-08-06 06:46:40",158.5,2,atharvasnaladkar
7277,16674774,"Dine ALASSANE","2026-08-07 05:53:28",158.1,2,dinealassane
7278,16683808,RuggedBones,"2026-09-03 02:08:03",158.1,2,ruggedbones
7279,16634016,"Adrien Thomas","2026-08-19 17:15:08",157.8,1,adrienthomas
7280,16756264,query_stop,"2026-08-27 00:24:14",156.8,2,jaared
7281,16697716,ZEO,"2026-08-09 19:43:41",156.8,1,anuppatil29
7282,16690188,Anurag,"2026-08-08 10:20:42",156.5,2,kumaranu2007
7283,16661160,"Roobhasridevi P","2026-08-04 14:31:22",156.1,1,roobhasridevi
7284,16679979,Pranav6657,"2026-08-07 02:40:48",154.3,1,pranav6657
7285,16707146,kaganou,"2026-08-11 13:19:53",154.3,1,kaganou
7286,16733121,saturnliu,"2026-09-02 07:34:54",153.4,2,saturnliu
7287,16662123,hannhu40022,"2026-08-04 18:45:07",153.2,2,hannhu40022
7288,16626159,"Cảnh Đinh Tiến","2026-08-02 09:17:36",153.2,2,tourist110406
7289,16756344,"Pasindu Perera","2026-08-21 19:21:11",152.9,1,amavinperera
7290,16705490,"KASTHURI DEVI M","2026-08-13 10:42:42",152.7,2,kasthuridevim
7291,16778908,"PATIL ADITYA PANDURANG","2026-09-01 17:34:33",152.3,1,"jagdalepranavsagar,patiladityapandurang,pavankadam7005"
7292,16814946,"Bekama Regasa Negewo","2026-09-03 07:30:36",152.2,1,bekamaregasanegewo
7293,16623660,"Taylor S. Amarel","2026-07-31 23:36:48",151.6,1,taylorsamarel
7294,16750391,"Batuhan Yerebasmaz","2026-08-20 18:34:21",151.4,2,batuhanyerebasmaz
7295,16621770,"Rudraksh Zodage","2026-07-30 20:07:49",150.2,2,rudrakshzodage
7296,16656235,"Zain Ul Abideen Samo","2026-08-06 15:22:02",150.1,2,zainulabideensamo
7297,16636855,"Wynn Koo","2026-08-01 14:03:04",150.0,1,yongfenggg
7298,16654556,anjipoo,"2026-08-05 15:33:04",149.0,2,anjana0812
7299,16713435,"Visruti Patidar","2026-08-16 11:18:23",148.7,2,visrutipatidar
7300,16683220,Kongali,"2026-08-10 01:24:37",147.7,2,kongali
7301,16716402,"Shashvat Singham","2026-08-13 10:56:39",146.3,1,shashvatsingham
7302,16659582,"Srikanth Adivanna","2026-08-04 11:25:45",146.2,1,srikanthadivanna
7303,16690499,SuperAI@2615,"2026-08-11 16:42:48",145.9,2,superai2615
7304,16658189,"Zale John","2026-08-26 00:48:24",145.8,2,zalejohn
7305,16679847,"Julio Contreras","2026-08-21 20:29:09",145.7,2,juliocontreras
7306,16664199,SomyaSingh_07,"2026-09-01 07:03:52",145.7,2,somyasingh07
7307,16799001,"Trịnh Quang Minh","2026-09-01 05:16:32",145.3,1,trnhquangminh140
7308,16719809,"Milanto FR","2026-08-14 05:37:48",145.1,2,milantofr
7309,16661969,"Raja T","2026-09-03 14:40:02",144.9,2,rajathiagaraj
7310,16743241,"Adhvaith KS","2026-09-02 14:30:35",144.3,1,adhvaithks
7311,16656240,"SACHIN KUMAR","2026-08-10 03:13:24",144.2,2,sackm123
7312,16621565,"salih chindo","2026-08-12 19:45:58",143.9,1,salihchindo
7313,16659871,"Abel Kpoton","2026-08-04 20:41:20",143.2,2,abelkpoton
7314,16670547,"Maduako Prince","2026-08-05 22:53:03",142.5,2,maduakoprince
7315,16660340,"pawan sondhiya","2026-08-07 06:22:38",142.2,2,pawansondhiya
7316,16731986,Vugar3,"2026-08-17 10:51:29",142.1,2,vuqarxudvrdyev001342
7317,16730745,"Aymerou Yaya Koné","2026-09-02 04:33:04",142.0,2,aymerouyayakon
7318,16662809,"Chukwu Excellent","2026-08-08 22:06:34",141.7,2,chukwuexcellent
7319,16662230,"Angus Mc Gregor","2026-08-13 21:25:46",141.0,2,angusmcgregor
7320,16654363,"NIKHIL YADAV","2026-08-17 21:20:32",140.8,2,nikhilyadav232223
7321,16657486,"Turhan TAS","2026-08-10 09:21:40",140.8,1,turhantas
7322,16723068,"Clara Lima Silva","2026-08-21 21:39:57",140.6,1,claralimasilva
7323,16659881,SantosR,"2026-09-02 12:37:43",140.2,2,santosr
7324,16782192,"Marcelo Correa","2026-08-28 04:15:07",139.0,1,mvcorrea
7325,16662295,"benja cooper","2026-08-04 17:41:28",138.1,2,benjacooper
7326,16659840,"Dasari Giri Gabrelu","2026-08-05 13:41:11",138.0,2,giridasari
7327,16656643,"Willetta Dettore","2026-08-05 15:33:52",137.5,2,willettadettore
7328,16748612,"Priyadharshini B","2026-08-24 12:06:18",137.4,1,priyadh29
7329,16770924,rohit,"2026-09-01 15:55:43",137.2,2,rohitsrinivasan31
7330,16674328,daniel,"2026-08-06 09:34:23",137.0,1,dkamgamegasoft
7331,16744618,"Roberth Douglas UFC","2026-08-27 16:33:10",134.9,2,roberthdouglasufc
7332,16633511,"joshan gladston","2026-08-01 01:19:57",134.3,2,joshangladston
7333,16725070,"Mehak Iftikhar","2026-08-15 13:21:30",134.3,2,mehakiftikhar
7334,16743822,Surya,"2026-08-19 16:21:21",134.0,1,suryapandian
7335,16676977,"Akash Babu","2026-08-28 06:26:25",133.6,2,akashbabu17
7336,16659451,anero98,"2026-08-22 20:47:29",132.9,2,anero98
7337,16623953,"Denuwan Wijesinghe","2026-08-01 07:57:04",132.8,2,denuwanwijesinghe
7338,16661098,"Muhammad aufa azmi","2026-08-04 15:18:35",132.4,2,muhammadaufaazmi
7339,16662714,"Amilcar Rodriguez","2026-09-01 04:22:39",132.0,2,amilcarskt
7340,16659097,noril09,"2026-08-04 11:56:35",131.0,2,noril09
7341,16657303,"Tejas Tiwari","2026-08-04 07:32:17",130.9,1,tejaat
7342,16809022,CheeseFunction,"2026-09-03 13:13:22",130.6,2,cheesefunction
7343,16726311,"Prince Diwakar","2026-08-16 12:55:18",130.3,2,princediwaker
7344,16658297,"Charishma Pillapalem","2026-08-11 12:46:56",130.0,2,charishmapillapalem
7345,16654559,"Kerem Ali AVCIOĞLU","2026-08-03 19:28:49",129.9,2,keremaliavciolu
7346,16727876,"Harrison Wachira","2026-08-16 08:50:03",129.8,1,harrisonwachira254
7347,16662547,"hiteshsinh solanki","2026-08-05 07:59:16",129.7,2,hiteshsinhsolanki2
7348,16775483,"Parv Malav","2026-08-26 16:20:27",128.9,2,parvmalav
7349,16723091,"Naiely Silva","2026-08-28 00:53:34",128.7,1,naielysilva
7350,16778545,Mizunooo,"2026-09-03 09:43:34",128.0,1,mizunooo
7351,16626218,"Srishti Gauraha","2026-08-08 05:40:23",127.7,1,srishtigauraha
7352,16670552,"Harsh Chaudhary ml","2026-08-05 22:16:25",127.6,1,harshchaudharyml
7353,16677441,"ERREGUI YOUSSEF","2026-08-06 18:02:39",126.8,2,erreguiyoussef
7354,16691542,Tushar_SVC,"2026-08-11 04:12:09",126.3,2,tusharsvc
7355,16662455,"Nenavath Shashi","2026-08-04 18:04:52",125.4,2,nenavathshashi
7356,16746655,"Charan Reddy321","2026-08-25 06:27:38",125.4,1,charanreddy321
7357,16735237,"YASH CHIMAN","2026-08-18 04:20:24",125.3,1,yashchiman
7358,16807373,"junxing peng","2026-09-03 01:56:28",123.3,1,junxingpeng
7359,16659308,Attaerabi,"2026-08-05 07:52:52",123.2,2,attaerabi
7360,16662142,"Adnan Khan","2026-08-30 06:22:52",122.9,2,iamadnankhan313
7361,16657561,Roshdibenrojo83,"2026-08-04 07:19:05",122.8,2,roshdibenrojo83
7362,16656685,"Shravani Hibare","2026-08-05 10:15:36",121.8,2,shrahib4725
7363,16670368,"Gary Gitton","2026-08-19 17:03:04",121.4,2,garygitton
7364,16762458,"Promise Matorofa","2026-08-24 10:00:04",120.9,2,promisematorofa
7365,16658695,"Muskan Zahid","2026-08-04 14:14:02",120.8,2,artificial52
7366,16687628,ruchit,"2026-08-28 11:22:16",120.0,1,ruchitkhade
7367,16769234,"Akshar #2","2026-09-03 09:38:13",119.5,2,aksharzala
7368,16621519,Ᏸ𐍂Ꭷ,"2026-07-30 17:30:30",117.7,2,dheerajkannaujiya
7369,16658666,"VMax Agents","2026-08-04 10:57:49",116.8,1,"akhiildheep,mithun5353"
7370,16623094,"Claudia Arias Gonzalez","2026-09-02 20:56:53",116.6,2,claudiaariasgonzalez
7371,16655748,revathip,"2026-08-06 06:00:14",115.4,2,revathiprakash
7372,16700316,"Pranav Waghmare","2026-08-11 16:29:05",115.1,1,waghmarepranav6
7373,16668691,BeltusTebid,"2026-08-05 16:01:45",114.4,1,beltustebid
7374,16662243,"Cepeda Braxton","2026-08-04 19:31:54",113.8,2,cepedabraxton
7375,16794173,"Kamran Arshad","2026-08-31 07:19:49",113.2,2,kamranarshad
7376,16665345,saurabh10june,"2026-08-05 11:53:47",112.7,2,saurabh10june
7377,16654509,"Shruti Kondabathula","2026-08-07 18:17:56",112.0,2,shrutikondabathula
7378,16667489,"Cornol Lieto","2026-08-05 12:31:14",111.8,1,lietocornol
7379,16659041,"uma mahesh23","2026-08-04 11:50:03",111.3,2,umamahesh23
7380,16731873,"Abhishek Singh Solanki","2026-08-19 07:24:47",111.1,1,realabhi5hek
7381,16691729,"ADOLF FAUSTINE","2026-08-18 02:42:39",110.9,2,adolffaustine
7382,16666072,Abinash,"2026-08-05 15:07:52",110.8,2,abinashsinha1726
7383,16808545,"Qinyong Wang","2026-09-02 11:53:03",110.5,2,magicwqy
7384,16665079,"Maguluri Keerthi","2026-08-05 06:16:03",110.2,2,magulurikeerthi
7385,16661419,"Shivansh Soni","2026-08-04 15:08:01",109.8,2,shivanshsonii
7386,16707468,"SBJ 2205","2026-08-12 09:59:33",109.6,1,sbj2205
7387,16693819,"Hossein Shad Manaman","2026-08-12 03:14:58",109.5,2,hosseinshadmanaman
7388,16658898,"SRI shiva","2026-08-07 17:21:07",109.5,2,srishiva
7389,16806568,"Mumtaz Ahmad Maitla","2026-09-02 06:08:22",107.3,2,mumtazahmadmaitla
7390,16755807,PokeTrader,"2026-08-23 14:59:36",104.8,2,poketrader
7391,16730708,ysakuragi,"2026-08-19 01:30:12",104.6,1,ysakuragi
7392,16735064,"Harshada Thorat 129","2026-08-18 03:58:34",104.0,1,harshadathorat129
7393,16678283,"Ajinkya Digurkar","2026-08-21 10:56:03",102.3,2,"ajinkyadigurkar,sakshiagrawal8818"
7394,16790678,Pujolaras,"2026-09-03 14:45:14",102.3,1,pujolaras
7395,16736939,"Flandre 29","2026-08-26 08:23:01",100.5,2,flandre29
7396,16735323,"Souvik Routh","2026-08-18 04:30:21",100.1,1,souvikrouth
7397,16698958,"Shanjaya SK","2026-08-28 15:25:11",99.6,1,"payuu03,shanjayask"
7398,16641109,zzgtylors,"2026-08-06 06:21:50",98.7,2,zzgtylors
7399,16663161,"Pial Mahmud","2026-08-17 10:38:21",97.2,2,pialgroup
7400,16657055,RedKiwi,"2026-08-05 05:57:34",96.5,2,tnmthai
7401,16658577,farmercode261,"2026-08-20 07:15:35",96.0,2,hifnikhakim
7402,16654087,Gabriela_Fernandes4,"2026-08-04 19:12:33",95.3,1,gabrielafernandes4
7403,16654711,"Rupam Bhattacharjee1","2026-08-14 16:43:07",95.3,1,rupambhattacharjee1
7404,16663406,"Elshan Kazim","2026-08-16 08:38:43",94.7,1,elsnkazm
7405,16663897,jayaBhavagan,"2026-08-05 19:34:36",94.6,1,jayabhavagan
7406,16659675,"M.Athallah Rafif Aldera","2026-08-06 12:40:14",94.6,2,mathallahrafifaldera
7407,16660886,"Dr.Eldirdiri Fadol ","2026-08-05 05:30:48",94.5,2,dreldirdirifadol
7408,16803074,"fumihito mori","2026-09-01 14:00:16",94.2,1,fumihitomori
7409,16656777,"Salam Alqerem","2026-08-31 10:59:33",93.7,2,salamalqerem
7410,16658100,"Nanda Riansyah","2026-08-04 08:55:54",92.5,2,nandariansyah
7411,16666273,"Wondu Zerihun","2026-09-01 06:43:22",90.9,1,zerihun369
7412,16633018,purelilyth,"2026-08-20 19:43:09",90.2,2,purelilyth
7413,16728931,Sathwik2006,"2026-08-16 14:25:36",89.4,2,sathwik2006
7414,16668599,"Hafsa Anwaar","2026-08-05 17:43:21",89.2,2,hafsaanwaar
7415,16789546,"lsm jii","2026-08-29 08:48:51",89.0,2,lsmjii
7416,16785053,"Rinosh Bethala","2026-08-28 17:52:26",88.9,1,rinoshbethala
7417,16731524,"Tsyrenov Mergen","2026-08-17 09:42:39",85.9,1,tsyrenovmergen
7418,16663277,"Mariana Mejía","2026-08-24 23:58:54",85.8,2,marianameja
7419,16667773,ShashankJha,"2026-08-11 15:41:47",85.2,2,shankinfy
7420,16680428,"Surabhi veda","2026-08-07 01:49:35",82.5,1,surabhiveda
7421,16666836,"Emir Ayvaz","2026-08-07 05:57:00",80.6,2,emirayvaz
7422,16767147,"Hacker Trinity","2026-08-25 11:21:37",79.9,2,hackertrinity
7423,16798631,dzlabs,"2026-09-01 09:57:10",78.7,2,dzlabs
7424,16658299,"Bakar Prabowo!","2026-09-02 04:20:00",77.4,2,"galihrattn,kingki19,ranggacarkawan"
7425,16644474,"Vihaan Ahluwalia","2026-08-05 13:16:21",76.9,2,vihaanahluwalia
7426,16739908,"Asfam Parvez Kawser","2026-08-18 22:25:36",75.1,2,asfamparvezkawser
7427,16710773,Openaiskrip,"2026-08-12 07:54:38",75.0,2,openaiskrip
7428,16785477,"ASHMIL P URK25CS7129","2026-08-28 18:26:11",74.9,1,ashmilpurk25cs7129
7429,16719441,Gatranova,"2026-08-14 04:11:54",74.6,2,rafiabiyyuairlangga
7430,16679410,"Leke Glean","2026-08-07 17:29:04",73.5,2,lekeglean
7431,16640594,Win2207,"2026-08-07 12:05:07",72.1,2,win2207
7432,16661711,"Wild Star217","2026-08-30 18:00:18",70.8,2,wildstar217
7433,16673372,"Hadyan Adira","2026-08-14 03:16:30",69.0,2,hadyanadira
7434,16632413,"Varun Patil","2026-07-31 18:41:34",68.8,1,varunpatil262005
7435,16665139,"Siddharaj Kulkarni","2026-08-16 05:23:21",68.6,2,siddharajkulkarni
7436,16698953,Locked_in_hell,"2026-08-13 18:31:55",68.0,2,stealthknight
7437,16675209,lavica,"2026-08-11 13:23:03",66.7,2,lavica
7438,16624064,"Hemant Ahlawat","2026-07-31 15:52:56",66.4,2,happyahlawat
7439,16778494,"Agda Niya","2026-08-28 06:43:07",64.1,2,agdaniya
7440,16684847,"M.Harshavardhan Raju","2026-08-09 16:15:49",63.9,2,mharshavardhanraju
7441,16724806,rin2401,"2026-08-15 09:39:51",60.8,1,rin2401
7442,16656753,"TAMAL SINGHA ROY","2026-08-05 07:57:48",60.3,2,tamalsingharoy
7443,16716079,shaurya_pandey@19,"2026-08-13 09:27:49",59.7,2,shauryapandey19
7444,16738778,"DILIP BAVISKAR","2026-08-27 09:44:22",58.6,2,dilipbdilipb
7445,16808566,"contemporary dance","2026-09-02 22:44:14",56.2,2,shigeria
7446,16716562,"Ananya Maurya","2026-08-13 10:01:25",55.8,2,ananyamaurya
7447,16761007,"Pankaj Nakhat","2026-08-23 11:48:21",54.7,2,pankajnakhat
7448,16784650,LukasM1,"2026-08-28 14:15:24",54.1,1,lukasm1
7449,16742172,"Felisitas Mellania","2026-08-25 18:57:18",53.1,2,felisitasmellania
7450,16633932,omikbop,"2026-08-02 12:36:52",50.2,2,omikbop
7451,16714192,"Nishanth Palugula","2026-08-14 06:51:09",50.2,2,nishanthpalugula
7452,16675819,RohitS001,"2026-08-11 18:05:54",49.9,2,rohits001
7453,16708290,"Hrishikesh Thakare","2026-08-12 14:45:08",48.0,1,hrishikeshthakare
7454,16662721,"Manish Sharma","2026-08-12 17:44:16",47.7,2,themihirsharma
7455,16768100,Nathael,"2026-08-25 10:58:51",47.6,2,nathaeldias
7456,16696104,"Harshit Meesari","2026-08-09 14:31:00",46.9,1,harshitmeesari
7457,16676428,wayzhengong27,"2026-08-08 06:34:59",46.6,2,"kkkuek,wayzhengong27"
7458,16761521,"Artificial Silicon","2026-08-29 10:17:46",46.4,1,artificialsilicon
7459,16721495,"404 Crop Not Found","2026-09-01 08:45:29",44.4,2,"aiprojector,boazx15"
7460,16669011,"Siddiqui Rehan Ahmed Furqan","2026-08-07 05:24:38",43.5,2,siddiquirehanahmed
7461,16705637,"Vedant Ghodekar","2026-08-11 05:28:57",36.5,1,vedantghodekar
7462,16667339,"Victor Chege","2026-09-01 13:56:51",36.3,2,victorchege0
7463,16633250,Myst19,"2026-08-03 13:25:15",34.9,2,jakeschweikhart
7464,16689555,"kelvin waruingi","2026-08-09 22:45:23",29.3,2,kelvinwaruingi
7465,16780027,rotto,"2026-09-01 13:18:33",25.0,2,pirotototo4023
7466,16664822,"Prateek Singh","2026-08-05 05:30:22",24.2,2,pra73ek
7467,16624553,"Abiram Bharathi S.A","2026-08-22 05:13:32",22.8,2,abirambharathisa
7468,16661152,"Dr.Abdulbaset Musleh","2026-08-19 20:09:26",22.5,2,drabdulbasetaledresi
7469,16654026,"joju shaji","2026-08-09 16:36:43",21.3,2,jojushaji
7470,16771156,"Ronald Ayamba","2026-08-25 19:16:26",14.2,1,ronaldayamba
7471,16673732,"Async Null","2026-08-06 16:55:26",13.8,1,asyncnull
7472,16658745,"Shabby farms 2.0","2026-08-16 03:10:28",13.5,2,rahulk5418
7473,16794292,"Taylor Clark","2026-09-02 03:15:03",12.5,2,taylorclark637
7474,16644519,"Shambhu Shekhar Sinha","2026-08-12 18:55:43",10.3,2,shambhushekharsinha
7475,16632708,__Taichicchi__,"2026-08-31 17:07:08",9.7,2,hutch1221
7476,16657568,"Manpreet Singh","2026-08-08 13:45:41",6.6,2,manpreet1994
7477,16659501,Duckey,"2026-08-04 13:02:16",4.1,2,bokangletsapo
7478,16792531,"subash jayakumar","2026-08-30 20:14:56",2.0,2,subashjayakumar
7479,16720136,"Roaring Cotton","2026-08-20 07:33:15",0.5,2,daviddavidelijah
7480,16674526,"Imdadul hasan hamim","2026-08-13 07:32:37",0.5,1,imdadulhasanhamim
7481,16676890,luciferingstar256,"2026-08-20 15:40:55",-0.5,1,luciferingstar256
7482,16654404,"Madhan Sidmal","2026-08-11 21:28:45",-2.5,2,madhansidmal
7483,16644439," علي ساجد","2026-08-02 21:40:07",-3.5,2,jdvdjdv97171ushd
7484,16809774,farmci,"2026-09-02 16:59:50",-4.7,1,ermismel
7485,16659057,"Jolvin James","2026-08-07 08:04:22",-12.2,2,jolvinjames
7486,16805234,Ryuzaki2325,"2026-09-01 19:44:54",-14.0,1,ryuzaki2325
7487,16689681,"Prakash Rajan","2026-08-09 16:37:56",-14.2,2,prakashai
7488,16624666,"Avik Das","2026-08-21 08:57:10",-15.7,2,avikdas567
7489,16780318,"Piyush Darinda","2026-08-27 17:28:07",-19.7,2,piyushdarinda
7490,16732320,"Malik Muhammad Arbaz","2026-08-18 13:05:51",-19.8,1,malikmuhammadarbaz
7491,16735078,"SUDHANSHU PATIL","2026-08-18 04:37:33",-26.6,2,sudhanshupatil10
7492,16679250,srskat,"2026-08-16 08:26:30",-30.0,2,srskat
7493,16755427,"Daksh Jain","2026-08-21 15:18:57",-33.3,1,dakshu081
7494,16731488,"James Kimani","2026-08-27 13:18:20",-34.0,1,jaykim122
7495,16663728,"Al'Humairah Ali","2026-08-10 17:28:01",-44.9,1,alhumairahali
7496,16758417,AthulJenson,"2026-08-22 14:21:26",-54.4,1,athuljenson
7497,16685888,LeulYT,"2026-08-10 05:35:44",-54.8,2,leulyt
7498,16683041,Abhishektyagi649,"2026-08-07 08:37:09",-63.3,2,abhishektyagi649
7499,16662922,BrandonDucar,"2026-08-05 16:38:12",-64.2,2,brandonducar
7500,16622991,"Fedor Grigorev","2026-08-27 15:30:57",-67.6,1,fedorgrigorev
7501,16629006,ymym_tymblack,"2026-08-22 09:44:39",-68.4,2,ymymtymblack
7502,16713011,"Tasmayu Swain","2026-08-14 15:49:35",-76.8,1,tasmayuswain
7503,16710428,"Mansi Aggarwal","2026-08-31 18:21:35",-82.6,2,mansiaggarwal88
7504,16675801,"Neeraj Jha","2026-08-06 13:43:18",-83.7,1,neerajjha1996
7505,16657035,"Christvin Mathew","2026-08-04 08:55:56",-87.9,2,christvinmathew
7506,16731829,"Alexandra Tricia","2026-08-19 07:03:33",-89.8,2,alexandratricia
7507,16794008,HyperPlanz,"2026-08-31 13:08:38",-100.0,2,domiandr000
7508,16719181,SaltyCode,"2026-08-16 04:56:22",-114.8,1,saltycode
7509,16659864,"Twin Titans","2026-08-08 07:50:33",-157.3,2,"sivahokage,solaisararaju"
7510,16728276,"ROHAAN ASIF","2026-08-16 11:20:59",-159.6,2,ordinarydev007
7511,16665495,"sai chand Boppudi","2026-08-07 04:19:58",-161.0,2,saichandboppudi
7512,16695221,"Muhammad Daud Abbas","2026-08-12 20:04:32",-164.3,2,muhammaddaudabbas
7513,16660261,"YO_ONE CHAUHAN","2026-08-08 23:49:54",-165.1,2,yoonechauhan
7514,16668701,"Nihal Jamadar","2026-08-09 04:28:26",-166.5,2,nihaljamadar313
7515,16692837,"Sai Uttam Gite","2026-08-09 11:36:32",-174.3,1,saiuttamgite
7516,16717416,"Timofey Kalyak","2026-08-20 07:04:06",-174.3,1,timofeytweaky
