Rank,TeamId,TeamName,LastSubmissionDate,Score,SubmissionCount,TeamMemberUserNames
1,16714457,"Crop Dusta","2026-09-01 02:01:06",3017.1,2,rishigottumukkala
2,16651244,"Knight of Favonius","2026-09-03 14:04:54",2955.0,2,ladyfaye
3,16674508,"Giulio Ravasio","2026-09-03 07:34:49",2929.1,2,giuliorav
4,16622898,"sbol ball","2026-09-02 20:50:54",2928.9,2,"linearbasis,maksimkostritsya"
5,16633790,curiosity,"2026-09-03 10:57:31",2908.7,2,chmffwn1
6,16623990,senkin13,"2026-09-03 15:45:20",2907.2,2,senkin13
7,16743484,"薄和叶 Lv.INF","2026-09-03 14:24:47",2891.1,2,lumine01
8,16657785,"Himanshu Kumar","2026-09-03 18:49:53",2889.8,2,himanshujha2812
9,16698308,Yuan800,"2026-09-03 13:44:36",2888.4,2,yuan800
10,16795062,"Satoshi Nguyen","2026-09-03 13:09:51",2887.5,2,satoshinguyenai
11,16743647,bono,"2026-09-03 08:18:46",2885.1,2,kjoonha
12,16632240,Deepseek的恩情还不完,"2026-09-03 17:30:04",2882.3,2,"iwanys,pedianeko,realybin"
13,16697229,"Masashi Nishimoto","2026-09-03 10:46:11",2882.1,2,masashinishimoto
14,16684093,"fog flower","2026-09-03 09:43:20",2879.2,2,fogflower
15,16688294,"hft farming","2026-09-03 08:54:42",2877.3,2,"gunhcolab,hweowe,markslavin"
16,16730676,ActiveMusyoku,"2026-09-03 12:54:41",2873.5,2,"daiki0381,kohei0okazaki,noriyukimori,ryonatori,seipon"
17,16728071,AI是我的豆包,"2026-09-03 16:19:04",2869.7,2,"blht2026,wocenmma"
18,16621243,"Jesse Bullard","2026-09-03 14:05:15",2861.5,2,jessebullard
19,16749061,"Wang H2O","2026-09-03 08:00:15",2856.0,2,wangh2o
20,16757809,dasfds,"2026-09-03 17:11:04",2849.9,2,dasfds
21,16767215,keiz,"2026-09-03 19:10:56",2847.3,2,keizkeiz
22,16772723,"Zhou Haonan","2026-09-03 13:07:49",2845.0,2,hatsuseizuna
23,16768603,Kinance,"2026-09-03 00:53:56",2841.7,2,kinance
24,16623630,noobanot,"2026-09-03 12:05:20",2840.5,2,noobanot
25,16712863,ominteam,"2026-09-03 12:28:59",2831.8,2,"luantony,suruikk"
26,16662883,OceanMix,"2026-09-03 03:37:27",2831.2,2,"cggonzalezsc,fierus,liesvyvalladares"
27,16677337,"xi luo","2026-09-03 10:03:58",2823.9,2,xiluo00
28,16807802,嘴爷,"2026-09-03 12:43:25",2821.8,2,zui0711
29,16773041,Lixin73,"2026-09-03 12:36:37",2816.3,2,lixin73
30,16684402,vn1111,"2026-09-03 13:49:48",2814.9,2,vn1111
31,16681405,"Yusuke Hayashi","2026-09-03 06:27:30",2810.6,2,yhay81
32,16635969,"Omkar Kadam","2026-09-03 15:02:38",2803.9,2,"itzzomkar,khanayanayub,princypaonam"
33,16749520,"Andrey Tikhomirov","2026-09-02 18:24:48",2802.9,2,andreytikhomirov
34,16735252,LagrangianLocomotive,"2026-09-03 19:42:12",2801.3,2,lagrangianlocomotive
35,16623608,"Dmitry Larko","2026-09-02 19:13:28",2799.9,2,dmitrylarko
36,16790585,wzyxp_123,"2026-09-03 11:19:04",2798.8,2,cloudssdut
37,16624484,"Tomoki Hirose","2026-09-02 15:58:38",2796.5,2,tomokihirose
38,16685763,"koren sabag","2026-09-03 04:49:26",2794.7,2,korensabag
39,16641524,AkiraIshikawa,"2026-09-03 15:29:14",2788.8,2,akiraishikawa
40,16701685,shawloong,"2026-09-03 13:58:40",2788.7,2,shawloong
41,16801457,"Who Stole My Vegetables?","2026-09-03 12:46:44",2782.9,2,subaru486
42,16778340,NayuNayu,"2026-09-03 08:24:46",2777.5,2,nayunayu1005
43,16820116,cotora2121,"2026-09-03 13:20:39",2774.3,1,cotora2121
44,16709967,Matsu,"2026-09-03 13:55:06",2774.1,2,matsuzawahayato
45,16665233,"Akash Deep","2026-09-03 18:22:52",2773.2,2,akashdeepo
46,16670041,tc-al,"2026-09-03 08:24:55",2772.8,2,bobmyersthesecond
47,16654266,古德拜吃,"2026-09-03 11:26:52",2772.6,2,nosaewang
48,16655098,"Brotron Carbide","2026-09-03 13:25:50",2772.2,2,brotroncarbide
49,16727103,sword3522,"2026-09-03 02:37:30",2771.6,2,"qinyanqiu,sword3522"
50,16658149,X,"2026-09-03 14:03:51",2771.1,2,lohithhb
51,16665809,"Saravanan Jaichandaran","2026-09-03 07:21:34",2769.4,2,saranchandar
52,16670384,"Gordeev Max","2026-09-03 10:44:58",2767.2,2,gordeevmax
53,16786517,"TongYi Hong_HENU","2026-09-03 15:44:49",2766.6,2,"hongtongyi,lizhe125,ypeng1234"
54,16784217,MMN0222,"2026-09-03 08:48:54",2764.9,2,mmn0222
55,16663867,"Stephen Schott","2026-09-03 17:30:38",2763.5,2,steve421471
56,16635062,DL,"2026-09-03 16:13:24",2763.4,2,distiller
57,16719123,"Thomas Tschinkel","2026-09-03 16:38:00",2761.6,2,thomastschinkel
58,16655383,MtN,"2026-09-03 15:22:40",2760.6,2,mariotrsn
59,16804549,Feidudu,"2026-09-03 16:32:17",2760.4,2,zenanshao
60,16730357,"My second life","2026-09-03 18:04:14",2758.3,2,"jjinho,ttyn4519"
61,16802410,"Aleksandr  Larko","2026-09-03 14:27:36",2757.1,2,alexxanderlarko
62,16820794,"Yuxuan Ba","2026-09-03 14:12:34",2756.1,2,yuxuanba
63,16730881,hank0123,"2026-09-03 16:36:36",2750.9,2,hank0123
64,16674385,"qr farm","2026-09-03 11:11:03",2750.8,2,qrz1201
65,16768236,Baligh,"2026-09-01 11:15:18",2745.4,2,balighmehrez
66,16655478,Bruce,"2026-09-03 14:15:22",2743.8,2,bruceqdu
67,16656776,ShaoCharles,"2026-09-03 02:50:36",2743.5,2,shaocharles
68,16633340,"Tim Zagrebelny","2026-09-03 12:58:04",2743.3,2,timzagrebelny
69,16660840,"An Garcia","2026-09-03 12:47:20",2742.8,2,angarcia
70,16695685,"kwon yong deuk","2026-09-03 13:48:18",2740.8,2,kwonyongdeuk
71,16637597,venks,"2026-09-02 21:33:23",2740.2,2,vterli
72,16730761,ElephtAI,"2026-09-02 21:57:31",2739.9,2,yuchengj
73,16768043,"Cropy and Paste","2026-09-03 08:34:15",2739.9,2,tfriedel
74,16793553,hoon0303,"2026-09-03 15:34:54",2739.4,2,hoon0303
75,16664640,"Tiannan Zhang","2026-09-03 19:49:38",2736.0,2,underestimated
76,16695229,X1a0Ch3n,"2026-09-03 13:57:36",2733.5,2,xiaochen20236673
77,16713262,"Seyit kaan Gunes","2026-09-03 08:08:58",2732.3,2,seyitkaangunes
78,16668406,"VAP RF5","2026-09-03 15:31:55",2729.6,2,vaprf5
79,16659920,vkhydras,"2026-09-03 18:17:29",2723.5,2,vickimar
80,16811433,"Bx LLLLLLLL","2026-09-03 11:13:01",2723.1,2,bxllllllll
81,16671767,Kaileh57,"2026-09-03 02:59:21",2723.0,2,kaileh57
82,16782520,Durian,"2026-09-03 14:06:20",2720.5,2,rainyjin
83,16637987,Xander,"2026-09-03 08:53:01",2719.0,2,canqiang
84,16683936,Cyrus,"2026-09-03 12:47:59",2718.9,2,jamalsaeedi
85,16763669,cm391,"2026-09-03 14:46:10",2718.8,2,mccocoful
86,16716821,めめっち,"2026-09-03 15:50:08",2717.1,2,mechi22
87,16665829,Shadowfishes,"2026-09-03 14:22:01",2715.8,2,"boandme,ronitagarwal1,shauryasahdev2"
88,16779254,MaxZhuCHN,"2026-09-03 08:08:17",2712.1,2,maxzhuchn
89,16636536,tetsu2131,"2026-09-03 17:16:43",2706.1,2,tetsutani
90,16743639,Hanserong,"2026-09-03 13:06:48",2702.5,2,"ronghedragon,rufus666"
91,16764546,Thirst,"2026-09-03 17:19:54",2700.8,2,wahidakram
92,16707144,Kirderf,"2026-09-03 12:34:01",2700.7,2,kirderf
93,16741542,Jiro2,"2026-09-03 17:23:45",2699.4,2,amonkizawa
94,16705139,gogogo,"2026-09-03 09:56:08",2699.1,2,huzech
95,16806000,wyz0210,"2026-09-03 16:09:31",2697.9,2,weiyouzhen
96,16692956,VanKoha,"2026-09-03 06:31:52",2696.4,2,kohasama
97,16677217,Panos,"2026-09-03 16:25:21",2693.4,2,panosc
98,16742139,ALLAI,"2026-09-03 02:10:02",2689.7,2,glorysing
99,16711752,"Atakan Aldemir","2026-09-03 09:24:35",2687.3,2,atakanaldemir
100,16729102,"Bruce Zheng","2026-09-03 15:58:33",2685.6,2,brucezheng666
101,16758882,mtmr_s1,"2026-09-03 17:03:02",2684.7,2,mtmrs1
102,16750268,"Harris Bashir","2026-09-03 16:57:02",2683.8,2,harrisbashir
103,16669148,"Syed Muhammad Gillani","2026-09-03 19:55:34",2682.7,2,syedmuhammadgillani
104,16778388,"straw hats","2026-09-03 18:16:21",2681.2,2,rushikeshgaonkar
105,16762957,邪悪な暁山瑞希、ジャガイモを量産してフライドポテト市場を独占,"2026-09-02 16:00:32",2679.8,2,yinzimike
106,16761293,cha7ura,"2026-09-03 19:15:09",2679.3,2,cha7ura
107,16657229,"Adam Li","2026-09-03 11:01:57",2678.4,2,lizhiiii
108,16732292,takaygiiiiiiii,"2026-09-03 08:46:29",2675.5,2,takaygiiiiiiii
109,16630251,"Handry Novianto","2026-09-03 14:18:59",2674.0,2,handrynovianto
110,16655654,Cacinie,"2026-09-03 17:12:51",2673.9,2,cacinie
111,16720316,"Hưng Trần","2026-09-03 11:26:17",2673.6,2,hungtrabiz
112,16710140,Lynxx,"2026-09-03 14:28:29",2673.3,2,lynnsakurai
113,16641710,yjshyfy,"2026-09-03 13:31:24",2670.9,2,yjshyfy
114,16746025,Hamachi,"2026-09-03 11:55:58",2670.7,2,hamatz
115,16681744,team_fn,"2026-09-03 06:54:24",2670.5,2,fjklmn
116,16637546,Forrest,"2026-09-03 10:34:34",2665.2,2,yinxiaogang
117,16656496,"Vaibhav Gupta","2026-09-03 20:06:04",2663.7,2,vaihero
118,16792542,RB25det,"2026-09-03 15:28:44",2663.3,2,rb25det
119,16677149,"Umataro Tenma","2026-09-03 06:52:15",2663.1,2,umatarotenma
120,16732051,Jeryos,"2026-09-03 16:29:44",2662.2,2,joulskaf
121,16794090,Euphor_M,"2026-09-03 12:37:05",2661.6,2,euphor
122,16693534,HireMe,"2026-09-03 04:15:06",2660.9,2,junta1104
123,16781166,Ant,"2026-09-03 02:47:35",2660.3,2,anthonytrevino
124,16793600,mogura2.0,"2026-09-03 14:52:18",2660.0,2,mogura20
125,16734551,"junseok lee","2026-09-03 00:36:56",2658.4,2,jaslee2
126,16791248,"Ioannis Tzachristas","2026-09-03 09:29:54",2657.4,2,"ioannistzachristas,lilishyxf"
127,16681601,Hanaro,"2026-09-03 08:46:56",2655.4,2,lucas040
128,16682494,Phi,"2026-09-03 13:31:45",2653.5,2,ajinomoto132
129,16644724,"Kaggriculture Agent","2026-09-03 12:17:01",2652.3,2,"jiweiliu,tonylica,yiheng"
130,16674949,"Lev Neganov","2026-09-03 04:55:48",2651.3,2,levoel
131,16689748,cheesytoasts,"2026-09-03 13:30:45",2650.8,2,cheesinnn
132,16743392,tellurium_rrr,"2026-09-03 15:20:57",2650.0,2,telluriumrrr
133,16641138,"Bharath Varma","2026-09-03 07:41:35",2648.5,2,bharath111l
134,16654463,Mark,"2026-09-03 16:57:54",2647.6,2,robotmf
135,16644808,"Rotation Theory","2026-09-03 04:03:36",2643.9,2,mikhsank
136,16744979,"Ahmed Alhassan","2026-09-02 14:14:55",2643.3,2,ahmed55
137,16621595,OverfitOracle,"2026-09-03 18:06:30",2642.1,2,alisalmanrana
138,16775076,hiros,"2026-09-03 04:15:51",2640.4,2,hiroshige1
139,16678462,"Eric Han Wang","2026-09-03 06:11:14",2638.3,2,ericwang03
140,16718138,Haalandspring,"2026-09-03 17:47:11",2637.4,2,haalandspring
141,16727171,yfy,"2026-09-03 18:42:17",2636.7,2,qwidndbdjss
142,16625060,"Subin An","2026-09-02 22:51:32",2636.7,2,subinium
143,16685556,binghua,"2026-09-03 12:11:52",2635.8,2,binghua123
144,16779388,"Mohammad Alnajdawi","2026-09-03 15:43:25",2634.9,2,mohammadalnajdawi
145,16782564,"Chris Tu","2026-09-03 13:26:41",2633.1,2,christu831004
146,16637973,StephenNedumpally,"2026-09-03 14:05:33",2632.9,2,stephennedumpally
147,16747273,ra1nac1d,"2026-09-03 17:11:17",2629.0,2,ra1nac1d
148,16791712,"xiang W","2026-09-03 09:44:55",2628.6,2,"dekonsu,xiangwaaaaa"
149,16712189,"Kostiantyn Isaienkov","2026-09-03 14:30:07",2628.4,2,isaienkov
150,16731803,JYShane,"2026-09-03 07:00:05",2628.4,2,jyshane
151,16780279,"N Divij","2026-09-02 17:41:10",2624.9,2,divijio
152,16634765,democatXamer,"2026-09-03 16:53:56",2623.4,2,w1326627677
153,16623382,diamond_hoe,"2026-09-02 08:18:46",2623.3,2,bbrage
154,16712258,Yizhou,"2026-09-03 01:40:21",2617.3,2,yaphellee
155,16684202,Ignat,"2026-09-03 10:45:24",2614.2,2,ignatgotin
156,16794536,HirokiTaniai,"2026-09-03 13:16:05",2609.6,2,nyokinyoki
157,16663649,"Akhil Chinta","2026-09-03 01:26:54",2609.4,2,akhilchinta1505
158,16658038,Khanh,"2026-09-03 09:53:41",2608.1,2,khanhp142
159,16656514,"Soan papdi","2026-09-03 16:53:31",2608.0,2,praveensahukari
160,16768385,neibyr,"2026-09-03 13:23:00",2606.3,2,neibyr
161,16711376,"Arman Tuganbaev","2026-09-03 12:56:03",2606.1,2,armantuganbaev
162,16672128,Cliffton,"2026-09-03 03:49:29",2602.6,2,rieltzx
163,16657449,Timass,"2026-09-03 07:28:02",2601.6,2,timmass2
164,16672315,CemBas,"2026-09-03 20:20:06",2600.5,2,cembas
165,16728069,Taisei7,"2026-09-03 15:43:42",2596.4,2,taisei7
166,16630825,"Black Mamba Farm","2026-09-03 06:03:21",2593.8,2,"asherjyd,qizhiran,yukundu231100"
167,16697767,"Teddy Tennant","2026-09-03 03:48:54",2591.8,2,thtennant
168,16677847,ShiviWhivi,"2026-09-03 12:00:43",2590.3,2,blackpearls1
169,16781279,zhyphirus,"2026-09-03 17:19:05",2588.4,2,zhyphirus
170,16716263,"Ugnė Miklovaitė","2026-09-03 09:47:50",2587.1,2,ugnmiklovait
171,16654379,"Sebastian Mateus","2026-09-03 18:38:20",2585.6,2,sebastianmateus
172,16745006,UjjwalPardeshi,"2026-09-03 06:11:37",2582.9,2,ujjwalpardeshi
173,16640807,TS,"2026-09-03 06:42:28",2582.0,2,"milkcoffeen,takumi0220"
174,16784561,"Rodrigo Ramón","2026-09-03 15:56:50",2581.1,2,rodrigoramn
175,16622454,automatylicza,"2026-09-02 19:21:39",2577.2,2,automatylicza
176,16805370,"Gaiar Baimuratov","2026-09-03 05:34:15",2575.5,2,baimuratov
177,16623877,Chikuwabu,"2026-09-03 06:41:05",2571.9,2,prgckwb
178,16794730,Fanch,"2026-09-03 10:01:44",2571.2,2,fanch123
179,16670879,"old macdonald","2026-09-01 15:55:31",2571.2,2,djschmit
180,16756764,"Alperen Aydın","2026-09-03 12:40:06",2569.0,2,alperen5252525
181,16732578,nao.kwmr,"2026-09-03 10:49:42",2567.0,2,naokwmr
182,16769836,weense,"2026-09-03 13:36:00",2566.9,2,weense
183,16660281,"xiy lin","2026-09-03 11:37:38",2566.8,2,xiylin
184,16622842,Will,"2026-09-03 18:08:05",2566.0,2,wguesdon
185,16723955,chunsuri,"2026-09-03 07:02:53",2565.9,2,chunsuri
186,16621533,"Vladislav Kartashov","2026-09-03 18:23:05",2565.7,2,phoenix0501
187,16691270,"Piyal Chowdhury","2026-09-03 14:08:20",2561.0,2,piyalchowdhury
188,16668783,Zyy7390,"2026-09-03 16:22:24",2557.8,2,"tigerrrrrr,zyy7390"
189,16806938,boominginging,"2026-09-03 10:30:11",2557.6,2,boominginging
190,16762289,NineThree,"2026-09-03 12:02:26",2557.0,2,xiaoazuzong
191,16624934,"Haramball forever!","2026-09-03 18:27:39",2556.8,2,envyy23120093
192,16730323,fufufukakaka,"2026-09-03 03:12:23",2556.4,2,fufufukakaka
193,16811890,Bobbbbbbbbx,"2026-09-03 15:25:01",2556.0,2,bobbbbbbbbx
194,16811224,yuya,"2026-09-03 13:08:39",2555.7,2,yuomori
195,16621590,Yaroslav,"2026-09-03 17:56:19",2555.3,2,yaroslavrogoza
196,16675344,PP_Azalearn,"2026-09-03 12:13:03",2554.6,2,"androidss,keitookamoto,pptakehirokawada"
197,16694149,maxout,"2026-09-03 12:58:09",2553.9,2,"aadijoshi19,kavyabhand"
198,16659555,"Joseph Adamski","2026-09-03 13:39:43",2553.2,2,josephadamski91
199,16691867,huyang111,"2026-09-03 13:11:52",2551.5,2,huyang111
200,16626979,"An - Claudex","2026-09-03 16:34:01",2548.7,2,myotterspace
201,16655129,"Morylov Yehor","2026-09-03 12:19:33",2548.3,2,morylov
202,16729280,"Ryoya Tsuruoka","2026-09-03 08:48:38",2546.0,2,"irohasorange,mrooto,rahaia"
203,16631640,"Danielle Lesin fan","2026-09-03 17:50:26",2545.1,2,caoyupeng
204,16775378,TK256,"2026-09-03 11:14:24",2544.1,2,tk256ailab
205,16756153,INV,"2026-09-03 12:49:54",2543.4,2,yutomuroshima
206,16738822,shakedamo0w0,"2026-09-03 12:54:26",2543.2,2,shakedamo0w0
207,16759578,Randy,"2026-09-03 15:08:22",2543.1,2,rvndyerwin
208,16659464,"Héctor Valverde","2026-09-03 06:43:27",2542.6,2,hvpareja
209,16713291,Lperalt,"2026-09-03 06:39:35",2541.2,2,lucianobastidas
210,16704247,WeAreFarmers,"2026-09-03 16:23:52",2541.1,2,gbmorris1
211,16651332,"Le Viet","2026-09-03 15:39:10",2540.7,2,sleepyssr
212,16623458,datnt114,"2026-09-03 07:16:55",2540.5,2,kingkong153
213,16659776,"Ben Hamilton","2026-09-03 03:45:17",2540.4,2,kineticaxisstudio
214,16730578,BostonKaggle,"2026-09-03 15:50:19",2539.5,2,"isthereanycode,lynnkim0"
215,16664111,"John Park","2026-09-02 18:18:46",2539.3,2,sigint
216,16748733,"Driz Lo","2026-09-02 23:28:29",2533.5,2,drizlo
217,16736120,"Ricky #2","2026-09-03 08:15:15",2533.4,2,rickyds97
218,16777406,"Toheeb Ogunade","2026-09-03 17:29:43",2532.5,2,toheebogunade
219,16721805,kavunidze,"2026-09-03 11:04:48",2531.9,2,kartu72
220,16746599,Borrun,"2026-09-02 20:40:23",2528.7,2,borrun
221,16756591,"Hamed Vakili","2026-09-03 20:14:53",2528.0,2,"hamedvakilit0,maryam7713"
222,16655150,"Benjamin H Pepper","2026-09-03 10:18:17",2526.7,2,bhpepper
223,16671454,Shadow,"2026-09-03 07:30:08",2525.3,2,uziahmd
224,16621315,"Reyhan Ksatria","2026-09-03 13:02:45",2524.0,2,reyhanksatria
225,16780141,"One Zero001","2026-09-03 08:43:16",2523.9,2,onezero001
226,16799934,auhulu,"2026-09-03 12:11:03",2521.9,2,auhulu
227,16746395,Levin,"2026-09-03 12:28:43",2520.3,2,"sophiexs,zhengliwen"
228,16811571,"Daniel Guo","2026-09-03 18:54:10",2517.8,2,denialguo
229,16632423,goh,"2026-09-03 03:12:02",2517.7,2,bungohatayama
230,16745569,kitchs,"2026-09-03 02:00:55",2517.6,2,kitchs
231,16814716,edder0798,"2026-09-03 15:03:26",2517.5,2,"edder0798,wangxi608"
232,16789561,"Rohan Kishibe","2026-09-03 12:31:56",2517.4,2,anbianluban1
233,16635745,DataRockstar,"2026-09-03 00:20:51",2517.2,2,"amaropeter,jvlegend"
234,16665637,Luvsh81,"2026-09-03 00:00:30",2517.1,2,luvsh81
235,16797543,Tarang222,"2026-09-03 12:08:38",2516.1,2,tarang222
236,16655789,"wen chong yu","2026-09-02 22:15:30",2515.8,2,wenchongyu
237,16683199,"Filippo Gombac","2026-09-02 17:16:47",2514.6,2,filippogombac
238,16632566,maco-macoo,"2026-09-03 15:52:42",2514.2,2,macomacoo
239,16714134,"Raul Tinajero","2026-09-02 23:46:23",2512.6,2,raultinajeroo
240,16659295,snaykey,"2026-09-03 18:03:53",2512.0,2,snaykey
241,16769059,"Shaw Sebastian","2026-09-02 21:58:27",2510.2,2,"shawsebastian,tvtdddd"
242,16762019,yukino,"2026-09-02 14:55:02",2509.2,2,"jifengjianhao666,mqingcs"
243,16762735,"Zenith Ye","2026-09-02 02:25:46",2508.4,2,zenithye
244,16654704,mandgeee,"2026-09-03 10:57:59",2508.0,2,mandgeee
245,16806014,"weihao huang2004","2026-09-03 04:02:14",2505.2,2,weihaohuang2004
246,16645426,Jun_value,"2026-09-03 01:11:51",2502.1,2,junvalue
247,16622459,"Munal Singh","2026-09-03 01:12:07",2500.1,2,munalsingh
248,16794740,"Alexander R Luz","2026-09-03 18:16:58",2497.8,2,alexanderrluz
249,16658343,aisamhottman,"2026-09-03 11:37:02",2496.7,2,heuingttiang
250,16670371,rkd,"2026-09-03 20:06:37",2494.8,2,ryookd
251,16702975,RicardoLópez,"2026-09-03 15:07:56",2494.5,2,richi2489
252,16807411,tamura_aicon,"2026-09-03 16:46:57",2494.5,2,hayatetaf
253,16667922,JungHwan,"2026-09-03 06:32:38",2494.4,2,najunghwan
254,16731415,BOB,"2026-09-03 10:31:46",2491.9,2,hotpotbro
255,16671150,Mc10nys0n,"2026-09-03 14:18:45",2490.0,2,rattanunt
256,16769411,Beyond,"2026-09-03 19:43:10",2489.3,2,themanysh
257,16749466,"The Wolf of Wheat Street","2026-09-02 18:05:09",2488.7,2,"lijuantang19,yuemengzheng01"
258,16731686,SaiKushal185,"2026-09-03 06:41:12",2487.6,2,saikushal185
259,16734979,NiuLAI,"2026-09-03 10:05:50",2487.1,2,"chunsingyu,chunyinhui,jaminmei"
260,16748476,sam_the_rice_cake,"2026-09-03 05:43:47",2483.9,2,"hash548,wliilamsam"
261,16736542,YuRuiZe,"2026-09-03 07:50:35",2483.3,2,ruoyuruize
262,16665641,"Alexander Shahramanyan","2026-09-03 12:01:17",2481.5,2,alexshah
263,16623805,"Howon Kang","2026-09-03 11:47:17",2478.2,2,howonkang
264,16806195,unreal,"2026-09-02 12:35:10",2477.9,2,gauravgs1007
265,16628951,"Hiro Nomo","2026-09-03 12:59:53",2476.4,2,morinokuma3
266,16696304,"Utkarsh #2","2026-09-03 16:58:10",2474.7,2,n0va007
267,16677107,gagacrow,"2026-09-02 23:03:53",2474.4,2,gagacrow
268,16696999,"HD h Joratos","2026-09-03 14:59:13",2474.0,2,hdhjoratos
269,16742684,Inzilbêth,"2026-09-03 05:11:48",2471.9,2,inzilbth
270,16676321,"tao wu11","2026-09-03 19:40:13",2469.0,2,"taowu11,xujchill"
271,16635029,"Oleg Melnik","2026-09-02 21:05:03",2464.3,2,olegmelnik
272,16641230,"An V1","2026-09-03 13:49:26",2463.4,2,barakuga
273,16669926,Jince,"2026-09-03 12:45:39",2462.8,2,jincesaju
274,16653044,"Claudex - An","2026-09-03 19:30:54",2461.7,2,"binhdth,buphmquc,hainguyenthien,pntan17"
275,16811868,luyinn,"2026-09-03 15:39:43",2460.0,2,luyinn
276,16661558,안녕하세요이세입니다잘부탁드립니다,"2026-09-03 12:09:58",2458.8,2,"moonswalk,municef1"
277,16730473,Kyohei,"2026-09-03 11:16:05",2458.8,2,kyohei3
278,16645203,easonyanyan,"2026-09-03 04:46:56",2457.4,2,easonyanyan
279,16659679,Civitasmass,"2026-09-03 05:24:29",2457.0,2,godhand
280,16766128,"Oleksandr Parfionov","2026-09-03 14:45:51",2457.0,2,parfyon
281,16642570,"Mathurin Ache","2026-09-03 18:50:40",2455.6,2,mathurinache
282,16737650,sime_saba,"2026-09-03 04:34:25",2455.1,2,watarukawashima
283,16764349,Solo,"2026-09-03 08:42:29",2453.8,2,solosolo
284,16677810,"Maksim Borisov","2026-09-03 10:17:56",2453.7,2,ma4ypic4y
285,16795131,XuanxuChem,"2026-09-03 11:45:04",2452.0,2,zhaonoah
286,16808178,qianyuatkaggle,"2026-09-03 13:25:39",2451.4,2,qianyuatkaggle
287,16680144,AM,"2026-09-03 14:20:55",2450.8,2,adammekky
288,16752019,"Kaipeng Zheng","2026-09-03 12:35:26",2450.6,2,kaipengzheng
289,16810078,Sam-wiz,"2026-09-03 18:10:17",2445.4,2,samwiz
290,16760515,"Kazuo Watanabe","2026-09-03 04:35:24",2443.8,2,watanabekazuo
291,16651695,"Abnormal Guys","2026-09-03 10:16:50",2438.0,2,"gwey1025,koushikrudra"
292,16623716,tetsuya,"2026-09-03 00:49:35",2437.5,2,"tetsuya3510,yuanzhezhou"
293,16660041,"Hoàng Quốc Việt ","2026-09-03 09:43:52",2436.3,2,viethwang3i
294,16665294,"Thái Văn Tài","2026-09-02 10:02:36",2436.2,2,thivnti
295,16693965,ra5anchor,"2026-09-03 12:50:31",2431.4,2,junmitsui
296,16806535,"zhangzhuang li","2026-09-03 18:31:12",2431.0,2,zhangzhuangli
297,16684954,"Suneeth reddy","2026-09-03 18:38:38",2430.4,2,suneethreddy
298,16636079,"Pawan Rama Mali","2026-09-03 03:36:12",2429.2,2,pawanmali
299,16752740,BorisV,"2026-09-02 12:19:20",2429.2,2,bvoskresenskii
300,16730719,Xiaowenhao404,"2026-09-03 03:41:57",2426.0,2,xiaowenhao404
301,16715235,l1aF,"2026-09-03 14:24:05",2425.8,2,hhhoang
302,16623400,Less,"2026-09-03 16:46:59",2425.5,2,jiaoyouzhang
303,16673205,"Arda Ceylan","2026-09-03 12:43:12",2423.9,2,ardacey
304,16622349,"Mengfei Li","2026-09-02 21:07:09",2421.8,2,meli19
305,16745949,"Miaohua Zhang","2026-09-03 13:09:35",2420.7,2,miaohuazhang
306,16640510,SpaTaro,"2026-09-03 02:54:45",2419.3,2,tarosqrd2
307,16805778,"Dương Đức Anh","2026-09-03 16:43:18",2419.1,2,dda2k6
308,16805980,Kifine,"2026-09-03 14:44:15",2418.7,2,liaoyingxi
309,16667604,L7n,"2026-09-03 12:20:30",2418.7,2,znwe342
310,16783642,base_camp_2002,"2026-09-03 03:44:07",2417.6,2,basecamp2002
311,16732210,tanadai,"2026-09-03 12:20:14",2414.1,2,da0516
312,16655520,"kaggle Osaka","2026-09-03 18:28:12",2413.5,2,toshiyukitanaka
313,16822602,haru0707,"2026-09-03 16:59:34",2413.3,2,haru0707
314,16809211,"Aleix López","2026-09-03 10:13:15",2413.1,2,aleixlopez
315,16693976,rererenore,"2026-09-03 14:36:36",2411.2,2,rererenore
316,16661743,"Sergey Kutepov","2026-09-03 16:58:19",2410.9,2,natsyst
317,16735094,RngRng,"2026-09-02 23:51:40",2407.5,2,rngrng
318,16796600,skyShenzi5822,"2026-09-03 05:48:32",2406.5,2,skyshenzi
319,16688787,Fih,"2026-09-02 08:01:59",2404.9,2,vencerlanz09
320,16736124,GIN,"2026-09-03 10:26:10",2399.9,2,runjinzhang
321,16710499,sukeke,"2026-09-03 08:33:43",2397.9,2,sukeke
322,16629165,lingyu07,"2026-09-03 00:56:41",2395.2,2,lingyu07
323,16734447,"Ali Bauyrzhan","2026-09-02 13:59:43",2392.3,2,alibauyrzhan
324,16672997,"Francesco Montone","2026-09-02 15:13:04",2392.1,2,francescomontone
325,16707562,Snipine,"2026-09-03 01:59:46",2388.6,2,boluosnow
326,16795853,GaoKui,"2026-09-03 08:15:53",2388.3,2,gaokui
327,16743836,"Auto Fermers","2026-09-03 16:22:59",2384.4,2,"artemboltaev,dmitriigluzdov"
328,16714159,Lonnie,"2026-09-02 19:07:22",2384.1,2,lonnieqin
329,16634312,"Linh Le","2026-09-02 14:01:54",2383.7,2,linhlethuy
330,16709435,"Artyom Lyan","2026-09-03 19:12:30",2383.2,2,arli2016
331,16810275,Adam,"2026-09-03 00:29:24",2382.8,2,potonglantie93
332,16733766,Paarthpowa,"2026-09-03 10:18:35",2382.7,2,paarthpowa
333,16654068,"Renoir Vieira","2026-09-03 11:15:30",2380.4,2,renoirvieira0
334,16627032,"Kaito Fukami","2026-09-03 12:41:33",2376.8,2,kaitofukami
335,16630752,motemen,"2026-09-03 12:31:04",2376.5,2,motemen
336,16732714,Mforg,"2026-09-03 20:33:47",2376.5,2,mforg74911
337,16645596,Kosakunin,"2026-09-03 13:33:57",2376.4,2,yugoawawa
338,16655277,GUAM,"2026-09-03 12:06:44",2375.9,2,"analyticaobscura,jeongminlee92,kmmmvs,wnmgrn"
339,16637255,"Peter Parker","2026-09-03 11:26:22",2375.5,2,superallen001
340,16624979,"Mohamed abdelrazik","2026-09-02 06:19:46",2374.9,2,mohamed3abdelrazik
341,16668262,spbforce,"2026-09-03 19:05:56",2374.7,2,spbforce
342,16755705,"Semyon Epanov","2026-09-03 18:24:55",2373.4,2,semyonepanov
343,16662833,"umair zia","2026-09-03 18:43:22",2372.2,2,aimerscoding
344,16727536,lelelove1225,"2026-09-03 07:17:45",2371.6,2,lelelove1225
345,16744342,"glupez ","2026-09-03 14:47:40",2371.3,2,glupez
346,16730344,lvisdd,"2026-09-03 02:33:37",2370.7,2,lvisdd
347,16755099,"Aleksandr Ulianin","2026-09-03 18:08:42",2370.6,2,aleksandrulianin
348,16764089,UtaAzu,"2026-09-02 23:44:37",2367.9,2,utaazu
349,16698136,"David Estevez","2026-09-03 19:59:12",2366.1,2,destbreso
350,16660255,"Revanth Tambisetty","2026-09-03 02:28:10",2366.1,2,revanthtambisetty
351,16720797,"Vibe Farmer","2026-09-02 16:43:00",2365.1,2,pulakkantibhowmick
352,16782203,"rui xiong","2026-09-02 16:25:53",2364.5,2,xiongruihumingyu
353,16670537,Silhouette,"2026-09-03 14:42:07",2364.1,2,jamessargsyan
354,16638994,wpl,"2026-09-02 20:25:07",2362.9,2,peilwang
355,16734580,shyjin,"2026-09-03 20:30:57",2361.4,2,shyjin
356,16797154,"Elvern Neylmav Tanny","2026-09-03 04:45:14",2360.4,2,elvernneylmavtanny
357,16689366,"Cuong Le","2026-09-03 10:51:25",2359.4,2,ad1999
358,16738492,"Follow Me Gradient","2026-09-03 07:18:19",2359.3,2,farukece
359,16655519,CurveCowboy,"2026-09-03 17:56:47",2358.8,2,curvecowboy
360,16658382,vladee,"2026-09-03 12:56:54",2358.3,2,vladee
361,16758709,dk07dk,"2026-09-03 11:21:30",2358.0,2,dk07dk
362,16773964,trung,"2026-09-03 09:13:37",2356.8,2,trung2006
363,16740405,ibyyue,"2026-09-03 02:11:37",2355.0,2,ibyyue
364,16779564,oycr,"2026-09-03 10:42:32",2354.9,2,"oyxiaobai159,wdt124"
365,16738759,YJR,"2026-09-03 02:04:15",2354.3,2,misakamikoto66
366,16630804,"Emre Cirak","2026-09-03 10:59:16",2353.8,2,biohack44
367,16658221,"Roshan Roy","2026-09-03 18:04:31",2353.6,2,"adhilvt,mohamedarifj,roshanroy333"
368,16654490,"Furious Monk","2026-09-03 14:46:22",2353.0,2,furiousmonk
369,16661039,Abracadabra,"2026-09-03 14:45:21",2353.0,2,giovannicr
370,16624276,陈胜吴广,"2026-09-03 15:34:24",2351.4,2,"horizen12,zejunfool"
371,16742439,"Shangshang Zhang","2026-09-03 15:24:39",2349.0,2,msvzss
372,16663783,WBF_USA_NYC,"2026-09-03 18:14:37",2348.4,2,wbfranci
373,16695664,Bantam,"2026-09-02 06:51:24",2348.4,2,bantam
374,16679688,"Sathwik Chinthakayala","2026-09-03 13:13:50",2347.2,2,sathwikchinthakayala
375,16731186,Naru041104,"2026-09-03 13:53:18",2346.9,2,naru041104
376,16797251,"Nguyễn Mạnh Niên","2026-09-02 06:19:44",2345.9,2,jacobrichard312
377,16641077,lucaskna,"2026-09-02 14:48:27",2344.9,2,lucaskna
378,16773069,Grant,"2026-09-03 04:55:18",2344.6,2,leolin05
379,16735744,老乡,"2026-09-03 04:38:32",2344.3,2,hboyang
380,16622567,"Georgy Mamarin","2026-09-03 16:28:14",2343.8,2,georgymamarin
381,16785523,Doranap,"2026-09-03 18:36:31",2341.9,2,doranap
382,16681116,Kagamihara,"2026-09-02 16:38:03",2341.6,2,kagamihara
383,16632783,chocolat,"2026-09-03 19:15:30",2341.3,2,chocolatnya999
384,16740207,"As Long As You Love Me","2026-09-03 09:28:13",2339.1,2,theunforgiven7
385,16632224,"牧瀬 紅莉栖","2026-09-03 11:38:17",2339.0,2,yamakawanin
386,16675063,"King Tian","2026-09-03 08:16:10",2338.8,2,tianwang1210
387,16732478,Ken_Ken_Pa,"2026-09-03 13:58:43",2337.1,2,kenkenpa
388,16656432,"CornHub Premium","2026-09-02 23:40:50",2337.0,2,nihilisticneuralnet
389,16743582,ShunkiKyoya,"2026-09-03 00:45:23",2333.6,2,shunkikyoya
390,16662121,One-For-All,"2026-09-02 15:34:38",2332.0,2,indarkarhana
391,16630312,beijijun,"2026-09-03 06:17:33",2332.0,2,beijijun
392,16811637,mohui666,"2026-09-03 09:21:41",2331.6,2,mohui666
393,16806587,"Dear Shark","2026-09-03 13:19:58",2331.2,2,dearshark
394,16707915,MGöksu,"2026-09-03 08:47:51",2330.2,2,mgoksu
395,16674312,yuxuan,"2026-09-03 15:21:53",2327.5,2,yuxuan1221
396,16765884,洛希边际,"2026-09-03 03:01:44",2327.3,2,bxz2003
397,16726559,william,"2026-09-03 16:56:05",2326.8,2,hiricodev
398,16632715,cmasch,"2026-09-02 08:54:55",2326.6,2,cmasch
399,16633226,test_money,"2026-09-03 13:01:19",2325.0,2,michaelsemenoff
400,16663632,Seho.Connect,"2026-09-03 16:05:19",2324.1,2,sehoconnect
401,16684045,zekenoe,"2026-09-03 02:01:17",2323.7,2,"yizhewong,zekenos"
402,16671012,"Sean Zhang","2026-09-03 02:59:51",2322.4,2,seanzhang2445
403,16730301,wonder777,"2026-09-03 03:15:10",2322.0,2,wonder777
404,16654715,"Aqib Raza","2026-09-02 19:21:26",2321.3,2,aqibrazadev
405,16687649,track,"2026-09-03 17:18:07",2319.7,2,"ahmedberatozer,omerlleez"
406,16701258,ln,"2026-09-03 13:32:32",2318.9,2,nazarov
407,16785483,xiongrui666,"2026-09-03 03:55:04",2317.8,2,xiongrui666
408,16806376,pardival,"2026-09-03 13:44:24",2317.7,2,pardival
409,16665134,edteoh,"2026-09-03 15:25:58",2313.7,2,edteoh
410,16657904,xfhdh1,"2026-09-03 08:52:57",2312.4,2,xfhdh1
411,16742183,alessandrozonta,"2026-09-03 11:43:48",2311.8,2,azonta
412,16730076,SJY321,"2026-09-03 10:40:23",2310.0,2,sjy321
413,16707467,kay.liechtenstein,"2026-09-03 19:33:18",2309.5,2,kayliechtenstein
414,16783173,"Michael Shihong Zhang","2026-09-03 16:52:53",2309.1,2,"excelexx,festyve"
415,16782954,"Team Dajiang","2026-09-02 12:18:53",2308.8,2,"jihuaye,toolazyhhh123"
416,16695931,"Kers Aoyagi","2026-09-03 14:02:00",2305.7,2,kersaoyagi
417,16774712,icelemon2004,"2026-09-03 15:43:39",2305.6,2,"guanghuchen,icelemon2004,mustard64"
418,16622420,RuiFSPinto,"2026-09-03 07:33:07",2305.1,2,ruifspinto
419,16677855,Mehrdad_LU,"2026-09-03 18:44:20",2303.6,2,mehrdadal2023
420,16665416,"zeyu lau","2026-09-03 17:25:39",2302.2,2,zeyulau
421,16810859,"Michael Silverblatt","2026-09-03 18:42:56",2301.7,2,msilverblatt
422,16749205,"Wish Coding Guy","2026-09-02 10:33:15",2301.6,2,tommycyd
423,16810490,katlun,"2026-09-03 17:03:01",2301.5,2,"hoyin1212,katlun"
424,16660209,"Whyme Labs","2026-09-03 09:02:23",2301.4,2,whymelabs
425,16666442,"SHALWIN SANJU","2026-09-03 17:46:54",2301.1,2,shalwinsanju
426,16669856,StrugglerK,"2026-09-03 17:42:29",2301.0,2,muhammedkaanlker
427,16624919,"Juste Me (●'◡'●)","2026-09-03 13:13:31",2298.0,2,degnonguidi
428,16671017,"Pablo César Ruíz","2026-09-03 02:39:59",2296.0,2,pcruiher08
429,16676114,Gekkotron,"2026-09-03 14:14:58",2294.5,2,gekkotron
430,16731270,"Arthurs Torres24","2026-09-03 15:07:16",2288.6,2,arthurstorres24
431,16731926,"Pardheev Krishna","2026-09-03 16:26:49",2288.2,2,"anandkumar0901,ayushjiwatramani,nidhibsh,nitindatanylatics,pardheev"
432,16740996,ikevayansky,"2026-09-02 18:43:34",2287.9,2,ikevayansky
433,16697089,"aghbalou Anass","2026-09-03 17:55:23",2285.3,2,aghbalouanass
434,16657032,"Ayaan Ghosh","2026-09-03 14:22:59",2285.1,2,ayan9001
435,16630689,yw8837,"2026-09-03 18:53:51",2282.7,2,yw8837
436,16622509,Ali,"2026-09-03 17:47:50",2281.2,2,asalhi
437,16665746,Chiranjieev,"2026-09-03 16:19:44",2281.0,2,"abhirajhiwale,amitambhore27,himanshu2605"
438,16763897,BackFiring,"2026-09-02 17:33:38",2280.7,2,backfiring
439,16664788,rian,"2026-09-03 19:47:14",2279.5,2,rian55
440,16688568,Sophie555,"2026-09-02 20:46:15",2278.1,2,sophie555
441,16736435,Dieter,"2026-09-02 23:12:03",2274.5,2,"arc144,christofhenkel,crodoc"
442,16770424,masspeaks,"2026-09-03 08:36:34",2272.9,2,masspeaks
443,16769849,"Shuwen(Shawn) Ge","2026-09-03 08:12:28",2271.4,2,shuwenshawnge
444,16623399,Kendamarron,"2026-09-03 13:49:15",2270.9,2,kazuhirokuriyama
445,16734914,bharat,"2026-09-03 09:20:19",2270.5,2,bharatmohan
446,16715733,peikopon,"2026-09-03 06:04:52",2270.0,2,peikopon
447,16664836,"Adnan Zaman","2026-09-02 18:18:04",2269.1,2,adnanzamanniloy
448,16751820,yy,"2026-09-03 12:22:24",2268.3,2,hirokiyamazaki
449,16810171,kta_jpn,"2026-09-03 15:21:30",2267.8,2,ktajpn
450,16677568,yarneo,"2026-09-03 11:09:18",2267.0,2,yarneo
451,16655190,"Will Rice","2026-09-03 13:41:23",2266.1,2,willrice
452,16661118,"Sirui Zeng","2026-09-02 18:51:24",2265.7,2,siruizeng
453,16796937,Alan,"2026-09-03 13:15:19",2263.6,2,amunsentom
454,16760241,"Collin Christensen","2026-09-03 08:28:58",2261.3,2,cchristens
455,16682879,"Ace Team","2026-09-03 19:43:32",2256.7,2,drpatrickchan
456,16793427,wuwuwu,"2026-09-03 16:28:21",2253.8,2,wu1570
457,16717756,Dominick,"2026-09-03 16:31:59",2253.5,2,kcinimod
458,16700634,"Alperen Söylen","2026-09-03 15:27:23",2253.2,2,alperensylen
459,16806219,"Yiwei Pu","2026-09-03 06:58:18",2250.7,2,"lvyihan1210,raven20010261,yiweipu"
460,16723379,local,"2026-09-03 16:31:41",2249.7,2,matteo123383iend
461,16669089,YujieXing10,"2026-09-03 04:57:15",2247.0,2,yujiexing10
462,16623466,len8487,"2026-09-03 17:24:08",2246.5,2,len8487
463,16632593,skomuro,"2026-09-03 15:50:08",2245.8,2,skomuro
464,16705830,"Grim Reaper","2026-09-03 05:09:23",2244.3,2,fathomable
465,16777767,"Miyanogawa Yuya","2026-09-03 17:00:59",2243.1,2,veritalogos
466,16730834,TomoyaM,"2026-09-03 13:03:51",2242.6,2,tomoyamiyaake
467,16669826,Jesse,"2026-09-03 02:18:19",2242.1,2,jesneuman
468,16803103,hugghngkai,"2026-09-03 14:59:12",2240.2,2,hugghngkai
469,16806862,JudyWatermelon,"2026-09-03 19:49:50",2239.6,2,judywatermelon
470,16663175,Anaconda,"2026-09-03 15:42:52",2239.1,2,anaconda
471,16732735,MMMMMMMMMMMM,"2026-09-03 13:14:56",2238.7,2,hyh273279
472,16653982,"Arul Prasad S P","2026-09-03 17:46:12",2238.0,2,arulprasadsp
473,16688896,"JianYuan Deng","2026-09-03 10:16:20",2236.6,2,jianyuandeng
474,16774674,"Perminov Matvey","2026-09-03 08:08:59",2235.9,2,mperminiov
475,16751152,"Andrew Reed","2026-09-03 12:14:15",2234.8,2,andrewreed
476,16640933,"Bhanu prasad","2026-09-03 06:54:08",2234.6,2,restlesseagle
477,16723620,3정훈,"2026-09-03 19:14:11",2233.2,2,az05192000gmailcom
478,16669490,hinemos,"2026-09-03 12:36:23",2232.8,2,hinemos
479,16704466,"QQ Farming","2026-08-31 14:47:21",2230.7,2,"dzjiann,hdhsjdjd,mitubant,ngyzly"
480,16634704,"Maham Haroon","2026-09-03 07:36:14",2230.3,2,mahamhc
481,16795982,Vordax,"2026-09-03 18:17:12",2228.6,2,vordax
482,16811251,poijio,"2026-09-03 20:32:59",2226.2,2,poijio
483,16732055,DASH村,"2026-09-03 11:25:54",2225.2,2,sobameshi
484,16624056,Raggriculture,"2026-09-02 14:53:48",2223.5,2,ravi123a321at
485,16633773,copasta,"2026-09-03 16:14:22",2223.1,2,copasta
486,16657276,"Пётр П","2026-09-03 16:43:53",2221.6,2,petrinvest
487,16632867,"Rayk Kretzschmar","2026-09-03 06:04:18",2221.1,2,raykkretzschmar
488,16654373,thwaitsusa2,"2026-09-03 18:17:09",2220.1,2,thwaitsusa2
489,16811247,"Luca Mussino","2026-09-03 18:53:00",2217.4,2,lucamussino
490,16806053,hisatarosu,"2026-09-03 05:53:53",2217.4,2,tomako4390
491,16767360,"Sinh Nguyễn Đức","2026-09-03 15:05:51",2217.4,2,sinhnguync
492,16784056,"anh nông dân may mắn","2026-09-03 17:04:53",2215.2,2,nguyen1tri
493,16806006,2,"2026-09-03 12:33:49",2213.8,2,smallvv
494,16681369,GanadorPlusUltra,"2026-09-02 20:53:05",2213.5,2,ganadorplusultra
495,16623799,"Akhilesh godugu","2026-09-02 13:46:26",2211.7,2,"akhileshgodugu,ashokgodugu"
496,16737237,"Ayodeji Adesegun","2026-09-02 12:09:57",2208.0,2,ayodejiadesegun
497,16757621,Kurokawa,"2026-09-02 12:49:54",2206.8,2,hiroshikurokawa
498,16764605,"Bandito Gangesterito","2026-09-02 14:43:01",2206.8,2,"mrtrueteller,restovrator"
499,16762935,"ibr mo sal","2026-09-03 15:22:36",2205.9,2,ibrmosal
500,16789946,"Oriol Pi Morell","2026-09-03 18:06:37",2205.3,2,oriolpi
501,16765763,latter0206,"2026-09-03 14:58:21",2204.9,2,shoheiyamanaka
502,16639520,"Cary Jin","2026-09-03 17:49:08",2204.8,2,strigiformes
503,16696703,"Aleksei Churashev","2026-09-03 19:41:54",2201.1,2,alekseic
504,16654881,Freddy,"2026-09-02 22:13:37",2200.6,2,twoxding
505,16696720,"JAZ COLD HORN","2026-09-03 08:14:27",2198.8,2,"evanmaksud,jazivxt,maulikgajera,niazmohaimanabtahi,victorhorn"
506,16719884,ykhnkf,"2026-09-02 12:47:32",2198.5,2,ykhnkf
507,16657576,"SUBHASH B","2026-09-02 14:20:11",2198.3,2,"rishikrish1,subhashb21022"
508,16657877,zigiella,"2026-09-03 15:36:02",2197.7,2,zigiella
509,16809874,もたざる,"2026-09-03 15:46:43",2197.5,2,havenox
510,16767960,"Yuvraj Bhati","2026-09-03 19:07:51",2196.8,2,avioon
511,16685634,"Syed Asad Ali","2026-09-03 15:56:36",2196.7,2,syed3000
512,16771200,DeeSaa,"2026-09-03 11:48:02",2196.5,2,deesaa
513,16742159,mimi！,"2026-09-02 09:43:12",2196.4,2,"morongzhu,we111135"
514,16738487,"Andrey Shpigar","2026-09-03 19:13:21",2196.3,2,andreyshpigar
515,16760244,"Alex Paul","2026-09-03 19:27:40",2196.2,2,alexazander
516,16667964,Shuiys,"2026-09-02 12:47:23",2195.0,2,ysshui
517,16746010,"Khoi Tuan Nguyen","2026-09-02 16:07:55",2194.7,2,khoingt
518,16629033,"Igor V","2026-09-03 18:09:28",2194.5,2,rostigor
519,16641169,boatlee,"2026-09-02 12:45:49",2193.8,2,boatlee
520,16811072,Rafael,"2026-09-02 21:30:49",2192.0,1,rafaeldsjhkas
521,16747577,"Nolan BONHOMME","2026-09-03 13:22:05",2191.6,2,nolanbonhomme
522,16676278,"Om Sangwan","2026-09-02 19:27:26",2190.4,2,omsangwan
523,16699165,lime0001,"2026-09-03 16:09:24",2190.0,2,lime0001
524,16647192,"Sailor Ren","2026-09-03 06:32:00",2189.7,2,sailorren
525,16798172,"Dmytro Maliarenko","2026-09-03 16:50:47",2189.7,2,arxitekton
526,16632493,"oni chan arigato","2026-09-02 18:34:13",2189.5,2,"kindasomethin,nabidnur"
527,16623635,HiroyukiSasaki,"2026-09-03 00:15:22",2189.4,2,hiroyukisasaki815
528,16661607,choqui62,"2026-09-03 08:47:33",2189.3,2,choqui62
529,16667479,"Leon Christians","2026-09-03 00:07:03",2187.7,2,leonchristians
530,16668227,Yusuraume,"2026-09-03 09:14:10",2185.5,2,sugitatomohiko
531,16732403,ymg_aq,"2026-09-02 23:15:29",2184.2,2,ymgpalaqs
532,16773039,zyiqun,"2026-09-03 11:30:02",2183.1,2,zyiqun
533,16681125,"M & M & P & Q","2026-09-03 13:12:57",2182.9,2,"morimo,msd0110,piiiiiiiii,qistripute"
534,16774727,"Dannya AbdulHadi","2026-09-03 06:10:10",2182.6,2,dannyaabdulhadi
535,16799554,dengddd,"2026-09-03 15:30:23",2182.4,2,dengdgq
536,16698688,JeremiahMannings,"2026-09-03 07:44:21",2182.4,2,jmannings
537,16765151,htnhtn,"2026-09-03 18:21:35",2180.5,2,htnhtn
538,16742369,"Ömer Faruk Yüce","2026-09-02 15:50:49",2179.7,2,merfarukyce
539,16681007,AkiraOnojp,"2026-09-02 13:01:48",2179.4,2,akiraonojp
540,16758982,Boredom,"2026-09-03 13:36:08",2178.1,2,cudacoding
541,16810308,"Congying Ma","2026-09-02 23:47:08",2177.2,2,congyingma
542,16666434,"JOSHNA ACSHA S 21CS","2026-09-03 17:46:35",2176.0,2,joshnaacshas21cs
543,16693342,takemo,"2026-09-03 05:58:24",2174.2,2,takemoriyuto
544,16774823,fan2goa1,"2026-09-02 21:51:39",2173.7,2,zfun0926
545,16680172,TTANE,"2026-09-03 01:52:55",2172.2,2,otmaneelmahdaouy
546,16697411,VynoDePal,"2026-09-03 19:58:10",2170.7,2,kvynodjo
547,16662318,"Bardia Bahadori","2026-09-03 01:56:29",2170.4,2,bardiabahadori
548,16640991,Xinyi,"2026-09-03 20:09:32",2169.8,2,xinyeee
549,16779957,养了一群扫福瑞,"2026-09-02 12:13:01",2169.6,2,whq0q7
550,16775350,"Sourabh Nirwanevht","2026-09-03 11:37:44",2169.2,2,sourabhnirwanevht
551,16760523,"Joseph Ayanda","2026-09-02 23:45:58",2168.1,2,josephayanda
552,16722995,July,"2026-09-02 09:58:07",2168.0,2,julyzseven
553,16722399,"Meta learners","2026-09-03 14:43:15",2167.7,2,aditya2909rb
554,16712329,"Andrej Carpenter","2026-09-03 06:30:50",2167.5,2,andrejcarpenter
555,16696738,rekhasri,"2026-09-03 00:01:07",2166.6,2,rekhasri
556,16695046,"Farmers Is All You Need","2026-09-03 10:39:04",2165.8,2,"aurax7,coolinlai,davidsarrat,pseree,zongzishuang"
557,16653199,Koba,"2026-09-02 15:11:48",2164.7,2,zone0906
558,16734966,kigasudayooo,"2026-09-03 07:31:34",2162.8,2,argon1215
559,16725793,Krilin,"2026-09-03 18:41:48",2160.0,2,krilin
560,16682932,"Iulian Curte","2026-09-03 06:57:29",2159.5,2,iuliancurte
561,16698999,Odyssey,"2026-09-03 01:53:15",2159.1,2,a1spirit
562,16682210,Boiled-Sweet-Potato,"2026-09-03 04:23:10",2156.6,2,boiledsweetpotato
563,16621063,"Aikyatan Sinha","2026-09-02 11:27:34",2156.0,2,"aikyatansinha,vamshikrishnaemmadi"
564,16783124,Logorhythms,"2026-09-03 17:25:30",2155.9,2,mohammadsaidulislam
565,16686424,"Thần Thoại","2026-09-02 17:01:58",2154.6,2,thanthoai
566,16728492,ほのぼの牧場,"2026-09-03 11:04:26",2153.3,2,masatoshitaniguchi
567,16743342,"Артём Свинобоев","2026-09-03 09:22:50",2152.6,2,ssstelmah
568,16777107,Pipiripipap,"2026-09-03 13:23:52",2151.7,2,yohalf
569,16792410,"Taewoong Kim","2026-09-03 00:07:51",2149.4,2,aleaiest
570,16729192,1m0ke,"2026-09-03 15:50:59",2149.4,2,smokelate
571,16714365,meryol,"2026-09-03 18:24:58",2149.0,2,meryol
572,16734803,guoziyi123456,"2026-09-03 07:25:00",2148.7,2,"ax1lec,guoziyi123456,linhexlu,xuanzhechen"
573,16735794,宗宗没有英文名,"2026-09-03 13:11:59",2148.6,2,iver666
574,16694346,ywwywww,"2026-09-03 08:26:28",2147.5,2,ywywww
575,16679393,"Anvith Pothula","2026-09-03 04:03:20",2147.2,2,anvithpothula
576,16672251,"Kavinkumar M","2026-09-03 08:33:52",2147.1,2,kavinkumarrkm
577,16806023,"Eesh saxena","2026-09-03 19:05:44",2146.2,2,eeshsaxena
578,16622198,"THUNDER THUNDER","2026-09-03 15:46:33",2146.0,2,thunderthunder
579,16675684,washamba_bots,"2026-09-03 17:54:26",2144.0,2,"billygmwangi,futurecentaur,peterkibetspidey,stephanenjoki"
580,16684716,kumanomi,"2026-09-03 11:33:22",2140.8,2,kkkggg
581,16705523,"Brian Chua","2026-09-03 05:49:15",2140.1,2,chuazhengweibrian
582,16663827,magoemu,"2026-09-02 23:14:13",2140.1,2,magoemu
583,16736874,mhiro2,"2026-09-03 00:01:19",2139.9,2,mhiro2
584,16709126,"Jamie Nojek","2026-09-03 14:29:55",2139.3,2,jamienojek
585,16810299,spencersi123,"2026-09-03 11:58:56",2138.5,2,spencersi123
586,16671163,"Suyash Verma","2026-09-03 18:12:30",2135.3,2,suyashdiamond1
587,16640472,"Vsevolod Rakita","2026-09-03 14:16:52",2132.0,2,vsevolodrakita
588,16741096,"Yohanes Lengkong","2026-09-03 20:03:50",2127.3,2,yohanesfc
589,16657594,"Wojciech Krasowski","2026-09-02 20:37:04",2126.9,2,ci3l4k
590,16716078,WENJIE_Wang,"2026-09-01 17:08:17",2125.8,2,"jenzenhuang,luwyeb,wafflebear,wenjiewangdev"
591,16778946,yuki0731,"2026-08-31 00:00:21",2123.0,2,yuki0731
592,16719563,"GPT-5.6 Sol🏆","2026-09-03 12:27:19",2122.7,2,"ctfxiao,gaoruihua,otherworldly777,wennaliu2007,xgentle"
593,16738424,Yunioshi,"2026-09-03 14:50:53",2121.5,2,yunioshi
594,16641751,Hikari_30,"2026-09-03 08:44:15",2118.9,2,hikari30
595,16803592,"Bishal Lamichhane","2026-09-03 13:32:06",2118.1,2,bishallamichhane44
596,16683435,CoorDi,"2026-09-03 07:47:31",2112.8,2,bxy0125
597,16621500,"Reinforcement Larping","2026-09-01 15:56:45",2111.8,2,egortkachenko
598,16805952,hatakazu93,"2026-09-03 02:27:56",2111.2,2,hatakazu93
599,16654403,"Skibidi Six Seven","2026-09-03 09:33:46",2110.8,2,iam4722202468
600,16750314,Captainuknow,"2026-09-03 17:48:29",2109.0,2,captainuknow
601,16674102,没落者,"2026-09-03 08:02:06",2108.1,2,needless090
602,16644481,Liquidus,"2026-09-02 01:29:04",2107.6,2,liquidus
603,16716566,"Junliang Ye","2026-09-03 12:01:05",2107.2,2,junliangye
604,16626332,"MD. Nazmus Sakib Anik","2026-09-03 00:00:29",2106.7,2,beyondlogic
605,16632245,u,"2026-09-03 13:09:10",2105.7,2,"apostoloskontarinis,curbotron13,halzweiman,josephmcgonaglebrown,shreyanshpoddar"
606,16697395,darktetradgod,"2026-09-03 12:38:39",2105.4,2,darktetradgod
607,16654995,"Artem Voronov","2026-09-03 14:19:13",2105.2,2,artemyvoronov
608,16670715,i3,"2026-09-03 12:50:34",2104.1,2,ishijima
609,16740815,Remielle,"2026-09-03 09:16:34",2103.9,2,remielle
610,16713281,SirShifu,"2026-08-31 09:19:51",2103.2,2,sirshifu
611,16799304,"Rlug mb","2026-09-03 13:29:39",2102.4,2,"minhtrph,rlugmb"
612,16731264,kiduna1228,"2026-09-02 14:09:18",2101.9,2,kiduna
613,16634580,akmr,"2026-09-02 17:22:35",2101.7,2,akimaru
614,16702754,"ИТМОНИ AI B2B 67 SaaS","2026-09-03 18:48:32",2101.4,2,"borismatsakov,kirya1"
615,16769885,kurushun,"2026-09-03 08:08:46",2094.1,2,kurushun
616,16688460,lllleeeo,"2026-09-03 17:28:09",2094.0,2,lllleeeo
617,16786126,"Max Bloom","2026-09-03 05:06:36",2093.8,2,maxbloom
618,16652272,"nadhir hasan","2026-09-03 13:13:35",2093.7,2,nadhirhasan
619,16784416,tatt:)ch,"2026-09-03 06:07:23",2093.6,2,tattch
620,16743858,kawauso9n,"2026-09-03 14:42:00",2092.5,2,kawauso9n
621,16731605,datatuu,"2026-09-03 13:04:14",2091.9,2,yaoguang516
622,16768104,"Ivan Aleksandrov","2026-09-02 23:40:03",2091.9,2,ivanblch
623,16809294,Cherie01,"2026-09-03 10:08:20",2090.4,1,cherie01
624,16630675,"Lucien de Rubempre","2026-08-30 17:20:05",2089.5,2,lucienderubempre
625,16790432,"Field General","2026-09-01 01:53:02",2088.2,2,kevinarvai
626,16658677,大山,"2026-09-02 23:16:12",2087.6,2,mapodoufu
627,16736427,KouFu,"2026-09-02 09:58:52",2087.2,2,kouheif
628,16775030,makishis,"2026-09-03 17:41:17",2087.0,2,makishis
629,16670967,xnryxd,"2026-09-03 18:53:26",2086.0,2,al55522me
630,16634149,"Hozuma ITOBAYASHI","2026-08-31 22:48:33",2085.7,2,hozumaitobayashi
631,16716533,wiffany,"2026-09-02 14:51:09",2085.1,2,wiffany
632,16802039,"Anna Currie","2026-09-01 17:53:02",2084.5,2,hcnfgxsghvbkhbty
633,16738820,"Ying Li","2026-09-02 14:39:23",2084.5,2,lyee919
634,16623875,"Pavlo Ivanin","2026-09-03 16:01:27",2084.3,2,pavloivanin
635,16716475,"dong & shen","2026-09-03 04:47:45",2083.8,2,"dongcookies,muyouqian4"
636,16670948,wally0593,"2026-09-02 08:31:29",2078.7,2,wally0593
637,16659957,"Jaydon J P","2026-09-02 04:45:33",2077.9,2,jaydonjp
638,16699741,Tom3,"2026-09-01 19:55:33",2077.0,2,tomohiroaz
639,16725195,易研学社,"2026-09-03 06:50:18",2076.8,2,"chency17,fengwann,mingyingxin,sjojasdq,tbtbbb"
640,16623488,"Kevin E R MILLE","2026-09-03 16:20:22",2076.5,2,kevinermille
641,16725899,Zhenghongshuang,"2026-09-02 01:44:40",2076.4,2,zhenghongshuang
642,16728160,Ozi,"2026-09-03 03:38:32",2075.4,2,muhammaduzair21
643,16631752,"Junichiro Morita","2026-09-03 13:23:29",2072.7,2,junichiromorita
644,16741819,"Paritosh Kumar Tripathi","2026-09-03 07:44:14",2072.2,2,paritoshtripathi5
645,16663247,Ak,"2026-09-03 19:39:54",2071.6,2,abisheksrivastav
646,16673303,"Samuel Sundararaman ","2026-09-02 06:16:43",2069.7,2,neopok919
647,16741500,weichy7,"2026-09-02 07:15:59",2069.6,2,weichy7
648,16709068,Vib,"2026-09-01 04:44:16",2069.1,2,viblal
649,16670276,"Egor Trushin","2026-09-02 18:56:14",2069.1,2,egortrushin
650,16623371,MoZayed,"2026-09-03 10:15:16",2068.3,2,mohamedzayedahmed
651,16678693,"Maher el Ouahabi","2026-09-03 17:03:40",2068.2,2,maherelouahabi
652,16802630,takotakosan,"2026-09-02 15:25:45",2068.1,2,takotakosan
653,16655912,sssskilo,"2026-09-01 23:48:09",2066.5,2,wellkilo
654,16661768,"Lợi Trần Bảo","2026-09-03 01:59:46",2064.8,2,litrnbo
655,16694016,"Prajwal M","2026-09-02 16:15:52",2064.5,2,estrick
656,16734715,史永刚,"2026-09-02 06:35:46",2063.8,2,shizehao
657,16740892,"yuki matsumori","2026-09-02 23:30:23",2062.9,2,yukimatsumori
658,16763375,Makus,"2026-09-01 19:06:00",2062.7,2,alexmartinez75
659,16671425,"Gajenddra Raj","2026-09-02 15:47:38",2061.3,2,gajenddra
660,16689430,"Terry Luo","2026-09-02 10:05:48",2060.3,2,eimhluo1764
661,16797063,Nianhua1,"2026-09-03 04:54:41",2058.9,2,nianhua1
662,16738852,ZJUwlm,"2026-09-01 02:44:23",2058.6,2,zjuwlm
663,16727544,"Mostafa H","2026-09-01 10:03:53",2058.5,2,mostafahaghiri68
664,16790091,ChengxuGu,"2026-09-03 19:20:25",2056.7,2,chengxugu
665,16652710,Ryutogrrr,"2026-09-01 08:02:58",2054.0,2,ryutogrrr
666,16631460,Kosuke.T,"2026-09-02 06:08:27",2053.9,2,kosuke1992
667,16668430,"john inan","2026-09-03 17:49:41",2050.4,2,johninan
668,16806394,Flowers,"2026-09-02 04:03:16",2049.3,1,"guyueyuan,oliver34"
669,16796840,ezalbxx,"2026-09-02 14:26:04",2049.1,2,ezalbxx
670,16644255,Rister,"2026-09-02 23:33:16",2048.3,2,rister101
671,16728959,"no pain no gain","2026-09-03 14:13:24",2047.8,2,ilyayurov2000
672,16711398,Claude我崇拜你啊,"2026-09-03 10:25:25",2047.6,2,chenxizhao21
673,16740851,Zefirrr,"2026-09-01 16:46:15",2047.4,2,zefirrrr
674,16676885,"Riva Kajangu","2026-09-02 20:38:21",2047.3,2,rivakajangu
675,16750416,G!vIOne,"2026-08-31 05:37:40",2047.2,2,gvione
676,16697893,YWehbe,"2026-09-03 19:44:49",2046.6,2,youssefwehbe
677,16639565,yasu,"2026-08-31 06:23:59",2046.3,2,yasutakababa
678,16689844,"Hồ Tuấn Khôi","2026-09-03 15:28:13",2045.2,2,htunkhi
679,16624893,"GURU Prasaatha S","2026-09-03 19:57:44",2045.0,2,guruprasaathas111
680,16718033,TheMightiestMan,"2026-09-03 13:17:40",2044.8,2,themightiestman
681,16684748,"nailong alpha","2026-09-02 04:15:02",2044.2,2,"dejavucry,weiyun22021,yoruet"
682,16732552,RyutoKeshi,"2026-09-03 17:55:49",2043.3,2,ryutokeshi
683,16654158,"Md. Hamid Hosen","2026-09-01 08:31:35",2042.7,2,"esfersami50,foysalemonshanto,hosen42"
684,16659550,"Sai Syam","2026-09-03 06:56:22",2042.6,2,saisyam
685,16730675,"SOUTA Sakurai","2026-09-03 07:40:12",2042.1,2,soutasakurai
686,16718649,"Zakaria Aala","2026-09-02 20:53:54",2041.5,2,zlordgrim
687,16817750,"Baiqing Wang","2026-09-03 12:31:08",2041.0,2,wangbqbqbq
688,16652536,Satoshi_SsSs,"2026-09-03 10:41:52",2040.6,2,satoshissss
689,16634104,FarmGoose,"2026-09-02 14:56:52",2040.3,2,yizhanglou
690,16621585,"Rokaiya Somapti","2026-09-01 12:16:52",2038.6,2,rokaiyasomapti
691,16722888,GarrieD,"2026-09-03 16:35:37",2038.6,2,garried
692,16777394,antadam127,"2026-09-02 09:36:25",2036.2,2,antadam127
693,16705659,"srijan k.r keshri","2026-09-03 05:55:39",2035.8,2,srijankrkeshri
694,16811036,"Jayden Szeto","2026-09-03 19:15:40",2035.7,2,jaydenszeto123
695,16663264,Adarsh,"2026-09-01 13:51:29",2034.1,2,madarshbb
696,16775286,DanilAbdullin,"2026-09-02 05:42:51",2034.0,2,danilabdullin
697,16754112,"rhythm master","2026-09-02 02:01:23",2033.6,2,lukaswong
698,16692845,"Yassine Ben Zekri","2026-09-01 12:05:28",2033.1,2,yassinebenzekri
699,16705390,"Subramanya N","2026-08-25 16:45:45",2032.2,2,subramanya1997
700,16753567,Davics,"2026-09-02 03:13:14",2032.0,2,davics
701,16688217,"The Grower","2026-09-01 15:35:50",2030.7,2,vigneshsankar1962
702,16775353,"YK Pan","2026-09-02 16:06:15",2030.4,2,vansher
703,16682195,celefefwefwe1,"2026-09-02 16:48:52",2030.0,2,celefefwefwe1
704,16659395,HyperX,"2026-09-01 15:04:00",2030.0,2,"diversedharun,harishinkaggle"
705,16731834,Kamma,"2026-09-02 02:35:42",2027.9,2,"cheliu0307,makerfly"
706,16732878,modelcollapse,"2026-09-01 10:23:20",2027.8,2,modelcollapse
707,16661708,"Stanley Honkpehedji","2026-09-03 11:13:53",2025.5,2,stanleyhonkpehedji
708,16709176,Efnutrrionpy,"2026-09-01 22:41:29",2025.3,2,efnutrrionpy
709,16793396,...,"2026-09-03 12:38:01",2025.2,2,shackles6966
710,16733851,tangaii,"2026-09-03 07:43:18",2025.0,2,tangai1
711,16802322,HongchenDai,"2026-09-01 10:08:03",2023.7,2,hongchendai
712,16659961,faahh,"2026-09-02 10:14:47",2023.4,2,shivam98saini
713,16810802,"Musa Khan","2026-09-03 16:40:12",2022.1,1,lazer999
714,16626462,mango,"2026-09-02 00:56:25",2021.9,2,mango789
715,16783459,LKQ669,"2026-09-02 14:33:50",2021.3,2,lkq669
716,16792109,rogerrogerroger3r,"2026-09-03 14:41:41",2020.7,2,rogerrogerroger3r
717,16775474,ERS,"2026-09-01 11:18:15",2020.3,2,shingo257
718,16658830,"Farhat Pachisa","2026-09-01 12:21:28",2020.2,2,farhatpachisa
719,16805870,"Ngo Trung","2026-09-03 09:34:22",2019.8,2,trungngotdt
720,16626093,"Pilkwang Kim","2026-09-03 02:19:53",2019.8,2,pilkwang
721,16639625,"Dr Chandrasen Pandey","2026-09-01 03:02:40",2019.1,2,devchandra
722,16634179,daoviet,"2026-09-01 04:19:33",2017.4,2,daoviet
723,16798317,"Baran Akyıldız","2026-09-03 11:18:23",2016.2,2,baranakyldz
724,16633944,Toru59er,"2026-09-03 09:34:17",2016.2,2,toru59er
725,16665311,"huayang sun","2026-09-02 09:02:22",2014.0,2,okami001
726,16810499,佐藤滉太,"2026-09-03 14:16:08",2014.0,2,s1300200
727,16740659,haodou092,"2026-09-02 13:27:06",2013.9,2,haodou092
728,16622422,ss,"2026-09-03 11:29:32",2013.3,2,forest2026
729,16791924,magu1234,"2026-09-01 06:35:21",2013.1,2,magu1234
730,16727998,hidsaito,"2026-09-03 13:05:07",2012.2,2,hidsaito
731,16762769,"Jacques Buis","2026-09-02 15:30:28",2011.5,2,jacquesbuis
732,16764068,"Chika Komari","2026-09-02 11:18:48",2011.3,2,gothamjocker
733,16722705,我的AI是豆包,"2026-09-03 17:35:49",2010.8,2,"carrotliang,haoxuanjng,kaoqiangzhang,rainhuang0220"
734,16674919,yukiZ,"2026-09-02 00:40:52",2010.4,2,hideyukizushi
735,16654742,"Aastik Rajan15","2026-09-03 09:22:53",2009.7,2,aastikrajan15
736,16802745,"Fuat Çakıcı","2026-09-03 15:01:23",2009.4,2,fuatcakiicii
737,16701051,"Komi ShouKo","2026-09-03 13:05:42",2007.0,2,asdwswdxd
738,16758954,shenjj02,"2026-09-03 00:57:48",2006.7,2,shenjj26
739,16634239,"Radhakrishnan Guhan","2026-09-03 09:08:52",2005.4,2,rmsgrk
740,16803930,"Farrukh Ismoilov","2026-09-02 11:30:29",2005.2,2,fismoilo
741,16658300,"Thành Toàn Vương","2026-09-01 13:22:01",2005.0,2,thnhtonvng
742,16692185,"Xu Suyi","2026-09-01 11:32:05",2004.9,2,xuyuhaosuyi
743,16738503,dddmd,"2026-09-01 14:31:12",2004.7,2,dddmdd
744,16668157,"vineet dairashri","2026-09-01 17:46:14",2004.6,2,vineetdairashri
745,16735837,yaki-imo,"2026-09-02 05:06:46",2004.1,2,taichiakiyama
746,16626191,"kevin park","2026-09-02 22:46:35",2003.6,2,k3v1npark
747,16630548,"YJ Wee 2807","2026-09-03 15:30:32",2001.0,2,yjwee2807
748,16744983,Gappy,"2026-09-03 09:37:52",2000.2,2,takahirohigasa
749,16627888,atl132,"2026-09-03 03:11:31",1999.6,2,atl132
750,16730223,Ojaswy,"2026-09-03 03:33:40",1999.1,2,ojaswy
751,16655758,patience,"2026-09-03 13:24:57",1998.4,2,"weirdocurry,wenjunkai124"
752,16775684,ketterking,"2026-09-01 12:16:58",1997.2,2,"ketterwang,wwppyywwww"
753,16717794,souldrive,"2026-09-03 08:47:35",1996.2,2,souldrive
754,16697898,"Yin Li","2026-09-02 04:34:48",1996.2,2,kevin250304
755,16679694,"Yaro Perventsev","2026-09-02 16:18:13",1995.8,2,yaroslavperventsev
756,16755328,"yang zhang","2026-09-03 16:38:14",1995.1,2,zhang1221ai
757,16718480,PLReddy23,"2026-09-03 00:19:46",1994.8,2,plreddy23
758,16775571,Gaurav06520,"2026-09-02 12:00:14",1994.7,2,gaurav06520
759,16624040,kumk,"2026-09-02 11:26:15",1993.5,2,kknagoya
760,16804859,DevashishSoni123,"2026-09-02 08:18:03",1992.3,2,devashishsoni123
761,16785321,HaoChi,"2026-09-02 08:32:17",1991.8,2,"lishi321,moxi21"
762,16795798,"Refrain 1","2026-09-01 09:36:19",1991.8,2,"chisatoy,refrain1"
763,16817077,"Dinesh kumar Thiyagarajan","2026-09-03 18:35:07",1991.5,1,dineshkumar0705
764,16657316,SCNU,"2026-09-03 09:12:43",1991.4,2,jasonxusk
765,16662628,AbhiniveshSharma5354,"2026-09-02 04:24:07",1991.3,2,abhiniveshsharma5354
766,16662492,"Lester Leong","2026-09-01 09:17:42",1991.0,2,lesterleong
767,16672136,chupaletas,"2026-09-03 11:15:05",1990.3,2,urvesh
768,16625798,grifth,"2026-09-01 01:10:39",1989.9,2,grifth
769,16772109,Yashvs56,"2026-09-03 17:53:16",1989.7,2,yashvs56
770,16687901,Khalid,"2026-09-03 01:10:48",1989.6,2,khalid000000
771,16793895,"Moh Notif","2026-09-03 16:36:05",1989.4,2,mohnotif
772,16775242,"Timothee Henry","2026-09-03 14:55:28",1988.1,2,timhenry
773,16651792,LX,"2026-09-02 10:29:49",1986.3,2,sunnylx
774,16730707,"James Michael","2026-09-03 12:27:13",1984.8,2,ingenio
775,16657931,t-enstar,"2026-09-02 20:05:01",1981.6,2,tstustatama
776,16656011,"Jiashun Tan","2026-09-02 07:55:59",1979.6,2,jiashuntan
777,16793474,"Liu Classmate","2026-09-03 18:15:39",1979.3,2,liuclassmate
778,16779519,"Xiangsong Tian","2026-09-03 08:20:42",1979.3,2,xiangsongtian25
779,16793656,王子铖,"2026-09-02 15:06:03",1977.2,2,aurantium
780,16783721,"LI Mufeng","2026-09-03 17:24:29",1976.8,2,"alkaidchen,limufeng"
781,16681927,"Dariush Afshar","2026-09-03 12:28:15",1976.0,2,dariushafshar
782,16682183,lihaha.36,"2026-09-02 16:51:46",1975.4,2,lihaha36
783,16745761,mitomeat823,"2026-09-03 05:12:00",1974.1,2,mitomeat823
784,16749576,heralces,"2026-09-02 13:59:21",1970.6,2,heralces
785,16739633,kwa,"2026-09-02 05:24:22",1969.6,2,ikaroskaggle
786,16786496,"Lê Quang Cảnh","2026-09-03 08:06:10",1969.3,2,zhincez
787,16721501,αίνιγμα,"2026-09-03 12:15:00",1968.3,2,"muditnagori09,shahidnadaf001"
788,16654585,"David Pedersen","2026-09-03 15:29:06",1967.8,2,semalytics
789,16769967,"Bill Fan","2026-09-02 08:23:52",1967.3,2,billfan88
790,16712121,"Hai Dang","2026-08-30 08:06:26",1963.5,2,haidang2405
791,16693215,"Izzoudine Mohamed KANTA","2026-09-03 14:54:56",1963.2,2,izzoudeenkanta
792,16740010,"Kobe BRYANT","2026-09-03 11:09:13",1962.8,2,kobebryantjohn
793,16644145,"Mehdi Azouz","2026-08-31 10:03:12",1957.0,2,mehdiazouz
794,16655311,"Plant City Planter","2026-09-02 19:03:12",1954.4,2,michaellombard
795,16786595,"dbvz sbsbs","2026-09-02 09:40:48",1953.6,2,dbvzsbsbs
796,16779831,地里偷偷尿尿,"2026-09-02 04:17:57",1950.6,2,jjsdfd22
797,16635351,AAAMIKASA,"2026-09-03 19:40:05",1950.1,2,aaamikasa
798,16709101,"Djaafar Lecheheb DL","2026-09-03 00:40:29",1948.3,2,djaafarlechehebdl
799,16732666,"Stefano Blando","2026-09-03 13:10:45",1947.7,2,stefanoblando
800,16797393,lingmingzi,"2026-09-03 12:42:51",1942.8,2,lingmingzi
801,16754823,"tiki tiki tiki","2026-09-03 19:34:25",1942.1,2,slangitup
802,16622919,Waffle,"2026-09-03 00:25:52",1940.7,2,waffle3z
803,16639871,"Aura Farming","2026-08-31 18:01:31",1939.8,2,gauthieravite
804,16658732,Olympus,"2026-09-03 15:11:53",1939.5,2,jiseungwoo
805,16669911,"Batuhan Ustun","2026-09-02 11:38:43",1939.2,2,batustun
806,16732221,ringbearer,"2026-08-30 09:45:04",1938.5,2,mehmetbarankrat
807,16716317,yzyhello,"2026-09-03 04:16:02",1938.2,2,yzyhello
808,16665700,张广麒,"2026-08-31 08:41:33",1937.0,2,zzggqq
809,16811948,"xiao xiongwei","2026-09-03 15:49:16",1936.3,2,xiaoxiongwei
810,16630331,"Mohamed El-Nageeb","2026-09-03 15:22:20",1935.4,2,thelastsmilodon
811,16769990,delai50,"2026-09-03 16:40:18",1935.3,2,delai50
812,16749034,digitalChaos,"2026-08-31 14:50:30",1934.5,2,digitalchaos666
813,16735628,perrodawn,"2026-09-03 02:33:32",1934.3,2,perrodawn
814,16659103,Arin,"2026-09-01 16:15:10",1933.9,2,skarin
815,16732521,redblackbst,"2026-09-03 04:53:15",1931.3,2,redblackbst
816,16730247,DOM-VASCONCELOS,"2026-09-03 07:14:21",1930.8,2,domcreator
817,16784401,east,"2026-09-03 20:32:12",1927.2,2,eastxe
818,16633178,"Cow Boy","2026-09-02 14:46:23",1927.2,2,shanzhong8
819,16664609,Re2lawd,"2026-08-31 05:42:43",1926.6,2,re2lawd
820,16658962,"Fabian Friedland","2026-09-01 02:35:18",1924.7,2,fabotelli
821,16791163,woldy,"2026-09-03 19:51:12",1924.6,2,woldywei
822,16726915,"인공저능연구소( Artificial Idiocy Lab )","2026-09-03 13:55:16",1924.4,2,megayak
823,16625220,thisray,"2026-09-01 07:55:59",1924.1,2,thisray
824,16657657,ArnabKarmakar,"2026-09-03 03:27:51",1923.5,2,arnabkarmakar
825,16660987,AdrianWang2003,"2026-09-03 09:56:32",1922.9,2,"adrianwang2003,benlou04"
826,16771558,"Vitalie Cervinschi","2026-09-01 00:08:11",1922.5,2,vitaliecervinschi
827,16796238,"Zhongyi Dai","2026-09-01 09:19:24",1921.5,2,zhongyidai
828,16656500,我的豆包是AI,"2026-09-03 14:10:02",1920.7,2,"a982295350,bertmacutata,blencanierice,dangzhiyuan,imoxzm"
829,16757635,"Sridip Basu","2026-08-30 14:10:40",1919.5,2,sridipbasu
830,16734822,Zcy,"2026-08-30 15:01:54",1918.0,2,laura831
831,16662914,"Apollo's cattles","2026-09-02 21:41:39",1917.5,2,"icr007,kennethlie16,romanrozen"
832,16639731,williamrawling,"2026-09-03 00:00:59",1917.3,2,williamrawling
833,16653311,"Stanislav Tsepa","2026-09-03 16:39:29",1916.5,2,mrtsepa
834,16673870,"Yuxiao Wang","2026-09-01 23:47:26",1913.5,2,yuxiaowangx
835,16679987,"Said Mohamed Omary","2026-09-02 20:39:13",1912.9,2,saidmohamedomary
836,16739543,"Akshay #2","2026-08-31 15:39:22",1911.6,2,theakshay
837,16694186,souju00,"2026-09-01 09:06:28",1910.7,2,souju00
838,16753646,"[Deleted] 7d100524-25e6-4751-98db-b4fdce26a5ee","2026-09-02 14:22:45",1909.5,2,del=effabded1aa6d176
839,16714057,"T0m0t0m0 W","2026-08-30 07:55:00",1909.4,2,t0m0t0m0w
840,16731194,"Neglected Turtle","2026-09-03 04:29:55",1909.4,2,pleaselike
841,16692432,"Les 2 oies","2026-09-03 05:03:09",1909.1,2,"sanarceate,youyoucrf"
842,16683567,supr3mum,"2026-08-31 17:58:38",1908.9,2,friklez
843,16748866,masayoshi,"2026-09-03 20:09:12",1908.0,2,masayoshi64
844,16739419,danilka200300,"2026-08-31 12:47:04",1907.8,2,daniilsergeevda
845,16798174,"Jan Bartos","2026-09-01 21:31:27",1905.1,2,janbartos
846,16727266,Agricola,"2026-09-03 13:10:53",1905.1,2,ebisuya
847,16736050,SuperZero11,"2026-09-03 10:22:08",1903.5,2,anandaverma
848,16691512,"Hongxin Su","2026-08-30 12:14:25",1903.5,2,hongxinsu
849,16721384,Hackoholics,"2026-09-02 02:00:49",1903.5,2,"limyenhui,richierx"
850,16664392,AdamHsieh,"2026-09-03 01:35:09",1902.0,2,adamhsieh
851,16722487,Zotar,"2026-08-30 19:24:43",1901.6,2,chunhinma
852,16760490,"nir afek","2026-08-30 21:08:22",1899.8,2,nirafek
853,16696997,coolin666,"2026-09-02 11:27:39",1899.8,2,coolin666
854,16665357,XW,"2026-08-31 14:08:45",1899.6,2,xuewei
855,16721980,pend_ts19,"2026-09-03 03:03:36",1898.9,2,pendts19
856,16763767,"Carson Zhang","2026-08-30 07:05:07",1897.5,2,zmcddn
857,16732879,daulettoibazar,"2026-09-03 03:48:53",1897.0,2,daulettoibazar
858,16725856,"Abhi Datta","2026-08-31 17:40:35",1894.5,2,abhidatta87
859,16658409,AlexMasip,"2026-09-03 15:37:32",1892.8,2,alexmasip
860,16640873,"Takumu Hata","2026-08-31 09:40:42",1892.4,2,takumuhata
861,16675351,-Beterraba,"2026-09-03 00:41:10",1890.7,2,"afonsoo,miguelottoni"
862,16658665,ChandramouliNagasundaram,"2026-09-02 08:56:11",1889.3,2,"enginegeneral,mouliindian"
863,16732530,可抽奖的冰棒,"2026-09-01 13:00:28",1889.0,2,daniel1547
864,16655631,"Djamila Benchikh","2026-09-02 16:29:17",1888.4,2,djamilabenchikh
865,16668370,"Matthew Labrador","2026-08-31 03:08:15",1888.1,2,m4tyuuu
866,16655296,"peeta pit","2026-09-03 13:17:04",1887.7,2,peetapit
867,16623856,aowhite,"2026-09-03 06:12:31",1887.7,2,brandnewyork
868,16766498,"Castian Hans","2026-08-31 15:49:17",1884.6,2,castianhans
869,16623643,LiXingtao,"2026-09-03 03:54:16",1884.5,2,lixingtao123
870,16759501,BaconT,"2026-09-01 22:47:21",1883.6,2,bacont
871,16702429,iamlonely,"2026-08-30 14:58:21",1883.2,2,iamlonely
872,16743788,"Emmanuel Lo","2026-09-03 17:25:40",1883.0,2,emmanuello
873,16693904,DeeperNet,"2026-09-02 09:14:44",1882.7,2,deepernet
874,16688732,tully_boss,"2026-09-02 01:21:17",1882.7,2,"gnux1408,tanakaai24"
875,16783517,"dongdong zhang","2026-09-02 17:00:47",1881.0,2,mcdongdongzhang
876,16679812,"Xiang Li","2026-08-30 17:13:30",1879.7,2,xianglipee
877,16743172,moonzfxs,"2026-09-03 16:14:33",1879.0,2,moonzfxs
878,16693488,HarvestZero,"2026-08-31 21:48:42",1878.2,2,bernardboatey
879,16655505,Debmalya,"2026-09-03 18:22:09",1877.1,2,debmalya84
880,16707547,Lin,"2026-09-02 14:26:11",1876.4,2,linjianrong
881,16642128,"MAC SAHO","2026-09-02 03:11:46",1876.2,2,macsaho
882,16734225,"Vijay athithya ","2026-09-02 07:06:29",1875.7,2,vijay09
883,16633552,Unkn0wn,"2026-08-31 21:04:39",1875.1,2,"harnadshilpa,nagendraadisesha"
884,16786109,"Thomas Deng","2026-09-03 01:56:41",1873.7,2,tdeng24
885,16660485,"Colin Gaffney","2026-09-03 14:56:44",1872.9,2,colingaffney1
886,16775190,bianfu,"2026-09-03 16:30:22",1872.4,2,bianfu
887,16736198,JetJetGo,"2026-09-03 07:11:34",1871.7,2,psykrishna
888,16633688,Ryo,"2026-09-03 13:12:19",1871.1,2,ryosukekurakami
889,16801995,"XD tsui","2026-09-03 11:25:18",1870.6,2,xdtsui
890,16778627,LXZ538,"2026-09-03 06:08:01",1870.6,2,lxz538
891,16623897,satoooh,"2026-08-30 23:16:07",1870.5,2,satoooh
892,16767929,Timbydude,"2026-09-01 18:47:59",1870.0,2,timbydude
893,16778792,"Karthik #2","2026-09-02 17:15:47",1869.7,2,karg14
894,16761641,Diavolo,"2026-08-30 18:32:16",1867.5,2,jeanmarcbah
895,16713335,"Muhammad Imran","2026-08-30 08:37:34",1867.5,2,muhammadimranchitral
896,16674174,"Ramesh Arvind","2026-09-03 08:48:16",1867.0,2,rameshln
897,16657825,MilanJoshi,"2026-09-01 12:04:31",1866.6,2,mlnjsh
898,16668761,"Lorenzo Regalado","2026-09-03 19:43:50",1863.5,2,lregaladohdez
899,16731966,ねねね,"2026-09-03 16:50:15",1863.3,2,napier1550
900,16655633,johnny,"2026-08-31 04:55:56",1862.9,2,jonykarki
901,16669686,"Mert Bayraktar","2026-09-02 11:21:45",1862.7,2,mertbayraktar
902,16670453,141,"2026-09-03 05:32:40",1861.5,2,"muhammadmustafaxo,siddiqshah"
903,16667767,t3l3k3n3sis,"2026-08-30 21:11:34",1861.0,2,"daffafariq,hashmatzamaryali,malsabbagh05"
904,16743427,Under遊具,"2026-09-03 14:20:55",1860.1,2,andayougui
905,16623746,Juyong,"2026-09-03 03:59:00",1859.6,2,kimdoong
906,16748154,taiseiu,"2026-09-03 20:34:12",1859.5,2,taiseiu
907,16793344,zyichi,"2026-09-02 06:41:30",1856.0,2,zyichi
908,16718956,hassan,"2026-09-01 16:14:25",1855.8,2,hasankhhan
909,16659215,"Zhizhou Sha","2026-08-31 12:43:52",1855.4,2,zhizhousha
910,16672549,"ReinFARMent Learning?","2026-09-02 03:19:58",1853.9,2,arksey
911,16621075,"Octavi Grau","2026-09-01 21:13:22",1852.0,2,octaviograu
912,16753974,"David Goldrajch","2026-09-03 18:58:33",1851.9,2,elie2003
913,16689881,"yuki #2","2026-09-02 12:25:29",1848.8,2,hosikusa
914,16713543,"Rustam Bazarbayev","2026-09-03 18:06:00",1846.5,2,rustambazarbayev
915,16728996,autowin,"2026-09-02 17:32:29",1845.5,2,atharvjairath
916,16786255,OceFFFF,"2026-09-03 17:23:13",1845.2,2,oceanfujimoto
917,16668737,"Abish Pius","2026-09-03 16:38:16",1844.2,2,abishpius
918,16777134,Tom&Jerry,"2026-09-01 17:54:50",1841.8,2,tomjerry101
919,16717113,"Dovydas Ruokis","2026-09-02 20:59:10",1840.6,2,dovydasruokis
920,16746275,LittleScottyy,"2026-09-01 18:12:37",1839.3,2,fongwaiyong
921,16654669,"Jordi Corbilla","2026-08-31 07:00:59",1838.5,2,jordicorbilla
922,16791943,tamref,"2026-09-03 06:28:07",1838.2,2,tamreff3290
923,16621154,Zain96,"2026-09-02 02:08:28",1837.7,2,zain96
924,16667951,KoRo2_JP,"2026-08-31 05:47:23",1837.2,2,koro2jp
925,16689863,yukichi0403,"2026-08-30 16:10:08",1837.0,2,yukitake93
926,16795134,"jiawei li","2026-09-01 15:26:21",1836.5,2,jiaweiaaa
927,16642036,enddl22,"2026-09-02 17:36:57",1835.7,2,enddl22
928,16717536,c0nrad,"2026-09-03 19:58:08",1834.9,2,stuartlarsen
929,16623451,Ueddy,"2026-08-30 08:11:25",1834.6,2,ku0807
930,16738534,"Sakito Horie","2026-09-02 17:47:51",1834.3,2,sakitohorie
931,16748187,"Violet Notes","2026-09-03 04:54:02",1833.4,2,dominicjamil
932,16806556,KyryloBakumenko,"2026-09-03 14:38:36",1833.2,2,kyrylobakumenko
933,16657100,"Jacky Chan","2026-08-31 02:56:30",1831.4,2,jhkchan
934,16685950,"Planned Economy","2026-09-02 12:28:01",1830.8,2,alturutin
935,16701728,"katya barzova","2026-09-02 21:10:34",1830.2,2,"nipah1,sigmaborov"
936,16754022,Pico,"2026-09-01 17:21:49",1830.2,2,charithgr
937,16806249,CLJY_2026,"2026-09-03 08:48:24",1829.3,2,cljy2026
938,16781110,yqz,"2026-09-03 04:39:46",1828.5,2,yuqizheng
939,16686483,"all in kaggle","2026-09-01 10:36:39",1828.4,2,leonstew
940,16730524,"THIRD FARM CLUB","2026-09-02 10:37:58",1826.9,2,"bowwowforeach,mooegi,shunrcn,simann"
941,16659843,"Amer Alkhalili","2026-09-03 11:14:28",1824.3,2,ameralkhalili
942,16731630,SatoshiN04,"2026-09-03 05:04:13",1822.7,2,satoshinakamura04
943,16659160,"Dmitry Bardonov","2026-09-02 21:15:39",1820.3,2,bdesim
944,16675671,Marlubie,"2026-09-03 17:13:54",1820.2,2,kchuang
945,16757064,"coke lu","2026-09-03 05:42:56",1820.2,2,cokelu
946,16644229,"Amy Yuan","2026-09-03 05:17:52",1819.9,2,cozytato
947,16785924,Abhinav_26104,"2026-08-31 15:17:41",1818.8,2,abhinav26104
948,16655610,GPTatoes,"2026-08-31 13:13:44",1817.9,2,"angran,kaixuanosmas"
949,16690805,"Alejandro Ayestaran","2026-09-03 19:16:23",1817.9,2,alejandroayestaran
950,16632172,Ayodeji,"2026-08-31 09:17:22",1817.1,2,ayodejiibrahimlateef
951,16730495,joinus,"2026-08-31 22:49:08",1816.2,2,joinus2003
952,16715828,samg,"2026-08-31 02:43:01",1816.0,2,samgreen2046
953,16629685,mikelou1,"2026-08-30 10:12:39",1815.4,2,mikelou1
954,16794841,thisArmin,"2026-08-31 04:29:30",1814.1,1,thisarmin
955,16639263,Yam,"2026-09-03 10:21:51",1813.5,2,minyam
956,16652750,"Bahadir Selim Bakla ","2026-09-03 20:19:03",1813.4,2,bahadirselimbakla
957,16672241,dupakdungking,"2026-08-31 07:26:32",1813.1,2,primarizki
958,16795041,"Denis Revenko","2026-09-01 13:02:36",1812.3,2,denizzko
959,16663252,"MD Concepcion","2026-09-02 20:26:16",1812.3,2,mikedconcepcion
960,16664969,"wuliao luis","2026-09-03 16:31:07",1812.2,2,wuliaoluis
961,16757418,Janus,"2026-09-02 18:50:22",1811.9,2,khaled1alhasan
962,16656659,"James Y","2026-08-31 09:51:47",1811.3,2,redoctopusk
963,16798724,"junfan shen","2026-09-03 14:27:06",1809.9,2,junfanshen
964,16661667,"Wufang Hong","2026-08-31 03:16:22",1809.6,2,wufanghong
965,16728262,wakawakayu,"2026-09-03 13:41:19",1809.5,2,wakawakayu
966,16770089,ouga,"2026-08-30 07:52:29",1809.4,2,ouga1shizawa
967,16632558,"Made a Beautiful Bouquet","2026-09-02 03:49:52",1808.4,2,zaiwubian
968,16732727,brightest66,"2026-08-31 03:04:51",1808.2,2,brightest66
969,16737937,xamad,"2026-09-01 13:19:27",1808.0,2,giannicerrato
970,16706442,tipstar0125,"2026-09-03 09:58:53",1807.6,2,dragonty
971,16634156,"Hiroyasu Okuno","2026-09-03 14:05:51",1807.4,2,hiroyasuokuno
972,16654027,shiv,"2026-08-30 23:28:51",1804.4,2,shivaurora
973,16764228,"Kaixi Zha","2026-08-31 03:32:32",1801.0,2,"huadutry,kaixizha"
974,16732748,"revenge pokekaggler","2026-09-03 15:49:16",1799.5,2,denden12
975,16660121,10pi,"2026-09-02 01:21:07",1797.7,2,meredith10pi
976,16696762,SOSyuki,"2026-08-31 15:37:09",1797.3,2,sosyuki
977,16761418,"Piggy Piggy","2026-08-31 15:36:35",1796.6,2,txgg123
978,16777961,qiwaki,"2026-08-30 10:24:55",1796.2,2,resonayu
979,16668622,"Michael McGrain","2026-09-02 16:05:34",1795.5,2,michaelmcgrain
980,16799797,"Zhong Zinmin","2026-09-03 12:47:21",1795.5,2,zhongzinmin
981,16655169,Musliadi,"2026-08-31 05:51:39",1792.0,2,timscientia
982,16671306,Yeswanthperni,"2026-09-02 03:00:19",1791.5,2,"tanvicaaa,yeswanthperni"
983,16779652,cheezyp,"2026-08-31 06:26:25",1788.7,2,cheezyp
984,16751411,"lamb Liu","2026-09-01 05:04:42",1787.8,2,liuxiaohua72
985,16707057,tamo,"2026-08-31 11:37:06",1787.3,2,ryotakasuya
986,16641548,"Indium AI Labs","2026-09-03 14:21:28",1785.1,2,"devaanshpa,wolframbopp"
987,16748941,"Farmer Shuang","2026-08-31 03:59:28",1784.9,2,shuangxue
988,16750575,Gronk,"2026-09-02 19:10:03",1784.1,2,jianyicai
989,16764342,malone001,"2026-09-03 11:05:03",1783.7,2,malone001
990,16677597,InformaBook2,"2026-09-01 01:34:10",1783.6,2,informabook2
991,16655686,Kyle,"2026-09-01 13:47:44",1783.4,2,kylezhouzhou
992,16768323,thuvuduy16,"2026-08-31 18:59:54",1783.3,2,thuvuduy16
993,16716613,Arvin,"2026-09-01 07:49:12",1783.1,2,chesterx
994,16631421,cg,"2026-09-03 11:45:55",1780.1,2,chaitanyagarg2
995,16669256,Shivam_2212,"2026-09-03 19:38:55",1779.8,2,shivam2212
996,16668564,"Rikito Kanda","2026-08-30 07:12:30",1779.4,2,rikitokanda
997,16784164,Yaojinming,"2026-08-30 12:22:07",1779.3,2,yjm0905
998,16747069,l'rug,"2026-09-02 23:49:12",1778.2,2,sdfsfsfsdf
999,16793287,"Kim Jinseo","2026-08-30 13:47:02",1777.6,2,kimjinseo1
1000,16644480,"Umut Keltek","2026-09-01 14:34:19",1777.3,2,umutkeltek
1001,16746796,kaguramena,"2026-09-03 09:44:22",1777.1,2,kaguramena
1002,16653927,"Fernando GH H","2026-09-01 19:22:12",1775.0,2,fernandoghh2
1003,16785753,"Mizero Lucky Gall","2026-09-03 17:36:59",1774.5,2,mizeroluckygall
1004,16794630,"Yuchuan Ding","2026-09-03 07:32:29",1774.3,1,yuchuanding
1005,16732857,Rojiomote,"2026-09-03 07:09:10",1770.7,2,rojiomote
1006,16662684,"Harshini Reddy","2026-09-02 01:00:45",1770.5,2,luffyh04
1007,16735253,银龙,"2026-08-31 15:05:30",1770.5,2,boyanyanbo
1008,16635340,"zhuo wamg","2026-08-30 09:35:25",1768.8,2,zhuowamg
1009,16769435,"Nguyễn Mạnh","2026-08-30 10:34:31",1768.2,2,nguyenmanh97
1010,16681049,"SiLin “Can SiLin” Can","2026-09-03 06:22:50",1767.3,2,"k3rn3l,silincansilincan"
1011,16803448,jiatu.l,"2026-09-01 14:42:47",1766.5,1,jiatul
1012,16802578,Yuuki4543,"2026-09-03 16:15:00",1765.7,2,yuuki4543
1013,16700510,"Shadow Recon","2026-08-31 13:10:58",1765.3,2,gaurav065
1014,16660726,孙笑川,"2026-09-03 16:41:57",1763.9,2,gengsr
1015,16667724,"Masashi Onda","2026-09-02 12:43:58",1763.1,2,masashionda
1016,16721688,"Hi Im Ryo","2026-08-30 02:14:22",1762.9,2,loto610
1017,16798544,esprit,"2026-08-31 23:47:56",1762.4,1,takuji
1018,16621153,"Addison Howard (ineligible)","2026-09-03 19:05:30",1761.3,2,addisonhoward
1019,16633950,"Matt Motoki","2026-09-01 14:01:55",1760.7,2,mmotoki
1020,16667242,"Gleb Tumanov","2026-09-03 20:04:21",1760.0,2,crachton
1021,16799598,RameshG888,"2026-09-01 05:20:53",1759.6,2,ramesh888
1022,16717186,"Roumak Das","2026-09-03 03:21:00",1759.5,2,roumak77
1023,16669715,housssaamos,"2026-09-03 19:54:52",1757.2,2,housssaamos
1024,16657941,"Nick Styles","2026-08-31 21:15:49",1755.7,2,styles
1025,16696743,"wennan cao","2026-09-03 14:34:37",1755.6,2,wennancao
1026,16635663,"Pascal Pfeiffer","2026-08-31 08:47:35",1755.2,2,ilu000
1027,16723528,"Singaraj B","2026-09-02 16:37:59",1755.0,2,singarajb
1028,16709304,"Aleksey SCHUKIN","2026-09-03 19:42:54",1753.7,2,alekseyschukin
1029,16623603,"Renji Starfall","2026-09-03 16:39:43",1753.5,2,renjistarfall
1030,16725410,LE4VES,"2026-09-01 14:40:14",1753.2,2,le4ves
1031,16717114,uninhibited-scholar,"2026-09-03 04:15:41",1753.0,2,uninhibitedscholar
1032,16663626,"yvn kaggriculture","2026-08-30 20:03:11",1752.8,2,"garnikdavtyan,mikayelgr"
1033,16682514,"Pavel Pavlov","2026-08-30 07:31:48",1752.5,2,akakii
1034,16658248,Aaweg,"2026-08-31 12:28:56",1752.2,2,aawegbhaladhare
1035,16641183,"Team Name Pending","2026-08-30 15:18:19",1752.1,2,"abdaathaillahhadyan,oliverspiby"
1036,16662204,SM_30,"2026-09-03 14:32:03",1751.1,2,sagarmane104
1037,16684128,NIklitaCheporev,"2026-09-01 11:32:08",1750.7,2,niklitacheporev
1038,16658349,lingxiaojun,"2026-09-03 12:50:39",1750.6,2,lingxiaojun
1039,16623890,"rapika rosalia","2026-09-01 17:40:24",1750.5,2,rapikarosalia
1040,16695695,"Siva Kumar","2026-09-03 15:18:27",1749.8,2,sivapnlr80
1041,16660488,tehyoni,"2026-08-30 12:25:15",1749.7,2,"gooberdambi,sidcat,suaeng,tehyoni"
1042,16773125,kuroko1t,"2026-09-03 01:28:37",1749.1,2,kuroko1t
1043,16773020,HyperNeonByte,"2026-09-01 21:07:13",1746.3,2,hyperneonbyte
1044,16661393,"razab Bawa","2026-09-02 19:07:24",1745.8,2,razabbawa
1045,16640540,QYQ1693,"2026-09-02 11:52:45",1745.2,2,qyq1693
1046,16756630,Shreyas,"2026-08-30 09:58:08",1744.6,2,shreyasdongre25
1047,16669935,"Roman Svet","2026-09-03 12:47:42",1744.4,2,romansvet
1048,16741965,Ryuichi,"2026-09-03 04:21:03",1744.2,2,ryuichigt
1049,16693050,Shoko,"2026-09-03 13:05:27",1744.2,2,abreyton
1050,16663485,"Jacob Alstrup","2026-08-31 15:36:13",1744.0,2,jacobalstrup
1051,16727110,yemaoye,"2026-09-01 03:50:23",1743.6,2,yemaoye
1052,16633853,Alan_Nasibullin,"2026-08-31 23:03:42",1743.6,2,alannasibullin
1053,16676034,"Songyot P","2026-09-03 08:20:14",1743.5,2,songyotpi
1054,16777923,Sho,"2026-09-02 19:35:36",1743.5,1,shoito08190904
1055,16634432,KARGI,"2026-09-02 20:57:47",1742.9,2,learningkin
1056,16792681,MorS,"2026-09-03 17:34:21",1742.7,2,mors1337
1057,16778072,oonumberone,"2026-08-30 02:54:33",1742.7,2,oonumberone
1058,16663946,"Hello San Francisco","2026-08-29 16:48:21",1741.9,2,"circiumaru,dulgherustefan,radugoga"
1059,16652175,"Lucas Boesen","2026-09-03 13:10:29",1741.7,2,lucasboesen
1060,16644565,Suda,"2026-08-31 16:19:38",1741.5,2,chaneyma
1061,16639979,naphthalene,"2026-09-01 10:40:26",1740.9,2,"aaa0342,leehyungjoon,minjek,trv449"
1062,16780455,wadigongren,"2026-08-31 00:43:19",1740.6,2,wadigongren
1063,16731501,"Shiv Satyam","2026-09-01 19:17:59",1740.2,2,shivsatyam
1064,16660020,"Gaddam Shiva Teja","2026-08-31 17:27:25",1740.1,2,shivateja005
1065,16790765,Aristotle.Chen,"2026-09-02 10:29:35",1739.9,2,aristotlechen
1066,16764901,"Han Chen","2026-09-03 17:20:43",1739.8,2,puffohan
1067,16701638,"John Stupid","2026-08-30 09:28:55",1737.9,2,bryxosmmm
1068,16668215,renta.k,"2026-09-02 00:10:15",1737.6,2,renta0426
1069,16762248,KongKongDe,"2026-08-30 07:11:45",1737.4,2,kongkongde
1070,16741551,"Vedant Tiwari","2026-09-02 20:48:05",1737.2,2,vedant7312
1071,16795391,MECHINE,"2026-09-01 03:05:47",1737.0,2,nainglinwai
1072,16673370,JeovaAnderson,"2026-09-03 03:15:05",1736.8,2,jeovaanderson
1073,16725177,misaka12435,"2026-09-01 05:06:54",1736.6,2,misaka12435
1074,16779321,HarryP12,"2026-08-30 00:57:22",1736.4,2,harryp12
1075,16626655,"Surya milenial","2026-08-30 08:21:22",1736.3,2,suryamilenial
1076,16746191,だれかっち,"2026-08-31 05:25:39",1736.2,2,drktti
1077,16773026,アルモンド,"2026-09-01 00:34:11",1735.7,2,almondman0707
1078,16725851,hetspookjee,"2026-09-03 09:45:55",1735.5,2,hetspookjee
1079,16806048,duck_raccooon,"2026-09-02 15:03:04",1734.8,2,duckraccooon
1080,16740420,Laplacenvmv,"2026-09-02 10:54:42",1734.8,2,laplacenvmv
1081,16755229,theearthcheng,"2026-09-02 14:23:55",1734.6,2,theearthcheng
1082,16790658,lxymmd,"2026-09-03 04:22:29",1734.3,2,lxymmd
1083,16794527,linyifangzhenshuai,"2026-09-03 09:20:28",1733.9,2,linyifangzhenshuai
1084,16629972,"forever young","2026-09-03 09:07:47",1732.3,2,keisukeyokota0428
1085,16768016,JohnBlake,"2026-09-03 14:32:09",1731.7,2,jaybeeja
1086,16805609,Gleb,"2026-09-01 22:11:48",1731.5,1,korelin
1087,16790931,100rabh,"2026-09-03 04:56:54",1730.9,2,saurabhkumar234
1088,16778019,Mr.Frundles,"2026-09-03 02:21:58",1730.6,2,watehell
1089,16655381,"Varshith K","2026-09-02 07:13:47",1730.6,2,var3604
1090,16657796,"parv goyal2","2026-09-02 03:18:09",1730.5,2,parvgoyal2
1091,16765327,master_ssx,"2026-08-30 10:01:34",1730.1,2,masterssx
1092,16658946,theredbluepill,"2026-09-01 03:10:33",1730.0,2,poonszesen
1093,16641536,"Michael Timbs","2026-08-27 07:30:56",1729.6,2,michaeltimbs
1094,16774475,LoveB4Sunrise,"2026-09-01 04:42:09",1729.6,2,demacia1314
1095,16756633,TheDanKing,"2026-08-31 05:49:23",1729.1,2,thedanking
1096,16791828,Ling,"2026-08-30 03:32:21",1729.0,2,lingbia
1097,16808396,Dr_F,"2026-09-02 10:02:09",1728.7,1,algebraictopology
1098,16760158,"apple farmer","2026-08-30 01:15:01",1728.6,2,gustavoknudsen
1099,16645705,wataru420,"2026-09-03 15:39:34",1728.5,2,wataru420
1100,16761652,"Dhruv #2","2026-09-03 11:47:18",1728.0,2,dhruvrama
1101,16755203,TY0912,"2026-09-03 17:08:40",1726.5,2,samejimatink0
1102,16768143,KingDellaFarm,"2026-09-02 12:49:02",1724.9,2,"alessandrodestasi,disteroas"
1103,16765154,dreamcxy,"2026-08-31 03:54:16",1724.8,2,dreamcxy
1104,16634952,"Igor Zharov","2026-09-03 14:23:09",1724.8,2,flexonafft
1105,16719451,"Syed Toubur","2026-09-02 07:58:35",1724.4,2,syedtoubur
1106,16733016,Quillbolt,"2026-09-02 04:49:03",1723.7,2,tunminhhunh
1107,16635067,"Berat Egemen Gök","2026-09-03 19:48:46",1721.8,2,berategemengk
1108,16726889,stnick,"2026-09-03 13:22:14",1721.5,2,stnick
1109,16665077,"Mohit Babel","2026-08-31 22:56:51",1720.9,2,mohitbabel
1110,16748511,HarshPandey-yt-auto,"2026-09-02 08:58:44",1720.3,2,harshpandeyytauto
1111,16759913,"Peter Cnudde","2026-08-31 14:53:21",1720.2,2,petercnudde
1112,16621616,insuperabilehart,"2026-09-03 04:49:37",1719.2,2,insuperabile
1113,16627600,"NiA Farms","2026-09-03 19:56:13",1718.6,2,"adriaft,natliablascoandreo"
1114,16779110,markastra,"2026-09-02 14:26:25",1718.0,2,markastra
1115,16657637,"Ronnie Atuhaire","2026-09-03 13:52:22",1716.8,2,ronnieatuhaire
1116,16629873,UncleWKTK,"2026-08-29 01:15:07",1715.5,2,unclewktk
1117,16731074,UmutUygurr,"2026-08-31 17:00:52",1714.4,2,umuttuygurr
1118,16634426,ertu,"2026-09-03 18:56:50",1713.7,2,ozertuu
1119,16751899,peggy,"2026-09-03 08:40:48",1712.7,2,refrigerator21
1120,16784725,prairieee,"2026-08-28 14:23:36",1712.6,2,"haideptry,prairieee"
1121,16671088,jasonstillchasin,"2026-08-28 13:02:54",1711.6,2,jasonstillchasin
1122,16759058,Miz,"2026-08-31 02:14:38",1710.9,2,ryota040
1123,16760480,yat0i811,"2026-09-02 13:25:15",1710.8,2,yat0i811
1124,16623691,KevlarZanderChi,"2026-08-31 17:19:02",1707.1,2,kevlarzanderchi
1125,16666188,"XueFeng Chen","2026-09-02 14:16:49",1705.8,2,chxfmcs
1126,16624969,tf,"2026-09-03 12:47:47",1704.9,2,tfukuhara
1127,16704818,probably6767,"2026-08-28 13:03:16",1704.2,2,probably6767
1128,16623530,khursani,"2026-09-03 07:01:10",1702.8,2,khursani8
1129,16740644,Terence0914,"2026-08-31 23:55:50",1701.6,2,terence0914
1130,16791752,bayachay,"2026-09-02 22:30:37",1700.4,2,bayachay
1131,16623577,"Jiayi Tang","2026-09-02 06:12:43",1699.7,2,mannguo
1132,16679214,alban,"2026-09-03 08:37:32",1698.6,2,albantiacoh
1133,16764431,"William Diment","2026-09-01 02:33:07",1697.4,2,williamdiment
1134,16686444,"Syakirin Pahimi","2026-08-31 01:45:58",1697.4,2,syakirinpahimi
1135,16752104,WYSSR1225,"2026-09-03 02:37:22",1697.1,2,wyssr1225
1136,16677252,カワシギ,"2026-09-03 05:11:27",1696.9,2,kawashigi
1137,16765484,smsxgz,"2026-08-28 06:36:48",1696.8,2,smsxgz
1138,16669843,"hikaru kitagawa","2026-09-01 17:42:05",1696.6,2,hikarukitagawa
1139,16632377,"Legend Brothers","2026-09-03 15:49:48",1695.9,2,"holeguma,shunhirota"
1140,16773607,sky1,"2026-09-01 14:13:15",1693.3,2,skyk1jn
1141,16671520,sci-shi,"2026-08-29 01:10:54",1692.9,2,scishi
1142,16662338,jaepyeocho,"2026-09-03 04:24:50",1691.5,2,jaepyeocho
1143,16745995,"Guido Tapia","2026-09-03 02:20:23",1690.5,2,guidotapia
1144,16763200,"Alexander Nord","2026-08-28 19:47:12",1688.9,2,"alexandernord123,pizza987"
1145,16693439,"Ankit Hemant Lade","2026-09-03 17:43:44",1688.9,2,"ankitlade12,jsaikrishna"
1146,16758381,"Yang Kuang Ou","2026-08-31 00:26:04",1687.1,2,yangkuangou
1147,16630274,yutoAb,"2026-09-01 01:08:37",1687.1,2,yutoab
1148,16669403,mrgrishninsb,"2026-08-30 07:38:50",1686.4,2,mrgrishninsb
1149,16771457,"HK Fama","2026-09-03 01:38:55",1686.3,2,kenho211
1150,16678534,"Filip Strzałka","2026-08-28 18:42:16",1686.3,2,snufkin77
1151,16719002,Astraeus,"2026-09-02 17:10:21",1685.6,2,astraeusdotdev
1152,16777359,"Dmitriy Ulybin","2026-09-03 19:08:02",1685.1,2,dmitriyulybin
1153,16659467,AlexMoura2026,"2026-09-03 03:17:39",1684.8,2,alexmoura2023
1154,16661665,"Leonardo Viola10","2026-09-01 18:16:04",1684.3,2,leonardoviola10
1155,16734699,PangMinShih,"2026-08-28 08:39:27",1684.0,2,shihbonbon
1156,16730049,"r2d2 Dasari","2026-09-02 12:17:08",1683.6,2,r2d2dasari
1157,16688642,"Natalia Mawyin","2026-08-29 20:28:24",1682.9,2,nmawyin
1158,16710466,"Charles Backman on LinkedIn","2026-08-31 23:46:50",1682.1,2,charlesbackman
1159,16701024,Selene,"2026-09-01 00:58:10",1682.0,2,ejlthomas
1160,16775443,NoName,"2026-08-28 21:11:20",1681.9,2,thesonalsingh
1161,16747408,すずき,"2026-08-29 21:27:31",1680.6,2,shumpeace
1162,16654196,"Aryaman Chokhani","2026-08-31 06:30:01",1680.0,2,"aryamanchokhani,pranrocky"
1163,16793106,"Пал Лаич","2026-08-30 12:45:34",1679.7,1,skypunkaudiowalker
1164,16662222,MinerUNLEASHED,"2026-08-24 16:28:40",1679.4,2,minerunleashed
1165,16671476,"Mingkang YAN","2026-08-26 08:13:57",1678.2,2,mingkangyan
1166,16623974,Canon,"2026-09-03 19:53:32",1678.1,2,sotakurihara1
1167,16739019,quzhihang,"2026-09-03 14:54:36",1677.5,2,quzhihang
1168,16625339,kazusw,"2026-09-02 10:13:45",1677.2,2,kazusw
1169,16759632,"Rifqi Haikal","2026-08-31 00:10:15",1677.2,2,rifqihaikal
1170,16671741,Excluding,"2026-08-24 11:37:13",1677.1,2,excluding
1171,16621481,"zero waste","2026-08-30 10:50:27",1676.7,2,chinnaphatkhun
1172,16689154,CrossEngineered,"2026-08-28 19:01:41",1676.5,2,"danyalsahin1,gkenurk"
1173,16686827,Kronki,"2026-08-26 12:41:40",1675.6,2,kronki
1174,16741639,kirito83,"2026-09-03 08:43:17",1675.5,2,lishsh83
1175,16775803,Robson,"2026-08-30 17:27:12",1675.3,2,robsonsan
1176,16707453,"Kaan Dınız","2026-08-28 09:11:10",1673.5,2,kaandnz
1177,16730065,Blu3s,"2026-08-29 22:33:42",1673.0,2,atteincueo
1178,16644287,"Ryo Hasegawa","2026-08-19 04:08:02",1672.0,2,ryohasegawa926
1179,16762926,"Ricky RTG","2026-09-03 16:30:20",1670.7,2,rickyrtg
1180,16665402,PrasadChopade213,"2026-09-03 18:12:15",1670.1,2,prasadchopade213
1181,16662696,"Cengizhan Tümer","2026-08-31 20:54:21",1669.9,2,cengizhantmer
1182,16659081,"JALKARNA GAUTAM","2026-08-27 11:53:22",1669.8,2,jalkarnagautam
1183,16755049,gamesu7107,"2026-08-31 03:11:27",1669.7,2,gamesu7107
1184,16661846,"Jeffrey Pike","2026-09-03 17:23:01",1669.0,2,jeffreypikeai
1185,16783630,"fan yanbing","2026-08-30 11:33:12",1668.3,2,jackpudding
1186,16664619,"Trupen Patel","2026-09-02 16:09:34",1667.7,2,trupenpatel
1187,16654914,Nozprod,"2026-08-27 18:44:09",1667.4,2,nozprod
1188,16772119,Workybara.ai,"2026-09-03 03:21:54",1667.0,2,workybaraai
1189,16730946,"Bohannn Wang","2026-09-03 04:48:18",1666.3,2,bohannnwang
1190,16715358,wuy1hao,"2026-09-02 07:12:49",1665.6,2,wuy1hao
1191,16780317,jrcjrcjrc,"2026-09-02 09:18:57",1665.1,2,jrcjrcjrc
1192,16765233,Shun,"2026-09-03 07:07:37",1664.0,2,shunchan0677
1193,16665224,tyz123456,"2026-08-25 16:52:50",1663.9,2,tyz123456
1194,16790391,"Kevin Cao","2026-08-29 13:38:03",1663.0,1,kevincao2
1195,16726547,"Ezra Kho","2026-08-28 04:04:46",1662.3,2,ezrakho
1196,16735353,我是刘大聪,"2026-09-03 15:57:36",1661.8,2,smartorz
1197,16777137,Bernardus,"2026-08-31 18:30:43",1661.8,2,bernubritz
1198,16678061,"Sushanth Tiruvaipati","2026-09-03 10:16:40",1661.5,2,sushanthtiruvaipati
1199,16702590,"Aashka Kapadia","2026-09-03 06:53:05",1659.8,2,aashka
1200,16655477,Aurora,"2026-09-03 20:11:18",1659.7,2,"niteshranjansingh,themeghajoshi"
1201,16719578,blueblue222,"2026-09-03 14:41:34",1659.5,2,blueblue222
1202,16633850,Pascal,"2026-09-01 21:53:38",1658.3,2,pascalledesma
1203,16774941,Samvrcai,"2026-09-03 20:04:48",1658.3,2,samvrcai
1204,16745416,yamato035073,"2026-08-30 22:24:34",1658.0,2,yamato035073
1205,16653260,"Kadouci Abdelhak","2026-08-29 00:16:50",1657.8,2,kadouciabdelhak
1206,16728229,twomoon,"2026-08-27 12:35:54",1657.5,2,twomoon036
1207,16632757,taopy2,"2026-09-03 07:27:24",1657.2,2,taopy2
1208,16771080,"Ricky Shao","2026-08-31 10:59:44",1657.2,2,rickyshao
1209,16732507,iwashhh,"2026-09-03 12:43:04",1657.2,2,yuinokogawa
1210,16666805,Kaggs,"2026-08-30 04:15:17",1656.4,2,ayush21042004
1211,16677565,"Avish Sinha","2026-08-28 19:30:34",1656.3,2,avish006
1212,16672468,ComposeMage,"2026-09-03 04:09:25",1655.2,2,composemage
1213,16712714,MiMi,"2026-08-31 08:39:16",1655.2,2,"frank0921,rickytsou"
1214,16638781,itsuki-data,"2026-08-31 11:06:29",1654.9,2,itsuki89
1215,16708546,"Blue Rain","2026-08-27 17:44:12",1654.4,2,bluefeather386
1216,16804863,JezzLynn,"2026-09-03 20:03:58",1654.3,2,jezzlin
1217,16748382,shiiin9,"2026-08-29 15:30:13",1654.1,2,shiiin9
1218,16731776,ASH,"2026-09-01 06:05:15",1654.0,2,pentannnn
1219,16763001,Eb3lss,"2026-08-26 00:25:53",1653.1,2,eb3lss
1220,16689569,JovanaLab,"2026-08-27 22:43:51",1652.3,2,"choonesenlu,joxitsai"
1221,16724755,K.nosaka,"2026-08-28 04:55:49",1651.5,2,kenseinosaka
1222,16717572,kiyomiya-k,"2026-08-27 09:30:13",1650.1,2,kiyomiyak
1223,16755414,Danzzzl,"2026-08-30 12:53:27",1650.0,2,okunevda
1224,16781506,un0o7,"2026-08-28 11:47:12",1650.0,2,hjhsdsdww
1225,16798989,"Harvest Sun","2026-09-03 06:13:24",1649.2,2,zaoooo29
1226,16659670,MeeMee,"2026-08-29 09:22:18",1649.0,2,yagi46
1227,16630015,星之海,"2026-09-02 18:51:54",1648.3,2,web3cainiao
1228,16654710,"Ray Brothers","2026-08-31 21:16:18",1648.3,2,"madhurjyaray,vibekodr"
1229,16712432,hengck23,"2026-08-25 17:58:30",1647.5,2,hengck23
1230,16752121,adhsdrtjh,"2026-08-23 15:02:25",1647.5,2,adhsdrtjh
1231,16790233,"prateek chandra","2026-08-30 15:55:55",1646.7,2,prateekchandra7005
1232,16669810,CREART,"2026-08-29 16:06:18",1646.3,2,gustardust
1233,16778358,"Lê Nguyễn Việt Cường","2026-08-28 03:46:51",1645.1,2,lengvietcuong
1234,16768065,"Gradient Grazing","2026-08-31 21:17:50",1645.0,2,adamhusein
1235,16762537,Controlvector,"2026-08-25 08:28:11",1644.7,2,"controlvector,yxdu01"
1236,16771361,"It's Ratcha","2026-08-28 09:23:00",1644.2,2,itsratcha
1237,16758791,"qw yi123","2026-09-03 17:17:57",1644.0,2,qwyi123
1238,16778489,dataWr3cker,"2026-08-28 20:40:52",1643.8,2,gourabr0y555
1239,16732670,minoneru,"2026-09-02 09:31:12",1643.3,2,kotaminoshima
1240,16779067,fishwg,"2026-08-28 09:12:54",1643.0,2,fishwg
1241,16639550,"HIDEYO CHIBA","2026-08-26 17:10:15",1642.3,2,hideyochiba
1242,16713457,"Poor farmer","2026-09-01 12:30:05",1641.6,2,trnhip
1243,16626582,"Omer Faruk Merey","2026-09-02 10:38:00",1641.0,2,omerfarukmerey
1244,16729906,"Krzysztof Madziar","2026-08-28 05:05:13",1640.9,2,krzysztofmadziar
1245,16717440,那个男人,"2026-08-27 16:27:08",1639.3,2,muran169633
1246,16773170,"yy li","2026-08-28 07:05:37",1639.0,2,yangyili11
1247,16778808,"Candace Dudleson","2026-08-31 23:19:12",1638.8,2,candacedudleson
1248,16755921,"Natnael Yerga","2026-08-24 16:43:22",1638.3,2,natnaelyerga
1249,16773098,Apa,"2026-09-03 02:15:16",1637.9,2,yasso1
1250,16682867,sneaky6767,"2026-08-28 13:03:35",1636.5,2,sneaky6767
1251,16759250,"Harsh Jain","2026-08-28 06:55:29",1636.3,2,harshjain123
1252,16672202,HealthStone,"2026-08-29 21:04:07",1636.0,2,healthstone
1253,16786102,"Anay Garodia","2026-09-03 15:48:18",1636.0,2,anaygarodia
1254,16727214,"Jaivardhan Raahi","2026-09-02 08:50:18",1635.9,2,jaivardhanraahi
1255,16762302,OxFFFs,"2026-08-24 13:49:44",1635.9,1,oxfffs
1256,16709115,"PARK HYUNSIK","2026-08-26 01:51:31",1635.5,2,hyunsikpark
1257,16626272,"ömer kiraz","2026-08-29 19:24:10",1633.6,2,merkiraz
1258,16780995,"Silver Surfer","2026-08-29 06:37:04",1633.5,2,hausch11
1259,16728084,iwance,"2026-08-24 12:23:07",1632.7,2,iwance
1260,16753125,"Rudransh Singh Rathore","2026-08-26 03:10:23",1632.3,2,rudranshsinghrathore
1261,16641982,ZotAZaw3,"2026-08-28 09:43:47",1632.0,2,zotazaw3
1262,16766941,"S Kim","2026-08-31 16:22:19",1631.8,2,sunnyk92
1263,16743656,Deskbo,"2026-08-26 16:14:12",1631.4,2,deskbo
1264,16638557,"Araik Tamazian","2026-09-03 07:11:00",1631.0,2,atamazian
1265,16765834,Oakzen,"2026-08-31 12:25:21",1630.8,2,gyx517120273
1266,16659771,DieByTheSword,"2026-09-03 06:33:41",1630.8,2,przemysawstroiws
1267,16660988,"AI After Hours","2026-09-01 16:43:31",1629.7,2,"akshaythammana,mmehersaipreetam"
1268,16676762,"Tomas Escobar Rivera","2026-08-27 23:25:05",1629.6,2,tomasescobarrivera
1269,16623199,"Jesse Ferguson","2026-08-31 15:33:09",1629.5,2,jesseferguson
1270,16632516,"Jiachen Li","2026-08-25 08:16:42",1628.5,2,llccqq624
1271,16715066,akahane,"2026-08-30 00:31:26",1627.9,2,shuheiakahane
1272,16675777,"Ml BOY","2026-09-03 16:19:28",1627.6,2,mlboy1
1273,16744503,"Jun AKita","2026-08-26 13:20:13",1626.5,2,junakita
1274,16656312,"retiring to farm","2026-08-23 17:04:44",1626.0,2,"avnermlim,belati,hilariusjeremy,matthewpramana,nicholasarditirta"
1275,16748765,"A. R. SEKKAT","2026-08-25 20:36:41",1625.8,2,arsekkat
1276,16770998,ket,"2026-08-31 22:14:53",1624.1,2,kentken
1277,16627472,CloverFarm,"2026-09-02 07:48:13",1623.7,2,ljs2546
1278,16768702,"Crop It Like It's Hot","2026-09-03 08:37:35",1623.3,2,"davidben10,rachel79"
1279,16760656,CharTFboy,"2026-08-24 09:19:37",1623.3,2,chartfboy
1280,16778334,"Onkar Belure","2026-09-01 00:20:13",1623.2,2,onkarbelure
1281,16728076,uuu,"2026-08-24 10:02:45",1622.3,2,vovafinogenov
1282,16684994,"Katasonov Evgeny","2026-08-30 01:39:34",1621.3,2,katasonoveugene
1283,16700771,"Disuru Coba Ama Jaki","2026-08-31 09:50:50",1621.2,2,reiiihel
1284,16639746,"Kyle Wang","2026-09-01 02:17:00",1620.8,2,ky1ewan9
1285,16666468,"J Penman","2026-08-29 11:53:02",1620.3,2,jpenman
1286,16688450,SpiralTip,"2026-09-03 06:53:43",1620.3,2,spiraltip
1287,16784611,sardarkhanyadav,"2026-08-28 16:45:33",1620.2,2,sardarkhanyadav
1288,16764738,Lucasty,"2026-08-25 07:04:36",1620.1,2,lucaswty
1289,16671412,Xman,"2026-09-02 13:44:22",1620.1,2,xuanzhang001
1290,16632327,midnq,"2026-08-25 18:36:32",1620.1,2,midnqly
1291,16633132,"Kaggledew Valley","2026-08-25 16:39:59",1620.0,2,yanzhou06
1292,16641884,Blacklions.,"2026-08-26 14:05:59",1619.7,2,blacklions
1293,16771010,42X,"2026-08-28 15:45:11",1619.7,2,infcyx
1294,16759508,george-nigmatulin,"2026-09-01 08:28:06",1619.2,2,georgenigmatulin
1295,16685548,"Erfan Eshratifar","2026-09-03 17:50:20",1618.8,2,erfaneshrati
1296,16670883,G*Sim,"2026-08-28 07:55:59",1618.6,2,guillaumesimiand
1297,16742267,chandora,"2026-09-02 11:20:41",1618.0,2,chandora
1298,16758279,"GO HIROSHIMA 2","2026-08-29 02:51:47",1617.6,2,gohiroshima2
1299,16666195,"Yihan Guo","2026-08-28 08:44:06",1617.5,2,yihanguo
1300,16782193,nal_nh906,"2026-09-02 01:42:32",1616.7,2,hhan09
1301,16701768,darasty,"2026-09-03 10:44:05",1616.1,2,darasty
1302,16752733,zjukop1,"2026-08-25 03:29:28",1616.1,2,zjukop1
1303,16685450,Nadeem,"2026-08-25 09:21:14",1616.1,2,nadeembinshajahan
1304,16762139,AltriaE,"2026-08-25 15:27:52",1616.0,2,altriae
1305,16667147,"Daksh Bhalala","2026-08-26 06:41:04",1615.9,2,dakshbhalala
1306,16674948,habe.sq,"2026-08-26 11:48:32",1615.6,2,habesq
1307,16738626,李BCDEFGA,"2026-08-25 06:55:39",1615.4,2,bcdefga
1308,16748647,"Adar Cohen","2026-08-24 21:27:43",1615.4,2,adarcohen
1309,16733839,"Fabian Ruiz","2026-09-01 15:26:07",1614.6,2,fabianruiz3
1310,16698340,"Yanxi Jiang","2026-08-26 03:24:55",1614.5,2,yanxijiang
1311,16724298,Orig_lab,"2026-08-23 18:39:17",1614.1,2,chengxixixi
1312,16679389,"JOMIN URK21CS1077","2026-09-03 05:59:12",1613.7,2,jominurk21cs1077
1313,16758767,"Mikhail Karchevskiy","2026-09-03 19:41:50",1613.3,2,suvalex
1314,16748907,EdwardHwang@123,"2026-08-24 15:32:00",1613.2,2,edwardhwang123
1315,16744837,JuliaGastellu,"2026-08-29 17:55:01",1613.1,2,juliagastellu
1316,16674451,NycteacoBa,"2026-08-28 23:49:23",1613.0,2,nycteaowl
1317,16753194,"Saicharan Ramineni","2026-08-26 19:33:02",1612.7,2,godlydonuts
1318,16676455,"Sarthak Sharma ","2026-08-29 20:41:53",1612.6,2,sarthaksharma14
1319,16732129,"payne yam","2026-09-02 01:23:13",1610.7,2,payneyam
1320,16626814,"Vu Tran Hoang","2026-08-27 09:46:58",1610.7,2,hoangvux
1321,16749257,rsraki,"2026-09-01 13:56:02",1610.7,2,rsraki
1322,16755244,SZU蓝心,"2026-09-01 11:50:45",1609.9,2,jiazhanliu
1323,16760569,"Otter Vibe","2026-09-03 10:27:48",1609.6,2,gyuminsong
1324,16732586,Juniex,"2026-08-29 00:11:02",1609.5,2,juniex
1325,16661325,"Max Fofanov","2026-08-26 14:28:28",1609.5,2,maxfofanov
1326,16768676,Doit,"2026-08-25 02:09:47",1608.6,1,aifccnb
1327,16746632,tingyu516,"2026-08-24 06:05:33",1608.5,2,tingyu516
1328,16621165,"xisheng feng","2026-09-02 04:40:18",1608.2,2,xishengfeng
1329,16796980,ChenyuBaii,"2026-09-01 21:22:16",1608.2,2,chenyubaii
1330,16664537,"Lenin Goud","2026-08-27 01:07:37",1607.9,2,leningoud
1331,16659419,"Chahat Mehra","2026-08-31 12:35:51",1607.7,2,chahatmehra
1332,16691247,"Aneesh Rao","2026-08-27 17:11:07",1607.6,2,sidrao2006
1333,16692443,xmkevin2004,"2026-08-30 02:44:13",1606.6,2,xmkevin2004
1334,16733708,RyanHo,"2026-08-29 03:59:12",1606.1,2,ryanrx
1335,16738279,zhangshuosc,"2026-08-26 05:11:57",1604.9,2,zhangshuosc
1336,16630516,"Seb (allegedly)","2026-09-02 11:38:59",1604.8,2,sebmallia
1337,16668748,"Harrison Interactive","2026-09-03 18:57:30",1604.6,2,nosiru
1338,16639507,Homii_N,"2026-08-24 21:14:01",1604.6,2,homeshwarrao
1339,16692744,"VAIBHAV RASTOGI 90","2026-08-29 19:13:31",1604.1,2,vaibhavrastogi90
1340,16654526,"Jin Niu","2026-08-26 18:25:33",1603.6,2,gufanmingmie
1341,16704603,Tmaxxer,"2026-08-28 14:45:38",1603.5,2,tmaxxer
1342,16761788,"Corenthin Buffard","2026-08-26 13:16:28",1603.4,2,cbuffard
1343,16670569,Ezzzzzekki,"2026-08-27 16:49:31",1603.3,2,abdullahelzeki
1344,16676739,"Jonathan Zheng Jiahao","2026-08-28 03:22:42",1602.4,2,jonathanzhengjiahao
1345,16747982,"Affriza Wildan Fauzan","2026-09-03 01:30:27",1602.3,2,affrizawildanfauzan
1346,16687294,"Madiyar Khamzanov","2026-08-29 20:07:26",1602.0,2,mkhamzanov
1347,16761019,"yiwen hou","2026-08-25 14:48:43",1601.9,2,hevenhina
1348,16710546,"Russlan Ramdowar","2026-08-28 03:27:30",1601.6,2,russlan
1349,16635504,"Datta Dhebe","2026-08-30 01:52:44",1601.2,2,dattadhebe
1350,16665753,"Mansour A. S. Ataa","2026-08-26 10:28:34",1600.9,2,profmansoor
1351,16639771,"DK Armada","2026-08-30 14:43:29",1600.3,2,dkarmada
1352,16633100,"Emile Andrieu","2026-08-27 15:36:35",1600.2,2,emileandrieu
1353,16621515,"Alexander Gremyakov","2026-08-31 21:09:58",1600.0,2,alexandergremyakov
1354,16741826,StackKnight,"2026-08-28 02:12:12",1598.9,2,stackknight
1355,16682843,underline12311,"2026-09-03 13:17:45",1598.4,2,underline12311
1356,16660492,"Deven Bagul","2026-08-29 11:56:30",1598.1,2,devenbagul
1357,16689741,shinamonmon,"2026-08-24 03:05:45",1597.5,2,shinamonmon
1358,16770927,kaptaan45,"2026-08-28 08:06:32",1597.4,2,kaptaan45
1359,16760509,"gnanadeepika karanam","2026-08-29 03:35:25",1596.1,2,gnanadeepikakaranam
1360,16754974,BurntPotato,"2026-08-25 08:25:24",1596.0,2,burntpotato
1361,16706523,"Aussie lover","2026-08-30 21:08:39",1594.5,2,aussielover
1362,16682753,"Cam-Luan Truong","2026-08-28 04:28:48",1594.3,2,luantruong
1363,16669191,"Mohammed Nomaan","2026-08-28 18:14:25",1594.2,2,nomaanz
1364,16807054,"JSU xiaopoche","2026-09-03 06:35:02",1594.0,1,xhmuvw
1365,16662819,THeLAB,"2026-08-17 18:55:16",1592.7,2,feuorme
1366,16732433,syuuuuu,"2026-09-03 08:09:17",1591.8,2,syuuuuukun
1367,16796235,"Keside Onyeocha","2026-08-31 20:04:15",1591.2,2,kesideonyeocha
1368,16742825,"Ritwik Raha","2026-08-27 20:20:34",1590.7,2,ritzraha
1369,16631115,prvsiyan,"2026-09-03 09:26:33",1590.3,2,prvsiyan
1370,16672456,hangglider5,"2026-08-26 08:39:29",1590.1,2,hangglider5
1371,16670999,Maksonch1k,"2026-08-28 23:01:42",1589.7,2,maksonch1k
1372,16770299,"أحمد فهد الربيش","2026-08-25 09:55:13",1588.5,2,ghr111
1373,16752082,"Tian hao Qing Nano7ko","2026-08-25 05:25:19",1588.4,2,tianhaoqingnano7ko
1374,16626732,islet,"2026-09-03 08:30:33",1588.3,2,kojimar
1375,16774410,"Rishabh Roy","2026-08-26 09:01:38",1588.0,1,rishabhr0y
1376,16753515,"Yosif EL-Rammaal","2026-08-25 16:57:09",1587.3,2,yosifelrammaal
1377,16634519,"Darshan Makwana","2026-08-24 04:10:09",1586.8,2,ellipticaloranges
1378,16632214,roomer,"2026-08-29 08:47:48",1585.9,2,"matsuphy,mqme526,yasunamiura"
1379,16693663,"YoungCheol Son","2026-08-27 00:51:34",1585.6,2,sonyc5720
1380,16770055,"san yin26","2026-09-03 06:49:29",1585.0,2,"amadeusan,sanyin26"
1381,16730705,chris,"2026-09-03 15:19:31",1584.2,2,chris62
1382,16627799,"navazsh fathi","2026-08-26 17:10:17",1584.0,2,navazshfathi
1383,16720056,"Heads or Tails","2026-08-29 15:06:32",1584.0,2,headsortails
1384,16735341,Ryui68925,"2026-08-24 16:22:30",1583.4,2,ryui68925
1385,16684401,WQAAAA,"2026-09-03 02:09:35",1583.4,2,wqaaaa
1386,16767625,"Saurabh Yadav","2026-08-24 17:56:22",1583.1,1,saurabhyadav1305
1387,16668071,"Ali Eren Oğuztaş","2026-08-31 19:52:03",1583.1,2,alierenouzta
1388,16791369,dataix,"2026-09-02 21:54:55",1581.9,2,codymachody
1389,16689274,Anyeson,"2026-08-30 09:24:43",1581.1,2,anyeson
1390,16655083,ktyser,"2026-08-22 21:44:20",1580.6,2,keithtyser
1391,16665337,BHackers,"2026-08-26 17:13:11",1579.3,2,clarencepagaduan
1392,16706576,王一凡,"2026-08-20 02:24:40",1578.7,2,"liuziyang1016,mikakohinata68"
1393,16763274,vinceybb,"2026-09-03 04:11:33",1578.0,2,vinceybb
1394,16703045,ReCurSiON,"2026-08-14 14:14:52",1577.8,2,ashok205
1395,16771337,titako0000,"2026-09-01 15:15:47",1577.7,2,titako0000
1396,16764459,chaojiwudiwujie,"2026-09-03 15:38:28",1577.0,2,chaojiwudiwujie
1397,16634153,AnpAn_Men,"2026-08-29 19:47:31",1575.3,2,anpanmen
1398,16777894,"Matthew Neba","2026-08-31 15:59:03",1574.1,2,matthewneba
1399,16734199,Iliamna,"2026-09-02 03:11:56",1573.9,2,decotoj
1400,16748000,"Rohit Raj Singh","2026-09-03 09:38:10",1573.7,2,rohitrajsingh555
1401,16691572,"Lord Momo","2026-08-23 11:54:53",1573.4,2,stevenleehans
1402,16701633,"Jacob Davis","2026-08-23 15:06:50",1573.3,2,jacobtdavis
1403,16672709,"RS Turley","2026-08-28 22:21:12",1572.6,2,rturley
1404,16734435,"Jai Kamal","2026-09-03 18:56:02",1572.1,2,jtheyogi
1405,16765313,Hosuke,"2026-09-01 04:19:31",1571.9,1,hosuke
1406,16655704,heinado,"2026-08-25 13:29:15",1571.9,2,heinado
1407,16727404,Yichi,"2026-08-27 16:06:01",1571.3,2,yichi02
1408,16655255,MalelizarazoP,"2026-08-26 13:34:53",1571.1,2,malelizarazop
1409,16770979,"Paulo Martins","2026-08-30 05:28:35",1570.9,2,paulomartins87
1410,16634803,hongzhouzhou,"2026-09-03 19:47:12",1570.8,2,afterrain42
1411,16768047,アメリカ農業研究会,"2026-08-25 17:19:10",1570.6,2,flnkhome
1412,16621497,"Victor @ Tufa Labs","2026-08-26 20:41:50",1569.8,2,vmerckle
1413,16624571,"Baidalin Adilzhan [dsml.kz]","2026-08-25 08:52:17",1568.6,2,baidalinadilzhan
1414,16781550,Lumberjacks,"2026-09-03 17:51:08",1568.5,2,jamesmcgarryiv
1415,16769082,"Little Xi","2026-08-26 03:31:32",1568.1,2,littlexi0
1416,16803032,"varshitha kolupuri","2026-09-03 17:35:44",1567.4,2,varshithakolupuri
1417,16727182,FinalSunFlower,"2026-08-26 12:57:56",1567.3,2,finalsunflower
1418,16666393,saikyo,"2026-08-22 16:09:23",1566.5,2,kyosaikyo
1419,16735066,"Saber #2","2026-09-03 15:40:58",1565.4,2,yzheng21
1420,16733932,"Jasper Turnidge","2026-08-24 06:36:23",1565.2,2,jasperturnidge
1421,16764206,yanjixiang,"2026-08-25 11:37:34",1564.8,2,yanjixiang
1422,16661304,"Jonathan Roy","2026-09-03 17:51:35",1564.6,2,jonathanroy7
1423,16757320,Jingxiang,"2026-08-28 09:15:03",1563.7,2,jingxiango
1424,16724228,LSS0334,"2026-08-26 00:15:54",1562.9,2,lss0334
1425,16740392,"Amey Thakur","2026-08-25 12:01:41",1562.6,2,ameythakur20
1426,16716549,notoverkil,"2026-08-28 08:16:38",1562.1,2,notoverkil
1427,16633445,Wal8800,"2026-08-26 05:25:48",1561.8,2,wal8800
1428,16708965,"Witold Dziurdz","2026-08-23 16:33:47",1561.6,2,witolddziurdz
1429,16732446,"Nuri DUDAK","2026-08-29 09:00:59",1560.1,2,nuridudak
1430,16660220,tomo11111,"2026-09-02 14:04:04",1559.8,2,tomo11111
1431,16729225,"Aayush Sigdel","2026-09-03 15:47:50",1559.8,2,aayushsigdel
1432,16623459,"Peng Wang","2026-08-24 03:17:52",1559.5,2,pengwang91
1433,16654511,"Syed Shayan Ali Shah","2026-08-27 14:26:19",1558.2,2,dsshayan
1434,16739925,nofreewill42,"2026-08-24 06:41:31",1558.0,2,nofreewill
1435,16800775,SunSeeker染汐,"2026-09-01 16:47:33",1557.9,2,sunseekerrx
1436,16732851,chenry2003,"2026-08-24 02:27:53",1557.9,2,chenry2003
1437,16638804,"Anhad Mahajan","2026-08-26 12:44:36",1557.5,2,anhadmahajan06
1438,16802775," SonSheungmin","2026-09-03 06:55:03",1557.4,2,sonsheungmin
1439,16706227,"Wise Fancy","2026-08-24 06:35:55",1557.2,2,wisefancy
1440,16745499,"lurs lurs","2026-08-29 02:02:15",1556.7,2,lurslurs
1441,16744914,"El Mehdi EL JAIR","2026-08-25 10:47:01",1556.1,2,elmehdieljair
1442,16664002,"Guilherme Zanini de Sá","2026-09-03 11:28:42",1555.8,2,guilhermezaninides
1443,16661701,premjampuram,"2026-08-20 18:36:21",1555.0,2,"aasthasinha9,anji2705,premjampuram,sheetallodhi"
1444,16814417,"Minh Son Pham","2026-09-03 14:44:01",1554.6,2,paramizodicrominique
1445,16667020,SCLim2022080004,"2026-09-03 15:51:21",1554.5,2,sclim2022080004
1446,16763437,"⸻AgentZZ ⸻","2026-08-23 20:47:44",1552.8,1,agentzz
1447,16671659,Jiang,"2026-08-28 05:29:29",1552.8,2,jncq2006
1448,16795086,Leroll,"2026-09-01 01:54:12",1552.6,2,leroll
1449,16791549,"Eugenio Schiavoni","2026-08-31 19:14:40",1552.6,2,eugeniokukes
1450,16764545,ArX,"2026-08-24 09:44:45",1552.5,2,arx1993
1451,16700846,"Vaibhav Patel","2026-09-03 18:58:17",1552.3,2,vaibhavpatel
1452,16682353,"counter puncher","2026-08-27 19:00:05",1552.0,2,ahmadabdoumalickdiop
1453,16723991,"James Holland","2026-08-17 01:40:17",1551.1,2,jkhollandjr
1454,16674310,"Ayaz Ahmed Kazi","2026-08-29 18:49:13",1550.7,2,ayazahmedkazi
1455,16740404,BarrelAged,"2026-08-31 03:14:48",1550.4,2,johnhosack
1456,16623736,Garigariyong,"2026-09-01 04:31:17",1549.7,2,garigariyong
1457,16657395,"Uchechukwu Ajuzieogu","2026-09-03 14:10:11",1549.7,2,uchechukwuajuzieogu
1458,16702275,Joyal,"2026-08-31 15:54:17",1549.3,2,joyalseejo
1459,16688907,青烟,"2026-08-24 12:39:28",1549.0,2,"imagine4391,mortal4416"
1460,16769028,"Rishabh Yadav","2026-09-02 08:49:36",1548.3,2,riishabhhh
1461,16630323,kaggricultureomnidimensionalut,"2026-08-28 10:51:28",1548.0,2,kumarandatascientist
1462,16741720,MarKoz,"2026-09-03 07:18:49",1545.5,2,sirgauda
1463,16759705,2nod,"2026-08-23 03:42:04",1545.2,2,tsunoten
1464,16794205,"kiwi apple","2026-09-01 18:56:25",1545.0,2,kiwiapple
1465,16762195,eliasruntime,"2026-08-31 22:34:30",1544.9,2,eliasruntime
1466,16759402,Capitaalgain,"2026-08-25 05:11:47",1543.9,2,capitaalgain
1467,16693431,Jonewang,"2026-08-30 06:38:15",1543.4,2,jone520
1468,16691154,UnknownRobi,"2026-08-31 22:50:27",1543.1,2,canrobichaud
1469,16630711,"Aleks Lviv","2026-08-30 11:46:50",1542.2,2,alekslviv
1470,16757123,"Sripad Modali","2026-08-25 11:28:18",1541.2,2,sripadmodali
1471,16706185,"Bab Kek","2026-08-25 21:04:53",1540.8,2,babkek
1472,16622937,"Sheep 🐑","2026-08-20 03:02:38",1540.2,2,kabilrh
1473,16727784,Baen,"2026-08-24 06:44:33",1540.2,2,cairh22
1474,16668260,"Yangle Ma","2026-08-30 04:29:01",1540.1,2,yanglema
1475,16686918,JustinLee,"2026-09-03 20:14:16",1540.1,2,justin2061
1476,16673328,"Preetham Prasanna","2026-09-03 11:01:44",1540.0,2,preethamprasanna
1477,16758817,Ruwawa,"2026-08-30 18:23:19",1539.9,2,ruwawa
1478,16662651,CoatiAI,"2026-08-29 22:23:39",1539.9,2,gjhordan
1479,16669666,RhoenSprudel,"2026-08-24 21:05:02",1539.6,2,rhoensprudel
1480,16728774,あなまか,"2026-08-30 17:15:37",1538.9,2,arakish
1481,16708315,beeyan,"2026-08-21 13:40:53",1538.0,2,beeyan0821
1482,16693193,"Efrain Garay","2026-08-28 00:36:49",1537.4,2,efraingaray7
1483,16675960,"Audric LOKO","2026-08-31 15:38:30",1536.5,2,audricloko
1484,16758074,"mountain Lee111","2026-08-22 09:12:30",1535.7,2,BNBUDINGSHANLee21
1485,16658245,ziliangCok,"2026-08-28 16:08:13",1535.4,2,ziliangcok
1486,16816445,"Danila Lebedev","2026-09-03 09:46:15",1535.3,1,danilalebedev
1487,16765135,neuro168,"2026-08-26 05:02:01",1535.1,1,lordmc
1488,16678609,quantcrypto3,"2026-09-01 19:19:00",1534.4,2,quantcrypto3
1489,16683755,"Meng Di","2026-09-02 16:06:28",1534.1,2,hughshaoqz
1490,16740464,"Jorrawar Grewal","2026-08-21 05:30:14",1533.6,2,jorrawargrewal
1491,16693549,別班,"2026-08-15 06:47:38",1533.3,2,"kusurizuke,pepushi,tomokiaki"
1492,16664751,"Cindy Meng90","2026-08-26 01:10:52",1533.1,2,cindymeng90
1493,16640785,"syouya tobita","2026-08-27 07:07:31",1532.9,2,syouyatobita
1494,16623559,DECEM,"2026-08-24 17:50:06",1531.7,2,zy1343930734
1495,16666165,ChrisLeiteScha,"2026-08-24 15:20:36",1530.9,2,chrisleitescha
1496,16696593,bplyc15,"2026-09-02 07:42:03",1530.1,2,bplyc15
1497,16805340,"Md. Rafiul Islam","2026-09-03 20:23:18",1530.1,2,rafiulislamrafi
1498,16744905,"Nator X","2026-08-26 22:15:29",1529.5,2,natorx
1499,16711608,"Thomas Greissler","2026-08-24 00:01:46",1529.2,2,thomasg22202020
1500,16743356,"Azat Akhtyamov","2026-09-02 20:20:12",1528.7,2,azakhtyamov
1501,16715933,Scomics,"2026-08-20 07:33:14",1528.3,2,"bruceche7797,dongyiqun,jyxxxx"
1502,16664566,"Lormann ","2026-08-23 06:24:29",1527.8,2,lormann
1503,16664379,N_Matsumoto24,"2026-09-02 08:17:44",1527.8,2,nmatsumoto24
1504,16697139,Stocks152,"2026-08-23 15:00:19",1527.1,2,stocks152
1505,16740159,CY,"2026-08-30 03:27:33",1526.8,2,aimeny
1506,16782196,"jingyang tu","2026-09-01 01:49:08",1526.7,2,jingyangtu
1507,16745312,"Alexie Huynh","2026-08-22 08:27:27",1526.1,1,alexiehuynh
1508,16771394,"ZHIRUI ZHAO","2026-08-29 06:27:03",1526.0,2,zhiruizhao
1509,16759075,"Michael Day","2026-08-24 10:38:52",1526.0,2,michaelday99
1510,16738721,"Luan Kunyu","2026-08-21 14:42:27",1525.8,2,luankunyu
1511,16756925,"Dread Development","2026-09-01 19:04:20",1525.6,2,"dreaddevelopment,seanornberg"
1512,16710128,"KeHao Liu","2026-08-14 01:52:29",1525.6,2,kehaoliu
1513,16743216,xerkey,"2026-08-31 08:05:19",1524.8,2,xerkey
1514,16759699,"Mason Cao","2026-08-22 17:47:14",1524.1,1,mzcao7
1515,16716081,"dunky su","2026-08-23 06:36:50",1523.6,2,dunkysu
1516,16654091,webmaking,"2026-08-19 05:28:56",1523.4,2,webmaking
1517,16687363,"elegantangel (628700)","2026-08-24 09:58:52",1523.4,2,elegantangel
1518,16692725,"Zhen Li","2026-08-29 13:41:00",1522.7,2,zhenlisak
1519,16743904,minamoto,"2026-08-25 16:53:16",1522.4,2,usermina
1520,16764394,haseryooooo,"2026-09-03 02:50:02",1522.0,2,haseryooooo
1521,16708880,yotsutose,"2026-08-31 03:20:51",1521.7,2,yotsutose
1522,16730142,static,"2026-08-28 10:43:31",1521.7,2,huangshunhao
1523,16699455,vijaikm,"2026-09-03 03:10:52",1520.8,2,vijaikm
1524,16666057,StopPlantingStartGameTheorying,"2026-08-27 03:13:02",1520.2,2,mymelodyenjoyer
1525,16726816,"Games Jadley","2026-09-01 18:32:04",1520.0,2,gamesjadley
1526,16765215,"arlenjim ","2026-08-24 19:32:48",1519.1,2,arlenjim
1527,16680065,Vishodhan,"2026-08-14 23:46:15",1518.4,2,vishodhan
1528,16758634,Ernnnn4u,"2026-08-24 17:00:46",1518.3,2,ernnnn4u
1529,16633507,"Ivan Vorfolomeev","2026-08-20 12:54:05",1518.1,2,ivanvorfolomeev
1530,16766320,vp_mass,"2026-08-25 20:19:08",1518.0,2,vpmass
1531,16640048,"extra eclaire","2026-08-20 05:41:57",1517.9,2,extraeclaire
1532,16668721,"Efe Can Celiksoy","2026-08-13 22:00:41",1517.7,2,efecnc
1533,16704580,"Yunho Hwang","2026-09-03 08:00:27",1517.6,2,yunhohwang
1534,16689183,Hawksartelier,"2026-08-29 20:24:38",1517.4,2,satyapb2002
1535,16664573,AdhithyaRokhith,"2026-08-22 20:34:38",1516.5,2,adhithyarokhith
1536,16691038,"animal crossing","2026-08-25 00:43:44",1516.2,2,hoonchoonc
1537,16754560,Kam,"2026-08-21 14:02:39",1516.0,1,kamting
1538,16660268,"Sébastien Mametz (Pixs)","2026-08-14 09:08:39",1514.7,2,sbastienmametzpixs
1539,16718937,62326368,"2026-08-23 17:28:44",1514.4,2,mooniim
1540,16743016,"MD Zeeshan","2026-08-20 18:13:32",1513.7,2,makrovh
1541,16709203,Ayush_Patel,"2026-08-25 03:34:12",1513.2,2,ayushpatel1305
1542,16654076,"Son Pham","2026-08-22 18:32:36",1513.0,2,sonphamorg
1543,16668152,ksew364,"2026-08-24 14:39:18",1512.7,2,ksew364
1544,16709824,pizzahut,"2026-09-02 20:49:27",1511.8,2,csalazoltntams
1545,16750364,Tangruichen,"2026-08-26 17:38:42",1509.8,2,device666kunkun
1546,16661362,BEETRiX🦋,"2026-08-11 14:42:28",1509.4,2,johannaleighdeley
1547,16707193,"radji kraim","2026-08-26 11:53:17",1509.2,2,radjikraim
1548,16661050,Master_S1ave,"2026-08-31 22:45:16",1508.5,2,masters1ave
1549,16768955,Hunedjekdsfkd,"2026-08-25 03:56:30",1508.2,1,hunedjekdsfkd
1550,16742228,"bangqun ZHAO","2026-08-27 05:20:56",1508.0,2,bangqunzhao
1551,16683193,Paami,"2026-08-24 01:21:00",1507.7,2,coldpaami
1552,16709950,"Ryan Myers","2026-08-23 17:57:55",1507.5,2,ryanmyers03
1553,16640394,"MOHAMMADJAFAR ZAMANI","2026-09-03 08:09:09",1506.9,2,mohammadjafarzamani
1554,16779275,XuetingWang,"2026-09-01 08:50:53",1506.9,2,snoopy262
1555,16651672,"Xiaolei Lian","2026-08-19 03:18:04",1506.9,2,xiaoleilian
1556,16740399,"Lynn Pigott","2026-08-24 03:32:08",1506.8,2,lynnpigott
1557,16674878,KirillKlem,"2026-08-13 17:41:24",1506.8,2,kirillklem
1558,16654662,"2/3 rounded to two decimals","2026-08-22 00:36:50",1506.5,2,rnold2
1559,16739898,"solo levelling","2026-08-18 21:08:16",1506.4,2,munibmemon
1560,16726287,BBaRRel.,"2026-08-22 08:29:00",1506.2,2,yujinkk0609
1561,16725304,"Alexandru A","2026-08-29 07:34:25",1506.2,2,alexandrua01
1562,16663748,Calmracer,"2026-09-02 02:25:08",1506.0,2,ethanhall123
1563,16746317,xingyun_byto,"2026-09-01 16:16:59",1505.8,2,xingyunbyto
1564,16728109,"Sidharth Hulyalkar","2026-09-02 18:26:48",1505.3,2,sidharthhulyalkar21
1565,16632021,istinetz,"2026-09-03 13:57:19",1505.3,2,istinetz
1566,16762208,"The Great Alliance","2026-09-02 17:06:20",1505.3,2,sorcererbi
1567,16722731,"E&M Pioneer","2026-08-30 11:18:55",1505.2,2,hzq2004
1568,16753925,"Tyler Durden","2026-08-28 13:44:04",1505.1,2,jeedimetlacharan213
1569,16692639,"Bharat Kumar0925","2026-09-03 17:23:05",1504.7,2,bharatkumar0925
1570,16756510,tongmian1314,"2026-09-02 23:35:50",1504.7,2,tongmian1314
1571,16773244,"Yudai Ueno","2026-09-02 10:45:04",1504.2,2,yudaiueno
1572,16664477,"The T-MAN","2026-08-26 18:51:40",1503.9,2,otmaneelmahda
1573,16623463,porply,"2026-08-27 09:16:10",1503.8,2,porply
1574,16741683,"Lance Wu","2026-08-24 09:40:14",1503.5,1,lancewu722
1575,16793229,"Waseem Mushtaq","2026-08-30 13:38:14",1503.3,1,waseemmushtaq045
1576,16748933,Lixrixy,"2026-08-26 06:11:03",1502.5,2,lixrixy
1577,16696098,Valmorlee,"2026-08-23 19:40:07",1502.2,2,valmorlee
1578,16755071,"Varun Rao","2026-08-26 18:46:59",1502.0,2,varunraosfanlkan
1579,16803141,"Zachariah Zhang","2026-09-03 08:19:51",1501.6,2,xinweizhang003
1580,16666665,Team-Veraxion,"2026-08-31 08:24:24",1501.6,2,"anuragvelekat,ayushiitomar,faizmemon,hariharigandikota"
1581,16667843,"durgesh dere","2026-08-21 16:10:13",1501.4,2,durgeshdere08
1582,16736138,Anand,"2026-08-21 06:00:12",1500.5,2,gazzal
1583,16655501,Savko,"2026-08-21 00:33:21",1500.3,2,savchenko
1584,16728914,d0gied,"2026-08-17 15:12:08",1500.1,2,d0gied
1585,16779780,SiVitr2fDrXS.2N,"2026-08-30 15:06:17",1499.9,2,sivitr2fdrxs2n
1586,16782984,crinoid,"2026-09-02 10:59:06",1499.8,2,takemi
1587,16707749,Yuzu,"2026-09-03 12:32:06",1499.5,2,yuzuoctopus
1588,16732813,Soomana1z,"2026-09-02 09:39:06",1499.5,2,soshionodera
1589,16655718,eveyxy,"2026-08-31 13:57:52",1499.3,2,eveyxy
1590,16644303,"kevin zhou","2026-08-20 04:00:36",1499.3,2,kevinzhou66
1591,16668700,"Pranshu Ghori","2026-08-17 22:02:35",1499.3,2,pranshughori
1592,16663767,"Tommy Mancino","2026-08-31 23:03:57",1498.9,2,tommymancino
1593,16665237,"get some fries","2026-09-03 10:31:21",1498.4,2,"rainchen0411,richardsilence,tongyuexiao"
1594,16665214,Epiphany_Thu,"2026-08-21 12:06:53",1498.3,2,epiphanythu
1595,16677592,keniii,"2026-08-25 00:29:31",1498.2,2,kartheeswaran28
1596,16730320,Rosebuddychomp,"2026-08-25 14:51:40",1498.1,2,rishabhshetye
1597,16624824,GoofyGenius,"2026-09-03 16:28:14",1497.8,2,goofygenius
1598,16726994,bird,"2026-08-23 05:00:19",1497.8,2,whitebird
1599,16735232,"Johnson Chishimba","2026-09-03 04:13:50",1497.2,2,johnsonchishimba
1600,16737843,"Muhammad Shoaib Memon","2026-08-23 19:52:52",1496.7,2,muhammadshoaibmemon
1601,16720720,道海孤舟,"2026-08-21 06:59:41",1496.7,2,unseenanch
1602,16651806,shawnYiB,"2026-09-02 15:18:07",1496.6,2,shawnyib
1603,16806346,"Mike chen666","2026-09-02 19:22:07",1495.6,2,mikechen666
1604,16661772,R3ddrag0n,"2026-09-02 19:43:09",1495.5,2,r3ddrag0n
1605,16664132,kojingbo,"2026-08-22 19:11:23",1495.3,2,kojingbo
1606,16675610,"Srikar Medisetti","2026-08-30 12:06:25",1495.2,2,deathaunter
1607,16662949,"Will English","2026-08-18 17:13:22",1495.2,2,dubascudes
1608,16768543,caas_sicca,"2026-09-03 07:24:25",1495.2,2,caassicca
1609,16720841,liuhc1017,"2026-09-02 09:17:45",1495.0,2,liuhc1017
1610,16691946,"Hassan Algizani","2026-08-13 20:20:09",1494.3,2,hassanalgizani
1611,16718819,Majkel1337,"2026-09-03 01:23:27",1494.2,2,majkel1337
1612,16621741,"Andrey Naymushin","2026-08-24 09:46:41",1494.2,2,andrewsokolovsky
1613,16689186,NCK,"2026-08-24 09:44:38",1494.1,2,drnchaitanyakumar
1614,16763444,"crazy achiever","2026-08-28 18:51:13",1493.7,2,crazyachiever
1615,16741672,张菠,"2026-08-28 09:28:25",1492.5,2,ysqdababa
1616,16715244,uri_kkyhr,"2026-08-15 04:53:37",1492.4,2,urikkyhr
1617,16709246,"Tariku Mehdi","2026-09-03 00:25:56",1492.2,2,tarikumehdi
1618,16702547,Dean0016,"2026-08-13 17:56:10",1491.8,2,dean0016
1619,16750457,"Adrian Ricardo da Silva","2026-08-25 11:21:43",1491.5,2,adrianricardodasilva
1620,16692272,Ddere008,"2026-08-21 18:43:56",1491.2,2,ddere008
1621,16685342,"Kanth Da","2026-09-03 14:33:25",1490.7,2,"kanthda,riteeshreddybysani"
1622,16726281,rperez04,"2026-08-22 23:15:13",1490.5,2,rperez04
1623,16623515,fishcat,"2026-08-26 01:20:04",1490.0,2,fishcat37
1624,16763551,"PRASHANT SHUKLA91","2026-08-30 15:03:15",1490.0,2,prashantshukla91
1625,16657623,Restart:),"2026-08-20 08:35:50",1489.6,2,wayne127
1626,16719536,"Mandy Lin","2026-08-14 03:18:29",1488.9,2,ydnamlin
1627,16682318,Bibek,"2026-08-19 08:41:54",1487.8,2,bibek777
1628,16738745,"Anh Quân","2026-08-24 13:41:30",1487.3,2,qunanh
1629,16754086,Beenvvv,"2026-08-25 05:57:29",1487.3,2,beenvvv
1630,16729554,"JingSong Yang","2026-08-28 05:33:55",1486.0,2,jingsongyang
1631,16684641,t.me/aetheranime,"2026-08-25 17:49:10",1486.0,2,yfrite
1632,16756477,Ender,"2026-08-26 03:00:12",1485.8,2,eamonnkashyap
1633,16698294,"John Doe","2026-09-03 06:27:52",1485.7,2,johndoe90843
1634,16653805,mohsen2050,"2026-08-23 12:36:20",1485.6,2,mohsen2050
1635,16714498,Zubekanov,"2026-08-18 01:14:49",1485.6,2,zubekanov
1636,16719262,sadjeen00,"2026-08-14 02:15:50",1485.5,1,sadjeen00
1637,16713007,"Jerry Hwa","2026-08-23 12:20:13",1485.4,2,jerryhwa
1638,16782227,"chen yue li","2026-09-03 01:34:30",1485.1,2,yueelc
1639,16644578,"Team Name","2026-08-23 03:25:05",1484.8,2,baytree1238
1640,16758152,MiguelLFCG,"2026-08-30 11:20:49",1484.5,2,miguellfcg
1641,16786341,"Farmula One","2026-08-29 09:24:08",1483.9,2,"joesland,mer4yyy,ricaaaovo,zhangxingzhe"
1642,16769116,qiuqiu,"2026-09-03 09:49:41",1483.9,2,qiuqiuh
1643,16780130,与君作田,"2026-08-29 14:01:35",1483.5,2,zhaoxi1244
1644,16707561,"Nick Rom111","2026-09-03 09:42:27",1483.0,2,nickrom111
1645,16731911,"liu bo","2026-08-25 11:19:02",1482.8,2,liuboo45586
1646,16621628,pupen_o,"2026-08-22 19:12:01",1482.7,2,pupeno
1647,16637329,Rucbic,"2026-08-19 17:32:21",1482.3,2,rucbic
1648,16685047,Yvonne.,"2026-08-28 05:48:42",1482.1,2,zdawer250
1649,16746112,"Jonathan Martschinke","2026-08-24 08:52:51",1481.1,2,jonathanmartschinke
1650,16632304,"Masataka Suzuki","2026-08-31 12:30:27",1480.8,2,masatakasuzuki
1651,16763813,Sydney,"2026-09-02 14:25:07",1480.7,2,n3yan7
1652,16784133,"HASNAIN HAIDER","2026-09-01 17:02:27",1480.5,2,techzero
1653,16654193,fvong,"2026-08-30 00:02:24",1480.2,2,fvong35963
1654,16713540,Anruan,"2026-08-25 17:34:49",1479.5,2,xiaowanshen
1655,16698223,"Feng Jiahui","2026-08-18 08:35:04",1478.9,2,junipersky
1656,16664128,"Michael Todd Overdorf","2026-08-17 00:32:51",1478.8,2,michaeltoddoverdorf
1657,16624339,"Дворкин Евгений Владимирович","2026-09-03 11:01:27",1478.6,2,evgendvorkin
1658,16666578,STRAF,"2026-08-23 23:07:25",1478.1,2,nikosstraf
1659,16706897,"Akshay Mathur","2026-08-30 20:38:59",1478.1,2,akshaymathur777
1660,16675905,HydFarms,"2026-08-30 11:22:11",1478.0,2,"kumaramar,ronithjaju,shiveshcgatech,vidhishah115"
1661,16725342,little_d1d1,"2026-08-16 04:24:39",1477.8,2,littled1d1
1662,16717665,"Christoffer Thimsen","2026-08-29 17:38:39",1477.1,2,lowasitgoes
1663,16670297,"Gebreab K. Zewdie","2026-08-26 00:22:15",1476.8,2,gzewdie
1664,16622934,"Ümit Anık","2026-08-21 04:46:16",1476.5,2,mitank
1665,16747036,Illusion,"2026-08-31 15:25:11",1476.0,2,briankimtaikab
1666,16672003,carlscamt,"2026-08-14 17:19:42",1476.0,2,carlscamt
1667,16716431,m&m,"2026-08-16 16:21:07",1475.4,2,ntrlmt
1668,16799362,"James Weatherhead","2026-09-01 05:30:54",1475.3,2,jamesweatherhead
1669,16716697,"Habil Tobi","2026-08-28 20:57:52",1475.2,2,habiltobi
1670,16769795,"Edi Marian","2026-08-25 11:01:09",1475.0,2,edimarian
1671,16736250,Yizhi,"2026-08-31 06:03:48",1474.5,2,yizhitao
1672,16659942,"Abdoulaye DIAW","2026-08-21 09:57:06",1474.1,2,abdoulayediaw25
1673,16728708,"Rishi Jain","2026-08-18 07:27:14",1473.4,2,rishijain07
1674,16762319,"郑诗籍 ZhengShiJi","2026-08-25 03:48:33",1473.3,2,zhengshiji
1675,16675161,iVl44d,"2026-08-19 22:50:26",1473.2,2,ivl44d
1676,16628897,"Kyoungwon Jeong","2026-09-02 05:31:31",1473.1,2,kyoungwonjeong
1677,16691506,Dipak_ISM,"2026-08-29 13:07:18",1473.0,2,dipakism
1678,16663445,"ali dzaki","2026-08-30 15:57:51",1472.0,2,alidzaki
1679,16679560,LEET,"2026-08-15 00:45:52",1472.0,2,soufianelasfar
1680,16664487,houlidai-jiekiulai,"2026-08-21 11:02:07",1471.9,2,houlidaijiekiulai
1681,16632262,Milkomeda,"2026-08-19 13:45:02",1471.7,2,milkomeda74583
1682,16642139,"Arnav Goel","2026-08-29 07:24:09",1471.7,2,arnavgoel17
1683,16726011,"Dawid Fleischer","2026-08-25 18:37:25",1471.0,2,dawidfleischer
1684,16736265,"Marko Rupnik","2026-09-03 10:43:17",1470.8,2,markorupnik
1685,16669269,"yash bhaskar","2026-08-25 19:44:32",1470.0,2,yash9439
1686,16737057,Wiz,"2026-08-24 03:15:13",1470.0,2,williamzhou001
1687,16632612,Farmville,"2026-08-24 02:12:45",1469.7,2,rafaelfigueiredo13
1688,16769769,"Artur Shafiev","2026-08-29 05:29:31",1469.4,2,arturshafiev
1689,16651939,"Yogesh Jadhav","2026-08-24 05:50:52",1469.2,2,dynamo14324
1690,16687159,Max64738CB,"2026-08-30 18:22:51",1469.0,2,max64738cb
1691,16690401,Skyspace,"2026-08-21 12:50:09",1468.9,2,empireblue
1692,16724452,Jay,"2026-08-20 00:34:34",1467.9,2,jayshimada
1693,16719733,CleoCantCompete,"2026-08-25 02:27:27",1467.8,2,cleocantcompete
1694,16643693,"Kerem çelik","2026-08-19 10:12:47",1467.7,2,keremelik
1695,16726660,"Prime Leo","2026-08-23 14:21:53",1467.4,2,primeleo
1696,16734667,sadanamaru,"2026-09-03 16:41:20",1467.4,2,sadanamaru
1697,16712185,"Vishal Khomane","2026-09-02 15:32:38",1467.4,2,vishal567
1698,16641372,ShoaibSSM,"2026-08-29 10:18:25",1466.6,2,"naveenlx111249971939,shoaibssm"
1699,16655877,"Harish K","2026-08-25 19:09:49",1466.5,2,harishk2209
1700,16729640,"Наталья Скляр","2026-08-21 18:11:07",1466.4,2,natsklyar
1701,16664490,llllllc666,"2026-09-03 08:57:52",1466.3,2,llllllc666
1702,16723967,dk2lone,"2026-08-20 05:00:59",1465.9,2,dk2lone
1703,16665352,"Paul Nassiri","2026-08-22 20:15:33",1465.7,2,laszlolevray
1704,16726461,mocatti,"2026-09-02 01:32:15",1465.4,2,mocatti
1705,16753618,mushichou4,"2026-08-22 10:20:51",1465.1,2,mushichou4
1706,16646679,tong00,"2026-08-17 12:02:11",1464.8,2,tong00
1707,16661073,PyJa,"2026-08-22 12:31:53",1464.4,2,pixiux
1708,16756902,"Matt Palmer","2026-09-03 19:52:11",1464.1,2,palmsey
1709,16658203,Lan_Sky,"2026-09-01 15:04:56",1464.0,2,lansky6
1710,16706395,"Kunal Desale","2026-08-17 15:49:39",1463.8,2,kunaldesale2408
1711,16690970,"Raoul Biagioni","2026-08-22 06:37:40",1463.4,2,raoulbiagioni
1712,16744127,Faiz,"2026-08-21 20:33:33",1463.2,2,souraditya26
1713,16786013,sakarush,"2026-09-02 13:17:42",1463.2,2,sakarush
1714,16696099,moss,"2026-08-20 15:52:48",1462.8,2,kenyashimizu
1715,16732792,amaotone,"2026-08-20 14:27:36",1462.5,2,amaotone
1716,16822414,Yassinovich,"2026-09-03 15:56:46",1462.1,1,yassinovich
1717,16790548,"Francesco Del Sesto","2026-08-31 10:47:27",1461.2,2,francescodelsesto
1718,16752018,三浦桂基,"2026-08-30 04:00:30",1461.0,2,keikipc
1719,16656394,"Pushkar K.G","2026-08-18 09:29:08",1460.8,2,dejokz
1720,16738899,Grayden_Lee,"2026-08-21 11:42:07",1460.5,2,haozelii
1721,16732654,Goated_Farmers,"2026-08-23 17:09:50",1460.1,2,"mugundhjb,srinathduvvuri"
1722,16722319,"༺ANIS YT༻","2026-08-19 13:08:47",1460.1,2,anisyt
1723,16725996,MatheusPSorancoDeCarvalho,"2026-08-17 22:12:37",1459.2,2,matheussoranco
1724,16778744,"Shunsuke Hayashi","2026-08-28 02:48:54",1459.1,2,shunsukehayashi1993
1725,16700068,"My Little Pony","2026-08-17 13:41:17",1458.8,1,"buxiangzaoqi66,juliezhang131,yaoyilv"
1726,16665543,"Charan Manthena","2026-08-24 15:32:19",1458.3,2,charanmanthena
1727,16745351,ChrisXie,"2026-08-20 01:56:24",1458.2,2,chrisstan
1728,16818589,"Rachmat S. Haryadi","2026-09-03 15:37:26",1457.5,2,rachmatsharyadi
1729,16737041,presucc,"2026-08-24 15:36:32",1457.4,2,presucc
1730,16725947,SamarthRawat18,"2026-08-22 13:31:06",1457.4,2,samarthrawat18
1731,16791999,"Dashi Tsybikzhapov","2026-09-01 07:13:57",1457.0,2,dashitsybikzhapov
1732,16727191,"Alexander Kokshenin","2026-08-20 02:08:15",1456.8,2,kokshenin
1733,16622319,"Roman Tamrazov 52","2026-08-21 07:51:48",1456.8,2,romantamrazov
1734,16756750,Charu,"2026-08-22 00:45:03",1456.7,2,charu13a
1735,16728067,"Chenzhao Li","2026-08-18 08:04:21",1456.3,2,heartquest
1736,16778417,"TANG BUDU 19SD195","2026-08-30 02:41:39",1456.2,2,tangbudu19sd195
1737,16757903,"Om Singh","2026-08-27 07:05:06",1456.0,1,spoilyfrog
1738,16675486,"SALAH ELDIN ELNABARAWY","2026-08-18 21:17:22",1455.9,2,salaheldinelnabarawy
1739,16722303,JohannPongratz,"2026-09-03 19:32:18",1455.9,2,johannpongratz
1740,16733297,sohasoha42,"2026-08-18 17:50:51",1455.9,2,sohasoha42
1741,16713267,"yq l68135","2026-08-21 21:35:52",1455.1,2,yql68135
1742,16715319,ocha_heaven,"2026-08-19 13:10:14",1454.8,2,ochaheaven
1743,16727842,"Iadh Jarray","2026-08-17 13:45:11",1454.5,2,iadhjarray
1744,16783328,AggriTrader,"2026-08-28 14:37:10",1454.4,2,leoluo
1745,16655195,Pirhosseinlou,"2026-08-24 18:17:43",1453.8,2,pirhosseinlou
1746,16731275,carbonapi,"2026-08-24 21:08:43",1453.7,2,nonempty
1747,16724584,"Jinx JK","2026-08-18 09:08:26",1453.5,2,jinxjk
1748,16758895,daphne,"2026-09-02 14:17:07",1453.4,2,daphne4sg
1749,16660735,"Bassel Elbahnasy","2026-09-03 13:42:53",1453.3,2,basselashraf
1750,16770397,Ryu,"2026-09-03 20:15:16",1452.6,2,bexultanashenov
1751,16724351,"Luxshan Thavarasa","2026-08-24 09:58:38",1452.1,2,luxluxshan
1752,16623470,rurumi,"2026-09-02 05:21:15",1452.0,2,rurururumi
1753,16729273,"Munib Ur Rehman Memon","2026-08-24 20:48:08",1451.7,2,muniburrehmanmemon
1754,16655379,Ikeda0516,"2026-08-27 08:52:18",1451.7,2,ikeda0516
1755,16659328,"Muhammed Ashiq Abdul Khader","2026-08-26 06:32:42",1451.6,2,ashiqabdulkhader
1756,16683813,WangQrkkk,"2026-08-17 06:54:07",1451.5,2,wangqrkkk
1757,16728238,ubcict232,"2026-08-24 11:17:08",1451.3,2,ubcict232
1758,16721070,LiuChen1350,"2026-08-26 05:30:30",1450.8,2,liuchen1350
1759,16709930,llRX,"2026-08-25 05:33:21",1450.4,2,"bankkobe,leojeel,ruikaihong"
1760,16740419,IamDiganta.7,"2026-09-03 01:03:25",1450.4,2,iamdiganta7
1761,16671376,Lebxgue.,"2026-08-18 04:40:25",1450.1,2,yukieja
1762,16721248,"Raef Guizani","2026-09-03 10:08:01",1450.1,2,raefguizani
1763,16687479,kowalskii,"2026-08-23 19:42:49",1449.9,2,anirudhkumaraheer
1764,16730688,zy,"2026-08-27 07:25:40",1449.9,2,justforwin
1765,16632777,"Alexandrine Cakpo","2026-08-20 10:20:22",1449.1,2,alexandrinecakpo
1766,16730735,YUK,"2026-09-03 20:16:24",1449.0,2,yu0307
1767,16647324,GG-bond,"2026-08-24 03:14:55",1448.0,2,wyhwyh123
1768,16662051,"Salem Ali","2026-08-26 07:57:33",1447.7,2,salemali7
1769,16623368,"Evgeniy Veselkov","2026-08-18 05:26:04",1447.7,2,evgeniyveselkov
1770,16757384,straw_Yu,"2026-09-02 02:37:45",1447.6,2,strawyu
1771,16696607,"Manish modak","2026-08-16 07:37:54",1447.6,2,manishmodak
1772,16725441,lemon1219,"2026-08-21 15:37:35",1447.4,2,lemon1219
1773,16741131,"Adarsh Balanolla","2026-08-23 19:09:08",1447.4,2,adarshreddyb
1774,16625856,takai380,"2026-09-01 02:34:05",1447.4,2,takai380
1775,16690612,"Mina Gayid","2026-08-16 12:59:16",1447.2,2,minagayid
1776,16736079,Maxy5illion,"2026-09-03 07:01:22",1446.8,2,maxy5illion
1777,16638177,stpete_ishii,"2026-08-30 05:35:41",1446.5,2,stpeteishii
1778,16736969,"york li13","2026-08-19 01:07:02",1446.1,2,yorkli13
1779,16742048,SuperGiantLam,"2026-08-25 02:08:17",1445.9,2,zptpsz
1780,16741932,"Michael Chen","2026-08-31 06:08:41",1445.7,2,fuqiangchen
1781,16714474,"Glenn Dalbey","2026-08-22 20:44:17",1445.5,2,glenndalbey
1782,16739488,Restodecoca,"2026-08-19 16:42:34",1445.0,2,restodecoca
1783,16654021,"Swachhith B","2026-08-24 08:40:04",1443.4,2,swachhithb
1784,16662810,HarshitSama,"2026-08-16 12:54:17",1443.2,2,harshitsama
1785,16685074,"Emir Can","2026-08-30 20:16:36",1443.2,2,aerospacer
1786,16675655,TrebolNoir_,"2026-09-01 12:59:42",1442.6,2,trebolnoir
1787,16654841,"ABHIRUP DAS","2026-08-28 04:51:44",1442.5,2,abhirupdas10
1788,16692923,"Pavel Kazlou","2026-08-31 16:10:22",1442.5,2,paulik
1789,16661352,"Porch Goose","2026-08-21 02:52:24",1442.0,2,jaclyndeem
1790,16770884,VegetabledogNeo,"2026-08-31 01:23:25",1441.7,2,vegetabledogneo
1791,16694710,ponsuk,"2026-08-17 19:01:09",1441.1,2,ponsuk
1792,16662735,"Kurian George","2026-08-23 18:16:30",1441.0,2,kuriangeorge
1793,16682032,"Satkar sarvankar","2026-08-27 07:19:02",1440.7,2,satkar003
1794,16689601,"Prathmesh Adsod","2026-08-18 03:55:13",1440.6,2,prathmeshadsod
1795,16730728,"Le Trong Hieu","2026-08-18 01:04:19",1440.5,2,backtracking
1796,16793261,Von_Feynman,"2026-08-30 13:35:43",1439.9,1,terrenceluo1017
1797,16659972,"Pelamovic ","2026-08-25 18:03:34",1439.9,2,pelamovic
1798,16654752,Agrofitting,"2026-09-03 20:05:58",1439.1,2,"evvfebruary,vinch97"
1799,16759625,gkg223,"2026-09-03 19:17:02",1438.9,2,gkg223
1800,16726064,"sana slama","2026-08-15 17:01:13",1438.8,1,sanaslamamm
1801,16628664,"Anton Tikhonov","2026-08-17 16:05:18",1438.7,2,itwastony
1802,16623580,matsu997,"2026-08-21 16:16:52",1437.2,2,mastu997
1803,16729691,YinuoChen271,"2026-08-17 15:42:51",1436.3,2,yinuochen271
1804,16676336,lemon13418,"2026-08-18 07:34:03",1436.2,2,lemon13418
1805,16677938,"Hajime Tamura","2026-08-21 13:52:44",1436.0,2,thajime
1806,16632735,"No Free Lunch, Only Melons","2026-08-22 03:09:45",1435.3,2,kawaharataishi
1807,16639796,rmizuta,"2026-08-28 15:07:43",1435.1,2,rmizuta
1808,16632164,"Tim Shini","2026-08-30 18:04:29",1435.0,2,timshini
1809,16636094,Hax2456,"2026-08-15 10:05:01",1434.6,2,hax2456
1810,16697922,TingyuanLi277,"2026-08-21 03:39:03",1434.0,2,tingyuanli277
1811,16736685,kentaro_kato,"2026-08-24 00:36:31",1433.6,2,kentarokato
1812,16698576,monnu,"2026-08-19 05:55:01",1433.3,1,fuumin621
1813,16664762,"John Marinton","2026-08-25 12:10:10",1433.3,2,marintonjohn
1814,16675503,"Jeff Marc E. Cadet","2026-08-30 17:56:07",1433.0,2,jeffmarcecadet
1815,16653129,"Prashanth Reddy Biyyani","2026-08-20 13:53:37",1432.5,2,"prashanthbiyyani,shivagurrala,sumu1526"
1816,16725335,"Chris #2","2026-08-29 15:32:47",1432.1,2,kagglecompetechris
1817,16722619,vlavlalva,"2026-09-03 10:20:15",1432.0,2,cppcph
1818,16653379,"Asakawa Ruriko","2026-08-30 00:31:08",1431.9,2,asakawaruriko
1819,16685160,Yura,"2026-08-17 07:27:50",1431.9,2,yuratrubitsyn
1820,16707990,Snorlax,"2026-08-25 01:32:23",1431.9,1,pku1400010735
1821,16690923,"Maqsoud Tawaliou","2026-08-23 20:52:18",1431.9,2,maqsoudtawaliou
1822,16735582,"Tumaini Makena","2026-08-18 06:01:09",1430.5,1,tumainimakena
1823,16630839,steubk,"2026-08-21 21:55:39",1429.9,2,steubk
1824,16757689,YanXiaohan666,"2026-09-01 15:57:45",1429.9,2,yanxiaohan666
1825,16709214,"Ariel Suntasig","2026-08-17 19:46:09",1429.7,2,arielsuntasig2001
1826,16680524,Nealdarkdarkdark,"2026-08-26 15:13:50",1429.5,2,wklyb1
1827,16728901,dqvide,"2026-08-17 19:53:39",1428.6,2,dqvide
1828,16712535,"Benjamin Beaujard","2026-08-18 11:03:03",1428.6,2,benjaminbeaujard
1829,16717289,JackChenghao,"2026-08-22 12:07:06",1428.4,2,jackchenghao
1830,16661784,"XU XUXIANG","2026-08-27 12:57:06",1428.2,2,"mikeaaaa14,xuxuxiang"
1831,16695283,"Mark Baushenko","2026-09-03 18:32:14",1428.1,2,e0xextazy
1832,16671607,"Chanhyuk Han","2026-09-02 13:04:02",1427.3,2,chanhyukhan
1833,16699246,"Labh Khatke","2026-09-03 10:39:27",1427.1,2,labhkhatke
1834,16698930,MrKiwi,"2026-08-19 09:34:31",1427.0,2,mrkiwi
1835,16651804,"Bocen Li","2026-08-29 06:20:37",1426.8,2,bocenli
1836,16741178,guruguru000,"2026-08-21 08:43:29",1426.4,2,guruguru000
1837,16675807,cubreto,"2026-08-26 15:00:34",1425.6,2,cubreto
1838,16697891,KuziJA,"2026-08-20 20:35:43",1425.5,2,kuzija
1839,16732763,"Raihan Ramadistra","2026-08-18 13:59:22",1425.4,1,raihanramadistra
1840,16673234,MACvengers,"2026-08-19 16:34:04",1425.2,2,"astrojaswanthkumar,ikpikp"
1841,16660477,SeaGoat,"2026-09-03 12:06:43",1424.5,2,vbandaru
1842,16744043,Take,"2026-08-23 14:17:27",1424.2,2,takeuchidaisuke2001
1843,16664232,"Eddy Despradel","2026-09-01 23:58:35",1424.1,2,eddydespradel
1844,16715506,"Moo Point","2026-08-17 21:44:26",1423.9,2,"gnarlycow,tianmeiwang"
1845,16621294,dpquoc,"2026-08-31 04:22:00",1423.4,2,dpquoc
1846,16633222,maxingkong733,"2026-08-18 23:32:58",1423.3,2,maxingkong733
1847,16732685,Tanmay,"2026-08-23 18:16:07",1422.7,2,blankkz
1848,16638375,"Tran H Hoang","2026-08-14 17:01:27",1422.5,2,tranhhoang
1849,16727350,"T Hansda","2026-08-19 14:57:55",1422.5,2,hansda
1850,16717253,Sybery_AI,"2026-09-03 18:18:24",1422.4,2,syberyai
1851,16716012,LaiCxm,"2026-09-02 01:11:05",1422.2,2,laicxm
1852,16725081,ZhouYongqi,"2026-08-27 08:47:02",1422.1,2,xy0v0zhang
1853,16663999,"Colton Martin","2026-09-03 14:22:48",1422.1,2,coltonmartinnn
1854,16710389,GuerillaMoon,"2026-08-19 22:33:46",1422.0,2,guerillamoon
1855,16756557,"Marius Heuser","2026-08-24 21:41:31",1422.0,2,mariusheuser
1856,16759813,tyf_scu,"2026-08-23 17:11:18",1421.9,2,tyfscu
1857,16661575,skw1990,"2026-08-27 06:49:03",1421.8,2,skw1990
1858,16639732,"Junbeom Lee23","2026-08-15 02:45:23",1421.6,2,junbeomlee23
1859,16715579,Uvais,"2026-08-24 00:58:56",1421.3,2,joshuaedwinjacobv24f
1860,16734492,Orynx,"2026-08-19 08:01:33",1420.9,2,"inderj1,jayveersingh6"
1861,16698439,"Pournami Prakash","2026-08-25 17:44:57",1420.7,2,pprakas
1862,16658931,"somewhere after","2026-08-19 08:16:29",1420.5,2,amaterasuuuuu
1863,16725403,tabetai28,"2026-08-18 14:38:57",1420.4,2,taichiabewaseda
1864,16708185,XiaoYan12,"2026-08-30 15:57:47",1420.4,2,xiaoyan12
1865,16682892,"Alvaro Llamojha","2026-09-03 18:49:21",1420.3,2,alvarollamojha
1866,16735075,"Ronchen Luo","2026-08-18 04:29:47",1419.9,2,ronchenluo
1867,16621163,john,"2026-08-16 14:06:25",1419.7,2,jaejohn
1868,16701362,"Papa Annan","2026-08-20 21:26:39",1419.6,2,papaannan
1869,16750344,Vaasu0501,"2026-08-28 16:49:39",1419.5,2,vaasu0501
1870,16632291,"alex chilton","2026-08-31 12:18:09",1419.1,2,alexchilton
1871,16719414,SahilKumarTolani,"2026-09-01 19:45:22",1418.8,2,sahilkumartolani
1872,16639800,"Yong Ming-Jia","2026-08-21 11:23:07",1418.0,2,ymingj
1873,16695242,"Utkarsh Prakash Srivastava","2026-08-25 19:22:39",1417.7,2,utkarshps
1874,16674684,next-best-agent,"2026-08-17 15:28:53",1417.2,2,"minhduy13ly,tdtu981"
1875,16693934,evnchn,"2026-08-23 15:41:50",1416.3,2,evnchn
1876,16630380,JM,"2026-08-27 00:39:05",1415.2,2,julianmukaj
1877,16717901,"Ahmed Hazem Abdeltawab","2026-09-03 12:12:18",1414.8,2,ahmedhazem23
1878,16707383,chizhu,"2026-08-19 13:40:03",1414.6,2,chizhu2018
1879,16719006,bouiboui,"2026-08-20 18:55:02",1414.4,2,bouiboui
1880,16654548,DataSluts,"2026-08-28 07:00:12",1414.0,2,"rahulmedida,siddarthnayak50,sivasu07"
1881,16712943,"Cesar Marcondes","2026-09-02 13:03:59",1413.9,2,cmarcond
1882,16643125,"CARLOS CAADA ROSTRO","2026-08-21 19:23:34",1413.5,2,carloscaadarostro
1883,16749079,mraz1006,"2026-08-26 09:32:57",1413.3,2,mraz1006
1884,16739298,"ricardo assaad","2026-08-18 19:03:22",1413.0,2,ricardoassaad
1885,16721237,phoenixai0,"2026-08-19 06:22:13",1412.9,2,phoenixultra
1886,16635668,"Mirza Yasir Abdullah Baig","2026-08-21 14:13:17",1412.5,2,myab07
1887,16724801,Noir,"2026-09-03 00:11:46",1411.4,2,nuitnoir
1888,16727147,"Alan Smith","2026-08-27 03:44:28",1410.9,2,acorncupcake
1889,16721383,"Emon xu","2026-08-21 16:14:05",1410.6,2,emon0xuyym
1890,16655500,"Zhao Liying","2026-08-16 02:50:53",1410.4,2,yeohzhonghanervin
1891,16674831,"nk for work","2026-08-29 02:31:21",1410.4,2,nkforwork
1892,16634166,Yuki.O,"2026-08-19 01:38:42",1410.3,2,yukiohkawa
1893,16724353,PrathamGupta,"2026-08-17 02:04:38",1409.9,2,prathamguptaaaaaaa
1894,16661622,"Ergin Akın","2026-08-20 16:45:19",1409.9,2,erginakin
1895,16699586,"Linda Liu","2026-09-03 08:29:31",1409.7,2,lpoint
1896,16699745,"Norbert Szolnoki","2026-08-18 11:39:55",1409.6,2,norbertszolnoki
1897,16678172,"Eishkaran Singh","2026-08-19 19:12:02",1409.6,2,eishkaran
1898,16677945,"Quân Trần","2026-08-25 06:43:39",1408.6,2,wuntrn
1899,16661570,"sissoko cheick","2026-09-03 20:07:09",1408.6,2,sissokocheick
1900,16715187,maker2026,"2026-08-28 07:13:03",1408.4,2,maker2026
1901,16639250,"Hamed Seyed-allaei","2026-08-21 19:11:09",1408.3,2,pinocchio
1902,16659763,clarkzhang1031,"2026-08-13 12:27:10",1408.1,2,"clarkzhang1031,huafeihuang"
1903,16699947,HKmgikao,"2026-08-22 05:24:13",1407.9,2,hitoshikmgai
1904,16724060,"Mạnh Linh Hoàng","2026-08-15 15:54:52",1407.8,2,manhlinh1501
1905,16665927,"bhavya shah","2026-08-17 11:06:22",1407.7,2,bhavyashah007
1906,16709295,"Isaac Owomugisha","2026-08-20 16:22:52",1407.3,2,cmplxxyttmt
1907,16698884,VVVoyager,"2026-08-14 03:55:10",1407.3,2,"haoxuanshan,hengnui"
1908,16656931,pns,"2026-08-15 09:45:46",1407.3,2,"nikhilkasyap07,premsivasai,saranboddu"
1909,16720088,"Oiti Roy","2026-08-14 06:26:04",1407.2,1,oitiroy
1910,16644702,cracker_1_war,"2026-08-23 18:26:39",1407.1,2,cracker1war
1911,16660250,Moshel,"2026-08-24 12:36:19",1406.9,2,moshel
1912,16640077,larry54321zhao,"2026-08-25 16:20:29",1406.8,2,larry54321zhao
1913,16664120,SaiDuttaAbhishekDash,"2026-08-21 20:30:01",1406.5,2,saiduttaabhishekdash
1914,16623445,"Hasin Raihan Dhrubo","2026-08-16 09:28:12",1405.9,1,hasinraihandhrubo
1915,16743528,JunWenZhu_1314,"2026-09-02 23:36:09",1405.4,2,junwenzhu1314
1916,16760701,"Yannik Schiffner","2026-09-03 12:59:54",1404.6,2,yannikschiffner
1917,16744842,juisajdiasd,"2026-08-30 04:51:42",1404.5,2,juisajdiasd
1918,16623152,"agentic warriors","2026-08-21 08:59:44",1404.4,2,"ibadia,isabellawoo01"
1919,16774237,"Dennis SH Lai","2026-08-30 17:21:31",1403.4,2,dshihlai
1920,16687068,digiliwigili,"2026-08-22 12:49:07",1403.3,2,kukchyievervin
1921,16733576,"Ojas Aklecha","2026-08-17 18:34:02",1402.7,2,ojasaklecha
1922,16729054,"Shantanu Kesarkar","2026-08-27 05:50:23",1402.1,2,shantanukesarkar
1923,16702691,"Zengyi Mei","2026-08-28 17:01:51",1402.1,2,sfkmzy
1924,16654783,quantara.cv,"2026-08-29 07:26:16",1401.8,2,goth55
1925,16625241,"Mutoy Choi","2026-09-01 07:42:20",1401.5,2,mutoy1
1926,16670791,Hugelidus,"2026-08-25 03:43:18",1401.1,2,hugelidus
1927,16725346,sokoranohimazin,"2026-08-18 19:39:07",1401.0,2,sokoranohimazin
1928,16708624,"Aboubacar HEMA","2026-08-19 14:24:02",1400.9,2,"aboubacarhema,marcmare,wilfredkouadjo"
1929,16651833,"Hồ Khánh Duy","2026-08-14 17:52:23",1400.7,2,hkhnhduy
1930,16721079,"six seven swag","2026-08-23 09:08:28",1400.5,2,polinababiichuk
1931,16764422,"ong bee","2026-09-03 06:39:13",1400.4,2,ongbee
1932,16651402,"Mille Initiate","2026-08-31 04:04:11",1400.3,2,milleinitiate
1933,16738278,yansf677,"2026-09-01 12:24:29",1400.1,2,yansf677
1934,16634128,ZechHuang,"2026-08-20 05:07:33",1399.7,2,zechhuang
1935,16741516,"Anh Tu","2026-08-28 05:10:34",1399.0,2,natcs98
1936,16622242,"Robert Koval","2026-08-15 07:02:17",1398.9,2,robertkoval
1937,16748559,GodofThunder2407,"2026-08-21 10:30:22",1398.7,2,godofthunder2407
1938,16771677,"hedy huangyuheng","2026-08-27 02:13:28",1398.6,2,hedyhuangyuheng
1939,16730810,mgoto51004,"2026-08-23 02:46:30",1398.5,2,mgoto51004
1940,16697936,"Sami Cakiral","2026-08-15 19:43:40",1397.5,2,samicakiral
1941,16708226,asi1024,"2026-08-16 13:14:53",1397.5,2,asi1024
1942,16760295,"Luke Hurt","2026-08-24 01:03:42",1397.1,2,lukehurt
1943,16716991,XristosFilip,"2026-08-18 16:43:34",1397.1,2,xristosfilip
1944,16660601,"Rabbiya affan","2026-09-03 09:58:41",1397.0,2,rabbiyaaffan
1945,16682471,Soumya2003,"2026-08-25 17:58:29",1397.0,2,soumya2003uyvv755
1946,16655766,前衛,"2026-08-15 00:17:53",1396.9,2,"atharvranjan,shreyasgandhe,siddharth9077"
1947,16674683,"Ali Esam","2026-08-14 18:13:12",1396.8,2,zyxsu0
1948,16722120,nekoha,"2026-08-15 15:01:16",1396.4,2,nekoha
1949,16730462,"Xiang Tang","2026-08-28 15:11:51",1396.0,2,flyonthewater
1950,16761875,eugenn,"2026-09-02 17:10:30",1396.0,2,eugennekhai
1951,16701868,AJ,"2026-08-24 23:56:36",1395.7,2,abduljabbarcalica
1952,16623370,kenmatsu4,"2026-08-14 09:03:08",1395.1,2,kenmatsu4
1953,16774141,Evelyn3976,"2026-08-31 01:13:23",1395.0,2,evelyn3976
1954,16635818,F.A.Nina,"2026-08-16 20:15:06",1394.3,2,nina2025
1955,16668162,AlejandroAlvarez,"2026-08-26 12:31:45",1394.0,2,theworm
1956,16730634,Priestess,"2026-08-21 14:10:31",1393.9,2,kalypheus
1957,16663240,"Rilen T. L.","2026-08-18 13:45:46",1393.4,2,"jairosilvabastos,rilentl"
1958,16656584,Spintronic,"2026-08-19 15:24:17",1393.4,2,spintronic
1959,16745294,"Ahmed Ehab Fathi","2026-08-20 17:15:31",1393.2,2,ahmedehabfathi
1960,16798694,"Young Uk Song","2026-09-03 06:32:24",1392.8,2,nintendojoa
1961,16771277,zhaowenyi7,"2026-08-31 09:18:04",1392.7,2,zhaowenyi7
1962,16659614,"Heikki Leskelä","2026-08-22 16:35:42",1392.3,2,heikkileskela
1963,16731432,sieradni,"2026-09-01 06:12:00",1392.3,2,sieradni
1964,16664293,"Adam Lloyd","2026-08-17 07:09:50",1392.0,2,alloyd256
1965,16671694,evananann,"2026-08-19 07:46:36",1391.8,2,evananann
1966,16729421,Oblivix,"2026-09-02 04:16:25",1391.3,2,"aradhyatiwariii,oblivix"
1967,16629624,"Sayandeep Ghosh","2026-09-02 19:57:53",1391.3,2,sayandeepghosh
1968,16714902,HunterBlue,"2026-08-13 18:54:47",1390.9,2,marianacodebase
1969,16723096,Shabuuu,"2026-09-01 18:44:54",1390.8,2,shabuuu
1970,16622367,mg,"2026-08-23 17:49:21",1390.7,2,"egorkashpar,sashaboriskin,smooky"
1971,16662940,"The Coder Geek Squad Leader","2026-08-17 09:23:58",1390.5,2,soulemaneisissifou
1972,16691987,0xalgos,"2026-08-17 09:35:28",1390.4,2,anandvashishtha5362
1973,16665336,"maoyuan ma","2026-08-18 11:41:09",1390.2,2,maoyuanma
1974,16633096,anvai_agents,"2026-08-20 05:50:45",1389.9,2,"anandgaikwad7781,vaidehidhamnikar"
1975,16632006,"Adwait Tagalpallewar","2026-08-16 08:44:12",1389.4,2,adwaittagalpallewar
1976,16695615,Celinao,"2026-08-14 08:02:47",1389.3,2,celinao
1977,16655109,"Tia He","2026-08-14 19:58:44",1389.0,2,altheahe
1978,16765953,"Muhammad Ahmed","2026-08-26 13:46:48",1387.9,2,muhammad4hmed
1979,16678872,ibrahim,"2026-08-17 19:30:32",1387.7,2,skyfish77
1980,16669897,"Tahsan Ferdous","2026-08-14 19:30:09",1387.6,2,tahsanferdous
1981,16729372,"Gaspard Plt","2026-08-17 21:58:55",1387.2,2,gaspardplt
1982,16652764,hikahika,"2026-08-16 00:35:31",1386.9,2,naganohikaru
1983,16658474,huyimin517517,"2026-09-03 07:39:29",1386.7,2,"huyimin517517,touyouzhaji,wumingshi2006"
1984,16715628,Dian,"2026-08-17 01:57:33",1386.7,2,clas233
1985,16697458,"Lissandra Kruse Fuganti","2026-09-01 15:19:00",1386.4,2,lissandrakruse
1986,16781170,"Ulugbek Salohiddinov","2026-08-28 02:38:15",1386.4,2,ulugbeksalohiddinov
1987,16621219,"Inna Campo","2026-08-15 09:08:23",1385.7,2,innacampo
1988,16644643,today,"2026-08-20 14:09:31",1385.6,2,today55
1989,16623408,shiggriculture,"2026-09-03 01:04:28",1385.5,2,shimishige
1990,16634246,just_calculate,"2026-08-20 08:22:38",1385.5,2,justcalculate
1991,16693942,"Lisan al-Gaib","2026-08-31 12:31:42",1385.4,2,azrihasin
1992,16764476,daviddnd,"2026-08-31 15:11:13",1385.3,2,daviddnd
1993,16722112,nyori,"2026-08-18 10:35:38",1385.3,2,nyoriworks
1994,16719100,"Abhiraj Singh","2026-08-14 12:02:33",1385.0,2,cyberdrago
1995,16634093,gezi,"2026-08-27 12:56:56",1384.9,2,goldenlock
1996,16713127,Felis,"2026-08-25 20:07:16",1384.2,2,ilyaafanasenko
1997,16670118,"Álvaro Benítez","2026-08-29 15:46:04",1384.0,2,lvarobentezlvarez
1998,16686583,techtech69,"2026-08-22 16:19:05",1383.8,2,techtech69
1999,16683865,Shin7jp,"2026-08-14 09:51:13",1382.9,2,shin7jp
2000,16672199,Vachan,"2026-08-20 07:33:48",1382.4,2,vachanpadival
2001,16726071,"PDF ULTRA","2026-08-20 19:36:33",1382.3,2,"alengevorgyan,gab0yan"
2002,16656296,Fususu,"2026-08-25 03:03:04",1381.2,2,phuongncn
2003,16694091,"Nan Leng","2026-08-23 07:41:41",1380.8,2,nleng66ca
2004,16701612,Kiki,"2026-08-17 08:54:03",1380.2,2,rouiou
2005,16658150,Gravity-x73d,"2026-08-17 09:16:29",1380.0,2,gravityx73d
2006,16672033,"Mohan Prasath P","2026-08-21 10:08:16",1379.9,2,mohanprasath21
2007,16667324,"Muhammed selim Bilic","2026-08-26 17:02:17",1379.9,2,muhammedselimbilic
2008,16724947,teacherli0,"2026-08-16 03:09:09",1379.6,2,teacherli0
2009,16657228,"Vladimir Babin","2026-09-03 13:29:27",1379.5,2,vovababin
2010,16744355,"Sameera T","2026-08-22 10:13:47",1379.3,2,sameeramaq
2011,16749347,Shibungi,"2026-09-01 06:52:21",1378.8,2,shibungi
2012,16713743,oliver,"2026-08-22 16:48:18",1378.4,2,ollibolli
2013,16682306,岸本湧士郎,"2026-08-31 01:59:46",1378.4,2,yushiro20021111
2014,16722818,"Mukesh R","2026-08-16 13:07:44",1378.1,2,mukeshr06
2015,16653890,YUKRUB,"2026-08-20 07:37:27",1377.6,2,yukrub
2016,16666939,20237208_黄奕恺,"2026-08-22 12:53:27",1377.6,2,mrhuangyy
2017,16761593,"stsa asts","2026-09-02 19:16:22",1377.4,2,stsaasts
2018,16655368,"Mohammed Maqsood L","2026-08-19 10:40:17",1377.4,2,mohammedmaqsoodl
2019,16671361,"Hangyu Yu","2026-08-15 13:46:57",1377.3,2,cqupthangyuyu
2020,16801797,Tv,"2026-09-02 14:04:08",1377.2,2,linyeah
2021,16765601,"Dinesh Makireddy 7389","2026-08-31 04:30:54",1376.7,2,dineshmakireddy7389
2022,16710141,htatsumi,"2026-08-15 01:07:11",1376.6,1,tatsumihasebe
2023,16713178,Funno,"2026-08-19 17:32:54",1376.5,2,yes711
2024,16682885,风沙星辰,"2026-08-23 03:28:27",1376.2,2,"duoliya,linyeping,sereinovov,wangying2026"
2025,16667734,SuroRitch,"2026-08-15 16:23:52",1376.1,2,suroritch
2026,16712459,松原琉喜,"2026-08-14 14:54:47",1375.7,2,ryuki12kyo
2027,16729488,"Bala vighnesh Reddy","2026-08-26 07:35:49",1375.4,2,balavighneshreddy
2028,16721453,"Random Mambo","2026-09-01 09:41:19",1375.3,2,beaten67
2029,16621683,Shivangoudaa,"2026-08-26 11:45:55",1375.2,2,ishivapatil
2030,16656399,CROW,"2026-08-14 04:59:30",1375.0,2,"aaayangxh,hanifnoerrofiq"
2031,16748421,lulzx,"2026-08-20 17:52:11",1374.7,2,lulzxy
2032,16678346,"Farhan Abid","2026-08-16 08:41:15",1374.6,2,farhanabidtech786
2033,16698214,Juandix,"2026-08-18 03:35:51",1374.3,2,juandix
2034,16657803,"Arya Mazloomi","2026-08-14 00:17:11",1374.1,2,aryamazloomi
2035,16727379,"Nicholas Chua","2026-08-20 16:28:44",1373.9,2,nickckb
2036,16717792,han10086,"2026-08-13 15:05:21",1373.8,2,han10086
2037,16631595,CuteClaw,"2026-08-14 01:25:52",1373.4,2,bloodmoonwq
2038,16655335,Justus,"2026-08-19 14:18:38",1372.9,2,justus0
2039,16680967,Tyooughtul,"2026-08-16 00:58:06",1372.8,2,yooughtul
2040,16621355,Raiden.B,"2026-08-12 05:49:42",1372.5,2,raidenb
2041,16635317,"KAKA Minishijie","2026-08-26 04:36:55",1372.1,2,kakaminishijie
2042,16716698,gisgisgis,"2026-08-15 05:35:47",1372.1,2,gisgisgis
2043,16705499,byncpy,"2026-08-17 17:18:47",1372.0,1,jinliangbi
2044,16683488,"Ripudaman Parmar","2026-08-23 12:06:07",1371.3,2,"ktkgpt,ripudamanparmar"
2045,16641893,"Kashyapsinh gohil","2026-08-15 16:10:05",1371.2,2,kashyapsinhgohil
2046,16785505,"Rishiraj Acharya","2026-08-29 03:10:09",1370.9,1,rishirajacharya
2047,16730180,zshandy,"2026-08-19 22:29:48",1370.6,2,zshandy
2048,16672530,GUGUGAGA,"2026-08-14 04:33:54",1370.5,2,"ruiyangzhang23,taoguo079"
2049,16710421,SZ_00_zyz,"2026-08-20 02:54:53",1370.3,2,sz00zyz
2050,16663590,"Jakub Dolének","2026-08-13 13:08:32",1370.1,2,dolenek
2051,16634238,SoWwe,"2026-08-29 18:17:46",1369.9,2,sowwe4
2052,16691976,"Harini Panigrahi","2026-08-14 16:57:32",1369.4,1,harinipanigrahi
2053,16694138,Alex,"2026-09-01 18:56:13",1369.0,2,alex789
2054,16690867,HowardLeeTW,"2026-08-15 09:14:17",1367.5,2,howardleetw
2055,16736404,¡olé!,"2026-08-19 03:30:32",1367.2,2,hjx1024
2056,16726431,Manav,"2026-08-16 17:51:03",1366.9,2,manavsangwan
2057,16691830,"Nikita Lugovoy","2026-08-15 03:39:17",1366.7,2,nikital7
2058,16703300,"Fahd EL ANSARI","2026-08-15 23:47:17",1366.6,2,fahdelansari
2059,16628295,qwertykeypadapple,"2026-08-13 19:05:04",1366.0,2,qwertykeypadapple
2060,16664759,OrGanAIc,"2026-08-14 22:58:18",1366.0,2,arghyaranjandas
2061,16634143,"manual player","2026-08-14 00:41:13",1365.6,2,prospal
2062,16719238,"Rômulo Siqueira","2026-08-20 00:15:16",1365.5,2,romulosiqueira
2063,16659711,williams,"2026-08-31 16:37:57",1365.3,2,williams
2064,16812062,姜上（Integ）,"2026-09-03 16:05:34",1365.1,2,integjs
2065,16663851,"Harshith revuru","2026-08-21 22:15:33",1365.0,2,harshithrevuru
2066,16770648,"Yoshitaka Nozaki","2026-08-26 00:38:06",1365.0,1,yoshitakanozaki
2067,16724262,"Obu obu","2026-08-15 10:48:05",1365.0,2,obuobu
2068,16623226,"Hafida Belayd","2026-08-28 12:41:48",1363.0,2,hafidabelayd
2069,16664860,ANUJPUROHIT18,"2026-09-01 05:03:07",1362.5,2,anujpurohit05
2070,16670524,"Nat Bel ML Fun","2026-09-02 22:48:16",1362.3,2,natbel4ml
2071,16661509,JSON_Voorhees,"2026-09-03 00:14:35",1361.7,2,michaelgreenhut
2072,16663818,"Mike Mordetsky","2026-08-18 11:49:58",1361.5,2,mikemordetsky
2073,16690113,m0chi1216,"2026-08-16 15:07:24",1361.1,2,m0chi1216
2074,16664164,"Elzandi Irfan Zikra","2026-08-15 15:53:21",1360.8,2,"dyahayuretnoningsih2,zangetsufuin"
2075,16656519,"Chris Laska","2026-08-25 19:45:39",1360.6,2,chrislaska
2076,16649313,"Jiajun HAN","2026-08-14 07:13:57",1360.3,2,jiajun1
2077,16721947,groots,"2026-08-16 06:32:40",1360.1,2,muhammadismail433
2078,16658345,Ficu∞$,"2026-08-28 08:43:18",1360.0,2,mikeintokyo
2079,16726232,"sayed rafi","2026-08-18 21:13:00",1359.8,2,sayedrafi
2080,16669643,"Athenix Kaggriculture","2026-08-24 18:23:54",1359.1,2,sdafdsfsdfgdsg
2081,16652912,"Kyle Ellard","2026-09-02 15:28:17",1358.8,2,kyleellard
2082,16759652,Fnoa,"2026-08-23 12:26:39",1358.0,2,trasibulo
2083,16661034,"Devesh Mehta","2026-08-30 23:55:02",1357.7,2,deveshmehtaaie
2084,16727019,uitsnf,"2026-08-23 15:45:22",1357.4,2,uitsnf
2085,16737561,"Raj Aryan Singh","2026-08-18 11:50:54",1356.7,2,kratos14raj
2086,16727090,"Deep Blue Pasture","2026-08-17 02:28:34",1355.5,2,shamanah
2087,16729828,spunkrock,"2026-08-16 20:08:06",1355.4,1,spunkrock
2088,16724795,yangqi1234,"2026-08-23 08:26:23",1355.3,2,yangqi1234
2089,16659210,HASHP100D,"2026-09-01 03:52:29",1355.3,2,hashp100d
2090,16622531,"musya lyusya team","2026-08-19 11:22:46",1355.2,2,vswz2nqp
2091,16739939,crescent_star,"2026-08-24 15:50:25",1354.6,2,cenzop
2092,16688313,"Gnosys Labs","2026-08-30 00:29:34",1354.4,2,gnosyslabs
2093,16666884,"Antonio Stanciu","2026-08-15 14:33:52",1354.3,2,stanciuantonio
2094,16796370,MioValentine,"2026-09-03 14:18:35",1354.3,2,yuyizhu
2095,16659715,masb,"2026-09-03 18:49:32",1354.1,2,affansaied
2096,16783021,"TAN TIANYE","2026-09-03 11:21:37",1353.9,2,tantianye
2097,16701897,"Alejandro Lavandeira Casais","2026-08-14 12:56:12",1353.3,2,alejandrolavandeira
2098,16722986,"Abhiram 9803","2026-08-15 18:43:09",1353.0,2,abhiram9803
2099,16682557,"Soumalya Mandal","2026-08-14 14:57:29",1352.3,2,mrcyberhunter
2100,16713155,AdarshAleti,"2026-08-18 05:39:57",1352.3,2,adarsh1077
2101,16671738,Exposed,"2026-08-22 07:02:02",1352.2,2,erickeller2
2102,16743790,"yuji y","2026-08-28 10:53:06",1351.4,2,yujiyyy
2103,16750477,"Tapabrata Biswas","2026-08-25 13:11:13",1351.1,2,"dumbakaash,ishanhira"
2104,16667787,"Daryl Brach","2026-08-17 09:41:51",1351.0,2,dbrach
2105,16640368,"Nkosi Ndwandwe","2026-08-22 05:40:06",1350.3,2,nkosindwandwe
2106,16687596,AjPrem,"2026-08-21 02:37:39",1350.3,2,"ajprem,jefferysingh,neelcasula"
2107,16736838,アナコンダ,"2026-08-24 08:29:45",1350.0,2,"ei1333,unosss"
2108,16719083,"Justin Mai 16","2026-08-24 06:06:16",1349.7,2,justinmai16
2109,16731836,"Theo Venturian","2026-09-01 21:33:41",1349.3,2,theodorraulventurian
2110,16725354,"Swaroop piduguralla","2026-08-19 14:23:28",1348.6,2,pnsaimanitejaswaroop
2111,16718572,MLarpers,"2026-08-22 14:06:48",1348.6,2,"koteikachannel,mrhornetik"
2112,16759037,Yuyannnn,"2026-08-29 15:36:43",1348.3,2,yuyannnn
2113,16667998,Speril,"2026-08-16 09:13:41",1348.1,2,speril
2114,16655263,rishavsaigal,"2026-08-29 17:52:32",1347.4,2,rishavsaigal
2115,16623836,awarse,"2026-08-14 06:00:45",1347.2,2,awarse
2116,16709339,"Mohammad Javad Dianat","2026-09-03 10:01:40",1347.0,2,dianatofficial
2117,16634691,bot-farmer,"2026-08-19 06:16:19",1346.7,2,shauryam25
2118,16718745,"Vishwamitra Mishra","2026-09-02 00:23:18",1346.2,2,vishwa007
2119,16716930,"Direc M","2026-08-31 04:54:06",1345.5,2,direcm
2120,16671424,cicen1139,"2026-08-22 09:37:51",1345.1,2,cicen1139
2121,16688130,"Lujia Liang","2026-08-24 09:15:27",1345.1,2,lujialiang123
2122,16714162,MarvinTMB,"2026-09-01 05:45:37",1344.7,2,marvintmb
2123,16691702,kss,"2026-08-13 19:30:20",1343.3,2,l0glikelihood
2124,16768647,vaultguard,"2026-09-03 09:09:35",1343.0,2,vaultguard
2125,16668069,jackhsia,"2026-08-23 15:56:13",1342.9,2,jackhsia
2126,16723941,teraSurfer40141,"2026-08-16 01:16:49",1342.8,2,r00tt00r
2127,16685850,K,"2026-08-14 06:37:41",1342.8,2,kolci017
2128,16674479,"Alan Rosston","2026-08-14 08:20:49",1341.6,2,alanrosston
2129,16695093,"Ryota Murai","2026-08-27 15:28:04",1340.9,2,rmuraix
2130,16758893,"Sercan Yeşilöz","2026-08-28 19:16:26",1340.5,2,sercanyesiloz
2131,16775473,LuanHengYu,"2026-08-31 04:20:45",1340.2,2,apexml
2132,16665125,"David Schindler15","2026-08-14 04:58:39",1340.2,2,"davidschindler15,mz3207"
2133,16735125,mtskggle,"2026-08-22 04:50:43",1340.2,2,matsusakaggle
2134,16691524,"Martim Nascimento","2026-09-02 02:25:53",1338.4,2,martimnascimento
2135,16697223,"Azizii Gill","2026-08-29 20:38:00",1338.2,2,aziziigill
2136,16751140,onick_man,"2026-08-31 19:42:43",1338.1,2,ftakahas
2137,16713797,CrazyDave111,"2026-09-03 17:02:40",1337.6,2,crazydave111
2138,16624896,"Akmal Azzam o'g'li","2026-08-18 06:03:51",1337.4,1,akmalmir
2139,16705176,"Ruslan Raupov","2026-08-20 09:10:24",1337.3,2,ruslanraupoff
2140,16794207,AlekseiProvorov,"2026-08-31 09:59:52",1337.2,2,leoprovorov
2141,16730334,EUGENEYEUNG,"2026-08-22 13:03:33",1336.7,2,eugeneyeung
2142,16748246,"Eric S","2026-08-26 12:50:54",1336.7,2,ericsangberg
2143,16728571,hasibirok0,"2026-09-02 13:06:51",1336.2,2,hasibirok0
2144,16679443,albu,"2026-08-15 19:22:12",1336.1,2,albuslaev
2145,16630315,janson,"2026-08-19 10:54:37",1335.7,2,johnjanson
2146,16658618,"philip georgiev","2026-09-03 17:28:40",1335.5,2,philipgeorgiev
2147,16696631,"saya akan lawan!","2026-08-21 18:42:23",1335.1,2,nurhadibudhy
2148,16666054,Ani,"2026-08-28 04:10:27",1334.1,2,anirudhk333
2149,16740320,NguyenAn27,"2026-08-20 00:46:32",1333.8,2,nguyenan27
2150,16675088,"Andrei Chulkov","2026-08-15 19:43:12",1333.5,2,andreichulkov
2151,16726948,Stitch,"2026-08-29 03:58:50",1333.0,2,mitsuaccessjam
2152,16786092,Shiru2,"2026-08-29 02:15:44",1332.9,2,shiru2
2153,16698256,Mint,"2026-08-17 18:39:08",1332.8,2,rorandangerous
2154,16675512,Corgi-Samoyed,"2026-09-03 13:21:41",1332.2,2,corgisamoyed
2155,16692851,ichnixhelle,"2026-08-12 22:20:24",1331.9,2,ichnixhelle
2156,16624303,seven,"2026-08-31 05:21:16",1330.9,2,morikawatakeshi
2157,16655305,"Junior Sohou","2026-08-14 00:15:42",1329.9,2,juniorsohou
2158,16749352,"Ian Virchenko","2026-08-25 17:36:35",1328.9,2,yvainr
2159,16725242,chinchilla,"2026-08-19 10:53:07",1328.6,2,tgwstr
2160,16670755,"Amine zeDDouk","2026-08-18 09:37:41",1328.0,2,aminezeddouk
2161,16621407,Kh0a,"2026-08-27 11:25:28",1327.7,1,llkh0a
2162,16726545,whm8016,"2026-09-02 14:13:54",1327.7,2,whm8016
2163,16659123,sd,"2026-08-18 17:46:56",1327.6,2,siddharthadevkota
2164,16675704,reeemii,"2026-08-26 08:51:15",1327.6,2,reeemii
2165,16696983,"JKM Ventures","2026-08-17 22:58:03",1326.9,2,jeffreydrew
2166,16775412,"moo moo","2026-08-30 15:18:26",1326.6,2,"amrof122,yassinamr11"
2167,16701969,旧楚狂人,"2026-08-15 14:20:59",1326.6,2,jiuchukuangren
2168,16652631,"Panagiotis Anagnostou","2026-09-03 06:52:58",1325.9,2,panosanag
2169,16738825,RishabhSpark,"2026-08-28 05:11:27",1325.8,2,rishabhspark
2170,16663969,"Aarush Kute","2026-08-19 22:06:48",1325.7,2,aarushkute
2171,16696561,"Ali Ramazanov","2026-09-03 14:15:48",1325.5,2,aliramazanov
2172,16766640,watana,"2026-09-03 09:00:17",1325.0,2,yukiwat
2173,16668647,"THIRUPATHI KANNAN K","2026-08-27 15:40:29",1325.0,2,thirupathikannank
2174,16676904,researchstudio.site,"2026-09-03 01:48:43",1324.8,2,fistyee
2175,16766401,"Gobi Elangovan","2026-09-02 17:16:14",1324.7,2,gobielangovan
2176,16655179,"I Need an Internship","2026-08-15 02:39:23",1324.5,2,dimasibnumuthi
2177,16700204,"ZHOU HONGYI","2026-08-21 12:47:28",1324.4,2,zhouhyz
2178,16678618,"Manu Nicholas Jacob","2026-08-23 23:03:35",1323.7,2,manunicholasjacob
2179,16639230,Rylan,"2026-08-15 13:15:45",1323.5,2,"liuruihan333,wangxiaodundun"
2180,16726115,helloworld311,"2026-08-17 05:52:20",1323.1,2,helloworld311
2181,16668788,ConnieCodes,"2026-08-17 13:40:25",1323.0,2,conniecodes
2182,16651088,ych~sun,"2026-09-03 05:40:42",1322.2,2,ychsun
2183,16723988,yuyinghuang,"2026-09-01 23:51:29",1322.0,2,yuyinghuang
2184,16623791,rakumo,"2026-08-19 23:46:04",1321.6,2,sirakumo
2185,16807038,mitsuki,"2026-09-02 08:06:26",1321.3,2,mk00000
2186,16661423,"Rishavendra Sharma","2026-08-31 08:38:23",1321.1,2,rishavendrasharma
2187,16658081,ando,"2026-08-20 01:52:23",1321.1,2,andoshunsuke
2188,16722902,"Grigorii IU","2026-08-22 01:54:09",1320.7,2,grigorii220
2189,16681893,morality0707,"2026-08-31 06:50:24",1320.5,2,morality0707
2190,16664334,"Satishvaran Ragu","2026-08-28 03:07:19",1320.0,2,satishvaranragu
2191,16689447,"Ivan Berrutto","2026-08-13 04:14:38",1319.3,2,ivanberrutto
2192,16697689,"Pavel Pakhmutov","2026-08-12 23:11:23",1319.2,2,pavelpakhmutov
2193,16723132,Bridgeport,"2026-08-21 20:25:32",1318.4,2,bridgeport
2194,16707598,Kamazarashi,"2026-08-18 05:40:15",1318.3,2,kamazarashi
2195,16778410,"uriel villegas govea","2026-08-28 00:25:47",1317.9,2,urielvillegasgovea
2196,16658777,"Jiarui (Jerry) Cao","2026-08-15 03:44:07",1317.6,2,jiaruicao7
2197,16655688,"Ryan Shan","2026-08-13 02:43:38",1317.4,2,codegold
2198,16663229,kakuteki,"2026-08-28 04:08:43",1317.1,2,kakuteki
2199,16632444,"Issac “Izreal” Davis","2026-08-13 20:42:03",1316.3,2,issacizrealdavis
2200,16693272,ush,"2026-08-16 12:44:31",1315.7,2,kusuha
2201,16728723,"Ronith Rashmikara","2026-08-18 03:28:52",1315.6,2,ronithrr
2202,16770149,rikutokuwayama,"2026-08-27 10:40:56",1315.2,2,rikutokuwayama
2203,16725642,"Arav Sharma","2026-08-17 03:51:14",1315.0,2,aravsharma26
2204,16685626,"Livingstone Selassie","2026-08-16 00:26:50",1314.8,2,"hackerx019,livingstoneselassie"
2205,16666853,"Bisola Olasehinde","2026-08-31 13:08:21",1314.7,1,bizzyvinci
2206,16714980,Chenaters,"2026-08-16 08:41:10",1314.4,2,chenaters
2207,16706207,Wonderwall,"2026-08-21 07:04:04",1314.3,2,yuxiang328
2208,16774228,"Anggit Maulana Abdi","2026-08-28 14:37:01",1314.2,2,anggitmaulanaabdi
2209,16711725,meatori-nu,"2026-08-16 19:28:03",1314.1,2,meatorinu
2210,16666018,"H vv sathwik","2026-08-26 06:49:10",1314.0,2,hvvsathwik
2211,16640264,DhanaLakshmiMalla,"2026-08-21 09:38:58",1313.8,2,dhanalakshmimalla
2212,16650372,Greed,"2026-08-12 17:18:47",1313.8,2,greedshen
2213,16698069,k_4821,"2026-08-12 06:43:09",1313.3,2,edgarondoodevilclub
2214,16769866,"Suzuki Riki","2026-08-25 12:11:09",1313.2,2,suzukiriki
2215,16640552,"rupsa roy","2026-08-31 16:11:57",1312.7,2,rupsarroy
2216,16691012,"Sanzhar Almasuly","2026-08-29 07:28:34",1312.1,2,sanzharalmasuly
2217,16656948,"alexander kern","2026-08-24 18:02:17",1311.7,2,alexanderkern
2218,16691714,"Wesley Juraschek","2026-08-19 06:07:37",1311.4,2,wesleyjuraschek1
2219,16662023,"Vikas Kumar","2026-08-26 16:42:14",1311.4,2,vikshit104
2220,16697923,"Vincent Debout","2026-09-02 23:46:43",1310.8,2,vdebout
2221,16662615,"Anurag irawit","2026-09-01 14:16:49",1310.7,2,anuragirawit
2222,16664761,"Udit Jain #2","2026-08-19 14:15:29",1310.6,2,iamudit
2223,16644877,lu_fish,"2026-08-16 14:13:53",1309.9,2,thefish114514
2224,16763418,overwhelmer,"2026-08-25 08:22:55",1309.6,2,overwhelmer
2225,16719090,CHSTO,"2026-08-16 23:43:52",1309.6,1,haotianqi
2226,16700995,"Maram Ali","2026-08-15 09:13:15",1309.3,2,msama01
2227,16630713,"Grzegorz Sionkowski","2026-08-16 16:31:57",1308.7,2,sionek
2228,16657610,"H Bharath","2026-08-31 18:54:57",1308.7,2,hbharath
2229,16796544,"Xiaonan FU","2026-09-02 08:23:49",1308.5,2,xiaonanfu999
2230,16651623,"Sarvesh Talele","2026-08-28 05:18:58",1308.2,2,sarveshtalele
2231,16628456,kiro,"2026-09-01 10:06:31",1307.8,2,kirosamurai
2232,16677832,"Maryam Tahir","2026-08-25 15:07:42",1307.5,2,maryamtahir09
2233,16743741,Arooran,"2026-08-24 13:37:47",1307.1,2,arooransivakarunai
2234,16728272,"Daris Dzakwan Hoesien","2026-08-16 10:48:22",1306.7,1,darisdzakwanhoesien2
2235,16721382,"Milan Leonard","2026-09-03 11:05:46",1306.1,2,milanleonard
2236,16750317,"ELhamdaoui AM","2026-08-30 19:29:43",1306.1,2,elhamdaouiabdelmajid
2237,16671504,Agentmaster,"2026-08-28 06:33:07",1305.4,2,"kinjaza,shawnno"
2238,16692548,"Rockstar Farmer","2026-08-19 05:15:37",1305.2,2,yuhaili
2239,16622939,"Kamal Das","2026-08-27 12:47:13",1304.6,2,kmldas
2240,16710094,winwinwin,"2026-09-03 13:22:51",1304.4,2,"ouyangruize,teecemackenieo"
2241,16690020,shantaitichu,"2026-08-17 09:40:30",1304.4,2,shantaitichu
2242,16757566,"Ankit Kumar","2026-08-23 12:03:53",1304.3,2,imankit57
2243,16730903,noynkmr,"2026-08-25 05:47:01",1304.3,1,noynkmr
2244,16792927,EnricRovira,"2026-09-03 07:06:41",1303.8,2,enric1296
2245,16623708,"Chekhlov Dmitrii","2026-08-18 10:11:47",1303.7,2,zoli800
2246,16805244,nari,"2026-09-01 19:34:04",1303.1,1,shoheiyoshinari
2247,16747161,wqlun06,"2026-08-20 08:02:11",1303.0,2,wqlun06
2248,16721259,Qsj,"2026-08-28 09:20:10",1302.5,2,qiaoshiji
2249,16731243,"[Deleted] dab36be1-9992-4710-95f4-39a9f7a2cd3c","2026-08-24 15:13:27",1302.3,2,del=fd92954ed0c92f1a
2250,16688153,"Panchajanya Banerjee (Pancham)","2026-08-16 20:28:27",1301.6,2,delayedkarma
2251,16728135,sukirman,"2026-08-17 12:24:20",1301.1,1,rakbidb
2252,16778206,yuanlao153,"2026-08-28 15:00:04",1300.8,2,yuanlao153
2253,16709529,alhlbx5,"2026-09-02 23:53:54",1300.8,2,alhlbx5
2254,16779451,kibuna,"2026-08-27 12:00:58",1300.6,2,kibuna
2255,16732754,ikeuchy,"2026-08-29 04:10:41",1300.6,2,ikeuchy
2256,16751358,Cristiano,"2026-08-24 15:04:54",1300.2,2,zhuangbility
2257,16795704,haodada001,"2026-09-03 13:50:49",1299.8,2,haodada001
2258,16649314,"Yuka,Ota","2026-08-17 03:42:23",1299.6,2,yukaika
2259,16634654,unknown,"2026-08-13 02:11:22",1299.4,2,abdullahshafi2021
2260,16623988,"Charismatic Pizza Party🍕","2026-08-30 03:55:06",1299.3,2,debugendless
2261,16723893,iring58,"2026-08-22 04:43:36",1299.3,2,iring58
2262,16709462,"KK #2","2026-08-14 09:06:37",1299.2,2,kk2909
2263,16748330,Okan,"2026-08-21 11:15:17",1298.1,2,okanzkaya
2264,16633179,infamemconculcemus,"2026-09-02 07:32:27",1297.9,2,jcgweb
2265,16765526,"Kotala Kishan Reddy","2026-08-24 08:56:22",1297.6,1,kotalakishanreddy
2266,16666977,"Tagir Analyzes","2026-09-03 06:00:35",1297.6,2,tagirkhairutdinov
2267,16756415,"Mihai Balan","2026-08-31 06:39:25",1297.4,2,mihaibalan
2268,16728460,oh-Artistburger-AHA-TastyMeat!,"2026-08-16 11:54:46",1297.4,1,akikukeo1
2269,16738895,SangGold,"2026-08-18 15:48:23",1296.9,1,sanggold
2270,16695691,neural-canvas,"2026-08-12 20:46:37",1296.8,2,mrsanap
2271,16623749,Tejas,"2026-08-17 09:52:29",1296.6,2,tejuuss
2272,16743737,"Joanna C.","2026-08-20 23:07:09",1295.9,2,joannaciesielski
2273,16726870,"Svanik Kolli","2026-08-16 00:11:14",1295.9,1,svanikkolli
2274,16665050,"Praneeth Palugula","2026-08-14 06:28:56",1295.8,2,praneethpalugula
2275,16758839,"Yusuf Murtaza","2026-08-23 04:08:43",1295.7,2,yusufmurtaza01
2276,16663284,"Aman Prakash","2026-08-12 20:58:28",1295.6,2,amanprakash777
2277,16715024,"Ömer Özbek","2026-08-22 13:50:34",1295.6,2,omerozb
2278,16714059,Yentür,"2026-08-12 18:47:44",1295.6,1,meryentr
2279,16709793,"Victor Hotz","2026-08-13 18:48:06",1295.6,2,victorhotz
2280,16693557,"Ifeoluwa Adewumi","2026-08-19 17:00:37",1295.5,2,ifeadewumi
2281,16655567,Heisnotanimposter,"2026-08-25 00:47:27",1295.4,2,test013
2282,16732462,"Aji Samudra","2026-08-24 09:05:21",1295.4,2,ajisamudra
2283,16663694,"Dimitri ZABRE","2026-08-12 21:00:12",1295.0,2,dimitrizabre
2284,16636909,"wking edewd","2026-08-21 11:21:57",1294.5,1,wkingedewd
2285,16753985,"Narenthira Balaji","2026-08-21 10:54:17",1294.5,1,narenthirabalaji
2286,16624047,GUOHAOYANG,"2026-08-12 22:23:02",1294.4,2,pkuszboi
2287,16623020,Muhandro,"2026-08-20 16:29:57",1293.9,2,muhandro
2288,16621687,ropeadope,"2026-08-25 10:36:05",1293.7,1,silkross
2289,16712134,cf696666,"2026-09-03 20:28:31",1293.4,2,cf33333
2290,16624651,"Zihao Zeng","2026-08-21 11:58:35",1293.3,2,zihaozeng0021
2291,16710587,durgasai,"2026-09-01 13:14:36",1293.0,2,dsainvg
2292,16622034,"Aryan Yadav","2026-08-15 18:49:17",1293.0,2,simplexcomplex
2293,16655632,"Dmitry Kozlov","2026-08-28 10:06:54",1292.8,2,dkozlov
2294,16632788,"Bright O.H.","2026-08-23 03:45:36",1292.7,2,brightoh
2295,16738657,Mactorr,"2026-09-02 22:44:15",1292.1,2,mactorr
2296,16651257,PursueML,"2026-09-02 16:26:41",1292.0,2,pursueml
2297,16665838,wenbodai,"2026-09-01 12:41:51",1291.9,2,wenbodai
2298,16735238,DHKim0324,"2026-08-25 08:49:34",1291.8,2,dhkim0324
2299,16735102,"Zhiqi Liu","2026-08-31 02:57:12",1291.5,2,crazyqiqi
2300,16739537,"Bina Salama","2026-09-02 20:01:30",1291.5,2,binasalama
2301,16779171,Xunden,"2026-08-27 09:14:10",1291.4,1,xunden
2302,16769419,dylanaki,"2026-08-26 13:30:43",1290.7,2,dylanaki
2303,16672653,Cultuurstelsel,"2026-08-13 16:59:47",1290.7,2,ryuorlandotamin
2304,16775386,kaggler,"2026-08-31 09:29:41",1290.5,1,deepkim
2305,16668049,"Masayoshi Kurihara","2026-08-14 06:20:21",1290.4,2,masayoshikurihara
2306,16622251,"Moroz Roman","2026-08-20 06:22:05",1290.3,2,crissyro
2307,16730288,matsurih,"2026-08-22 12:03:05",1290.0,1,matsurihime
2308,16772993,"dirty farmers","2026-08-26 06:33:12",1289.9,2,jamesgui2007
2309,16656340,InfiHeart,"2026-09-03 06:41:32",1289.8,2,infiheart
2310,16766796,panda__MB__maximus,"2026-08-25 12:54:58",1289.5,1,tanishmohokar09
2311,16673881,"Sebastian Johansson","2026-08-27 08:39:07",1289.4,2,sebbejohansson
2312,16710661,"Pengyi Peng1","2026-09-03 05:48:27",1289.4,2,pengyipeng1
2313,16770832,"Harish Yadav","2026-08-27 06:18:09",1289.4,2,harishyadav0506
2314,16766982,"Sir Dona ","2026-08-25 15:54:46",1289.1,2,sirdona
2315,16665596,chunhu666,"2026-08-30 07:05:40",1288.6,2,chunhu666
2316,16773266,newbyy,"2026-08-26 05:21:47",1288.0,1,newbyy
2317,16663759,🔥🦫📿🗽,"2026-08-26 06:37:41",1287.9,2,datafad
2318,16773559,"Abhishek Mahto","2026-08-26 06:40:07",1287.8,1,abhishek3115
2319,16656807,Yoganjaneyulu,"2026-08-13 09:20:17",1287.5,2,yoganjaneyulu
2320,16622032,"Raunak Dey","2026-08-13 17:22:49",1287.2,2,raunakdey07
2321,16625219,MJVinay,"2026-08-21 09:37:02",1287.0,2,mallajayanthvinay
2322,16781516,"Hongbin Guokaggle","2026-08-29 04:16:00",1286.6,2,hongbinguokaggle
2323,16770952,"Satyajeet Kumar","2026-08-25 20:42:40",1286.4,2,m4rcuseryx
2324,16659314,Sandeep063,"2026-08-25 12:44:22",1286.2,2,sandeep063
2325,16623806,黒田彩人,"2026-08-17 04:05:34",1285.9,2,ayato0705
2326,16671821,donglee,"2026-08-13 09:13:09",1285.7,1,dongleeovo
2327,16761849,viber3221,"2026-08-24 13:38:59",1285.5,2,viber3221
2328,16699610,"Sneha ","2026-08-17 01:00:34",1285.2,2,kharya3
2329,16673013,TTT,"2026-08-27 06:40:10",1284.9,2,tadahiroasami
2330,16714058,"Ahmet Erdem Pamuk","2026-08-12 18:59:18",1284.5,2,ahmeterdempamuk
2331,16672168,"Justin Rutkowski","2026-08-14 17:34:37",1284.4,2,justinrutkowski
2332,16771843,"Surekha Ramireddy","2026-09-01 15:34:18",1284.1,2,surekharamireddy
2333,16765065,"Rohith T R","2026-08-26 13:28:38",1283.8,2,rohithtrgod
2334,16750614,"Shivansh Chaudhary","2026-08-22 14:22:57",1283.7,2,shivanshchoo
2335,16680931,"Rattan Singh","2026-08-16 04:23:37",1283.5,2,rattans
2336,16627796,tizawa3,"2026-08-19 00:28:23",1283.4,2,tizawa
2337,16625214,Malla,"2026-08-21 09:55:13",1283.4,2,mallaphalguni
2338,16733547,"Mark Grayson","2026-08-17 18:53:21",1283.0,2,flyingsinclair
2339,16693962,"Changyuan Chen","2026-08-17 14:18:21",1283.0,2,changyuanchenmit
2340,16656990,"NALLA SUMANG","2026-08-30 03:15:46",1282.1,2,sumangnalla
2341,16784485,betterme,"2026-08-28 13:39:45",1281.8,2,betterme12345
2342,16667080,King-damon,"2026-09-02 12:20:33",1281.6,2,kingdamon
2343,16671133,Kazeneko,"2026-08-22 00:18:50",1281.5,2,kazeneko77
2344,16658554,Pai,"2026-09-03 06:15:35",1281.5,2,rajathrpai
2345,16759864,exaucedossou,"2026-08-22 17:56:40",1281.3,2,exaucdossou
2346,16763978,"Swayam Gode","2026-08-30 13:49:27",1281.3,2,swayamgode2
2347,16740103,Adjakou,"2026-08-24 07:31:02",1281.2,2,adjakou
2348,16672243,"Fazil Putra","2026-08-14 01:24:17",1280.8,2,fazilputra
2349,16633580,Vinymo,"2026-08-23 15:32:23",1280.6,2,vinymo
2350,16770282,colt,"2026-08-25 09:55:29",1280.4,1,xiaomaguo
2351,16763120,"Shivam Singh #2","2026-08-23 16:56:35",1280.0,1,shivamsingh17072001
2352,16717630,Amer,"2026-08-13 21:23:41",1279.8,2,amerhu
2353,16734450,"Ian Teigen","2026-08-18 00:04:38",1279.7,2,ianteigen
2354,16634650,UnfriendlyAI,"2026-08-24 11:44:47",1279.2,2,unfriendlyai
2355,16658290,rrishavrraj,"2026-08-22 11:00:34",1278.8,2,"rrishavrraj,shubhamkumar9812"
2356,16658803,"Rahul Jiwane","2026-08-21 06:19:57",1278.5,2,rahuljiwane
2357,16772450,"Muneeba Badar","2026-08-25 21:19:13",1278.4,2,muneebabadar
2358,16770715,"Vicens Gaitan","2026-09-01 16:11:46",1278.2,2,vicensgaitan
2359,16802892,YUYA,"2026-09-03 13:06:51",1278.1,2,yuyaizumikawa
2360,16632294,"Rajan Nagarajan","2026-09-01 14:22:29",1277.9,2,narajan
2361,16722849,"Dhruv Bansal","2026-08-28 08:01:42",1277.9,2,dhruvb2028
2362,16651052,lty,"2026-08-18 02:33:01",1277.8,2,linwei9
2363,16732428,"Darren Amadeus Martin","2026-08-19 00:48:02",1277.5,2,darrenamadeusmartin
2364,16750843,jammings,"2026-08-25 14:15:33",1277.3,1,jammings
2365,16727745,auouer,"2026-08-16 08:20:31",1277.2,2,"auouer,guriken,hkamna,insightfulthinking"
2366,16766905,Antigone_duckduck,"2026-08-24 16:38:37",1276.5,2,antigonexzh
2367,16748717,mt,"2026-08-20 13:09:12",1276.2,1,mtanakaslgfreak
2368,16665919,"Labmem Tang","2026-08-31 03:06:37",1275.2,2,labmemtang
2369,16770302,stardxx,"2026-08-26 02:21:35",1274.9,2,stardxx
2370,16661648,"Vân Nguyễn","2026-08-26 18:34:06",1274.7,2,vunnguyen
2371,16679004,"Kevin Zhao","2026-08-23 10:45:26",1274.3,2,kevinzhao666
2372,16633709,"kitory Yeah やきとり","2026-08-15 22:30:08",1274.0,2,kitoryyeah
2373,16736670,"Mark Astrid","2026-09-01 13:06:24",1274.0,2,markastrid
2374,16768022,"Miles Oberting","2026-08-31 23:48:39",1274.0,2,milesoberting
2375,16818313,"haonan zhengh","2026-09-03 11:26:56",1273.2,2,haonanzhengh
2376,16814378,"Jay Prrajapati","2026-09-03 12:41:40",1273.1,2,jayprrajapati
2377,16629292,"Syed Saad Hasan Emad","2026-08-17 06:14:38",1273.0,1,syedsaadhasanemad
2378,16778707,momohuhu_kkkkkarrot,"2026-09-03 03:37:32",1272.6,2,kjy666
2379,16655582,"Yang Jinneng","2026-08-29 13:01:07",1272.0,2,adurey
2380,16783265,"Xiangjiang Zhou","2026-08-28 06:33:05",1271.9,1,xiangjiangzhou
2381,16707036,"Just a Farmer","2026-09-01 11:52:57",1271.8,2,gunianxue
2382,16711910,"Artem Zapara","2026-08-18 16:48:51",1271.7,2,artemzapara
2383,16667839,Viet-Tien,"2026-08-22 19:46:21",1271.6,2,tiena2cva
2384,16756399,"old Ryne Mac had a farm","2026-08-21 19:44:11",1271.3,1,rynemac
2385,16634824,yuki16,"2026-08-27 02:55:04",1271.3,2,yuki16
2386,16724109,"small fry in the underworld","2026-08-26 11:00:37",1271.3,2,wwwwhitley
2387,16700737,HechtJP,"2026-08-13 11:12:06",1270.8,2,hechtjp
2388,16755808,"Van-Phuc Huynh","2026-08-22 10:43:46",1270.4,1,hvanphucs112
2389,16749618,Fon1as,"2026-08-21 09:36:42",1269.3,2,fon1as
2390,16657728,"T Soo","2026-09-03 06:56:40",1269.1,2,ttgrcgrc
2391,16712888,Vux,"2026-08-20 14:32:16",1268.6,2,weiyu85
2392,16663929,"Erman Man","2026-08-18 03:47:58",1268.5,2,ermanman
2393,16632743,"Krizsó Gergely","2026-08-31 23:07:09",1268.2,2,lucifer19
2394,16622820,"Sergey Nefedov","2026-08-25 10:52:44",1268.2,2,sergionefedov
2395,16630418,butterchicken,"2026-08-28 16:45:23",1268.2,2,"ritanshuprasad,sriramlingavel01"
2396,16753710,tax_free,"2026-08-25 03:16:23",1267.8,2,taxfreepython
2397,16809249,Moro,"2026-09-03 17:07:10",1267.6,2,moromoromoro
2398,16739363,kulukkuluu,"2026-09-03 12:33:06",1267.3,2,kulukkuluu
2399,16774250,"C R Suthikshn Kumar","2026-08-26 08:22:03",1267.1,1,crsuthikshnkumar
2400,16625611,"Karl Smile","2026-08-28 16:42:46",1267.0,2,karlsmile
2401,16696887,kt-Kitayama,"2026-09-01 13:23:49",1266.9,2,ktkitayama
2402,16662314,"Hanh Tran","2026-08-13 12:29:31",1266.6,1,honghanhhh
2403,16688368,"Lam Vo","2026-08-15 16:39:23",1266.4,2,nhatlam
2404,16729484,"Sankalp Nagineni","2026-08-16 17:35:31",1266.0,2,sankalpnagineni
2405,16764850,"cy zhang","2026-08-27 11:08:45",1265.4,2,zcy20051117
2406,16748524,TongY26,"2026-08-21 08:33:16",1264.7,2,tongy26
2407,16808914,slfmmm,"2026-09-02 11:50:26",1264.5,1,slfmmm
2408,16701759,xycai,"2026-08-14 17:23:35",1264.2,2,xycaipku
2409,16766840,"Andrey ","2026-08-24 14:27:38",1264.1,1,anti1111
2410,16655559,"Fajri Yanuar Shiddiq Juanda","2026-08-13 01:40:20",1264.1,2,fajriyanuar
2411,16644160,"Saravana Rajan B","2026-08-23 14:50:39",1262.9,2,saravanarajanb
2412,16655844,MAFIN,"2026-08-13 01:53:06",1262.6,2,moneyman91
2413,16635747,"Jeki Wan Taufik","2026-09-03 00:10:42",1262.5,2,jek1wantaufik
2414,16731751,"Nikita Pudovkin","2026-08-17 09:15:54",1262.4,1,nickpudovkin
2415,16740700,"Vyas Senthilkumar","2026-08-19 04:26:42",1261.7,2,vyassenthilkumar
2416,16722378,waticson,"2026-08-26 14:39:35",1260.5,2,yutodennou
2417,16724533,"Yusei Ito","2026-08-22 19:18:19",1259.8,2,yuseiito
2418,16634172,"Mario Cicala","2026-09-02 02:20:17",1259.0,2,mariocicala
2419,16675739,"Jithendra Maddala","2026-09-01 16:28:46",1258.0,2,jithendramaddala
2420,16675780,susutem,"2026-08-21 04:03:32",1257.5,2,susutem
2421,16707303,meTeam,"2026-08-23 15:01:49",1256.1,2,aaronzribi
2422,16623753,HZM,"2026-08-21 07:14:11",1255.8,2,leehann
2423,16726512,shash,"2026-08-15 19:41:18",1255.3,1,zshashz
2424,16654381,"Dmitry Belan","2026-08-30 17:16:29",1255.1,2,dimong4
2425,16663241,"Kris Adamatzky","2026-08-13 09:49:19",1253.7,2,krisadamatzky
2426,16639570,"Vishesh Banna","2026-08-25 04:24:34",1253.6,2,visheshbanna
2427,16716468,"Sakhawat Hossen","2026-08-15 03:28:07",1253.2,2,sakhawathossen
2428,16655682,"Azamat Sadikov","2026-08-30 23:56:28",1252.9,2,azamatsadikov
2429,16689952,"Lazarus Ogero","2026-08-11 16:44:08",1252.4,2,lazarusogero
2430,16706321,lumen,"2026-09-02 05:44:20",1250.8,2,lumenyuto
2431,16654791,"Dev Rath","2026-09-03 14:14:44",1249.5,2,devbratrath
2432,16663992,小陈同学,"2026-08-18 07:26:54",1248.5,1,czastu
2433,16689488,"Ming Fong","2026-08-27 01:41:31",1248.0,2,evilpegasus
2434,16656731,"Muhammad Ali","2026-08-14 06:47:06",1245.9,2,sardaralimaqsood
2435,16697249,"Sudharsana Rajasekaran","2026-08-13 06:25:58",1245.4,2,sudhan03
2436,16653955,"tanmay singhal","2026-08-29 12:00:53",1244.9,2,anexperiencedidiot
2437,16727893,mmwstudy,"2026-08-25 10:25:36",1244.0,2,mmwstudy
2438,16705790,clora,"2026-09-02 14:37:25",1240.8,2,clora16
2439,16624682,FrederikZ,"2026-09-02 10:17:51",1240.3,1,zkirederf
2440,16744658,Shree85,"2026-08-29 12:38:55",1239.9,2,shree85
2441,16749251,HawkOsm,"2026-09-03 16:33:13",1239.7,2,hawkosm
2442,16744573,"Oleksandr Kovalchuk","2026-08-31 23:19:22",1239.1,2,oleksandrkovalchuk
2443,16667052,"Dandan Li","2026-08-15 18:07:17",1238.1,2,clcll532x
2444,16674586,"Stanislav Ilin","2026-08-17 06:45:46",1236.6,2,stanislavilin2026ai
2445,16695501,brocade,"2026-08-15 00:01:12",1236.4,2,brocade
2446,16791862,"Emmanuel Mireku","2026-08-31 19:35:19",1235.2,2,eldermireku
2447,16729227,Marjao,"2026-08-16 16:49:12",1234.9,2,muniburrehman2020
2448,16739578,"Pietro Valocchi","2026-09-03 16:51:53",1234.5,2,pietrovalocchi
2449,16751267,Guojun1,"2026-08-21 01:57:23",1234.0,1,guojun1
2450,16689389,Chukunder,"2026-08-16 02:25:12",1233.7,2,"farbricated,sarikajivrajika"
2451,16764301,"Quýt đây đừng sợ","2026-09-03 10:09:13",1233.5,2,ponschannel
2452,16677423,songling,"2026-09-02 01:45:08",1233.2,2,"lvbingrong,oralia"
2453,16722330,"Jean-Louis Roy","2026-08-31 07:44:08",1232.6,2,jeanjean111
2454,16668998,WarRusher,"2026-09-03 13:01:28",1231.6,2,warrusher
2455,16695608,"Elie Elias","2026-08-12 14:14:48",1231.0,2,elieelias
2456,16729092,"ayman elamin","2026-09-03 12:06:50",1230.3,2,aymanelamin
2457,16660711,ricardo,"2026-08-15 22:34:26",1230.2,2,magania
2458,16663352,"Avnish Sharma","2026-08-31 14:42:23",1229.4,2,kewlaz
2459,16663313,onlysmrtsumx,"2026-08-12 01:29:30",1228.9,2,onlysmrtsumx
2460,16789509,"Yang Wei Hao","2026-08-29 08:39:19",1228.3,1,aichangeworld
2461,16757987,maverick_ss_26,"2026-09-01 14:07:17",1228.0,2,maverickss26
2462,16623378,"nvidia fan","2026-09-03 16:35:31",1228.0,2,outwrest
2463,16657494,Trex,"2026-08-12 14:00:14",1227.3,2,trexzone
2464,16708296,LUCKY2,"2026-09-03 09:09:05",1227.1,2,carolezountangni
2465,16639844,MaxChen303,"2026-08-13 02:25:24",1226.8,2,maxchen303
2466,16649108,"Steve AVOMO","2026-08-17 03:12:41",1225.8,2,aurelsteve77
2467,16740431,yuikag,"2026-09-03 20:32:39",1225.7,2,yuikag
2468,16748142,"Hikaru Umeda","2026-09-03 09:23:34",1225.5,2,hikarumeda1030
2469,16734578,"Pascal Andreas","2026-08-26 17:42:14",1225.1,2,pascalandreas
2470,16761728,"Vybhav Nath C A","2026-08-30 12:19:48",1223.3,2,shadowfax2000
2471,16693159,"Zonglin Han","2026-08-13 17:10:08",1221.8,2,zonglinhan
2472,16767164,"yuhan wu","2026-08-26 09:37:53",1220.4,2,yuhanwu487
2473,16685014,"Vishal Kishore","2026-08-29 14:37:26",1219.8,2,kishorevishal
2474,16690763,chungkuangwen,"2026-08-19 20:27:55",1219.4,2,chungkuangwen
2475,16692110,"Ahmed Khudair","2026-08-11 22:33:06",1218.6,1,ahmedkhudair121
2476,16657646,mountainbob,"2026-09-03 08:28:44",1218.6,2,shongpakmanoon
2477,16700116,Goldian,"2026-08-21 16:13:40",1218.6,2,goldian
2478,16673230,saitamad,"2026-08-12 04:20:31",1218.5,2,saitamad
2479,16703099,GansPiro,"2026-08-13 18:34:26",1218.5,2,ganspiro
2480,16732381,Raphdraft,"2026-09-03 01:11:34",1218.4,2,raphdraft
2481,16767528,"Umut Toygar Göz","2026-08-30 13:01:54",1218.4,2,umuttoygargoz
2482,16671666,showtree,"2026-09-02 01:53:55",1218.0,2,showtree
2483,16679767,Salut!,"2026-08-12 21:56:55",1217.6,2,denismekhanikov
2484,16729650,"Tapiwa Makandigona - Zimbabwe21","2026-08-31 11:36:48",1217.0,2,mukanya1994
2485,16657857,hust_xll,"2026-08-12 05:38:12",1216.8,2,hustxll
2486,16693058,"Yuvraj singh","2026-08-13 14:03:24",1216.6,2,yuvrajsingh789
2487,16681275,"CUG HeQiao","2026-08-12 09:06:14",1216.5,2,cugheqiao
2488,16625615,"Mobeen Fatima","2026-08-28 16:47:17",1215.4,2,mobeenfatimah
2489,16709744,"Emre Bayram","2026-08-14 09:04:57",1215.4,2,emrebayram
2490,16697024,"Jiri Prudky","2026-08-20 20:58:26",1215.2,2,jiprud
2491,16684163,MohamedFD,"2026-08-13 12:32:47",1213.6,2,mohamedfd
2492,16709501,Galaxantic,"2026-09-03 20:07:23",1213.5,2,neel21yt
2493,16664072,"victor aguilera","2026-09-02 00:46:28",1213.2,2,viaguilera
2494,16635509,simmons1025,"2026-09-03 10:57:13",1212.6,2,simmons1025
2495,16688436,Zuu3scode,"2026-08-12 15:19:16",1211.9,2,zuu3scode
2496,16718947,"Dani Ortega","2026-08-25 07:07:35",1211.7,2,daniortega99
2497,16707584,sadatch,"2026-08-13 05:18:28",1211.6,2,sadatch
2498,16769277,卡心农场,"2026-09-02 06:45:03",1210.9,2,"hkd2333,hsiaosuan"
2499,16624645,"Closed Loop","2026-09-02 21:29:58",1210.3,2,hobbisttech
2500,16643554,"Arnie Jimenez","2026-08-20 16:48:24",1210.0,2,arniejimenez
2501,16673110,"Sri Jayavel K","2026-08-20 08:18:31",1209.7,2,srijayavelk
2502,16668688,"Nezihe Sözen","2026-09-02 14:06:02",1208.9,2,nezihesozen
2503,16678638,Loshtradz,"2026-08-26 18:40:35",1208.7,2,loshtradz
2504,16658801,"Thuc Nguyen Dang 111","2026-08-28 19:45:47",1207.6,2,thucnguyendang111
2505,16627400,"Krasnov Daniil","2026-08-11 06:04:48",1207.0,2,daniilkrasnovvv
2506,16670504,Shirabe,"2026-09-03 03:30:08",1206.8,2,carlmakt
2507,16667729,"Daniel Wu","2026-08-15 14:35:27",1204.9,2,danielwuu
2508,16633414,"sagar tripathy","2026-08-13 15:57:56",1204.9,2,sagar8trip
2509,16692164,Abdulrahman.su10,"2026-08-11 20:35:39",1204.7,1,abdulrahmansu10
2510,16699722,Dicere,"2026-08-13 08:00:17",1203.3,2,thedark735
2511,16705370,TS2333,"2026-08-11 03:40:40",1202.4,2,ts2333
2512,16666733,"Alberto MV","2026-08-10 23:06:33",1202.1,2,albertomv
2513,16635314,"Aurora wy","2026-09-02 22:09:19",1201.7,2,aurorawy
2514,16674649,寿!,"2026-08-12 06:45:37",1201.6,1,taka3776toshi
2515,16695176,"Zakaria Settar","2026-08-16 21:52:31",1201.4,2,zakariasettar
2516,16657553,graceyunliu,"2026-09-03 09:21:39",1200.5,2,graceyunliu
2517,16645712,"Changye Li","2026-08-24 06:23:33",1200.2,2,antoinegg1
2518,16819030,sunyuxiang136,"2026-09-03 14:33:33",1199.6,2,sunyuxiang136
2519,16658014,Bharath,"2026-09-03 17:42:11",1199.5,2,pes2ug23cs121
2520,16654042,B.Pushpanjali,"2026-08-25 11:04:54",1199.1,2,"bpushpanjali,vinithwade"
2521,16738467,EnriFermi,"2026-08-26 23:51:18",1199.0,2,enrifermi
2522,16692090,sans,"2026-08-12 03:14:55",1198.8,2,sans6262q
2523,16662166,duy,"2026-08-31 08:50:51",1198.8,2,hduynguyen
2524,16754838,"Berkay Özkan","2026-08-30 12:51:07",1198.7,2,berkayzkan
2525,16681749,"rohith vinice","2026-08-11 23:55:16",1197.8,2,rohithvinice
2526,16692138,"Bishwa Thakur","2026-08-21 11:44:03",1197.4,2,bishwathakur
2527,16632579,ZZfancy,"2026-08-11 12:04:42",1197.3,2,zzfancy
2528,16767431,Nine1Eight,"2026-08-24 16:51:12",1197.2,1,wethepeople918
2529,16806886,dreamtear,"2026-09-02 05:55:56",1196.5,1,mohanzeng
2530,16724779,"Gavin Cao","2026-08-16 09:00:53",1196.1,2,gavinxgcao
2531,16706222,"Xiangyu Liu","2026-09-03 07:53:32",1195.7,2,xiangyuliu007
2532,16709300,炫酷的小克里斯,"2026-08-19 15:54:28",1192.7,2,tinfufans
2533,16697675,"Isaac Grossman","2026-08-30 23:21:35",1191.8,2,kingisaac
2534,16670433,"Mohammad Osamah Atif","2026-08-19 08:46:32",1190.8,2,osamatif
2535,16662380,"Brandon Calderon-Morales","2026-09-03 01:56:43",1190.5,2,bmoe640
2536,16660233,ko9ma,"2026-08-26 02:43:46",1190.3,2,kohojung
2537,16710672,"Yasemin Koç","2026-08-14 05:52:52",1189.9,2,yaseminmkoc
2538,16683441,Eura73,"2026-08-21 08:07:47",1189.9,2,eura73
2539,16656316,"Richard Tang","2026-08-11 01:09:34",1189.7,2,richardgtang
2540,16689770,"Abdillah Sagif","2026-08-11 10:11:23",1189.6,2,abdillahsagif
2541,16636004,"Ragunath Ravi","2026-08-11 10:59:07",1189.3,2,ragunathravi
2542,16682303,"Kapadiya Nirav Kumar","2026-08-18 06:24:30",1189.1,2,kapadiyaniravkumar
2543,16664217,Shushantw,"2026-09-03 00:33:49",1188.4,2,shushantw
2544,16680690,MYOUCER,"2026-09-01 01:20:04",1187.8,2,myoucer
2545,16687594,"Andrew Markley","2026-08-13 01:19:04",1187.6,2,andrewmarkley1
2546,16811576,Zi,"2026-09-03 01:52:15",1187.5,1,kaigaokaigao
2547,16659430,"John Keith Weber","2026-09-03 14:58:59",1187.4,2,johnkeithweber
2548,16673250,Prashant,"2026-08-12 05:06:08",1186.8,2,"kajalsinghrajpoot,prashantxo"
2549,16660371,"José Luis Gómezz","2026-08-13 01:37:42",1186.2,2,josluisgmezz
2550,16763383,"Alexandru Sitaru","2026-08-25 07:05:06",1186.0,2,sitaru
2551,16682936,"Latifa Riziki","2026-08-12 09:38:13",1185.8,2,latifariziki
2552,16700314,Giallar,"2026-08-14 16:45:53",1184.5,2,andreykrotkikh
2553,16655128,"Somasundar V","2026-09-01 15:05:48",1182.2,2,somasundarv
2554,16688808,"Niranjan Nakkala","2026-08-11 12:26:14",1181.6,1,niranjanmudhiraj
2555,16799832,"Maman Salto","2026-09-03 02:47:53",1181.2,2,saddamaditya
2556,16699659,"Dimas Pasha Akrilian","2026-09-01 01:59:59",1180.4,2,dimaspashaakrilian
2557,16662846,"Kerem Ercin","2026-08-27 05:44:23",1180.3,2,keremercin
2558,16707639,Fujinawa,"2026-09-01 21:15:54",1179.4,2,wasshoiwasshoi
2559,16690065,JiangWenfeng1,"2026-08-12 01:25:29",1179.1,2,jiangwenfeng1
2560,16621735,VN-Orion,"2026-08-21 11:42:27",1179.0,2,fastthanh78
2561,16669778,UknesIruka,"2026-08-11 11:13:46",1179.0,2,uknesiruka
2562,16708573,Benser,"2026-08-15 14:41:24",1178.6,2,benser
2563,16687724,Yijue1,"2026-08-11 02:15:05",1178.5,2,yijue1
2564,16706315,"Desert Fox88","2026-08-11 12:02:03",1178.2,2,desertfox88
2565,16656691,"Sahaj Deep Singh","2026-08-12 01:39:36",1176.8,2,sahajdeepsingh9877
2566,16695964,"JiMing Feng","2026-08-17 10:56:45",1176.8,2,jimingfeng
2567,16679371,ΛYMΞNRH,"2026-08-11 06:43:55",1176.6,2,aymnrh
2568,16705584,"Adil Munawar","2026-08-29 21:18:33",1175.9,2,adilmunawar
2569,16632146,Haker_Sam,"2026-08-27 10:45:31",1175.5,1,hakersam
2570,16803913,"SUJIB BARMAN","2026-09-01 16:42:07",1174.5,1,cardata
2571,16733748,"Ashutosh Agarwal","2026-09-03 19:00:37",1174.3,2,ashutoshagarwal088
2572,16771703,"Moomin and his farm","2026-08-29 15:04:40",1173.6,1,ataraxyyeah
2573,16776793,"Guilherme Raiuga","2026-09-03 17:21:50",1173.2,2,guilhermeraiuga
2574,16709468,"Andrey Chankin","2026-09-01 18:33:15",1172.5,2,bluepill
2575,16702774,FilipJ,"2026-08-16 18:34:05",1171.5,2,filipjarmua
2576,16634873,shin0000,"2026-08-28 13:16:29",1171.0,1,shin0000
2577,16706283,haogood666,"2026-08-11 08:25:40",1170.9,1,haogood666
2578,16693886,spellstriker,"2026-08-12 22:03:20",1170.3,2,spellstriker
2579,16660911,"Animesh Ratna","2026-08-23 22:01:35",1170.0,2,animeshratna
2580,16697021,Vaishnavi22052006,"2026-08-11 18:43:08",1169.9,2,vaishnavi22052006
2581,16676356,"Wander waal","2026-08-11 02:48:56",1169.9,2,wanderwaal
2582,16792586,dodoshark,"2026-09-02 03:05:56",1169.9,2,dodoshark
2583,16663919,hnhyhj,"2026-08-13 04:05:56",1169.6,2,hnhyhj
2584,16663214,"Mathieu W","2026-08-24 14:42:56",1168.6,2,mathieuw
2585,16709473,"Selahattin Günter","2026-08-23 14:07:42",1167.6,2,selahattingnter
2586,16701573,"Haggai Musoda","2026-08-17 20:04:00",1167.5,2,haggismusoda
2587,16709069,"James Mcquay","2026-08-14 18:05:40",1167.0,2,jamesmcquay
2588,16662681,"Vernon Campbell","2026-08-12 23:18:18",1166.8,2,vernoncampbell
2589,16692711,Deniz,"2026-08-30 09:23:13",1166.8,2,denizeryilmaz
2590,16805699,amrrs,"2026-09-02 02:22:18",1166.8,2,nulldata
2591,16659803,nRuaif,"2026-08-22 02:47:10",1166.5,2,phngdoan
2592,16672448,"Crisis Liu","2026-08-11 23:49:49",1165.4,2,crisisliu
2593,16730375,Floth,"2026-09-03 10:10:47",1165.3,2,suwat513
2594,16660479,"Lakhindar Pal","2026-08-31 13:26:49",1165.2,1,lakhindarpal
2595,16702482,"Carlos Navarro","2026-08-14 05:26:26",1165.1,2,navarr0
2596,16692457,t2better,"2026-08-12 11:56:41",1164.8,2,t2better
2597,16739181,yamu_duck,"2026-08-27 16:28:47",1164.7,2,crazyleg11
2598,16632675,"Baran Kucuk","2026-08-11 15:09:58",1164.5,2,barankucuk
2599,16655952,"Tianfu Wang (王天夫)","2026-08-12 15:08:12",1164.5,2,wangtf96
2600,16660333,"Deanos Crew","2026-08-11 13:10:19",1164.1,2,jamescole0101
2601,16692103,HaniJezo,"2026-08-11 20:32:40",1163.9,1,hanijezo
2602,16651331,"Mohamed Saeed","2026-08-11 18:58:08",1163.8,2,m0sm71
2603,16675240,Leifson1337,"2026-08-30 16:47:49",1163.7,2,leifson1337
2604,16704622,ray,"2026-08-11 16:30:13",1163.5,2,rayenezanned
2605,16627995,"Fire Bird","2026-08-11 20:36:45",1163.2,2,xuanleekaggle
2606,16757704,Faustine,"2026-09-03 13:30:59",1163.1,2,faustine649
2607,16653068,"Shuichi Fushimi","2026-08-11 10:55:05",1162.9,2,shuichifushimi
2608,16707993,"Sangita Bannore","2026-08-11 14:33:47",1162.9,1,sangitabannore
2609,16676043,"Tejash Rai","2026-08-14 07:16:01",1161.8,2,tejashrai
2610,16655826,KKY,"2026-08-11 20:29:38",1161.7,2,evilpsycho42
2611,16698134,Hossein,"2026-08-12 02:56:17",1161.6,2,tomi85
2612,16672374,"kelly waldeck","2026-08-11 21:07:30",1161.3,2,kellywaldeck
2613,16660678,"Chaitanya Sonaje","2026-08-11 13:30:49",1161.3,2,chaitanya205
2614,16696769,"maximo lorenzo y losada","2026-08-12 13:07:35",1161.1,2,maximolorenzoylosada
2615,16657091,raw2clean,"2026-08-12 08:12:12",1161.0,2,raw2clean
2616,16737113,"Sergei Myshianov","2026-08-20 03:24:23",1159.9,2,sergeimyshianov
2617,16729863,Monkeyzl,"2026-08-22 20:02:21",1159.9,2,monkeyzl
2618,16684012,ceh,"2026-08-16 04:58:18",1159.9,2,emilhessman
2619,16657277,"Dude and Destroy","2026-08-31 17:43:38",1159.6,2,raymondbrookman
2620,16688136,"Armanzhan Ayan","2026-08-11 16:49:36",1159.5,2,armanzhanayan
2621,16635280,"Narendra Sirvi","2026-08-12 06:43:07",1159.5,2,narendras78
2622,16698942,"PRADHAN RS","2026-08-13 18:06:58",1158.6,2,pradhanrs
2623,16640058,"Justin CH123","2026-08-11 09:15:28",1158.2,2,justinch123
2624,16698726,"Honeey L","2026-09-02 07:41:10",1157.8,2,honeeyl
2625,16793275,"Biao Cao","2026-08-30 13:44:48",1157.2,1,biaocao398
2626,16667233,EdGy2k,"2026-08-10 10:41:12",1156.9,2,edgy2k
2627,16708333,"Phạm Vương","2026-08-11 16:17:10",1156.8,2,vuongphamqq
2628,16652904,TonightIsOver,"2026-09-03 05:21:47",1156.4,2,tonightisover
2629,16695137,"Samantha Nicole Bracamonte","2026-08-12 00:35:56",1156.2,2,snrbracamonte
2630,16763505,"Sai Reddy Pothireddy","2026-09-03 20:29:29",1156.0,2,saireddypothireddy
2631,16745092,zakihiro,"2026-08-21 07:59:39",1155.9,2,zakihiro
2632,16667731,"Agent 33","2026-08-28 13:20:28",1155.6,2,agent33
2633,16658185,"Juwon Kweon","2026-08-25 00:45:16",1155.6,2,juwonkwon
2634,16669494,"Abdullah Razi","2026-09-03 18:39:36",1154.8,2,abdullahroninrazi
2635,16660331,A.K.NITHIN,"2026-08-12 12:07:32",1154.7,2,aknithin
2636,16659692,"Hùng Nguyễn Huy (Hiirooo)","2026-08-11 03:47:45",1154.7,2,hngnguynhuy
2637,16663569,XYZ,"2026-09-03 03:25:18",1154.6,2,h249748fkv7lyhik897
2638,16687935,"Sardak Pavel","2026-08-24 11:51:58",1154.6,1,bebra3222
2639,16659890,"Cu Spoon","2026-08-25 22:02:11",1154.1,2,cuspoon
2640,16640869,taijunhao,"2026-08-12 10:26:30",1153.4,2,taijunhao
2641,16623381,cocoaAI,"2026-09-03 20:23:28",1153.2,2,cocoaai
2642,16691591,"Dheeraj Kumar #3","2026-08-12 04:05:32",1153.1,2,kdheeraz
2643,16728955,"Chris Murphy","2026-08-18 00:02:10",1152.7,2,mur418
2644,16700630,apoyusiken,"2026-08-12 06:10:52",1152.0,2,umutarpay
2645,16736816,LLE,"2026-08-22 16:50:40",1151.8,2,"rajaditya01,saiash"
2646,16687824,"André Dkw","2026-08-10 17:17:25",1151.7,2,andrdkw
2647,16635238,"Tai Tien Ta","2026-09-03 03:25:55",1150.4,2,tittin
2648,16697877,"Sky kun","2026-08-24 12:52:49",1150.2,2,skykun
2649,16705192,"John Ogah","2026-08-16 03:54:21",1150.0,2,johnogah
2650,16684075,"Tianfang Li","2026-08-13 14:20:13",1149.5,2,tianfangli1
2651,16675582,DavidX,"2026-08-11 06:05:18",1148.3,2,davidasx
2652,16632231,"Samrish B","2026-08-30 16:06:48",1148.0,2,samrishb
2653,16679519,"Петьо Лазаров","2026-08-10 22:30:35",1147.9,2,pesosz
2654,16688281,"Luke Stafford","2026-09-03 01:16:04",1147.9,2,luketstafford
2655,16681848,Haraguchi-T,"2026-09-01 09:03:21",1147.6,2,haraguchit
2656,16768644,Momoko,"2026-08-25 03:22:50",1146.9,1,yangmengyuanmomoko
2657,16656382,Aevion-Labs,"2026-08-10 14:44:32",1146.4,2,aevionlabs
2658,16635973,"Code by Nadiia","2026-08-31 13:09:44",1145.7,2,codebynadiia
2659,16679245,"Krzysztof Gonia","2026-08-28 06:42:51",1145.6,2,krzysztofgonia
2660,16624088,Pomiro,"2026-08-11 04:41:24",1144.5,2,pomiro
2661,16802535,"To be happy","2026-09-01 11:08:41",1144.2,1,yaokaixinya123
2662,16697142,Kujaomega,"2026-08-10 22:13:02",1143.8,1,kujaomega
2663,16681620,wanwanuil,"2026-08-13 12:43:19",1143.3,2,wanwanuil
2664,16706004,Divyansh,"2026-08-25 16:38:00",1143.2,2,sehgaldivyansh
2665,16695376,Garv88,"2026-08-13 12:19:20",1142.0,2,garv88
2666,16633886,mudesteven,"2026-08-16 02:54:25",1141.5,2,fastlight2007
2667,16655715,Chin,"2026-08-12 06:20:32",1141.2,2,qinyukun
2668,16701074,Yan,"2026-08-10 21:29:25",1140.5,1,qujiahui
2669,16676154,"Tuan Tran","2026-08-10 16:29:40",1140.4,2,thtuan
2670,16711204,"harden james","2026-08-12 08:00:14",1139.8,1,ffusername
2671,16633006,Kaiser,"2026-09-01 06:36:38",1139.0,1,kaiserm
2672,16719551,JamesYip7,"2026-08-20 10:24:50",1137.4,2,jamesyip7
2673,16780558,hxrdxk,"2026-08-29 18:36:48",1137.4,2,hxrdxk
2674,16650485,nasu726,"2026-08-13 13:51:20",1137.3,2,nasu726
2675,16704027,"Alan Cai","2026-08-10 22:36:40",1137.3,1,alancai27
2676,16643319,Jules,"2026-08-30 13:24:53",1137.1,2,julesvanligtenberg
2677,16786082,"Noberto Frota","2026-08-29 00:40:42",1136.5,1,nobertofrota
2678,16692490,"Enes Coşkun","2026-08-11 05:37:38",1136.1,2,enscskn
2679,16701221,"Othman Istaiteh","2026-08-10 13:25:38",1135.4,2,istatieh
2680,16643233,"Marco DG","2026-08-11 06:20:14",1135.3,2,marcodg
2681,16762494,西松大祐,"2026-09-03 19:44:50",1135.3,2,wep212
2682,16745059,mekduy,"2026-08-29 11:42:07",1135.1,2,mekduy
2683,16657429,"xiao cat q","2026-08-12 01:41:13",1134.5,2,xiaocatq
2684,16712651,riicon,"2026-09-03 13:48:14",1134.3,2,risakashiwabara
2685,16673097,"Sonu Kushwaha","2026-09-01 11:10:15",1134.0,2,sonukushwaha124
2686,16746507,Ushimaru,"2026-08-21 09:01:51",1132.9,2,behindkun
2687,16731983,Gracie,"2026-08-30 16:53:05",1132.4,2,gracie428
2688,16652741,"Sergi Bas","2026-08-12 16:05:13",1132.4,2,sergibas
2689,16655474,Focus,"2026-08-31 09:10:43",1132.3,1,overvalueawareness
2690,16665058,"Llin Ding","2026-09-01 05:38:32",1132.3,2,llinding
2691,16797457,Aamod06,"2026-09-03 15:57:58",1132.0,2,aamod06
2692,16725287,NoahRyan,"2026-09-01 16:43:26",1131.9,2,beginner080
2693,16804961,explise,"2026-09-02 08:13:03",1131.7,2,explise
2694,16661093,"INDRAJIT SWAIN","2026-08-15 13:23:37",1131.4,2,indrajitswain
2695,16661983,"Victor's Team","2026-08-12 12:05:19",1130.7,2,"dlordsjustified,jezrealmomoh,joludare,victorokpe"
2696,16659618,"Jeevan Jolly","2026-08-13 13:51:52",1130.5,2,jeevanjolly
2697,16723318,グレイラットルーデウス,"2026-09-03 16:08:00",1130.3,2,rudeus666
2698,16701466,"HELIOS reasonning","2026-08-11 22:38:55",1130.1,2,heliosreasonning
2699,16660037,shehai.lrs,"2026-08-11 13:37:32",1130.1,2,shehailrs
2700,16631777,KiKi,"2026-09-03 04:27:02",1129.8,2,kingkiller2164
2701,16696608,beanbamboozled,"2026-08-10 10:45:19",1129.3,2,beanbamboozled
2702,16659662,MOHSIN525,"2026-09-01 15:43:49",1128.7,2,mohsin525
2703,16633212,goosehaaan,"2026-08-31 23:14:19",1128.7,2,goosehaaan
2704,16705441,CooperJiang,"2026-08-13 06:57:44",1128.2,2,gingersna
2705,16695903,cerensukaramese,"2026-08-14 09:18:05",1127.7,2,cerensukaramese
2706,16709504,U023,"2026-08-11 22:04:04",1127.6,1,ryutek
2707,16677723,"Trip Meiners","2026-08-11 19:26:55",1127.5,2,tripmeiners
2708,16710469,Qimra1729,"2026-08-13 00:09:57",1127.4,1,qimra1729
2709,16660395,ljx59141421,"2026-08-12 01:27:08",1126.8,2,ljx59141421
2710,16672579,"Udbhaw Anand","2026-08-22 13:15:18",1126.7,2,udbhawanand
2711,16790115,Starumi,"2026-08-31 00:39:22",1126.3,2,starumi
2712,16817309,"TeddyDog Lovely","2026-09-03 10:44:15",1125.1,2,teddydoglovely
2713,16726422,"Praveen Kumar","2026-08-29 11:25:55",1124.8,2,pankajrepswal
2714,16624625,"Harsha Vardhan","2026-08-10 07:33:35",1124.3,2,harshacode101
2715,16663603,xsong2020,"2026-09-01 03:17:10",1124.2,2,xstargate
2716,16662176,"jorge fabian avila","2026-08-10 18:51:13",1124.2,2,jorgefabianavila
2717,16732140,Miaa1526,"2026-08-24 08:58:42",1124.2,2,miaa1526
2718,16666410,"Binil George","2026-08-12 10:40:43",1123.5,2,binilg
2719,16804231,illegalplumbing,"2026-09-03 19:48:10",1122.4,2,illegalplumbing
2720,16652212,"Варим сельский самогон","2026-08-10 16:23:21",1120.7,2,asimandia
2721,16675305,"Justin Sabu Sebastian","2026-08-22 23:19:57",1119.3,2,justinsabusebastian
2722,16672075,"Kameron Green","2026-08-11 05:49:32",1118.7,2,hgenix20
2723,16762101,"Kazama Yusuke","2026-09-03 20:26:44",1118.3,2,kazamayusuke
2724,16725680,henri66,"2026-08-15 21:09:47",1118.0,2,henri665
2725,16652849,Hejunhui,"2026-08-16 14:15:29",1117.8,2,website98
2726,16639476,耶✌,"2026-08-30 19:52:36",1117.3,1,qifeihhh666
2727,16656181,Vishwa,"2026-08-11 05:46:58",1114.9,2,rv1922
2728,16758905,"Iwa Iwa","2026-09-03 18:33:53",1114.4,2,iwaiwa
2729,16691275,"Muhiminul Islam   Mahim","2026-08-12 10:04:35",1113.9,2,muhiminulislammahim
2730,16664481,"Siddhu Jaykay","2026-08-12 14:02:29",1113.3,2,siddhujaykay
2731,16660594,XIAODOUZI,"2026-08-17 12:06:50",1112.6,2,xiaodouzi666
2732,16644891,yankang_XZK,"2026-09-02 18:29:53",1111.2,2,yankang233
2733,16655210,Amon,"2026-08-16 06:09:04",1111.2,2,kingaemon
2734,16671837,"Ronald K Wilson ","2026-08-28 13:09:38",1110.7,2,ronaldkwilson
2735,16676275,Scorpi,"2026-08-12 01:34:25",1109.9,2,scorpi
2736,16660137,Densike,"2026-09-03 13:04:22",1109.5,2,densike
2737,16668334,Suavemango,"2026-08-12 05:18:03",1109.0,2,suavemango
2738,16731924,CuddleYokai,"2026-08-19 10:57:11",1109.0,2,cuddleyokai
2739,16733111,qihuaz,"2026-09-03 18:53:49",1108.0,2,qihuaz
2740,16790005,"Rohit Kumar Sahoo","2026-09-02 18:06:49",1107.5,2,rohit4118
2741,16657587,PxlPau,"2026-09-02 13:17:04",1107.1,2,studybeetutoring
2742,16666296,A.P.R.I.L,"2026-08-24 09:32:28",1106.9,2,puneeth333
2743,16621799,"🌽 High Frequency Farming 🌽","2026-09-03 18:26:23",1106.5,2,veshkinartem
2744,16655693,DePie,"2026-08-10 08:01:37",1106.5,2,phucthaiv02
2745,16643453,Haumea,"2026-09-03 09:03:02",1106.4,2,chaitanyagullapalli
2746,16662712,"Roman Stupin","2026-08-27 23:52:01",1104.2,2,rcnegby
2747,16672040,"Tom Yim","2026-08-12 05:12:30",1104.0,2,tomyim
2748,16688265,"Kyle #2","2026-08-11 01:51:35",1103.9,2,georgeturbo
2749,16724233,"Rafal Porwol","2026-08-21 18:42:37",1103.1,2,rafalporwol
2750,16677596,Sere1n,"2026-08-24 06:51:52",1102.9,2,chacc0
2751,16658983,"Titi Huang","2026-08-24 11:38:29",1102.0,2,titihuang
2752,16749435,SGY2512,"2026-08-28 16:10:11",1101.8,2,sgy2512
2753,16631400,JZ,"2026-09-03 12:21:00",1101.4,2,zhoujiachen
2754,16653153,Gbining,"2026-08-09 12:21:06",1100.7,2,gbining
2755,16729800,"Alchemical Retard.","2026-08-20 07:28:07",1100.6,2,alchemicalretard
2756,16820988,人畜无害,"2026-09-03 17:04:31",1100.5,2,slowmo19
2757,16736429,Rudra278,"2026-08-18 12:07:42",1100.5,1,rudra278
2758,16690019,Around30,"2026-09-01 15:36:11",1100.3,2,"cyanspring,masahiromatsuda,sutesute000012"
2759,16780967,"black hole sun","2026-09-01 02:25:21",1099.0,2,danielefiorino
2760,16674353,"Lakshmanan R","2026-09-02 06:32:53",1098.0,2,lakshmanankumar02
2761,16630984,TakamaruEX,"2026-08-31 20:42:33",1097.8,2,takamaruex
2762,16639969,"Sheep Are All You need","2026-08-29 10:49:33",1096.9,2,aliyelbekov
2763,16761975,lixiuqixiaoke,"2026-08-26 09:59:11",1096.1,2,lixiuqixiaoke
2764,16691001,"Mahmoud Abdelshafy","2026-09-02 10:47:38",1096.1,2,mahmoudabdshafy
2765,16685743,"Alex Oranov","2026-08-28 19:30:54",1095.7,2,aoranov
2766,16724366,"YASH JAIN","2026-09-03 18:31:35",1094.1,2,yashjain911
2767,16654122,"Peter Thompson","2026-08-10 17:59:36",1092.8,2,mightytreefolk
2768,16635195,my,"2026-08-18 06:01:08",1092.8,2,ryyymy
2769,16639236,"Dhavan Shah","2026-08-12 18:20:38",1092.1,2,dhavanshah99
2770,16663166,Rey4Dan,"2026-09-03 06:29:27",1090.2,2,rey4dan
2771,16662653,"Jordan Schaeffer","2026-09-03 01:53:45",1089.9,2,jordanmschaeffer
2772,16679347,"Youssef EL MSIYAH","2026-08-09 12:07:55",1089.3,2,youssefelmsiyah
2773,16756592,"Abdalrahman Eissa","2026-08-23 23:43:11",1088.9,2,abdalrahmaneissa
2774,16633793,adakoda,"2026-08-12 01:49:13",1088.7,2,adakoda
2775,16711317,"yf D","2026-09-03 16:03:01",1087.7,2,dengvitruviano
2776,16666632,to1_10i,"2026-08-19 20:27:42",1085.3,2,to110i
2777,16667124,"Chaotic Era","2026-08-12 01:26:13",1084.6,2,sani84
2778,16737482,Lindicaphxag,"2026-08-27 03:41:59",1083.5,2,oblivicore
2779,16698206,"Bark at the Barnyard","2026-08-21 03:21:19",1083.0,2,mming0430
2780,16680646,Naym0425,"2026-08-14 04:20:36",1082.6,2,naym0425
2781,16747306,"Yasasvi Josyula","2026-09-02 05:00:23",1081.3,2,yasasvijosyula
2782,16674744,"Burhan Ul Tayyab","2026-08-10 10:55:43",1080.9,2,babychick
2783,16655323,roma,"2026-08-09 19:49:51",1080.6,2,mnroma
2784,16663928,Auxileon,"2026-08-09 16:20:13",1078.8,2,auxileon
2785,16722500,"Mike Murunov","2026-08-16 15:18:17",1078.7,2,mikhailmurunov
2786,16656810,IskanderAkhmetov,"2026-08-11 07:43:50",1078.3,2,iskander2017
2787,16666282,"Bang sion","2026-08-22 10:06:06",1077.5,2,bangsioni
2788,16713031,"Nahid Hossain Redom","2026-08-13 15:38:30",1077.2,2,nahidhossainredom
2789,16658044,"Roshan Singh","2026-08-22 08:47:57",1076.5,2,roshanavadheshsingh
2790,16705907,Adrià,"2026-08-29 21:57:05",1075.5,2,adriamb3
2791,16694744,XiaoZhiren,"2026-08-10 13:03:56",1075.3,2,"ruikangan,xiaozhiren"
2792,16671314,"Robot Farm","2026-08-29 16:54:23",1074.4,2,codearranger
2793,16684639,Bru3ll,"2026-08-09 15:50:45",1074.1,2,bru3ll
2794,16672660,"Straw Hat","2026-08-11 06:14:47",1072.7,2,"anuragugargol,tanishafagare114"
2795,16730236,好7吊黑上唔去,"2026-09-03 14:50:47",1072.0,2,zihaokang
2796,16675752,"Simon Rüba","2026-08-10 14:23:16",1071.5,2,simonrba
2797,16658109,edward1503,"2026-08-17 04:22:50",1070.0,2,nguynnc
2798,16631101,"Muneeb ul Hassan","2026-08-10 09:56:41",1069.6,2,muneeb2405
2799,16699784,nianyu,"2026-08-10 09:46:32",1068.9,2,nianyuc
2800,16679810,"Patrick Joël MAIRLOT-MBEZELE","2026-08-12 14:47:54",1068.5,2,pigenesis75
2801,16690567,"Falih Kaleel","2026-09-03 12:38:25",1067.9,2,alphajet185
2802,16659610,gareeb,"2026-08-10 15:46:50",1067.7,2,"arjund29,saqlainsqx,yashawl194"
2803,16713590,"Александр Арутюнян","2026-08-13 05:20:18",1067.6,2,alexarut17
2804,16823116,蛊王养成计划,"2026-09-03 19:00:40",1067.5,2,chronoscop
2805,16662718,xlnt,"2026-08-22 12:37:49",1066.7,2,"princebisht,xlnt404"
2806,16643922,Konstantin03,"2026-09-03 08:05:35",1066.6,2,konstantin03
2807,16672247,"Movie Watch2022","2026-08-18 19:48:12",1066.1,2,moviewatch2022
2808,16665841,"Mohit Rao","2026-09-03 18:31:45",1065.7,2,vmohitrao
2809,16730449,"Shinichiro Yoshida","2026-08-29 16:24:21",1065.5,2,sysd00
2810,16672980,"Thomas Prinz","2026-08-09 13:57:51",1064.3,2,xardiphotography
2811,16674881,"Saisree Dhanasekaran","2026-08-20 08:09:07",1063.5,2,saisreedhanasekaran
2812,16645078,"A Aswanth Raj","2026-08-09 08:57:36",1063.3,2,aaswanthraj
2813,16644378,"hicham bedrani","2026-08-28 11:33:17",1063.1,2,hichambedrani
2814,16760841,KIsXcl,"2026-08-24 14:34:11",1062.9,2,kisxcl
2815,16665500,"Madan kumar","2026-08-13 17:31:57",1062.6,2,winklemad
2816,16639583,typeIIIfairy,"2026-08-19 13:09:28",1061.9,2,typeiiifairy
2817,16760101,"Big Moo","2026-08-25 00:52:06",1061.3,2,abdullahramadan1
2818,16672371,Loren-wen,"2026-08-09 13:23:49",1060.4,2,wofusituerte
2819,16633133,"[Deleted] ef4f021b-198c-4d19-9134-3805e9f76f46","2026-08-19 08:49:58",1060.2,2,holeneckles
2820,16670545,"Mouad AIT HA","2026-08-18 20:03:55",1059.3,2,mo0103
2821,16668758,"Aman Vishwakarma","2026-08-09 17:33:00",1057.7,2,amanvishwakarma01
2822,16654109,"Mohamed Amine Aichaoui","2026-08-22 13:54:01",1057.2,2,mohamedamineaichaoui
2823,16746592,Harvester,"2026-08-21 13:57:05",1056.4,2,yudhis16
2824,16661899,AAI,"2026-08-09 14:23:08",1055.2,2,aiolapo
2825,16698661,"Albert Wang","2026-08-10 03:51:15",1055.0,1,mianwang1024
2826,16696852,MYGEMER,"2026-08-09 15:43:13",1054.7,1,mygemer
2827,16695799,Vaycheslav,"2026-08-09 19:44:14",1054.6,2,vaycheslav
2828,16670202,"Elizabeth Park","2026-08-09 20:33:17",1053.3,2,elizabethpark
2829,16693374,"Henfry De Los Santos","2026-08-12 11:43:51",1052.2,2,henfrydelossantos
2830,16692038,CodeHacker,"2026-08-09 07:58:52",1051.5,2,junhanzangai
2831,16623461,MightyK,"2026-08-09 05:36:23",1051.4,2,anhhkhoi
2832,16724895,russ,"2026-08-19 08:55:30",1050.5,2,mdevian
2833,16669439,"RL на спорах и мухоморах ZZZZZ","2026-08-23 09:29:37",1050.3,1,egoregors
2834,16726173,"Aman Bihari","2026-08-23 12:51:05",1050.2,2,amanbihari
2835,16639496,"Sai Teja Bandaru","2026-08-11 14:51:49",1050.0,2,saitejabandaruin
2836,16808840,Devansh3007,"2026-09-03 08:26:39",1049.8,2,devansh3007
2837,16694065,zhangwei02,"2026-08-30 09:29:12",1048.9,2,zhangwei02
2838,16654322,"Debatreya Biswas","2026-08-10 02:02:38",1047.3,2,debatreyabiswas
2839,16683982,Kenny,"2026-08-16 19:43:13",1047.2,2,kmonar
2840,16659585,"Anas Riaz","2026-08-08 20:20:23",1046.3,2,anasriaz
2841,16732008,"Phoebe Lin","2026-09-03 03:14:56",1046.3,2,phoebe0511
2842,16657598,"Arun Mallikarjuna","2026-08-10 04:29:14",1045.7,2,arunmallikarjuna
2843,16665976,"Daksh Goyal","2026-08-08 20:36:06",1045.3,2,dakshgoyal387
2844,16622487,"Sam kramer_1028","2026-08-18 09:40:58",1044.2,2,samkramer1028
2845,16698735,Larfii,"2026-08-21 18:01:02",1043.8,2,larfii
2846,16660483,TIM,"2026-09-03 20:30:41",1043.8,2,daynoryamil
2847,16715729,Ajay_Rao_43,"2026-08-17 04:34:13",1043.8,1,ajayrao43
2848,16695182,"Ali Haydar Özdağ","2026-08-10 14:29:59",1042.7,2,ahoirg
2849,16664242,"Alex Lee","2026-08-11 03:43:12",1042.4,2,aiexanderr
2850,16684947,Hoaquason,"2026-09-03 01:38:35",1042.0,2,"datnguyen0102,mibombaclat"
2851,16663780,"Hamza Kanice","2026-08-09 00:08:11",1041.7,2,hamzakanice
2852,16638998,"khalid harouach","2026-09-02 14:19:04",1041.5,2,khalidharouach
2853,16684568,"[ODS] waniz","2026-08-08 11:04:42",1041.4,1,wanizz
2854,16657989,"vishnu gopal P","2026-08-08 12:27:56",1041.2,2,vishnugp
2855,16698467,"Ra'uf Fauzan Rambe","2026-08-10 04:29:13",1041.0,2,rauffauzanrambe
2856,16635518,"ROFIQUL ALAM SHEHAB","2026-08-09 11:49:00",1041.0,2,rofiqulalamshehab
2857,16660430,"Hassaan Ibrahim","2026-08-10 12:45:55",1040.9,2,hassaanibrahim
2858,16792989,ALKRIS,"2026-08-31 14:35:26",1040.5,2,wasimjbuh
2859,16652214,Zhenrui.Weng,"2026-08-09 06:45:10",1040.0,2,zhenruiweng
2860,16789865,AgroByte-dev,"2026-09-02 14:39:25",1039.8,2,ylyasyylkybayev
2861,16635330,tekatoncat,"2026-08-16 23:42:10",1038.9,2,tekatoncat
2862,16678930,"Just a moroccan","2026-08-09 13:45:12",1038.2,2,zbidaamine
2863,16624485,"Nishant Dahal","2026-08-10 02:24:42",1037.6,2,nishantdahal
2864,16624309,jjamppongmandu,"2026-08-10 01:36:25",1037.6,2,"beckspeca,hihiimj,jjamppongmandu"
2865,16658875,"Noah Bishop","2026-08-10 09:56:34",1037.1,2,noahbishop1
2866,16692970,LakoMoor,"2026-08-09 17:43:25",1037.1,2,lakomoor
2867,16804757,MAT,"2026-09-03 19:20:42",1036.7,2,mehmetanltays
2868,16784691,"Emre Kurubaş","2026-09-03 20:34:41",1036.4,2,emrekuruba
2869,16652827,"Rob C","2026-08-14 03:04:30",1036.3,2,robertcheah
2870,16661739,"Spandan Mhapsekar","2026-08-08 10:39:41",1036.2,2,spandanmhapsekar
2871,16694317,"PRITIKA SA","2026-08-09 07:17:19",1036.0,2,pritikasa
2872,16653385,"Vasilii Buzmakov","2026-08-26 09:29:04",1035.9,2,vasiliibuzmakov
2873,16661100,"Muhammad Junaid","2026-08-17 10:50:45",1035.9,2,junaid512
2874,16684852,後藤将斗,"2026-08-24 14:51:20",1035.6,2,masato09
2875,16732496,kanno,"2026-08-18 04:16:14",1035.3,2,kannomasaki
2876,16661707,"Rudolf HOUNLETE","2026-08-09 11:41:08",1035.0,2,queystanle
2877,16675778,213tubo,"2026-08-28 09:58:57",1034.9,1,tubotubo
2878,16629699,radiant-allomancer,"2026-09-02 07:25:14",1034.1,2,radiantallomancer
2879,16689471,wenjinyang,"2026-08-11 13:32:09",1034.1,2,wenjinyang
2880,16633043,"Ryan Adams","2026-08-27 23:24:08",1032.8,2,ryanadamsai
2881,16622376,fmind,"2026-08-21 15:49:18",1031.5,2,freaxmind
2882,16683439,Goober,"2026-08-10 19:46:41",1029.5,2,kongzhisyuen
2883,16684762,X-xuhui,"2026-08-08 10:07:58",1029.1,2,xxuhui
2884,16688579,"Long Hu","2026-08-09 09:41:04",1028.8,1,longhul
2885,16786603,"Shutong Hou","2026-09-03 12:16:06",1028.2,2,praxel123
2886,16653262,"tianwen zhang1","2026-08-08 16:21:18",1028.1,2,tianwenzhang1
2887,16623189,"Aditya Mishra","2026-08-09 03:42:06",1027.9,2,adityamishranika
2888,16691451,Nakano,"2026-09-03 09:08:55",1027.8,2,spicatom0914
2889,16685828,Ztr0,"2026-08-09 05:53:10",1027.0,2,y1amadeus
2890,16683909,"Krzysztof ""Chris"" Karaszewski","2026-08-14 08:41:11",1026.8,2,futureofworkchannel
2891,16662041,"Sarah Ng","2026-09-03 04:11:27",1026.7,2,thunguyen1510
2892,16732679,argon,"2026-08-19 08:32:47",1026.6,2,argonlabs
2893,16679683,Aberrchan,"2026-08-08 17:44:32",1026.4,2,aberrchan
2894,16663668,"╰┈➤ˎˊ˗ www.sleepyai.org","2026-08-08 23:49:32",1026.0,2,tahsinarafat
2895,16694751,im_justmatthew,"2026-08-10 11:27:00",1026.0,2,imjustmatthew
2896,16683036,"Ritesh Thawkar","2026-08-14 08:34:08",1025.9,2,riteshthawkar
2897,16660385,"Jose Santiago Echevarria","2026-08-25 12:02:45",1025.8,2,jmsechevarria
2898,16690829,JeremyH43,"2026-08-16 00:06:30",1025.6,2,jeremyh43
2899,16660101,Zarathustra,"2026-08-12 02:48:18",1025.0,2,rezkyadytama
2900,16670406,"jessica jennifer","2026-08-20 15:55:41",1024.3,2,jessicajennifer
2901,16669038,"Nabeel Shar","2026-08-09 13:29:09",1024.3,2,nabeelshar
2902,16662592,"Vladislav Yushkevich","2026-08-09 14:54:24",1023.8,2,"crazyflyingsheep,vladislavyushkevich"
2903,16683852,"Abhiram Anil","2026-08-08 06:26:11",1023.2,2,abhiramanil
2904,16771780,Trichoderma,"2026-08-29 01:41:24",1022.9,2,brunoescalhao
2905,16644150,"J.M.Mubasshir Rahman","2026-08-09 17:15:01",1022.8,2,jmmubasshirrahman
2906,16669930,"Ilya Klimanov","2026-08-25 13:30:13",1022.4,2,ilyaklimanov
2907,16676025,"Csaba József","2026-08-31 19:31:00",1022.0,2,"jcsaba,peterkiss4"
2908,16815105,"Saurav Chaudhari","2026-09-03 08:46:53",1021.9,2,saur3x
2909,16699082,Sakthei,"2026-09-03 09:23:40",1021.5,2,sakthei
2910,16664179,animelonerboy,"2026-08-09 15:52:55",1021.1,2,adambasa5
2911,16667091,"Nico Feiler","2026-08-07 14:27:47",1020.9,2,nicofeiler
2912,16669711,"Anton Shaniuk","2026-08-09 12:46:11",1020.9,2,antonshaniuk
2913,16749776,DataLover,"2026-08-20 16:34:37",1020.7,1,paulknidler
2914,16720913,Candidates,"2026-08-23 17:18:05",1020.5,2,"ulyanovmmm,vladimirarchipov"
2915,16725564,"Kole Duncan Robertson","2026-08-31 01:40:11",1020.1,2,kduncanrobertson
2916,16631536,kglctf,"2026-09-03 12:20:46",1019.8,2,kglctf
2917,16679848,Nikola010,"2026-08-13 16:29:19",1019.2,2,nikola010
2918,16692469,neoistheone,"2026-08-08 18:38:13",1019.0,1,neoistheone
2919,16661249,Yaohui,"2026-08-26 14:59:02",1019.0,2,yaohui85
2920,16676038,"Adyanth M","2026-08-09 05:12:40",1018.5,2,adyanthm
2921,16705242,"Chonghao Peng","2026-08-26 21:16:03",1018.5,2,chonghaopeng
2922,16630249,"Aymar Avohoueme","2026-08-20 10:22:33",1018.1,2,aymaravohoueme
2923,16692883,coolguy,"2026-08-08 20:56:21",1017.9,1,vihangpagare334
2924,16731259,"Manvik singh rathore","2026-08-30 17:18:55",1017.7,2,manviksinghrathore
2925,16686843,"Juraj Zelman","2026-08-09 08:40:09",1017.5,2,jurajzelman
2926,16671588,Keisuke,"2026-09-03 03:36:28",1017.4,2,keisukeueda
2927,16677399,lyts,"2026-08-23 16:04:08",1016.9,2,lytsyyds
2928,16624003,weedfarmer,"2026-08-08 05:34:16",1016.9,2,aleksanderhan
2929,16674839,"hongqian miao","2026-08-08 09:24:03",1016.3,2,hongqianmiao
2930,16802442,"Rabia Eda Yılmaz","2026-09-03 11:07:01",1016.2,2,truthisneverlinear
2931,16653984,"Howard Lyu","2026-08-08 18:35:00",1016.1,2,howardlyu
2932,16678506,SireeshLimbu,"2026-08-08 08:39:43",1015.5,2,sireesh
2933,16659958,brainpick,"2026-08-24 21:54:50",1015.3,2,prathvirajpalekar
2934,16640332,"ning gu","2026-08-21 00:01:22",1014.8,2,morninggu
2935,16664409,"Kathi Munishwar","2026-08-09 03:37:05",1014.6,1,kathimunishwar
2936,16655497,cszf_first,"2026-08-09 02:06:46",1014.2,2,cszffirst
2937,16762837,Nagamatsur,"2026-09-02 19:34:00",1013.6,2,rihitonagamatsu
2938,16717671,Jeremy,"2026-09-01 15:58:58",1013.5,2,lukeenness
2939,16665935,eternitywinner,"2026-08-08 14:41:53",1013.2,2,eternitywinner
2940,16670117,"Raj Aryan","2026-08-07 18:15:04",1013.2,2,rajaryan2503
2941,16634082,"Mikey Marszewski","2026-08-09 00:46:00",1012.2,2,mikeymarszewski
2942,16687463,"Manolo Chow","2026-08-09 22:56:20",1011.9,2,manolochow
2943,16692677,"Ashish Dubey","2026-08-10 06:17:34",1011.4,2,ashish124536
2944,16659730,"Zhang Yingluo","2026-08-10 08:15:53",1011.4,2,zhangyingluo
2945,16641535,Tutti,"2026-08-09 12:38:55",1011.1,2,malk271828
2946,16667245,"KAIWALYA RAUT","2026-08-09 09:04:25",1011.1,2,kaiwalyaatulraut
2947,16634468,"Kun Zhang","2026-09-01 11:38:47",1010.3,2,beicicc
2948,16688898,"Sanskar Omar","2026-08-09 11:10:44",1010.2,2,sanskaromar7
2949,16630372,Q.qlmmm,"2026-08-24 18:25:02",1009.8,2,qlammi
2950,16634174,phibkro,"2026-08-07 03:10:52",1008.9,2,phibkro
2951,16742442,"Anton Dugin","2026-08-21 09:51:07",1008.7,2,antondugin
2952,16665353,Sakshamm2587,"2026-08-17 16:50:43",1008.7,2,sakshamm2587
2953,16670361,"Saud Saudesen","2026-08-15 22:16:42",1008.6,2,saudsaudesen
2954,16660259,Marcus,"2026-08-08 17:23:34",1008.5,2,marcuseno
2955,16671372,"Meet Sabhaya","2026-08-08 06:02:13",1008.4,2,meetsabhaya
2956,16658789,Zhanpeng.W,"2026-08-08 10:05:26",1007.9,2,zhanpengw
2957,16662161,"Touhidul Alam Seyam","2026-08-10 12:39:51",1007.4,2,seyamalam
2958,16817923,"Adhiraj Jagtap","2026-09-03 11:52:49",1007.0,2,adhirajjagtap
2959,16681226,"tingting shen","2026-08-10 09:24:23",1006.6,2,tingtingshen99
2960,16685358,"Nuno Ferreira","2026-08-07 13:48:37",1006.5,1,ngcferreira
2961,16625472,"luna is free！","2026-08-29 16:39:51",1006.4,2,simingtan
2962,16655763,"Diogo Sena","2026-08-22 17:08:45",1006.4,2,diogodmsena
2963,16671174,Alexandre008,"2026-08-09 12:29:49",1006.4,2,alexandre008
2964,16690897,"Ashok Kumar Garain","2026-08-08 13:26:11",1005.9,1,ashokkumargarain
2965,16656347,OctahedronBB,"2026-08-07 00:52:27",1005.7,2,octahedronbb
2966,16623485,XtraLearning,"2026-08-09 17:10:36",1005.7,2,xcessivesmash
2967,16783131,Hawkeye,"2026-09-03 07:15:17",1005.6,2,pragneshbagary
2968,16665015,"laiba razzaq10","2026-08-07 14:21:49",1005.6,2,laibarazzaq10
2969,16738705,"Atilla Y","2026-08-25 06:27:51",1005.3,2,atillay
2970,16666826,"Simone di costanzo","2026-08-07 19:38:11",1005.2,2,simonedicostanzo
2971,16658499,Grifun,"2026-08-09 03:24:51",1005.1,2,msingatullin
2972,16658278,"Malcolm Durosaye","2026-08-18 20:59:51",1005.1,2,malcolm95
2973,16680075,I_luv_magick,"2026-08-07 09:50:30",1004.5,2,iluvmagick
2974,16664283,"Nguyễn Hữu Công","2026-08-07 05:24:48",1004.4,2,nguynhucng
2975,16681986,"Chirantan Bhardwaj","2026-08-07 10:07:52",1004.2,1,chirantanbhardwaj
2976,16655076,"Tita Kongolo","2026-08-08 09:08:57",1003.7,2,titakongolo
2977,16640701,momoon,"2026-09-03 15:39:09",1003.3,2,nomuraryota
2978,16671403,"Alex Karpowicz","2026-08-08 18:36:52",1002.9,2,alexkarpowicz
2979,16663369,csteeve,"2026-08-07 18:44:37",1002.5,2,csteeve
2980,16671844,I2nfinit3y,"2026-08-07 02:27:10",1002.3,2,i2nfinit3y
2981,16682336,"Çınar Efe Yetişen (Student)","2026-08-19 08:29:20",1002.0,2,narefeyetienstudent
2982,16626203,"Manish Kumar Maurya","2026-08-18 17:01:59",1001.8,2,manishkumarmaurya11
2983,16623034,"Vlad Kochetov","2026-08-10 21:43:51",1001.5,2,vladkochetov07
2984,16658670,EveryJust,"2026-08-07 08:33:35",1001.5,2,"everyjust,zfc666wsnd"
2985,16673131,"Arfin Mustofa","2026-08-19 01:46:41",1001.4,2,arfinmustofa
2986,16732667,Doug,"2026-08-26 23:26:49",1000.5,2,dougsgrott
2987,16660120,gktdgktdgktd,"2026-08-07 07:50:45",999.9,2,gktdgktdgktd
2988,16623524,"Marcus Vinicius","2026-08-28 13:04:15",999.6,2,marcux777
2989,16690889,"B A S E L #","2026-08-08 14:47:22",999.4,2,basselll
2990,16654626,bgsszsa,"2026-08-07 12:01:33",999.2,2,bgsszsa
2991,16670020,nanare,"2026-08-28 19:08:06",997.8,2,nanaresudo
2992,16654697,KawattaTaido,"2026-09-02 03:27:25",997.5,2,kawattataido
2993,16666358,"GAYATHRI SALINI","2026-08-07 07:55:26",997.4,2,gayathrisalini09
2994,16716558,"Evan Tobias","2026-08-31 19:19:50",997.4,2,evantobias
2995,16630441,"yjhv buddies","2026-08-07 09:50:05",996.8,2,bender1123123
2996,16664827,"Jose Miguel Diez de la Lastra","2026-08-07 16:08:49",996.8,2,josemigueldiez
2997,16643193,"Shoroogh Ahmadi","2026-08-13 10:36:43",995.7,2,shorooghahmadi
2998,16655156,"Pranjal Ranjan","2026-08-06 23:58:43",995.4,2,pranjalranjan299
2999,16693382,Sandrone,"2026-08-29 07:40:35",995.2,2,luvgoelo
3000,16660613,今日洗澡明日香,"2026-08-07 09:58:49",994.6,2,"jasperkag,ryjiang,timmengzh,yningc"
3001,16734498,kazuhiro3381,"2026-09-03 03:37:29",994.2,2,kazuhiro3381
3002,16662730,Operator-X,"2026-08-08 10:06:04",993.4,2,"jpexee,lavlinjaisonme23b250"
3003,16670221,fle3n,"2026-08-08 19:48:37",993.1,2,fleongg
3004,16667219,"Komil Parmar","2026-08-08 10:00:55",992.7,2,komilparmar
3005,16689084,Tam1m,"2026-08-29 09:56:39",992.1,2,booleanwolf
3006,16666686,yolo,"2026-08-08 12:08:38",992.0,2,avin55
3007,16670378,"Ari Carter","2026-08-08 23:18:02",991.8,2,aricarter
3008,16653117,"li jiaqi77","2026-08-07 05:32:06",991.7,2,lijiaqi77
3009,16771456,"Tianrun Liao","2026-09-02 17:27:38",991.6,2,tianrunliao1
3010,16673179,"Muhammad Faraz Aftab","2026-08-09 10:18:58",990.9,2,muhammadfarazaftab
3011,16653208,FabienDaniel,"2026-08-07 10:17:38",990.5,2,fabiendaniel
3012,16674932,kokinnwakashuu,"2026-08-07 07:20:19",990.5,2,kokinnwakashuu
3013,16630129,"Yi Lu","2026-08-08 05:23:05",990.0,2,liqiu0224
3014,16644552,Keanan,"2026-08-08 11:35:17",989.1,2,citerne
3015,16676677,"Clark Stéphane","2026-08-07 18:58:45",988.6,2,clarkstphane
3016,16665529,Venneth,"2026-08-08 12:32:20",986.8,2,venneth
3017,16664666,"Rheal Thomas","2026-08-21 19:29:44",986.4,2,rhealthomas
3018,16698071,nixotrix,"2026-09-02 06:35:23",986.0,2,nixotrix
3019,16681480,"Kevin Nguyen","2026-08-14 18:16:29",985.5,2,haidangnguyen1802
3020,16633276,"Nolan Liang","2026-08-09 03:26:47",984.9,2,iamlkn
3021,16680408,mochogo,"2026-08-07 05:42:33",984.9,1,mochogo
3022,16668029,Timbo615,"2026-08-07 11:56:21",984.2,2,timbo615
3023,16670065,"Artyom Sayapin","2026-08-18 23:40:18",983.7,2,spielmeister
3024,16686155,梁圣的恩情还不完,"2026-08-16 15:48:21",982.9,2,yyyyhhhhwww
3025,16673002,xubenzheng,"2026-08-07 15:40:31",982.9,2,xubenzheng
3026,16637919,NoOneAhead,"2026-08-07 05:12:50",982.6,2,jerrlu
3027,16668034,ggggalaxy,"2026-08-28 04:56:40",981.9,2,ggggalaxy
3028,16782792,"[Deleted] bdc3c175-811b-438f-9c3a-c2d9c80c106a","2026-08-29 07:16:45",981.7,2,del=e8b93c44cf962f9e
3029,16639606,Peach2587,"2026-08-12 03:19:13",981.4,2,momokayoshioka
3030,16676283,jnurik,"2026-08-07 17:24:01",981.0,2,nurdauletmoldik
3031,16670671,"TAUIL Abd Elilah","2026-08-11 01:17:39",979.8,2,tauilabdelilah
3032,16678288,"Speedrun retirement","2026-08-30 18:59:23",978.6,2,"josephkimanikamau,nanducode"
3033,16657957,"Mounika Kommireddy","2026-08-08 07:57:32",977.9,2,mounikakommireddy
3034,16665169,"Rahul Barakoti ITM","2026-08-07 10:58:30",977.5,2,rahulbarakotiitm
3035,16669491,"Parakh Sharma","2026-08-06 10:59:33",977.5,2,parakh20
3036,16729472,"Boris Pletenev","2026-08-16 17:23:56",977.4,1,borispletenev
3037,16762722,"Bruno Romero García","2026-08-31 20:24:32",976.9,2,brunoromerogarca
3038,16669971,"Luka Philip","2026-08-08 16:09:32",976.8,2,lukaphilip
3039,16669608,"Jesy Lu","2026-08-13 16:21:53",976.8,2,jesylu
3040,16703315,"Ryan Triplett","2026-09-03 06:03:31",975.5,2,ryantriplett
3041,16660537,Furina,"2026-08-08 13:52:01",975.4,2,cjlcjlcjl
3042,16660215,"YoungDSML [dsml.kz]","2026-08-06 16:29:33",975.1,2,"mazgas,nurikw3"
3043,16654623,"Asher Goldstein","2026-08-09 17:54:27",974.8,2,ashergoldsteincd21
3044,16658709,"Kaggler Albafica","2026-08-06 10:05:39",974.4,2,kaggleralan
3045,16621802,fgwiebfaoish,"2026-08-13 12:21:54",974.1,2,fgwiebfaoish
3046,16627194,GzmCR632,"2026-08-10 14:31:37",974.0,2,gzmcr632
3047,16668668,"George Byne","2026-08-25 10:10:36",973.9,2,georgebyne
3048,16665898,chengsongtao,"2026-08-23 00:12:59",973.4,2,cheng618
3049,16663457,Furqan102102,"2026-08-09 12:02:35",972.9,2,furqan102102
3050,16684470,"Soumi Ghosh","2026-08-11 10:59:07",972.1,2,soumighosh911
3051,16658723,"Waleed Alkhateeb","2026-08-05 13:31:44",971.9,2,waleedalkhateeb
3052,16656118,Mutte1904,"2026-08-07 05:03:56",971.9,2,mutte1904
3053,16665561,LuoXingda,"2026-08-07 08:22:42",971.9,2,luoxingda
3054,16670058,"Dahoui Alex Armel ","2026-08-07 01:02:07",971.2,2,dahouialexarmel
3055,16659000,xjlgg123,"2026-08-08 12:35:10",971.1,2,xjlgg123
3056,16622788,Fitzcarraldo,"2026-08-07 14:17:24",971.0,2,ivankuc
3057,16661994,"Suvrat Rai","2026-08-16 09:04:58",970.7,2,suvrat11rai
3058,16676280,agniii,"2026-08-06 17:05:08",970.4,2,agniii
3059,16675027,namanbnsl,"2026-08-06 13:02:52",969.7,2,namanbnsl
3060,16666625,"Nguyen Ngoc Thien","2026-08-07 16:12:04",969.7,2,ngocthienai
3061,16681065,SYC,"2026-08-07 03:22:25",969.4,1,yichengs
3062,16642154,Burkina_team_mate,"2026-08-06 15:30:54",969.3,2,"belemkalilou,tedjosegregorybere"
3063,16670040,galaxyhunter,"2026-08-17 19:22:06",969.0,2,pkharkwal
3064,16796014,keith70,"2026-09-03 06:10:35",968.9,2,keith70
3065,16669273,Parag,"2026-08-07 02:10:29",968.8,2,paragkale
3066,16631665,"jatan sanghvi","2026-08-07 06:10:48",968.6,2,jatansanghvi
3067,16659286,shane18,"2026-09-03 11:19:10",968.1,2,shane18
3068,16639280,"Faruk Çiftler","2026-08-09 11:27:46",968.1,2,abdullahfaruk
3069,16630758,"Keshav Joshi","2026-08-20 18:53:37",968.1,2,keshavjoshi22
3070,16659820,Accayo14,"2026-08-06 14:20:30",967.4,2,accayo14
3071,16640582,Attension_Seeker,"2026-08-10 06:57:51",967.2,2,aisipu
3072,16673604,"Jiman Kwon","2026-08-21 17:23:47",967.1,2,jimankwon
3073,16795448,ultimatum_game,"2026-09-03 20:33:16",967.0,2,ultimatumgame
3074,16658717,"Aditya Kapadia","2026-08-06 14:32:16",966.9,2,adityakapadia2003
3075,16774884,assssstnuar,"2026-09-02 15:33:44",966.8,2,assssstnuar
3076,16675753,Khafidin,"2026-08-12 05:16:26",966.8,2,khafidin
3077,16799266,"Saugi Alkaf","2026-09-03 17:00:50",966.8,2,syaugialkaf
3078,16630729,https://how.rl.works/,"2026-08-10 10:29:32",966.7,2,grennwolf
3079,16809200,v0m0v,"2026-09-03 03:47:47",966.7,2,maguchiya
3080,16764081,"Demir Durbakayım","2026-08-29 21:21:56",966.7,2,sixcode
3081,16667714,ZhexinJiang,"2026-08-06 11:26:30",965.4,1,zhexinjiang
3082,16743124,"Leo's Demiurge","2026-09-03 18:01:58",964.9,2,jelurge
3083,16669518,Galagala,"2026-08-07 18:35:59",964.8,2,b12705059
3084,16623920,"Kazuta MIZUTA","2026-08-07 03:22:25",964.7,2,kazutamizuta
3085,16736559,"Team Rot-Weiß","2026-08-19 13:22:35",964.1,2,moritzpaal
3086,16664368,"Ujjwal Reddy","2026-08-10 19:43:26",963.7,2,ujjwalreddyks
3087,16659727,shuaiqiyang,"2026-08-06 08:48:53",963.4,2,shuaiqiyang
3088,16667606,Manifolds1,"2026-08-06 16:36:46",963.1,2,ptrakuldit
3089,16685990,VictorAndrew,"2026-08-10 16:39:51",962.9,2,vicktvr
3090,16659525,"Dang Khoa Nguyen","2026-08-17 09:51:16",962.8,2,khoadangnguye
3091,16665431,"Monojit Nandy","2026-08-06 11:50:38",962.6,2,vedarthmn
3092,16702674,"Varun S G","2026-08-25 12:24:45",962.0,2,warun7
3093,16664360,"Rohan L","2026-08-28 22:21:41",961.9,2,rohanlopes
3094,16660091,bcTiann,"2026-08-06 05:55:54",961.5,2,bctiann
3095,16729165,コーラ,"2026-08-23 07:30:40",960.9,2,cola0912
3096,16634078,"yoho kumedayo","2026-08-15 12:48:29",960.7,2,dorachinyastyle
3097,16664300,"swajay nandanwade","2026-08-05 04:57:10",960.7,2,swajaynandanwade
3098,16654832,mohit,"2026-08-07 00:01:08",960.5,2,mohitvarred
3099,16671515,ziheng,"2026-08-07 09:47:38",960.5,2,zihengedie
3100,16793134,sawasawasawa,"2026-09-03 05:59:17",960.4,2,yukisawamura
3101,16658384,UwU,"2026-08-10 04:20:44",960.1,2,claudesewitz
3102,16668736,bhundreds,"2026-09-03 13:14:14",958.1,2,hundreds1103
3103,16811502,"Avi Porath","2026-09-03 20:33:41",957.9,2,aviporath
3104,16676193,"Akira Hirohashi","2026-08-07 14:00:23",957.5,2,akirahirohashi
3105,16679155,jeziorop,"2026-08-06 20:34:53",957.2,1,jeziorop
3106,16671292,Yuyajk,"2026-08-07 09:00:27",956.7,2,yuyajk
3107,16654726,"James Mancillas","2026-08-07 15:46:12",955.1,2,jamesmancillas
3108,16621716,harlen,"2026-08-06 08:04:24",954.7,2,harlenka
3109,16664170,SpookyHippo,"2026-08-06 02:44:29",954.3,2,spookyhippo
3110,16723427,"Nikita Biryukov","2026-09-03 19:35:56",954.0,2,bnikita
3111,16679237,"Danilo Sepúlveda","2026-08-06 21:26:28",953.5,1,daniloseplveda
3112,16665129,Doom,"2026-08-18 04:28:35",953.4,2,"mr6436,sanskaarundale"
3113,16674550,"Jebastin Nadar","2026-08-06 10:09:16",953.2,2,samfc10
3114,16631016,木下陽平,"2026-08-06 14:52:20",952.9,2,yoheikaggle
3115,16668545,Ronty00,"2026-08-06 08:24:07",952.6,2,ronty00
3116,16791873,Sanjay,"2026-09-02 16:41:53",952.2,2,sanjay6727
3117,16677240,"Jeevan Malla","2026-08-07 07:37:46",952.0,2,jeevanmalla
3118,16653939,"Amr Yasser","2026-08-06 17:56:07",951.9,2,amryasswe
3119,16768449,"Dmitry Volovikov","2026-09-03 15:48:17",951.8,2,dmitryvolovikov
3120,16658025,"Dennis Gioche","2026-08-06 09:08:34",951.8,2,dennisgioche
3121,16625908,trantrikien239,"2026-08-06 04:32:29",951.1,2,trantrikien239
3122,16677675,"Roman Mironov","2026-08-06 17:30:28",950.9,1,helloromiro
3123,16668039,NotEnoughTokens,"2026-08-06 13:04:52",950.5,2,"adofai,jonghyun7777,taglink"
3124,16744809,"Ruben Romero Fernández-Monge","2026-08-25 18:00:39",950.1,2,salieri7
3125,16635781,wacata,"2026-08-19 14:53:05",950.0,2,wacata
3126,16675203,HK,"2026-08-06 11:38:05",949.0,1,hizurukonishi
3127,16695567,tera358,"2026-09-01 18:15:35",948.5,2,tera358
3128,16665256,zhoujqi,"2026-08-06 18:31:31",947.9,2,zhoujqi
3129,16663591,"Joseph Franck","2026-08-25 10:07:56",947.8,2,josephfranck
3130,16656393,"Faris Abqari","2026-08-07 00:15:25",947.8,2,farisabqari11
3131,16678250,"RMS Danaraj","2026-09-03 14:09:33",947.5,2,salorajan
3132,16657198,Eldritch,"2026-09-02 09:41:40",946.9,2,thefool00
3133,16642579,"Desyat IO","2026-08-09 17:31:59",946.3,2,desyatio
3134,16718916,"ROBERT SSEBAMBULIDDE","2026-08-14 19:21:24",946.2,2,robertssebambulidde
3135,16623798,RuiKimura4,"2026-08-27 00:30:45",945.2,2,ruikimura4
3136,16673155,"Babar Khilji","2026-08-06 15:55:26",944.5,2,babarkhilji
3137,16770724,Louras,"2026-08-26 09:49:05",944.1,2,louras
3138,16660555,"Nguyễn Nhật Thanh","2026-08-07 03:45:29",943.5,2,nguynnhtthanhhhhh
3139,16632599,Shadowell888,"2026-09-03 13:35:26",943.3,2,shadowell888
3140,16657290,lol-hiker,"2026-08-31 07:57:12",943.1,2,lolhiker
3141,16683288,HuaLQin,"2026-09-03 00:49:05",942.9,2,hualqin
3142,16653958,seowoohyeon,"2026-08-06 11:48:06",942.1,2,seowoohyeon
3143,16653855,"Klgv Klgv","2026-08-06 11:54:38",941.9,2,klgvklgv
3144,16641326,IY,"2026-08-05 19:27:31",941.8,2,irotrader
3145,16796145,Qian,"2026-09-01 15:04:00",941.7,2,"aurelianz,qianyuchaoni"
3146,16632446,"Abdul Wahab Khan","2026-08-06 04:53:37",941.6,1,abdulwahab2321
3147,16664775,DoubleZs,"2026-08-06 02:55:02",941.2,2,zhang051018
3148,16652986,"Justin Kimlim","2026-08-26 03:12:37",940.7,2,justinkimlim
3149,16639125,"Caio Coelho","2026-08-09 15:38:12",940.5,2,caio41
3150,16665702,"Aman Gupta","2026-08-06 08:09:05",939.8,2,amangupta0014
3151,16743033,Nagahama,"2026-08-29 20:09:15",939.4,2,kazukinagahama
3152,16664683,"Halapeño Farms","2026-09-02 07:23:49",939.2,2,haladaj
3153,16664819,"SUBHASRI  S","2026-08-23 04:02:41",938.7,2,subhasri2007
3154,16652900,cjen07,"2026-08-07 23:33:05",938.4,2,cjen07
3155,16670807,mannogun,"2026-08-07 11:05:42",937.6,2,arcanejumper
3156,16687135,"Kavya Bhandari","2026-08-22 17:20:43",937.6,2,kavyabhandari1998
3157,16667205,"Andrew Lee","2026-08-06 11:16:52",936.8,1,andrewlee23023
3158,16670765,"tensor choko","2026-08-05 23:03:23",936.5,1,tensorchoko
3159,16668060,"Spiros Skarmoutsos","2026-08-08 12:48:07",936.3,2,spirosskarmoutsos
3160,16655353,"Pablo Montenegro","2026-08-09 02:13:47",936.1,2,pablomontalb
3161,16637458,OlivierS,"2026-09-03 18:18:12",936.1,2,oliviers
3162,16668357,"B.Pardha Manoj Reddy","2026-08-24 16:57:25",935.0,2,pardhamanojreddy
3163,16671407,JBro13,"2026-08-07 02:29:02",935.0,2,jbro13
3164,16659045,Rai1,"2026-08-08 11:53:28",935.0,2,rai2003
3165,16790145,"Casper du Jardin Kejser","2026-09-03 11:30:36",934.9,2,casperdujardinkejser
3166,16632250,"Mesut Gözdemir","2026-08-05 17:54:14",934.9,2,gfkfu123
3167,16656941,"Winter Lamb","2026-08-30 00:06:56",934.7,2,fabiansyahcahyo
3168,16655493,TheDigitalCK,"2026-08-07 12:31:58",934.6,2,thedigitalck
3169,16658213,"Ahmet Abdullah Gültekin","2026-09-03 00:20:03",934.3,2,abdullahgultekin
3170,16758431,"Mathews Jere","2026-08-26 18:10:25",934.0,2,mathewjere
3171,16635679,WUHAOZHE618,"2026-08-15 04:08:45",933.9,2,wuhaozhe618
3172,16666609,"visit palja.co","2026-08-15 03:34:49",933.7,2,sselrats
3173,16663213,"Takahiro Someya","2026-08-10 22:03:09",933.2,2,takahirosomeya
3174,16797785,"Vivek Verma","2026-08-31 20:36:45",933.1,2,cosmicescape
3175,16625013,sash,"2026-08-05 01:00:10",932.6,2,sash2104
3176,16672520,"Nah I'd win","2026-08-07 08:09:12",932.4,2,asutriy
3177,16757741,"Malte Bories","2026-08-25 20:08:35",931.8,2,maltebories
3178,16694399,"Sujith Kumar Sashikanth","2026-08-10 00:01:32",931.4,2,sujithsashi
3179,16748741,"pt ptao","2026-08-26 12:50:45",931.0,2,ptptao
3180,16698538,"Haozhe Wang 2022","2026-08-24 00:50:02",930.9,2,haozhewang2022
3181,16669542,Agzam,"2026-08-06 05:09:43",930.8,2,mazgag
3182,16713771,bndang,"2026-09-03 19:59:37",930.8,2,bndang
3183,16677774,"Abdulatif Mahgoub","2026-08-28 13:26:27",930.6,2,abdulatifmahgoub
3184,16774075,"Mohammad Yaser Hussain","2026-09-02 22:22:22",930.2,2,mohammadyaserhussain
3185,16727696,Milkman,"2026-08-19 15:05:17",929.4,2,talhasahi
3186,16663178,Sm00thiecodes,"2026-08-07 11:00:29",929.0,2,sm00thiecodes
3187,16709872,"Tim McGarvey","2026-09-03 14:11:35",928.9,2,timmcgarvey
3188,16693164,nuggettttt,"2026-08-09 02:14:22",928.1,2,nuggettttt
3189,16666784,"Michał Łapiński","2026-09-03 15:44:23",927.7,2,michaapiski
3190,16719793,dhuruvapriyan,"2026-08-14 16:06:42",927.7,2,dhuruvapriyan
3191,16635890,Poojan,"2026-08-06 09:44:47",927.7,2,poojankumartandel
3192,16656503,"Thiago Munhoz da Nóbrega","2026-08-04 20:47:37",927.4,2,thiagommtmn
3193,16819277,"Enshi Zhang","2026-09-03 13:02:11",927.3,1,enshizhang31
3194,16653085,"haoran huang430","2026-08-06 02:37:22",927.3,2,haoranhuang430
3195,16678965,MrGS,"2026-08-09 01:18:09",926.6,2,gabrielsderhll
3196,16668995,"MD.Firoj Khondokar","2026-08-06 11:05:13",926.5,2,mdfirojkhondokar
3197,16659761,cheng-han,"2026-08-06 08:16:10",926.4,2,neoshie
3198,16623665,Giba,"2026-08-05 22:44:41",926.0,2,titericz
3199,16667547,"miaoqing long","2026-08-06 03:31:43",925.9,2,miaoqinglong
3200,16702509,KošičanSVK,"2026-08-17 18:04:22",925.8,2,ryanstoner
3201,16662896,"Adrian Dubois","2026-08-13 22:50:26",925.6,2,adriandubois
3202,16654081,"Aleksei Ponomarev","2026-08-06 00:43:57",924.9,2,alekseiponomarev
3203,16673682,MJ.LIU.T,"2026-08-06 08:14:05",924.6,1,mjliut
3204,16659883,"Ahmad Hfdx5","2026-08-05 03:33:48",924.1,2,ahmadhfdx5
3205,16683764,bf01,"2026-08-21 21:19:05",924.0,2,jalperov
3206,16666301,"James Felipe","2026-09-03 05:42:24",923.6,2,jamesfelipe
3207,16664239,VK_Kaggriculture..StartCompet,"2026-08-05 02:03:48",923.5,1,venkatkumar001
3208,16670527,"Balram Gupta","2026-09-03 12:59:44",922.9,2,"akankshaparab,bg28898"
3209,16661019,lmq,"2026-08-04 14:47:23",922.8,2,lmminhquang
3210,16711556,"Avvy Lavoienne","2026-08-18 04:44:16",922.5,2,avvylavoienne
3211,16661410,tmxdlr,"2026-08-05 12:40:54",922.5,2,tmxdlr
3212,16778835,kiyoc,"2026-08-31 15:01:42",922.2,2,kiyoshiohno
3213,16751999,"Poorna Sai Dumpa","2026-08-25 01:03:04",921.8,2,poornasaidumpa
3214,16654209,"Nirav Mehta 1612","2026-08-10 15:41:47",920.5,2,niravmehta1612
3215,16729564,"Eirik Tveiten","2026-08-19 13:04:02",920.0,2,eiriktveiten
3216,16662872,"Artem Garbart","2026-08-05 09:41:29",919.3,2,artyomgarbart
3217,16677188,Nicooni,"2026-08-06 16:35:01",919.1,1,nicooni
3218,16624977,Avikumar93801,"2026-08-11 05:55:19",918.7,2,avikumar93801
3219,16656345,sunchang71,"2026-08-05 14:05:13",918.0,2,sunchang71
3220,16713463,"Dillen Perumal","2026-08-29 16:39:37",917.9,2,dxllen
3221,16764419,"Leo #2","2026-08-30 08:17:12",917.6,1,nanlihao
3222,16663271,"Malyshev Danil","2026-08-05 14:57:19",917.2,2,malyshevdanil
3223,16663899,"Abdelrahman Aboegela","2026-08-05 13:54:26",917.2,2,abdelrahmanaboegela
3224,16621709,smlcr,"2026-08-04 19:35:19",917.2,2,simulacri
3225,16670304,"Daniel Tomaro1","2026-08-09 03:03:06",917.0,2,danieltomaro1
3226,16758174,REBEL_K,"2026-08-27 18:30:45",916.7,2,rebelk
3227,16792155,abc,"2026-09-03 06:45:13",916.0,2,"datqg0,quangnguyn132"
3228,16656420,"Aditya Raj #2","2026-08-18 16:37:49",915.7,2,optimus2005
3229,16623592,Jack,"2026-08-05 17:06:09",915.6,2,jackvd
3230,16658261,"Manan Khanna","2026-08-04 07:41:27",915.3,1,manankhanna0
3231,16642207,"Nerijus Areska","2026-08-04 00:01:32",915.1,2,nerijusareska
3232,16660819,nya654nya,"2026-08-07 04:47:33",914.8,2,nya654nya
3233,16655530,AlivRick,"2026-08-05 16:18:54",914.5,2,alivrick
3234,16658684,"Takayuki Michishita","2026-09-02 10:38:43",914.5,2,takayukimichishita
3235,16624600,ariacat,"2026-08-06 07:16:44",914.2,2,ariacat
3236,16770912,IsonaEi,"2026-08-26 12:48:48",914.2,1,isonaei
3237,16652630,stars_w,"2026-08-25 17:13:04",914.2,2,starsw
3238,16662496,KhalidKhan,"2026-08-05 05:31:07",914.1,2,feedfeed
3239,16625921,JinchengZhang1,"2026-08-09 03:45:30",913.8,2,jinchengzhang1
3240,16734813,"Johan BONILLA MENDIETA","2026-09-01 23:21:50",913.8,2,johanbonillamendieta
3241,16732722,Kusanagi,"2026-08-24 21:52:54",913.4,1,kusanagiap
3242,16669400,"Martin Konôpka","2026-08-06 12:16:13",913.0,2,rumburakk
3243,16664890,ideal_m99,"2026-08-06 00:00:33",913.0,2,idealm99
3244,16660376,"Ahmed Sedky 0100","2026-08-06 20:56:37",912.9,1,ahmedsedky0100
3245,16662910,"shoryakumar mishra","2026-08-05 16:05:32",912.8,2,shoryakumarmishra
3246,16665230,"Jack Burley","2026-09-02 00:15:22",912.8,2,jackburley
3247,16654271,"Sophie and Yanna","2026-08-19 17:08:47",912.7,2,"morty3500,sophanie"
3248,16654486,alijs,"2026-08-06 14:27:22",912.3,2,alijs1
3249,16735488,"arhaan rai","2026-09-01 19:18:46",912.0,2,arhaanrai
3250,16665966,aj000,"2026-08-28 11:48:19",911.7,2,anishjagdaleaj
3251,16623236,"Yonatan Nemtsov","2026-08-06 00:28:01",911.5,2,yonatannemtsov
3252,16755278,Kaz,"2026-09-03 12:42:47",911.5,2,kazuyago
3253,16659676,Light,"2026-08-05 03:07:39",911.2,2,aadarshashrestha007
3254,16635418,ocean240812,"2026-08-07 08:50:56",911.1,2,ocean240812
3255,16797134,Yooho0,"2026-09-02 14:20:03",911.1,2,yooho0
3256,16652896,"R^2 negative","2026-08-04 23:14:38",910.8,2,rktqwe
3257,16661670,sansm1,"2026-08-04 16:54:59",910.2,2,sansm1
3258,16657077,_LT_zyc,"2026-08-05 01:01:42",910.1,1,zyczyc
3259,16640388,SANNNNN,"2026-08-03 18:41:38",910.0,2,zuhairsan
3260,16699699,rudykane,"2026-08-11 16:06:34",909.5,2,rudykane
3261,16664518,senxichong,"2026-08-13 04:28:32",908.8,2,senxichong
3262,16670099,"Jon Snyder","2026-08-06 00:27:21",908.6,2,snyderj1515
3263,16636148,SanggeunParrk,"2026-08-05 04:04:32",908.2,2,sanggeunparrk
3264,16622482,"Veniamin Nelin","2026-08-04 19:40:18",908.1,2,veniaminnelin
3265,16653122,Wei_Chance,"2026-08-23 10:25:14",907.9,2,bystanderq
3266,16655534,"Charles Mills","2026-08-06 16:40:27",907.0,2,charlesqmills
3267,16677342,Fedor,"2026-09-03 14:01:36",906.8,2,fedorchuprakov
3268,16753826,"Jai Mata Di","2026-08-31 10:09:11",906.5,2,mrigshira
3269,16661229,Gena,"2026-08-04 15:18:42",906.3,2,gdonchyts
3270,16639043,"saroj bono","2026-08-28 18:42:55",906.2,2,sarojbono197
3271,16655828,ack07,"2026-08-06 04:52:07",906.1,2,its07amit10
3272,16646970,juewang1p,"2026-08-13 03:18:21",905.9,2,juewang1p
3273,16628727,dominyellow,"2026-08-04 11:44:21",905.7,2,dominyellow
3274,16677965,felipe9695,"2026-08-12 21:23:05",905.0,1,felipe9695
3275,16657294,"Ragul M","2026-08-04 07:08:51",905.0,2,ragul7002
3276,16791977,JeremyLIU1997,"2026-09-03 00:00:29",904.9,2,jeremyliu1997
3277,16644861,"kanzaler ensemble","2026-08-11 14:30:36",904.9,2,kanzalerensemble
3278,16665399,"Shivam Shrivastava","2026-08-13 15:32:37",904.8,2,shivamshrivastava180
3279,16695556,"Prajwal Dongre","2026-08-12 08:53:42",904.5,2,prajwaldongre
3280,16657817,"rohith sai midigudla","2026-08-05 12:36:40",904.3,2,rohithsaimidigudla
3281,16637241,M4nd4l0r14n,"2026-09-02 15:34:08",904.0,2,thiagobcunha
3282,16739551,arao,"2026-08-28 21:24:55",903.8,2,anjanarao
3283,16668329,HakimTaoufik,"2026-08-18 13:06:18",903.4,2,hakimtaoufik
3284,16652560,"Ahmed Samir","2026-08-03 12:15:01",902.2,2,ahmedsamir1598
3285,16638909,mbscgi,"2026-08-04 22:48:03",902.1,2,mbscgi
3286,16666163,"Muthuraman Raman 7","2026-08-06 05:25:09",902.1,2,muthuramanraman7
3287,16745450,GusNicho,"2026-08-24 03:30:55",901.6,2,pineapplepencil
3288,16689697,Kmart0112,"2026-09-02 04:10:10",901.1,2,kmart0112
3289,16659033,"Farzana Shaju","2026-08-05 07:18:29",901.1,2,"farzanashaju,shaikhharisjamal"
3290,16623812,"SeshuRaju 🧘‍♂️","2026-08-25 13:12:13",900.8,2,seshurajup
3291,16657094,irynavs,"2026-08-13 13:23:56",900.5,2,irynavs
3292,16656308,"Srishanth Sriramula","2026-08-08 09:02:13",900.5,2,srishanthsriramula
3293,16805949,Bigplanedoesnotflyfast,"2026-09-03 11:52:40",900.3,2,ronav48902753425
3294,16663513,Pakistan,"2026-08-05 00:54:11",900.3,2,"debayank2024,laveshjadon,laxmikantaroy,tarunraii"
3295,16690500,Mr.NoT_GaMeR,"2026-09-02 11:39:31",900.0,2,joshdilipkumarpatel
3296,16662946,uzair,"2026-08-04 18:40:46",899.9,2,quantumcurator
3297,16639369,"Kyuhwan Cho","2026-08-19 07:20:02",899.8,2,octoarden
3298,16656009,"Steven Liu","2026-08-31 06:25:02",899.7,2,thornkey
3299,16664565,"Wayne Chou","2026-08-05 12:30:14",899.6,2,ambientz
3300,16702796,Yavuz.YILMAZ,"2026-09-02 07:21:20",899.4,2,yvztpe
3301,16664291,"William Dennis","2026-08-11 07:57:27",899.0,2,williamdennis
3302,16659217,Dynamic_fire07,"2026-08-05 18:51:51",898.8,2,"dynamicfire07,tryingmybest123"
3303,16661010,"Dante Dyches-Chandler","2026-08-05 04:36:09",898.7,2,dantedycheschandler
3304,16660046,"Ikki Katsuyama","2026-08-07 06:07:42",898.5,2,kacchanwriting
3305,16669282,sky233,"2026-08-06 17:06:04",898.0,2,sky233
3306,16625663,sota1111,"2026-09-03 01:43:41",898.0,2,sota1111
3307,16632694,8ct10nz,"2026-08-04 12:02:49",897.5,2,act10nz
3308,16660470,"Oğuz Kaan Mavice","2026-08-28 09:39:58",897.3,2,oguzkaanmavice
3309,16632138,kaggle_bbgg,"2026-08-05 11:59:35",897.0,2,kagglebbgg
3310,16671622,"Isaac Diaz Lopez","2026-09-03 19:21:33",896.9,2,isaacdiazlopez
3311,16691670,wangbin.dev,"2026-08-22 05:31:34",896.9,2,wangbindev
3312,16807575,Rf28,"2026-09-03 10:29:55",896.6,2,rehyyy
3313,16657942,"Gokul Prasath","2026-08-04 23:38:18",896.4,2,beastgokul
3314,16744640,"Marcin Skalski","2026-09-01 18:25:08",896.3,2,marcinskalski
3315,16657861,"Liao Zixu","2026-08-25 04:28:34",896.2,2,liaozixu
3316,16660939,"Quenux Studio","2026-09-03 17:07:26",895.7,2,dieguis1976
3317,16658852,"Chhaya Awasthi","2026-08-04 09:37:05",895.6,2,chhayaawasthi
3318,16644774,lungjyuanz,"2026-08-07 01:03:20",895.3,2,lungjyuanz
3319,16764445,sukesuke012,"2026-09-03 01:40:16",895.2,2,sukesuke012
3320,16725432,Ezra,"2026-08-19 23:41:10",895.2,2,ezberch
3321,16783740,ZiYiMing,"2026-09-03 10:01:16",895.1,2,ziyiming
3322,16660361,"Abhishek Sharma","2026-08-26 10:21:10",894.9,2,abhisheksharma425
3323,16658571,"Yusuke Sato","2026-08-27 03:06:42",894.3,2,wanko123
3324,16794125,"Xero Scythe","2026-09-02 18:57:39",894.2,2,xeroscythe
3325,16658616,"Amitesh Chaudhary","2026-08-11 10:04:02",894.2,2,amiteshchaudhary
3326,16666245,"Cagatay Morcicek","2026-08-13 06:53:40",893.7,2,thisismylabs
3327,16650018,EiMengLove,"2026-08-05 10:27:31",893.3,2,konicty
3328,16665764,"izh yng","2026-08-21 06:16:21",893.1,2,izhyng
3329,16634752,"Praise the SHOVEL","2026-08-03 16:16:28",893.0,2,barnobarno
3330,16690050,PersistentLife,"2026-08-08 17:16:17",892.5,2,persistentlife
3331,16644415,Ztrk,"2026-09-03 17:04:24",892.5,2,ztrk123
3332,16658746,marinxbt,"2026-08-28 10:38:37",892.3,2,marinxbt
3333,16632097,PavelLiashkov,"2026-08-05 11:59:30",892.0,2,bigbag1983
3334,16652339,"Mohamed Amine Rebhi","2026-08-03 16:03:07",891.7,2,mohamedaminerebhi
3335,16667503,Yuzuki,"2026-08-05 12:19:45",891.7,1,yuzukiohya
3336,16641093,"Satish ","2026-08-20 04:18:42",891.4,2,satishkommanaboina
3337,16666900,sooflee,"2026-08-12 14:19:50",890.9,2,sooflee
3338,16655712,"Smart Manoj","2026-08-04 01:55:13",890.8,2,smartmanoj
3339,16654153,"Mateus Cruz, Msc.","2026-08-03 17:44:02",890.5,1,matteuscruz
3340,16651613,"Devin Zhou","2026-08-05 02:27:36",890.1,2,devinzhou
3341,16650396,RaymondZhao0304,"2026-08-04 00:39:30",890.0,2,raymondzhao0304
3342,16657671,CyberRacoon,"2026-08-20 10:23:11",889.1,2,racoontw
3343,16661376,"YERMES AMINE","2026-08-04 14:13:45",889.1,1,yermes
3344,16698045,"Vikhas S G","2026-08-18 04:56:07",888.9,2,vikhassg
3345,16622835,"Max Manushin","2026-08-06 00:01:08",888.8,2,innerf1re
3346,16742806,"Oğuz Karabulut","2026-09-03 20:33:20",888.8,2,ouzkarabulut
3347,16664400,Boruiyang21,"2026-08-05 14:56:03",888.4,2,boruiyang21
3348,16659093,YangGod,"2026-08-27 17:32:36",888.1,2,yanggod
3349,16655339,harmo-miu,"2026-08-23 05:57:37",887.9,2,harmomiu
3350,16660824,"Stitch Clarity","2026-08-04 15:27:53",887.6,2,stevenanctil
3351,16623697,yuto083,"2026-08-19 00:43:42",886.8,2,yuto0712
3352,16695555,S4K50M,"2026-08-12 14:39:41",886.8,2,setiasaksham
3353,16716522,"Lavanya Bacche","2026-08-17 08:43:40",886.6,1,lavanyabacche
3354,16672672,Koiiiiiopen,"2026-08-08 06:25:21",886.4,2,koiiiiiopen
3355,16762634,"Clement Ling","2026-09-02 02:10:57",886.4,2,clementling
3356,16742232,"Prema Ananda","2026-09-03 18:37:27",886.3,2,premaananda108
3357,16667730,"Surya Vijjeswarapu","2026-09-03 18:49:07",886.2,2,suryavijjeswarapu
3358,16660853,"lxh unbound","2026-08-05 00:02:02",886.1,2,lxhunbound
3359,16623540,TheDuck,"2026-08-22 15:50:49",885.8,2,jaxroth
3360,16639241,"Alissa King","2026-08-04 05:05:30",885.6,2,alissaking
3361,16659565,Tekin24,"2026-08-13 21:25:21",885.0,2,tekin24
3362,16655294,Mobzya,"2026-08-26 23:11:15",884.9,2,mobzya
3363,16651157,StupidXie,"2026-08-25 12:48:35",884.9,2,stupidxie
3364,16654419,kreiack,"2026-08-09 23:47:00",884.9,2,kreiack
3365,16659874,"ding yumeng","2026-08-26 11:59:06",884.3,2,dingyumeng
3366,16676054,"Vladislav Konstantinov","2026-08-08 09:33:35",884.2,2,vladkonstantinov
3367,16667994,"Zhian Wei","2026-09-03 18:01:12",884.0,2,zh1anwe1
3368,16658562,mashBrian254,"2026-08-04 10:48:33",883.8,2,mash1990
3369,16660318,"Aiman Al-Shalfi","2026-08-05 11:59:43",883.7,2,aimanalshalfi
3370,16742362,"AMANI DD","2026-08-23 08:02:47",883.5,2,dkonan
3371,16631978,"batuhan kalem","2026-08-02 22:12:00",883.2,2,batuhankalem
3372,16643095,ckyasb,"2026-08-05 14:39:42",882.8,2,ckyasb
3373,16655396,Tesla1AC,"2026-08-08 08:18:09",882.5,2,mathornton
3374,16656170,"Chakrabhuana V  Deva","2026-08-05 06:54:50",882.1,2,chakrabhuanavdeva
3375,16729515,"Emmanuel Tolani","2026-08-29 15:03:36",881.9,2,emmanueltolani
3376,16655596,Bela,"2026-08-04 01:18:06",881.6,1,istribaik
3377,16663808,"Fae Gaze","2026-08-20 16:32:51",881.5,2,achievement
3378,16631261,Monster,"2026-08-04 15:46:32",881.3,2,tmtngtrng
3379,16663407,Denis,"2026-08-11 17:42:21",881.3,2,matsiusheuski
3380,16644390,"Manan Gupta","2026-08-05 17:08:32",880.7,2,obirdy
3381,16629983,Amundsen,"2026-08-05 06:51:46",880.4,2,amundsen
3382,16644221,"Guzha Panashe H","2026-08-22 15:34:41",880.1,2,guzhapanasheh
3383,16654707,ManasviSharma,"2026-08-19 19:42:41",879.9,2,manasvi821
3384,16666571,"Zhengxu Yu","2026-09-01 12:10:05",879.7,2,zhengxuyu
3385,16663096,Agola_dasacic,"2026-08-04 20:07:50",879.4,2,mnu303
3386,16741563,"Paul Pawletta","2026-09-02 15:49:54",879.4,2,paulpawletta
3387,16666242,"Lalwani Palash","2026-08-08 07:45:46",879.3,2,lalwanipalash
3388,16663099,"Md. Abdullah Al Mamun","2026-08-05 02:16:43",879.3,2,mamun18
3389,16765743,page0526,"2026-08-26 02:08:11",879.0,2,page0526
3390,16628875,TakahiroHon,"2026-09-02 23:39:42",878.8,2,takahirohon
3391,16775250,Junrong,"2026-08-30 00:00:13",878.6,2,fjhgjf
3392,16635159,Abdulsamad,"2026-08-06 11:48:04",878.3,2,abdulsamadjod1234
3393,16622015,"Ioannis M","2026-08-06 08:12:21",877.9,2,imeintanis
3394,16627023,"Noah Farr","2026-08-05 08:02:35",877.9,2,noahfarr
3395,16629308,Sutee,"2026-09-02 12:42:25",877.7,2,lszlst
3396,16634213,kkunizaw,"2026-08-03 20:47:58",877.4,2,kkunizaw
3397,16805598,"I'm just trying out here QQ","2026-09-02 22:31:17",877.2,2,zadatt
3398,16656171,ishu,"2026-08-04 03:27:45",877.2,2,ishhverma
3399,16654946,AliLucky,"2026-08-05 15:07:59",876.9,2,alilucky
3400,16679861,Pandabueno,"2026-08-12 15:51:48",876.7,2,ronaldomonzn
3401,16740633,zhangtingyu11,"2026-08-20 04:34:32",876.3,2,zhangtingyu11
3402,16630964,LEEKANG,"2026-08-03 14:10:21",876.2,2,poby7722
3403,16659435,Zerabyte_X,"2026-08-04 09:52:16",875.8,1,zerabytex
3404,16653093,"willam wu","2026-08-03 15:03:01",875.4,1,biaaib
3405,16630142,zawawannko,"2026-08-05 03:16:49",875.2,2,zawawannko
3406,16732104,sizumita,"2026-09-03 14:21:02",875.1,2,sizumita
3407,16644566,"Guangjian Dong","2026-08-02 23:59:18",874.7,1,guangjiandong
3408,16622760,yunus_bayram_kagle,"2026-08-04 07:49:00",874.6,2,yunusbayramkagle
3409,16639567,YassY_The_AlchemYst,"2026-08-11 15:07:03",874.3,2,yassineelhallaoui
3410,16730484,Esperanza,"2026-09-02 04:15:45",873.9,2,deanpixton
3411,16683529,"Yanis Belami","2026-09-01 06:56:54",873.6,2,yanisbelami
3412,16652451,JackGong,"2026-08-03 11:32:11",873.2,1,jackgong
3413,16656444,"christopher athans crow","2026-08-05 00:08:13",872.1,2,cchrisaa
3414,16655588,"The Devil's World 678","2026-08-07 10:39:23",872.0,2,thedevilsworld678
3415,16632055,Bugra0,"2026-08-03 22:44:42",871.2,2,bugra0
3416,16623448,HoJoonYun,"2026-08-09 13:43:43",870.8,2,hojoonyun
3417,16659996,Schwifty,"2026-08-12 20:01:01",870.5,2,schwiftyc137
3418,16641489,suminshim,"2026-08-03 06:24:39",869.6,2,suminshim
3419,16639155,"Arturo Gutiérrez Aguilar","2026-08-04 16:08:19",869.4,2,jarturo
3420,16630111,jannchie,"2026-08-04 19:09:17",869.2,2,jannchie
3421,16796133,NoMoreThan20Words,"2026-09-03 07:11:56",869.0,2,nomorethan20words
3422,16625082,真的懒,"2026-08-25 07:27:28",868.8,2,gtccc9
3423,16706738,Moriarty,"2026-08-24 21:05:34",868.1,2,mikhailkachalin
3424,16730612,Blurry,"2026-08-29 09:01:21",867.3,2,linkinpony
3425,16637797,"Xiangchen Li","2026-08-04 09:47:59",866.7,2,xiangchenli07
3426,16650701,"Oliver Wang","2026-08-03 16:17:36",866.5,2,oliverwang15
3427,16637519,Temprao,"2026-08-03 12:16:43",866.4,1,maruimono928
3428,16658048,"Joel jaison 391","2026-08-05 02:31:57",866.3,2,joeljaison391
3429,16732022,Mosamosa,"2026-09-03 00:42:06",865.9,1,mosamosa
3430,16622627,"Erik van de Ven","2026-08-28 16:55:08",864.8,2,erikvdven
3431,16660152,LIH.YUN,"2026-08-04 14:11:44",864.3,2,fxlcee
3432,16698596,ymok,"2026-08-11 11:54:02",863.9,1,iromao
3433,16699080,"Karthikeya Thatipamula","2026-09-03 07:22:56",863.7,2,karthikeya18
3434,16775506,"lin qiy","2026-08-29 02:44:13",863.5,2,linqiy
3435,16712751,haruo_tensai,"2026-09-03 11:43:44",863.5,2,haruotensai
3436,16654006,"Harish Dhanarajan","2026-08-03 17:23:50",863.0,1,harishdhanarajan
3437,16654235,"Mwanza Wambua","2026-08-06 10:16:13",862.7,2,mwanzawambua
3438,16664221,Anish,"2026-08-14 00:53:48",862.7,2,anishmunje
3439,16633808,mmath2,"2026-08-07 10:52:38",862.5,2,mmath2
3440,16633083,bsenst,"2026-08-07 12:38:47",862.4,2,bnzn261029
3441,16738461,monnosuke,"2026-08-27 11:13:33",862.2,2,shiomi1012
3442,16630760,dkzmn,"2026-09-03 10:32:24",862.0,2,dmkzmn
3443,16665994,Rakhansyah,"2026-08-25 13:08:20",861.5,2,rakhansyah
3444,16622312,"Malak Reda","2026-08-03 09:02:41",861.5,2,malak457
3445,16634022,"Cihan Atak","2026-08-02 16:00:43",861.1,2,cihanatak
3446,16680239,"Marinto Richee J","2026-08-12 08:21:02",861.0,2,marintoricheej
3447,16662213,"Yang Zong-Yu phD","2026-09-03 05:30:42",861.0,2,yangzongyuphd
3448,16661532,"Fedor Baart","2026-08-05 12:34:21",860.5,1,fedorbaart
3449,16656337,"Prashant Kikani","2026-08-04 04:03:37",860.3,1,prashantkikani
3450,16655187,cmxu,"2026-08-05 05:31:07",859.5,2,cmxu77
3451,16623298,Mikhail_Komkin,"2026-08-02 20:14:28",859.2,2,mikhailkomkin
3452,16806003,"Hazqeel Afyq","2026-09-03 03:41:22",859.0,2,hazqeelafyqathaillah
3453,16632201,neurlog,"2026-09-03 09:51:13",858.4,2,neurlog
3454,16669227,"Tom Dufresne","2026-08-07 11:17:39",858.3,2,tadufre
3455,16758889,bomboclat,"2026-08-30 08:52:08",858.1,2,sstprk
3456,16662904,Bharathms1902,"2026-08-08 11:41:54",857.5,2,bharathms1902
3457,16717787,Bull,"2026-09-03 17:16:54",857.3,2,welshonionman
3458,16730015,suzu10,"2026-09-01 01:29:55",856.1,2,suzu10
3459,16770972,"Victoria Makarskaia","2026-08-27 12:28:53",856.0,2,victoriamakarskaia
3460,16678370,"Chenhao Wang","2026-08-07 06:37:46",855.6,1,wangles
3461,16700265,Reesav,"2026-08-10 14:15:06",855.3,2,reez08
3462,16621831,"Tsung-Yeh, Hsieh","2026-08-10 06:49:43",855.1,2,"tsungyehhsieh,xinyuloong"
3463,16641309,klog,"2026-08-20 12:42:08",854.9,1,mhrzmmhrzm
3464,16635680,starclan,"2026-08-14 17:50:55",854.4,2,starclan
3465,16639471,CaminoLSY,"2026-08-05 01:22:09",854.2,2,lsy37521
3466,16663273,"Mason Frias","2026-08-06 22:57:08",853.9,2,masonfrias
3467,16778640,Kilupy,"2026-09-03 15:34:09",853.7,2,kilupy
3468,16639473,"Jeff Borschowa","2026-08-02 00:39:11",853.3,2,jeffborschowa
3469,16623732,A.S.TENSHU,"2026-08-17 16:25:35",853.0,2,kirvk013
3470,16709136,ryanocm,"2026-08-13 15:08:49",852.9,2,ryanong
3471,16799428,hatata,"2026-09-03 05:45:02",852.2,2,hatata3737
3472,16644185,"Mimic Mohsin","2026-08-02 18:38:46",852.2,1,mimicmohsin
3473,16665293,"ADITYA BEECHA","2026-08-10 05:16:38",851.2,2,bechaaditya
3474,16699091,Umkaaa,"2026-08-11 08:35:05",851.1,2,umkaaa
3475,16672264,iiTz_AK,"2026-08-15 12:18:44",850.8,2,iitzak
3476,16806635,digimagi,"2026-09-02 05:47:57",850.4,1,digimagi
3477,16632686,strike,"2026-08-06 06:21:38",850.0,2,nicolia
3478,16753850,"Ahmad Ali","2026-08-27 17:08:14",849.4,2,ahmadali1243534
3479,16768239,Oshbocker,"2026-08-29 21:37:25",849.3,2,oshbocker
3480,16656379,"Jay Gautam","2026-08-12 12:19:40",848.9,2,jaygautam007
3481,16688884,"As Wasti","2026-08-14 01:34:26",848.8,2,aswasti
3482,16767453,IterumVici,"2026-09-03 15:35:58",848.8,2,iterumvici
3483,16758232,mech_39,"2026-08-25 05:23:39",848.5,2,mech39
3484,16726617,"Chase Lebarv","2026-08-19 01:07:58",848.4,2,chaselebarv
3485,16655603,"Veeranuch Leelalai","2026-08-11 12:55:29",848.3,2,veeranuchleelalai
3486,16709905,Rospel,"2026-09-03 19:40:53",847.8,2,rospel
3487,16658569,"Danu A.","2026-08-05 13:12:09",847.8,2,eu1234
3488,16749009,Pavel,"2026-09-01 19:19:03",847.6,2,pavelsavchenkov
3489,16666147,"Khalid Bin Hethlain","2026-09-03 12:56:25",847.1,2,khalidbinhethlain
3490,16717448,getalife();,"2026-09-03 06:03:38",846.9,2,"byteknight28,dhairyapandya24,rounakagrwl"
3491,16644882,"SAMOILOV MIKHAIL","2026-08-03 02:10:04",846.1,1,samoilovmikhail
3492,16651180,yangyefd,"2026-08-03 08:42:57",845.3,1,yangyefd
3493,16668633,peien5,"2026-08-06 14:44:47",845.2,2,peien5
3494,16640877,Yorix.um,"2026-08-02 13:31:28",844.4,1,yorixum
3495,16763865,SydneyC666,"2026-08-26 08:50:40",843.7,2,sydneyc666
3496,16646360,"Asrith Singampalli","2026-08-03 08:46:59",843.7,2,asrithsingampalli
3497,16664246,"Sida Zuo","2026-08-25 01:21:54",843.2,2,sidazuo
3498,16675452,Vladislav,"2026-08-12 13:58:35",842.9,2,simmeringoverstep
3499,16637489,"Gopal Krishna Gundumalla","2026-08-02 12:39:17",842.7,2,gopalkrishnag
3500,16669632,"Kenneth Alonso","2026-08-31 21:23:44",842.5,2,kennethalonso
3501,16798401,"Hunter Mimaroglu","2026-09-02 22:00:37",842.1,2,huntermimaroglu
3502,16663659,"Omer Rehman","2026-09-02 11:05:02",842.0,2,omerrehman97
3503,16741321,"S. B.","2026-09-03 05:43:39",841.7,2,aughra
3504,16789903,"Netanel Keidar","2026-09-03 17:09:59",841.5,2,netanelkeidar
3505,16668756,"Clark Kitchen","2026-09-02 09:50:00",841.5,2,clarkkitchen
3506,16663681,"Петар Кнежевић","2026-09-03 19:21:47",841.4,2,petarknezevic1
3507,16696208,"kazwzn S","2026-08-21 10:16:12",841.3,2,kazwzns
3508,16677577,"Harsha Vardhan Konisa","2026-08-31 17:02:44",841.2,2,harshavardhankonisa
3509,16622940,"Enrico Ambrosio","2026-08-06 19:56:30",841.0,2,enricoambrosio
3510,16640811,cyberia,"2026-08-02 09:12:23",840.7,1,cyberia
3511,16658487,radozaprazny,"2026-09-02 19:32:16",840.0,2,radozaprazny
3512,16672095,"Friaseus ","2026-09-03 20:19:48",840.0,2,friaseus
3513,16714161,Slirche,"2026-09-03 20:23:51",839.6,2,slirche
3514,16747914,"Token's Expired","2026-08-22 16:25:39",839.5,2,"adeebshekh,akratisingh0101,shaankapoor21"
3515,16632536,"Aleksander Sachuk","2026-08-02 21:33:27",839.2,2,alexsssachuk
3516,16706993,Celibistrial,"2026-09-03 20:28:20",838.5,2,celibistrial
3517,16784516,pejipej,"2026-08-30 15:37:48",838.3,2,pejmaneghbali
3518,16632571,"nishchal jain","2026-08-03 07:27:14",838.0,2,nishchaljainds
3519,16758383,"Tong Jing Yen","2026-09-03 19:08:50",837.5,2,tongjingyen
3520,16641068,"Rahul Ray","2026-08-05 14:27:07",837.1,2,rahulray5
3521,16667058,"Lê Quốc Duy","2026-08-08 01:03:08",836.6,2,lqucduy
3522,16712577,"nattapon nakakong","2026-09-03 09:45:14",836.4,2,nattaponnakakhong
3523,16705318,arminhej96,"2026-09-03 15:20:32",836.0,2,arminhej96
3524,16721639,"Ankit Sain","2026-08-25 01:14:02",835.6,2,thisankitsain
3525,16758556,bpbpbpbpb,"2026-09-03 10:56:41",835.4,2,bpbpbpbpb
3526,16623373,VM,"2026-09-02 06:43:27",835.3,2,vladmazeev
3527,16663515,HamsterSashka,"2026-08-20 14:40:55",835.3,2,hamstersashka
3528,16670842,Cole,"2026-08-15 19:50:43",834.3,2,colechristensen
3529,16657419,"Saivedant Hava","2026-08-05 06:36:39",833.2,2,saivedanthava
3530,16774787,wpk1122,"2026-08-29 01:54:49",833.0,2,wpk1122
3531,16798334,"Gabriel othávio","2026-09-02 22:08:55",832.8,2,gabrielothvio
3532,16639330,"Dead Signal Works","2026-08-02 12:40:32",832.7,2,brooklynhalmstad
3533,16664653,Adir,"2026-08-26 00:49:46",832.4,2,adiradam
3534,16709800,nubx,"2026-08-20 17:12:04",832.4,2,manrajjitsidhu
3535,16643692,Samsay24,"2026-08-02 17:22:45",832.2,1,samsay23
3536,16669466,"vuppuluri sriramsubhash","2026-08-06 08:42:50",832.1,2,vuppulurisriram
3537,16661685,"Lê Ngọc Lâm","2026-08-13 15:29:40",832.1,2,lengoclam
3538,16639719,JASONSLIMWONG,"2026-08-02 08:11:22",831.1,2,jasonslimwong
3539,16718579,"Nazariy Karpov","2026-08-18 07:28:29",831.1,2,nazariykarpov
3540,16702909,SG4265,"2026-08-13 13:51:05",831.0,2,sg4265
3541,16635377,het2554,"2026-08-29 18:10:09",830.9,2,crazy2554
3542,16674543,"Sujal Agarwal2301","2026-08-09 13:37:43",830.1,2,sujalagarwal2301
3543,16634036,"Emanuel Lázaro","2026-08-02 14:55:30",829.8,2,emanuellcs
3544,16677752,"Senya Ka","2026-08-08 19:16:00",829.1,2,m1greatcool
3545,16663200,"TUSHAR KUMAR 23321032","2026-08-31 06:05:00",829.1,2,tusharkumar23321032
3546,16679144,つるげーねふ,"2026-09-03 14:48:19",829.0,2,atom7666
3547,16638551,SC,"2026-08-30 22:31:27",828.9,2,ryosketchbook2007
3548,16664439,"Tony T","2026-09-02 05:35:36",828.8,2,thekke
3549,16632426,Santhana,"2026-09-03 12:26:06",828.2,2,santhanalekshmic
3550,16715255,"xiaocai liu","2026-08-23 05:57:45",827.5,2,xiaocailiu
3551,16736314,"wuret henr","2026-08-20 09:10:48",826.9,2,wurethenr
3552,16697266,"Top 1 🏆","2026-09-02 09:22:18",826.7,2,"fahankaudeer,solirus,syntaxprnv,udhaykumarsujeebun"
3553,16730199,kawanot,"2026-08-24 09:15:18",825.5,2,kawano
3554,16663187,"Teddy McBride","2026-08-07 03:59:53",825.5,2,tedcr100
3555,16703203,"Hamza Shafik ","2026-08-17 23:48:06",825.2,2,hamzashafik12
3556,16661353,mithi,"2026-08-11 20:04:07",824.9,2,singhaleo
3557,16678666,"Rudranarayan Pradhan","2026-08-09 12:28:32",824.6,2,itzrnp
3558,16623389,"Mominul Islam Hemal","2026-08-02 11:23:03",824.1,2,mominulislamhemal
3559,16692954,"Adam Nhan","2026-08-16 19:10:48",823.6,2,asnhan
3560,16707034,"Muhammed Ali Kul","2026-09-02 05:15:41",822.9,2,muhammedalikul
3561,16802695,"Taras Sam","2026-09-03 14:17:08",822.7,2,tarassam
3562,16639645,RamenBoy,"2026-09-03 14:48:01",822.5,2,ramenboyjapan
3563,16662633,"Shekhar Suman","2026-08-15 19:17:49",822.5,2,shekharvc
3564,16666341,"Ege Güvener","2026-08-15 22:55:16",822.5,2,egegvener
3565,16670365,"Konstantin Alekseev","2026-08-10 10:58:09",822.3,2,alekskst
3566,16749342,crasal,"2026-09-03 14:45:37",821.9,2,crasal
3567,16626217,"Stanislav Chistyakov","2026-08-05 18:52:47",821.6,2,chistyakov
3568,16672035,diet1236364,"2026-08-09 23:37:45",821.2,2,kosuke123
3569,16696267,"yu lesui","2026-08-10 05:41:40",820.4,2,yulesui
3570,16662984,"Mark Schatza","2026-08-25 15:40:39",820.3,2,markschatza
3571,16774682,"Tatsuhito Yoshikawa","2026-09-02 04:31:00",819.4,2,tatsuhitoyoshikawa
3572,16697205,"Gould Research","2026-08-19 03:18:44",819.3,2,"georgeking1,gouldh,gradybos,shanemullahy"
3573,16659749,"Kavsik YVS","2026-08-22 19:30:45",819.2,2,kavsiku0512
3574,16668056,"Quantum Farm","2026-08-25 14:21:19",819.1,2,"anselem7,divineokwueze,nnanyereuzoma"
3575,16668923,"duy tran","2026-08-10 18:38:49",818.9,2,duytran23
3576,16732422,"Aizat Kashapov","2026-09-03 01:02:09",818.5,2,liderpartiii
3577,16670424,"Josep Audenis","2026-08-11 17:52:07",817.6,2,josepaudenis
3578,16661754,edwinis,"2026-09-01 15:26:00",817.2,2,edwinis
3579,16652334,"Aldibek [dsmlkz]","2026-08-27 19:33:18",817.1,2,aldibek
3580,16667516,Rosastella,"2026-08-05 16:00:48",816.5,2,rosastella
3581,16773966,"Ronel Abraham Mathew","2026-08-26 16:05:26",814.7,2,ronelm
3582,16734321,SubratP85,"2026-08-25 21:03:35",814.4,2,subratp85
3583,16678044,BJFC,"2026-08-16 09:15:05",814.1,2,"harshithharithsa,svsumanth"
3584,16658264,XiweiZhou,"2026-08-17 20:12:31",813.9,2,xiweizhou
3585,16663444,Thomas,"2026-08-11 04:21:42",813.9,2,tartieret
3586,16635177,Zacchaeus,"2026-08-07 07:04:15",813.8,2,zacchaeus
3587,16717414,"Akshit Sivaraman","2026-08-13 14:43:40",813.5,2,akshitsivaraman
3588,16688868,AlbanMaurel7,"2026-08-14 01:34:07",813.4,2,albanmaurel7
3589,16665301,EricYang03,"2026-08-13 15:49:11",813.4,2,ericyang03
3590,16699856,yukio,"2026-09-03 14:33:02",813.2,2,yukioseki
3591,16664249,"Rohan Jain","2026-08-17 20:26:14",813.0,2,rohanjain2312
3592,16693903,"Alief Randiansyah","2026-08-09 09:37:39",813.0,1,"aliefrandiansyah,salsaaghnia"
3593,16692350,"Emerson Suarez","2026-08-16 05:09:13",812.9,2,jericksystem32
3594,16692569,"Mark Kirwan","2026-08-26 08:05:16",812.7,2,markkirwan1990
3595,16732774,edchax,"2026-09-02 08:03:33",812.5,2,edchax
3596,16661467,sh_sub97,"2026-08-12 15:20:25",812.3,2,shsub97
3597,16767709,"Mike Anderson","2026-09-03 20:09:24",812.1,2,manderson240
3598,16759229,"Samuel Kurabachew","2026-08-28 22:17:20",810.3,2,samuelkurabachew
3599,16670759,"Lemmes Yad","2026-08-09 04:37:37",810.2,2,"austinsemmel,jonallday"
3600,16636105,"Md. Mehedi Hasan","2026-08-01 14:03:03",810.0,2,mehedi052
3601,16735539,"Joe Muller","2026-08-23 00:37:35",809.8,2,joemuller
3602,16674447,"Nathan Thor","2026-08-11 15:09:57",809.6,2,devofpie
3603,16637340,the_vinci_coder,"2026-08-03 16:27:16",809.4,2,lokijt
3604,16805171,Mario,"2026-09-03 18:38:58",809.4,2,mwalkiew
3605,16688929,"Kangqiao LIU","2026-08-18 07:44:55",808.9,2,kangqiaoliu
3606,16635049,rooklift,"2026-08-16 06:27:36",808.9,2,rooklift
3607,16691481,"Aditi Salvi","2026-08-18 15:24:53",808.7,2,aditisalvi04
3608,16675997,"Rintaro Moriwaki","2026-08-28 13:25:42",808.5,2,rintaromoriwaki
3609,16731990,Karl0106,"2026-09-03 08:57:37",808.3,2,karl0106
3610,16680290,prospers,"2026-08-12 10:00:34",808.1,2,prospers
3611,16659174,Soulwood,"2026-09-03 08:04:57",807.9,2,soulwood
3612,16675661,June_mk,"2026-09-03 11:58:30",807.8,2,jungoto
3613,16694110,"Team Amboss","2026-09-02 11:54:49",807.6,2,alexphilippi
3614,16635848,KartoplyanePure,"2026-08-31 20:43:34",807.1,2,"danylotovp,wizardmp"
3615,16793626,"KO LIH HAN","2026-09-03 18:30:45",807.0,2,kolihhan
3616,16734409,"Yuta Yamazaki","2026-08-31 04:07:38",806.4,2,yamayuu18
3617,16635127,"Sergey Bryansky","2026-08-26 20:39:37",806.0,2,sggpls
3618,16790660,suk1yak1,"2026-09-03 11:48:54",805.9,2,suk1yak1
3619,16664103,izack2666,"2026-08-07 14:41:10",805.4,2,izack2666
3620,16660548,"Viraj Bakshi","2026-08-08 18:50:11",805.4,2,virajbakshi
3621,16634876,MakiMakiAi,"2026-08-02 07:52:40",805.2,2,makimakiai
3622,16677514,mayoristaNLP,"2026-08-09 16:33:23",805.2,2,mayoristanlp
3623,16804027,ceir-ceir,"2026-09-03 19:11:09",805.2,2,ceirceir
3624,16623309,zyvren,"2026-09-03 16:27:19",804.5,2,"nusratahmmedmaisha,sharif485"
3625,16758204,kkKaan,"2026-08-24 07:56:58",803.7,2,kkkaan
3626,16652984,hxaxd,"2026-08-05 15:09:49",803.7,2,hxaxdcs
3627,16655062,KKS,"2026-08-08 07:36:03",803.5,2,sachisgod
3628,16669330,"Panagiotis Charalabopoulos","2026-08-26 18:49:46",803.5,2,panagiotischaral
3629,16718039,Uman_n3l,"2026-08-31 14:40:32",803.3,2,umann3l
3630,16671980,601918_กิตติพงศ์,"2026-08-08 08:28:12",802.0,2,bluexg5502
3631,16760087,Slizzle,"2026-08-30 04:37:40",801.9,2,sloan98
3632,16640619,"Sơn Nguyễn","2026-08-28 08:19:19",800.7,2,sonnguyen10
3633,16657095,"Prashant Kumar","2026-08-20 12:59:11",800.1,2,praskr
3634,16716089,wuzixiao,"2026-08-31 07:30:48",800.0,2,wuzixiao
3635,16762719,"Ahmet Bilginoglu","2026-09-02 20:34:49",799.7,2,ahmetbilginoglu
3636,16726093,CocoTeam,"2026-08-18 14:22:45",799.7,2,"albaasca,ceemeese"
3637,16634582,"Tarun Chaudhary","2026-08-12 06:36:33",799.5,2,tarunchdev
3638,16715399,"Julia Chien","2026-08-27 02:44:32",799.2,2,juliachien
3639,16636725,shichi,"2026-08-11 12:47:35",799.2,2,shichi
3640,16674532,"shoaib khan","2026-08-08 01:57:11",798.5,2,manifoldinfo
3641,16658252,"Krishnan CS","2026-08-20 05:28:14",797.8,2,krishnanchathadi
3642,16698281,Neural,"2026-08-27 03:34:11",797.5,2,kevinkoza
3643,16667880,BONPU👨‍🌾,"2026-08-12 04:59:48",796.6,2,"shin9915,syamoji141chan"
3644,16718202,"Abhi Kumar Agrawal","2026-08-18 09:52:24",796.5,2,abhikumaragrawal
3645,16623616,nasubiman,"2026-08-01 16:20:44",796.5,2,yousukenakamura
3646,16663933,AnshV1,"2026-08-06 03:03:35",795.6,2,anshv1
3647,16688429,"Omrani Rabah","2026-08-11 22:19:21",794.8,2,omranirabah
3648,16795844,Azamaro,"2026-09-02 14:07:03",794.8,2,azamaro
3649,16632266,"(ノ◡ <)","2026-08-17 05:00:19",794.3,2,nawfeelrahman1124444
3650,16760247,kriskur123,"2026-09-03 19:48:54",793.9,2,kriskur123
3651,16759786,"zzx Hee","2026-09-02 06:49:05",793.5,2,zzxhee
3652,16697185,"Prince Special","2026-09-03 14:39:49",793.3,2,temitayogbolahan
3653,16796682,LK30,"2026-09-02 00:01:20",792.9,2,louisklasing
3654,16635612,Julian,"2026-08-27 01:59:41",792.6,2,mob404
3655,16639810,gytdrop,"2026-08-14 12:47:28",792.2,2,"kartikeyrajbhar,shaikaktharali"
3656,16770154,Florian,"2026-09-03 11:52:23",792.2,2,ftusek
3657,16668168,"Ashutosh Ghodasara","2026-08-10 12:23:21",791.7,2,"asce09,attiraina,hashlord"
3658,16668868,tawashi,"2026-08-13 06:51:45",791.6,2,tawashi
3659,16743074,LumenLiquidity,"2026-09-02 16:18:35",791.5,2,giovannibaldon
3660,16694779,JacobKooi,"2026-08-10 09:16:35",791.2,2,jacobkooi
3661,16658452,"The Croptimiser","2026-08-06 05:07:52",790.7,1,driessmit1
3662,16694269,Aftxb,"2026-08-11 14:58:08",790.0,2,aftxb07
3663,16708369,JairSanchez151270,"2026-08-11 16:30:55",789.8,2,jairsanchez151270
3664,16623932,"Axel Ahmer","2026-09-01 14:13:12",789.3,2,blondie1
3665,16659125,"Meet Parekh","2026-08-19 10:31:09",789.3,2,meetparekh1
3666,16756411,"Maximo Uribarri","2026-08-30 06:10:08",789.3,2,maximouribarri
3667,16662749,Jordan,"2026-09-02 04:07:33",788.8,2,extergeist
3668,16666391,"Harshpreet Singh","2026-08-06 10:32:51",788.3,2,harshpreet931
3669,16809277,"Shuntaro Tanaka","2026-09-03 13:33:56",788.1,2,shuntarotanaka
3670,16663584,"Deployable LLMs","2026-09-03 02:29:28",788.1,2,"lucasveronese,planetoidleser,sinhakprat"
3671,16633173,"Saulo Quiñones Góngora","2026-09-03 17:41:00",787.4,2,sauloquionesgngora
3672,16715251,SoraGinko,"2026-08-28 18:52:17",787.3,2,terrywuu
3673,16763706,断罪の孤高の神・大宇宙草莓覇皇,"2026-09-03 19:49:51",787.2,2,qilejiang76
3674,16780969,"Ewa Suknarowska","2026-08-30 15:53:25",786.7,2,ewasuknarowska
3675,16658050,"changwei shi","2026-08-18 02:45:47",786.3,2,changweishi
3676,16623645,"ayutin tin","2026-08-14 07:48:31",785.9,2,ayutintin
3677,16663403,"Matthew Huang","2026-08-16 23:25:45",785.3,2,matthewwh
3678,16724522,"stathis maurog","2026-08-26 07:01:48",785.3,2,stathismaurog
3679,16688587,yamashu,"2026-08-14 09:55:48",785.1,2,yamashuuu
3680,16686513,Vipul_Kumar75476,"2026-09-03 09:26:52",784.8,2,vipulkumar75476
3681,16713877,FunnyBishop,"2026-08-16 03:19:24",783.9,2,funnybishop
3682,16663356,Farm-ops,"2026-08-06 23:27:37",783.5,2,"dakotavannauker,tsho01"
3683,16685069,derek_kuang0213,"2026-08-22 10:33:21",783.2,2,derekkuang0213
3684,16763977,"Jong Park","2026-08-26 09:21:40",783.1,2,papercat318
3685,16658365,"Hoo Woo","2026-09-01 03:46:14",782.3,2,hoowoo
3686,16667874,Vidushiii,"2026-08-10 12:25:42",782.3,2,vidushianand09
3687,16662486,"KOTHAPALLI DILEEP","2026-08-10 12:06:14",782.2,2,kothapallidileep
3688,16655744,"Ademola Arigbabuwo","2026-08-31 00:48:33",781.8,2,princedemo
3689,16661533,wangyuou,"2026-09-03 17:01:41",781.8,2,wangyuou
3690,16690852,"Naveen Venu Bagadi","2026-08-30 04:38:13",781.5,2,naveenvenubagadi
3691,16632950,"Adil Khabibullin","2026-08-04 15:54:11",781.5,2,adilkhabibullin
3692,16738994,"Hem Viramgama","2026-08-21 00:34:48",781.4,2,hemviramgama
3693,16665816,Vikas1306,"2026-08-10 05:53:19",780.4,2,vikas1306
3694,16739640,TeamBanzaiSL,"2026-08-27 17:13:26",780.1,2,teambanzaisl
3695,16661585,"Fully Liquidated","2026-09-01 01:57:16",780.1,2,kriskilgroe
3696,16705345,"DEMON JI","2026-08-14 15:02:11",779.9,2,demonji04
3697,16633923,JackyFan123,"2026-08-01 15:22:04",779.8,2,jackyfan123
3698,16806141,rode1234,"2026-09-03 08:10:16",779.2,2,rode1234
3699,16687883,CherylStoned,"2026-08-11 22:53:28",779.1,2,cherylstoned
3700,16786485,"Sam Jenkins","2026-09-01 03:50:16",778.9,2,samjenkinsuk
3701,16712567,PatWid,"2026-08-18 17:17:20",778.7,2,patwid
3702,16684710,"Pratik Singh","2026-08-11 11:34:48",778.6,2,pratikks11
3703,16639223,"SIDHAARTH SHREE","2026-08-19 15:03:55",778.3,2,sidhaarthshree
3704,16638667,"Sarvesh Nikas","2026-08-13 06:50:00",777.6,2,sarveshnikas
3705,16723241,TrinhDung16,"2026-08-15 16:23:32",777.1,2,trinhdung16
3706,16718539,"Divyansh Agrawal","2026-08-14 06:58:46",776.7,2,spartan1925
3707,16639973,akky,"2026-08-03 15:39:41",776.6,2,tellxxx
3708,16725150,"Nicolae Drabcinski","2026-09-01 11:45:51",776.4,2,nickdrabcinski
3709,16756062,"Thomas #2","2026-09-03 14:51:46",776.0,2,tommurakami
3710,16676308,DC,"2026-08-19 17:34:02",775.9,2,choudahchiun
3711,16657775,"Raagav Anand","2026-08-27 09:40:44",775.3,2,raagavanand
3712,16753820,sbite0138,"2026-09-03 16:46:40",775.0,2,sbite0138
3713,16687788,skalermo,"2026-08-26 15:57:41",774.9,2,skalermo
3714,16815488,"crothety liu","2026-09-03 09:36:27",774.9,2,crothetyliu
3715,16662375,"Yunusa Hussein Adeiza","2026-08-14 22:12:49",774.5,2,yunusahusseinadeiza
3716,16663784,Aniketh2k7,"2026-08-10 06:02:02",774.2,2,aniketh2k7
3717,16655142,"Stanislav Kuznetsov","2026-09-03 12:58:20",773.2,2,drtduck
3718,16720234,Aditya109,"2026-09-03 15:13:55",773.1,2,"aditya109,tathagattyger"
3719,16697844,Noobykiller16,"2026-08-15 06:08:27",773.0,2,noobykiller16
3720,16675475,"Andrey Aristov","2026-08-10 22:02:24",772.8,2,andreyaristov
3721,16642662,CdeTilly,"2026-08-08 08:26:37",772.8,2,cdetilly
3722,16630741,mrk,"2026-08-05 09:49:44",772.4,2,matsubaratakuji
3723,16669392,cobrapigeon,"2026-08-20 18:43:25",772.3,2,cobrapigeon
3724,16664149,"Bushel Seed","2026-08-12 17:10:56",772.1,2,"dmyung,nicholasmschwartz"
3725,16755681,nic001,"2026-08-28 08:06:19",772.0,2,mimamura
3726,16658083,"Gunjan Solanki","2026-09-03 10:39:28",772.0,2,blackhatv1
3727,16634493,xixi,"2026-08-01 09:51:45",771.7,2,huangcarry26
3728,16719065,"Aldo Rizona","2026-08-17 15:32:26",771.5,2,aldorizona
3729,16710621,(´･_･`),"2026-08-16 07:14:53",771.4,2,tanakh
3730,16649344,BeyondAnalytics,"2026-08-28 12:00:36",770.7,2,radumarinion
3731,16663678,"Fabiano Adelino","2026-08-24 23:45:56",770.6,2,fabianoadelino
3732,16658602,aldoktvns,"2026-08-04 15:51:08",770.6,2,alrette
3733,16738538,ZHANG_WuHua,"2026-08-18 16:21:19",770.5,2,zhangwuhua
3734,16729859,wintermute,"2026-09-02 19:15:07",770.4,2,siraev
3735,16698007,"Juanma Serrano","2026-08-23 15:49:31",770.2,2,juanmaserrano
3736,16667762,KucingGanteng,"2026-08-20 12:49:29",769.7,2,dhiyaussalam
3737,16672629,"Alex Boyd","2026-08-25 17:25:08",768.9,2,alexrayboyd
3738,16698366,Fateyongheng,"2026-08-17 15:08:58",768.6,2,fateyongheng
3739,16673477,ArtFix,"2026-08-11 00:51:09",768.4,2,artfix
3740,16635872,"Evgeniya Dmitrieva","2026-08-01 11:48:30",768.3,1,evgeniyadm
3741,16767802,"Luis Fernando Faria","2026-08-31 20:57:29",767.7,2,luisfernandofaria
3742,16664154,dwdwdwsdedwd,"2026-08-11 06:29:24",767.5,2,dwdwdwsdedwd
3743,16758298,"Jack p","2026-08-30 07:36:22",767.5,2,jtv199
3744,16655423,"Roland Luethy","2026-09-03 03:10:27",767.4,2,rluethy
3745,16719081,数学の山田,"2026-08-31 14:08:37",767.3,2,b612sum1
3746,16658272,"Yash Katiyar","2026-08-08 20:17:05",767.0,2,yashkatiyar409
3747,16709809,RiyaSoni20,"2026-09-03 16:04:46",766.6,2,"riyasoni20,rudraamin06"
3748,16659817,"Viet Anh Ngo ","2026-08-31 09:41:08",766.4,2,vietngogm
3749,16662050,HandsOffMyBigMelons,"2026-08-13 22:00:12",766.3,2,scrattle
3750,16805918,"kaito ide 31","2026-09-03 17:59:13",766.2,2,kaitoide31
3751,16664024,"Juan David Bolanos","2026-08-13 17:06:00",765.9,2,juandavidbolanos
3752,16731832,jackee777,"2026-08-31 18:06:59",765.7,2,jackee777
3753,16635796,MugaBros,"2026-08-04 05:27:02",765.6,2,"drrocktotpalkonwarh,monjyotid"
3754,16671217,"Akshay V","2026-08-21 04:01:22",765.4,2,akshayv1001
3755,16662568,RaghavMundhra1,"2026-08-24 00:36:28",765.2,2,raghavmundhra1
3756,16664219,JosephGuhlin,"2026-08-10 08:46:16",765.2,2,jguhlin
3757,16777138,"Anna Pakhaliuk","2026-09-03 19:34:28",765.1,2,annapakhaliuk
3758,16716300,"Julian Kerignard","2026-09-01 14:54:34",765.0,2,juliankerignard
3759,16670214,"Louis @ tradeInsight.ai","2026-08-21 15:18:11",765.0,2,louisquart
3760,16725010,jenninglim,"2026-08-23 08:38:47",764.7,2,jenningl
3761,16668123,B0RN2BL0W0UT,"2026-09-03 12:36:43",764.3,2,kadenmansur
3762,16659465,AravindLochan,"2026-08-17 10:29:21",764.1,2,aravindlochan
3763,16759162,sgsuh,"2026-08-30 11:47:26",764.0,2,seukgyo
3764,16728204,Meshwa,"2026-09-03 07:35:26",763.8,2,meshwapatel4287
3765,16750175,"Quentin Pr","2026-08-27 18:08:14",763.2,2,quentinpr
3766,16690988,"Aditya Bharadwaj","2026-08-20 10:02:32",762.8,2,adityabharadwaj26
3767,16623128,AdamJonesJohnson,"2026-08-23 11:53:03",762.7,2,adamjonesjohnson
3768,16745264,wpang,"2026-09-02 23:31:45",762.1,2,wangshu
3769,16665984,hepialidae,"2026-08-10 16:05:19",761.3,2,hepialidae
3770,16684250,"Alexander Sokolov","2026-09-03 20:18:45",760.9,2,cheeec0
3771,16731443,"Arjun Vinod","2026-08-21 01:00:30",760.2,2,arjun0014
3772,16691580,"Toni Blanco","2026-08-11 13:10:45",759.5,2,toniblanco
3773,16728114,yu9824,"2026-09-03 03:49:04",759.3,2,yu9824
3774,16627148,"Rogovik Makar","2026-09-01 18:00:18",759.2,2,makarrogovik
3775,16624026,"Russell Kirk","2026-09-03 18:42:38",759.1,2,russcore
3776,16664828,Leon,"2026-08-09 09:00:09",759.1,2,leonmyl
3777,16679295,Mk26,"2026-09-02 06:50:31",759.1,2,"manishk26,mans31"
3778,16668021,"bali rasem","2026-08-07 16:15:13",758.9,2,balirasem
3779,16655340,LGarcia10,"2026-08-17 13:17:31",758.7,2,leonardogarcia10
3780,16624277,"D S S Kumar","2026-08-10 03:22:55",758.3,2,satrusskumar
3781,16631090,yoikoarmor,"2026-08-09 07:01:44",757.9,2,yoikoarmor
3782,16665942,"Satvik R Shetty","2026-08-09 03:59:52",757.6,2,satvikrshetty
3783,16657570,"Guruprasad Parasnis","2026-08-10 12:04:57",757.4,2,guruprasadparasnis
3784,16674324,"luca fregona","2026-08-08 13:37:49",757.0,2,lucafregona
3785,16663238,"Francesco Zaccaria","2026-08-21 07:28:57",756.9,2,francescozaccaria
3786,16734712,"Jamshid Ganiev","2026-08-19 06:03:31",756.7,2,jamshidganiev
3787,16656162,Marisyn,"2026-08-18 18:19:19",756.4,2,marisyn
3788,16786115,"Andy Phan","2026-09-03 01:36:52",756.1,2,andyphan
3789,16630519,"Mehmet Özer","2026-08-01 16:51:55",756.0,2,ozermehmet
3790,16679079,"cedric stephan ","2026-08-25 20:39:15",755.2,2,cedricstephan
3791,16714208,TirumalaMarri,"2026-08-29 00:04:15",754.8,2,mtreddy
3792,16702270,"Jonas Jaku","2026-08-12 09:44:36",754.7,2,jonasjaku
3793,16708189,Facouse,"2026-08-11 16:09:17",754.3,2,facouse
3794,16746380,JKong,"2026-08-22 01:40:01",753.9,2,kmt2001
3795,16709481,"Gerbilles Saucières","2026-08-22 10:38:44",753.9,2,"benjaminhrt30,volbox1902"
3796,16652446,"tine.sh agent","2026-09-03 16:38:06",753.6,2,sidcodegg
3797,16741892,astro,"2026-08-20 20:49:49",753.5,2,mayursamrutwar
3798,16656274,googunmo,"2026-08-08 01:13:58",753.4,2,googunmo
3799,16635670,"Mr.S hanakosan","2026-08-09 00:31:34",753.2,2,earlgreytea15
3800,16639492,"Vishnu R Mohan","2026-08-08 20:36:19",752.9,2,vishnurmohan
3801,16743546,"Simon Dorcas","2026-08-19 15:14:36",752.6,1,simondorcas
3802,16633928,ghostiee11,"2026-08-01 01:33:25",752.6,1,ghostiee11
3803,16743617,Dancing_Chaos,"2026-08-31 15:42:35",751.7,2,"bailynlove4ever,ripplecddc"
3804,16631215,"Hira Norm","2026-08-08 07:32:06",751.5,2,hiranorm
3805,16656072,Vespidae,"2026-08-14 03:30:03",751.3,2,ianapis
3806,16668298,"Riki Garcia","2026-08-26 15:36:14",751.1,2,rikigarcia
3807,16668361,NinhNguyen,"2026-09-03 14:09:29",750.6,2,ninhnt110695
3808,16673346,gabrielep09,"2026-08-11 01:52:41",750.4,2,gabrielep09
3809,16666204,"David Nana Kofi Ofosu-Arko","2026-08-05 11:04:42",750.2,2,davidnanak
3810,16732574,AlcoholCat,"2026-08-31 14:33:25",750.1,2,alcoholcat
3811,16661943,"Cow Wizard","2026-08-14 02:14:58",749.5,2,cowwizard321
3812,16658430,bruyantq,"2026-08-23 08:52:33",749.5,2,bruyantq
3813,16656013,Asuran,"2026-08-17 07:43:54",749.2,2,zkasuran
3814,16719745,"Masih Pemula Beneran","2026-08-31 02:14:53",749.2,2,mikhaeldhika
3815,16665120,nobody,"2026-08-13 14:48:45",749.2,2,rajesh1729
3816,16784960,i-yuki23,"2026-08-30 01:13:11",749.1,2,iyuki23
3817,16663361,protoLabs.studio,"2026-08-06 18:39:50",748.6,2,protolabsstudio
3818,16664241,payoon,"2026-08-07 08:24:05",748.3,2,payoon1234
3819,16770785,Brahim,"2026-09-03 12:33:28",747.9,1,brahimdriss
3820,16808956,"Denis Zerov","2026-09-03 10:59:46",747.8,2,dinoden
3821,16654332,"Borys Tymchenko","2026-09-02 11:19:31",747.7,2,spsancti
3822,16705417,fuxi,"2026-08-16 07:53:46",747.5,2,"padyue,pytorch5009asd"
3823,16732690,なーでぃー牧場,"2026-09-03 17:56:55",747.3,2,nadyresearcher
3824,16759443,"Ayman machhidan","2026-09-02 22:04:03",747.0,2,aymanmachhidan
3825,16687808,GorillaGhost,"2026-08-13 23:23:10",746.7,2,gorillaghost
3826,16657397,"QSS Technosoft AI Team","2026-08-05 07:47:00",746.6,2,"kunalthedev,nishantkumarabes,prathamydvv,prishagdev,shreyakchakraborty"
3827,16713236,kingofeverything,"2026-09-03 16:04:20",746.5,2,"kingofeverything,skyyyang"
3828,16669561,"Nikunj Pahwa","2026-08-15 20:04:36",746.3,2,nikunjpahwa
3829,16699415,"Dohwan Kwak","2026-08-31 01:05:28",746.2,2,dohwankwak
3830,16738805,"Sergey Panasenko","2026-08-31 23:14:50",745.1,2,spanasenko
3831,16630501,"Haris Ahmed","2026-08-14 10:08:51",744.7,2,harisahmedgenai
3832,16746151,"Nicolas Gomasjaya","2026-08-26 16:57:08",744.3,2,nicolasgomasjaya
3833,16623886,onepunch999,"2026-08-01 07:30:37",744.1,2,onepunch999
3834,16785100,5386,"2026-09-01 11:13:18",743.8,2,"ismktkaggle,rairai314,satosis"
3835,16665342,Prothos,"2026-08-23 13:44:29",743.6,2,vjuenemann
3836,16686787,"Lars Kammeijer","2026-08-07 21:31:11",743.4,2,larskammeijer
3837,16652079,Infill,"2026-09-02 13:47:56",742.9,2,infill
3838,16666452,"victor souza","2026-08-09 17:07:51",742.6,2,victorcaio
3839,16741188,"Adarsh Samanu","2026-08-20 00:01:33",742.5,2,adarshsamanu
3840,16669461,"suzy su","2026-09-03 15:40:48",742.5,2,suzysu997
3841,16660805,"Ramon van Dijk","2026-08-05 05:48:21",742.5,2,ramonvandijk
3842,16623555,yindujuxi,"2026-08-01 10:11:35",742.4,2,yindujuxi123
3843,16701036,"Tiandong Wang","2026-08-19 11:45:32",742.1,1,condone
3844,16819872,"Shi Van","2026-09-03 16:50:46",741.5,1,shivanufo
3845,16798478,"Vinicius Pupin","2026-09-02 21:29:51",741.2,2,viniciuspupin
3846,16802675,manishcs076,"2026-09-02 16:48:18",740.9,1,manishcs076
3847,16811210,"Matt Dowis","2026-09-03 20:14:27",740.9,2,mattdowis
3848,16638823,YDDDDDD999,"2026-09-03 16:00:54",740.8,2,ydddddd999
3849,16656934,"Aleks Kolesnik","2026-09-03 07:45:25",740.6,2,aleksandrkolesnik
3850,16664804,ryanovovo,"2026-08-05 18:02:38",740.6,2,ryanovovo
3851,16719696,"Spencer Farrand","2026-08-17 18:40:28",740.5,2,spencerfarrand
3852,16636454,epigene,"2026-08-02 10:14:52",740.3,2,nadhu59648
3853,16747390,SawadaTsurumai,"2026-08-24 09:48:07",740.0,2,sawadatsurumai
3854,16633175,"Umut Kıvanç Sipahioğlu","2026-08-04 15:51:56",739.8,2,umutkvansipahiolu
3855,16728633,draven,"2026-08-31 17:38:18",739.5,2,ustchx
3856,16779977,sue124,"2026-09-03 00:19:40",739.0,2,ryotasueyoshi
3857,16640816,pawaraman,"2026-08-02 19:46:52",738.4,2,pawaraman
3858,16668089,Goller,"2026-08-26 15:05:53",738.4,2,goller
3859,16798268,KAEOS,"2026-09-01 23:09:15",738.2,2,hitesh221
3860,16660310,KOLONEX.NET,"2026-08-10 12:40:46",738.1,2,danielandresmiranda
3861,16759623,"zhenglu wen","2026-08-26 06:24:09",738.0,2,zhengluwen
3862,16653222,StevenYuan7788,"2026-08-17 17:38:44",738.0,2,stevenyuan7788
3863,16698822,JJN8825,"2026-09-02 06:51:45",737.1,2,jjn8825
3864,16672493,ChloeeeeY,"2026-08-23 06:17:03",736.8,2,chloeeeey
3865,16688893,CCG,"2026-09-03 02:01:51",736.6,2,"hirokenn,nagomenk"
3866,16763886,"Jackson Sauls","2026-08-24 19:30:24",736.5,2,jacksonsauls
3867,16663614,Nevska,"2026-09-03 19:27:10",736.1,2,nevska
3868,16656501,"Thái Phạm Công","2026-08-05 03:59:47",735.8,2,thaipc
3869,16670420,"Mihir Argulkar","2026-08-07 20:03:15",735.7,2,mihirargulkar
3870,16741660,Dhruv_Goyal990,"2026-09-03 16:20:31",735.6,2,"dhruvgoyal990,prathameshbelavagi"
3871,16642846,"Leonid Zaporozhets","2026-08-02 20:03:13",735.4,2,leonidzaporozhets
3872,16664457,yaohongfu,"2026-08-10 12:30:43",735.4,2,yhfwww
3873,16657172,Honkazu,"2026-08-28 16:55:46",735.3,2,janposlusny
3874,16763829,"Shane Thivaharraja","2026-09-03 01:51:05",734.9,2,shanethivaharraja
3875,16668720,"etienne duplessix","2026-08-10 22:48:53",734.5,2,etienneduplessix
3876,16630559,khan,"2026-08-02 12:18:56",734.4,2,khansolov
3877,16672103,"fred mahinay","2026-08-24 23:34:48",734.4,2,fredmahinay
3878,16657887,"Yermak Petro","2026-08-31 15:56:06",733.4,2,yermakpetro
3879,16635004,"jacob OKOTH O","2026-08-02 05:57:05",733.3,1,jacobokotho
3880,16756972,"Đức Hải Hà","2026-09-03 17:38:53",732.8,2,tankinguyen
3881,16781242,"Bobby Clare","2026-09-03 17:04:16",732.7,2,bobbyclare
3882,16669489,"Yichi Zhang","2026-08-28 19:31:07",732.5,2,yichizhang12
3883,16684957,"Lucas Ferreira","2026-08-11 18:20:43",732.4,2,lucasdeoferreira
3884,16695822,"Ahmad Elawady","2026-08-18 20:06:59",732.3,2,aielawady
3885,16633269,op_star_platinum,"2026-08-09 17:52:52",732.1,2,opstarplatinum
3886,16633341,Hak,"2026-09-02 10:35:53",732.0,2,hakdevelopment
3887,16740161,"Ratna Raj Singh","2026-08-31 18:02:45",732.0,2,ratnaraj
3888,16637898,"Marek Nurzynski","2026-08-01 16:06:46",732.0,1,marek3000
3889,16761227,Ciel_ing,"2026-08-23 10:03:29",732.0,2,cieling
3890,16631573,uesi,"2026-08-01 12:04:04",731.8,1,uemura687
3891,16777746,"Daniel Bandy","2026-08-29 02:04:01",731.5,2,goddangitboby
3892,16755911,"Paarth Patel","2026-09-03 09:02:31",731.4,2,martis10
3893,16763838,"L. Barriga","2026-08-27 06:48:39",731.4,2,lbarriga
3894,16787200,"HayDay Protestors","2026-09-03 18:51:22",731.4,2,"aaronjoshuaemmanuel,anjulasankalpa,chamathjayashanka,ghostd,prabhashanmadurawala"
3895,16633466,"Aarush pandey","2026-08-25 19:17:14",729.8,2,aarushpandey
3896,16790257,"Shivam Kushwaha","2026-08-30 11:55:08",729.5,2,shivamk21
3897,16655411,フナコシ,"2026-08-20 13:47:26",729.3,2,kokifunakoshi
3898,16664760,SN,"2026-08-10 10:48:44",729.3,2,spirosnianiaras
3899,16665517,"RUEI-HSIANG. CHANG","2026-08-17 15:23:55",729.1,2,rueihsiangchang
3900,16726941,CJ103CJ,"2026-08-23 12:52:07",728.8,2,cj103cj
3901,16658660,"Leo Lai","2026-08-13 08:14:45",728.7,2,junweilai
3902,16658700,"szlachetny snieg","2026-09-03 16:44:53",728.6,2,takayukiimoto
3903,16659974,"anthony sinchi","2026-08-18 00:01:08",728.2,2,anthonysinchi
3904,16654743,"Jaume Batlle i Ferrer","2026-09-03 18:55:01",728.2,2,jaumebatlleiferrer
3905,16737986,"Edris Yawar #2","2026-09-03 09:13:48",727.9,2,edrisyawar
3906,16745972,yamy893,"2026-08-22 02:14:20",727.7,2,yamy893
3907,16668269,"Rashi Jain07","2026-08-05 17:46:37",727.6,1,rashijain07
3908,16688108,Special_octo20,"2026-08-24 05:25:56",727.5,2,specialocto20
3909,16650160,nori8774,"2026-08-10 06:26:21",727.3,2,norimasayamamoto
3910,16658224,"Daniel Gallardo Gómez","2026-08-07 08:17:24",727.1,2,danielgallardogmez
3911,16654456,"Tristan Peng","2026-08-09 17:00:48",727.0,2,tristanpeng
3912,16748979,"Venkata Madhu Sai D ","2026-08-21 19:49:08",726.6,1,venkatamadhusaid
3913,16735298,Watary0927,"2026-08-22 23:25:11",726.0,2,watary0927
3914,16654855,"Pedro Rezende Gomes","2026-08-06 00:41:30",725.9,2,pedrorzgomes
3915,16718133,KaranjeetSingh1110,"2026-09-01 16:21:58",725.7,2,karanjeetsingh1110
3916,16738700,"Bugra Cinar","2026-08-19 07:51:58",725.6,2,bugracnr
3917,16678773,"Steve Probst","2026-09-02 11:24:34",725.4,2,steveprobst
3918,16775652,"Dat Dinh","2026-08-28 09:19:43",725.4,2,dathbdinh
3919,16668211,"Alejandro Hernández Mairal","2026-09-03 13:28:29",725.4,2,alherma7
3920,16697461,Agricroporation,"2026-09-02 07:02:16",725.3,2,"algionightly,kroissant7,officialabhinavsingh"
3921,16750036,"Kiệt Lưu","2026-09-03 11:36:21",725.3,2,jaxyss
3922,16721960,"Lê Khang","2026-08-18 19:42:43",725.2,1,kobtdatten
3923,16730028,"Ken Qian","2026-08-17 03:10:15",724.3,2,kenqian
3924,16736856,misaki,"2026-08-27 15:57:11",724.2,2,"dicenull,iroharyo,jinnsou0219,misakima"
3925,16692857,AbeLincoln1865,"2026-08-11 00:10:16",724.2,2,abelincoln1865
3926,16692678,Nerozud,"2026-09-02 08:28:50",723.7,2,"lorerubiano22,nerozud"
3927,16757447,soyukke,"2026-08-31 04:17:18",723.4,2,soyukke
3928,16670834,romin_123,"2026-08-14 01:25:19",723.3,2,romin123
3929,16727059,ksankeerth1,"2026-09-03 02:28:22",723.2,2,ksankeerth1
3930,16809122,"federico battello","2026-09-03 18:41:05",723.0,2,federicobattello
3931,16690651,"XS 330","2026-09-01 16:26:47",722.9,2,xblade
3932,16671940,LJazya,"2026-09-03 19:50:30",722.8,2,jihanelek
3933,16663736,"Life Is Roblox","2026-08-17 18:58:37",722.5,2,alexlisenko
3934,16660090,"Kaggriculture @ Farmageddon","2026-09-02 13:33:46",722.5,2,gary08phillios
3935,16675888,"Rob Gonzalez","2026-08-08 14:58:43",722.0,2,robg475
3936,16622993,"Yaroslav Tanko","2026-08-18 04:34:12",721.4,2,yaroslavtanko
3937,16740361,"Suba S","2026-09-03 17:04:40",721.0,2,jupiter79
3938,16664112,"Ethan Hung","2026-08-08 21:44:57",720.5,2,chinesegorilla99
3939,16734511,"Marcin Salaterski","2026-09-03 20:16:59",720.5,2,marcinsalaterski
3940,16807875,meghana,"2026-09-03 00:34:19",720.2,2,meghana284
3941,16651661,"Quyền Thịnh","2026-08-07 06:27:45",719.8,2,quynthnh
3942,16633772,ayuma,"2026-08-03 06:01:01",719.7,2,onthoze
3943,16658043,"Tran Huy Hoang1312","2026-08-05 01:58:39",719.7,2,tranhuyhoang1312
3944,16705348,"Howard lin","2026-08-20 23:01:36",719.5,2,howardlin007
3945,16795923,KaluzaKlein,"2026-09-03 18:07:25",719.5,2,kaluzaklein
3946,16699838,"Harry Taylor","2026-08-21 10:38:18",719.5,2,harryphysics
3947,16680342,Game_khó_vkl,"2026-08-13 19:28:01",719.0,2,maruusha
3948,16781447,"Cody Schrank","2026-08-31 04:38:57",718.9,2,codyschrank
3949,16743165,"Chiachii Liang","2026-08-26 00:45:19",718.5,2,chiachiiliang
3950,16776928,aiexpert1120,"2026-09-01 16:48:18",718.5,2,aiexpert1120
3951,16630773,"An Hoang Vo","2026-09-03 07:47:31",718.4,2,anhoangvo
3952,16704589,"Lobato MBA IA Big Data","2026-09-03 18:02:53",718.4,2,lobatombaiabigdata
3953,16756564,"Nicolas Defossé","2026-08-25 21:10:58",718.2,2,nicolasdefoss
3954,16784154,JoshJML,"2026-09-03 05:39:26",717.4,2,joshjml
3955,16656912,"Sami Ali","2026-08-07 00:48:33",717.2,2,mrsamiali
3956,16777222,"José Daniel Ara","2026-08-27 00:12:53",716.7,2,josdanielara
3957,16712007,"Dipin Kothavoor","2026-09-03 08:42:04",716.5,2,dipinkothavoor
3958,16766888,"Alex #4","2026-08-24 14:42:19",715.8,1,alxndrvara
3959,16736985,Colt,"2026-09-01 03:14:54",715.8,2,nht1990
3960,16665395,"bachi idriss","2026-08-10 15:23:30",715.6,2,bachiidriss
3961,16738336,"Guo Xuehan","2026-09-02 05:44:05",715.2,2,zmllls
3962,16655199,"Alexander Ulrich","2026-08-12 19:44:20",715.0,2,alexanderulrich01
3963,16724002,Yahia717,"2026-08-20 20:48:31",714.0,2,yahia717
3964,16784992,Prasad.tgs,"2026-09-03 16:57:16",714.0,2,sivaprasadnaidu
3965,16769767,bruhbruh,"2026-08-28 08:51:26",713.9,2,nguyendinhbach69
3966,16658655,HbjaHbja,"2026-08-12 12:18:51",712.9,2,hbjahbja
3967,16699292,"Siddharth Kumar Gopal","2026-08-14 16:35:03",712.9,2,siddharthkumargopal
3968,16677701,"Coşkun Bağrıaçık","2026-08-10 00:02:25",712.1,2,cbagriacik
3969,16631353,"Shivam Shinde","2026-08-01 15:29:24",711.9,2,shindeshivam
3970,16645297,Mark_RowSet,"2026-08-09 05:25:39",711.7,2,markrowset
3971,16623644,Accer_sz,"2026-08-02 00:27:32",711.6,2,accersz
3972,16698034,Anatoliy_Fomin,"2026-08-12 12:57:18",711.2,2,anatoliyfomin
3973,16689266,"Oleksandr Dudnev","2026-08-14 09:45:57",711.2,2,dantist
3974,16675831,"Thayaparan Kumarakuru","2026-08-31 09:05:45",711.2,2,"kavishkasubashana,mrkala,thayaparankumarakuru"
3975,16675897,"KANG ZHIPENG","2026-09-03 16:20:01",711.0,2,kangzhipeng
3976,16692994,turneja,"2026-08-08 23:50:13",710.7,2,turneja
3977,16703310,"israel ntumba","2026-08-14 01:18:18",710.7,2,israelntumba
3978,16668711,"David Leati","2026-08-28 00:47:39",710.5,2,davidleati
3979,16685938,"Gautier Fauchart","2026-08-12 05:57:21",710.1,2,gautierfauchart
3980,16664159,"james nazareth","2026-08-19 02:13:23",709.7,2,jamesnazareth
3981,16733046,Afordancja,"2026-08-24 18:22:42",709.4,2,afordancja
3982,16695662,"Ollie Lowe2","2026-08-16 16:47:01",709.1,2,ollielowe2
3983,16755568,KHuShIMaHajan,"2026-08-21 18:55:05",709.1,2,bymista4578
3984,16667258,"Firman Imam","2026-08-09 02:36:56",709.1,2,piririp
3985,16695633,"Kiran Kumar","2026-08-24 18:01:37",708.7,2,iamrkk
3986,16760439,XLX,"2026-08-31 17:29:32",708.5,2,lonelygleaner
3987,16761267,Pranav,"2026-08-31 18:09:18",708.4,2,pranavarvind
3988,16718838,"josh mathers","2026-08-14 09:26:33",708.0,2,joshmathers
3989,16685785,KSAI,"2026-08-29 12:18:51",708.0,2,kishan2112004
3990,16665759,"Shawn Zhang","2026-08-21 10:18:20",708.0,2,shawnzhang0318
3991,16656460,dlutwzh,"2026-08-08 06:48:33",707.9,2,dlutwzh
3992,16772678,SuppliLion,"2026-09-02 21:44:21",707.8,2,supplilion
3993,16664709,kai,"2026-08-18 23:29:11",707.5,2,sungwo101
3994,16655013,"Adrian Martinez 1111","2026-08-12 00:52:14",707.4,2,adrianmartinez1111
3995,16786437,"Kiran Narayana K","2026-08-30 06:45:20",707.2,2,kirannarayanak
3996,16757614,"Eduardo Molina","2026-08-31 03:01:28",707.1,2,eduardomolinaai
3997,16741121,"Vignesh Nehru","2026-09-02 14:01:23",707.1,2,vigneshnehru
3998,16732537,Rapha,"2026-08-27 12:08:17",706.6,2,raphaabels
3999,16767934,"taha berk","2026-08-26 15:21:51",705.8,2,tahaberkterekli
4000,16654267,maniginam,"2026-09-03 01:00:04",705.7,2,maniginam
4001,16656107,Aotokitsuruya,"2026-09-02 14:35:20",705.2,2,elct9620
4002,16671646,Luche,"2026-08-08 04:23:32",704.0,2,henrylucky
4003,16692401,"Abdurehman Iqbal","2026-08-14 09:13:08",703.4,2,abdurehmaniqbal
4004,16655044,"Darius Kolycius","2026-08-04 09:49:01",702.9,2,dariuskolycius
4005,16635055,chch,"2026-09-03 01:50:07",702.9,2,chchentw
4006,16655449,tcvieira,"2026-08-06 18:20:34",702.3,2,tcvieira
4007,16666648,"Sriram Reddy19","2026-08-06 08:40:07",702.2,2,sriramreddy19
4008,16706192,rustlers42,"2026-09-02 15:24:05",702.1,2,"lkshrsch,powerofcreation"
4009,16660491,"Ryan Hancock","2026-08-08 09:56:54",701.7,2,rychanfox
4010,16663884,DevilQ,"2026-08-23 22:08:52",701.6,2,"parhamesm,samuelescarfone12"
4011,16706455,"John Andrei Martinez","2026-08-18 18:55:04",701.6,2,johnandreimartinez
4012,16724355,hansama.qht,"2026-09-03 13:55:20",701.4,2,hansamaqht
4013,16638031,vlad101,"2026-08-21 15:10:27",701.3,2,vlad101
4014,16651593,"huanxian chen","2026-08-11 11:13:05",701.3,2,huanxiachen
4015,16809371,"Aashir Noman","2026-09-03 17:10:07",701.2,2,aashirnoman
4016,16640461,"Shigeru Kondou","2026-08-31 14:10:25",701.2,2,shigerukondou
4017,16640600,"Giord Frank","2026-09-03 09:39:43",701.1,2,tangerinedog
4018,16664003,"Nakul Rajpal","2026-08-05 06:29:24",700.5,2,nakulrajpal
4019,16665476,"Zhanghao Chen69","2026-08-19 12:42:33",700.3,2,zhanghaochen69
4020,16655629,Mai_Konare,"2026-08-17 06:20:49",700.1,2,maikonare
4021,16659828,"Lebansty Valan","2026-08-21 14:14:56",700.0,2,lebanstyvalan
4022,16668819,"ahmedou sidi med","2026-08-19 00:05:55",700.0,2,ahmedousidimed
4023,16724993,Bonkoturyu,"2026-09-03 03:40:37",699.6,2,bonkoturyu
4024,16624888,okome_niigata,"2026-08-06 06:47:17",699.4,2,okomeniigata
4025,16774890,SkoopSkoop,"2026-08-31 16:08:04",699.4,2,skoopskoop
4026,16724202,"Sooriya Senthilkumar","2026-08-23 05:25:47",699.2,2,sooriyasenthilkumar
4027,16686715,"Adrien Secondaire","2026-08-08 15:54:58",698.9,2,adriensecondaire
4028,16719364,Yeh!AIGame,"2026-08-31 01:46:07",698.1,2,"luluyeh,yehshibang"
4029,16679887,ScriptRed,"2026-08-09 00:36:30",698.1,2,scriptred
4030,16661702,"Chattso-GPT (Yasuhito Yanagisawa)","2026-09-03 13:32:31",697.8,2,yasuhitoyanagisawa
4031,16789950,"Zachary Zhang","2026-09-02 09:44:23",697.7,2,zacharyzhang16
4032,16755344,"Alizen James","2026-08-23 18:34:30",697.7,2,alizenjames
4033,16663498,"Braxton Dyer","2026-09-02 23:59:05",697.4,2,braxtondyer
4034,16717952,Aydar,"2026-08-29 21:28:35",697.4,2,aydara
4035,16662128,BenPalmer59,"2026-08-11 19:16:24",697.2,2,benpalmer59
4036,16743382,"Pavan Rangisetti","2026-08-30 07:22:59",695.9,2,pavanrangisetti
4037,16763113,sowhatwillwelearn,"2026-09-01 11:03:47",695.8,2,sowhatwillwelearn
4038,16665042,Neo_0x3f,"2026-08-10 21:36:56",695.3,2,neo0x3f
4039,16675708,"Mahder Tesfaye Abebe","2026-08-08 08:46:36",695.2,2,mahdertesfayeabebe
4040,16664884,Abhijeetgg,"2026-08-12 08:53:50",695.2,2,abhijeetgg
4041,16663998,"Harith Al-Ani","2026-08-24 00:09:54",695.0,2,abo3losh
4042,16641171,"Sadettin Şamil Verdil","2026-09-03 13:18:12",694.7,2,sadettinamilverdil
4043,16653828,Boltuzamaki,"2026-08-23 18:40:37",694.5,2,boltuzamaki
4044,16660600,"Beria Kalpelbe","2026-08-07 13:46:47",693.4,2,beriakalpelbe
4045,16659341,Aryan88097,"2026-08-05 17:26:57",693.2,2,aryan88097
4046,16623480,xmaster6y,"2026-08-20 15:50:57",692.7,2,xmaster6y
4047,16662618,"Soledad Santiago","2026-09-01 05:51:08",692.6,2,soledadsantiago
4048,16641288,nakagawaren0805,"2026-08-22 06:03:44",692.5,2,nakagawaren0805
4049,16668354,"ashraf saiyed","2026-08-13 13:44:31",692.5,2,ashrafsaiyed58
4050,16738261,"Samuel Moreira","2026-08-24 14:11:40",691.6,2,samuelmoreira420
4051,16632994,primal,"2026-08-12 16:02:29",691.6,2,primalhost
4052,16658287,ArturoSirvent,"2026-09-03 20:30:46",691.0,2,arturosirvent
4053,16756698,savoelh,"2026-08-31 19:57:28",690.9,2,savoelh
4054,16630779,Jimmer,"2026-08-30 22:07:43",690.8,2,przemysawonr
4055,16622338,github/shepsci/kaggle-skill,"2026-08-24 17:22:49",690.8,2,shepscientific
4056,16661650,"Docker container","2026-08-15 18:52:39",690.7,2,yossefaymanzedan
4057,16713249,"vedant patnala","2026-08-27 22:38:03",690.5,2,vedantpatnala
4058,16670229,Munshi-PremChand,"2026-08-27 12:43:08",690.2,2,munshipremchand
4059,16683282,ayushk_empire,"2026-08-14 11:50:15",690.1,2,ayushkempire
4060,16791960,Boladi,"2026-09-01 02:09:09",689.8,1,boladi
4061,16723729,"Lucas Cimiano","2026-08-29 17:21:55",689.6,2,lucascimiano
4062,16706456,"Michael van Mill","2026-08-12 09:58:40",689.5,2,michaelvanmill
4063,16658019,ไอติวบ้านปังมาเอาแช้มมมม,"2026-08-08 18:43:05",689.3,2,tewnabhat
4064,16661898,Farfadet,"2026-08-12 06:04:18",689.3,2,farfadet
4065,16654746,"Michael Mullen","2026-08-06 11:08:31",688.6,2,mmullen200
4066,16682283,"RL is all you need","2026-08-29 09:27:00",688.6,2,"bpmf577,junzhejiao,jwj1342,liaodid,mrschang"
4067,16732504,"porsche zheng","2026-08-18 08:19:41",688.4,2,porschezheng
4068,16711868,"Mark Cooper","2026-08-16 13:09:02",688.0,2,markjcooper
4069,16624253,"Ho Dinh Trieu","2026-08-22 07:52:08",687.6,2,hodinhtrieu
4070,16654328,"QQ Farm","2026-08-28 12:59:12",687.4,2,"huiiyu,titirmt"
4071,16729186,Virtute,"2026-08-27 15:31:09",687.2,2,nameless001
4072,16745571,"Yifan Xie","2026-09-03 13:55:15",687.0,2,yifanxie
4073,16677366,Gmmastermind,"2026-08-07 01:19:13",686.9,2,gmmastermind
4074,16711567,"Finn Brooks","2026-08-15 04:40:11",686.7,2,finnbr
4075,16771397,its_mrz,"2026-09-03 03:33:25",686.7,2,itsmrz
4076,16629844,IsaacJinyu,"2026-08-01 15:39:55",686.5,2,isaacjinyu
4077,16759427,Dhruv,"2026-08-23 12:20:16",686.1,2,dtalati1
4078,16734490,Tomeiser,"2026-09-03 17:36:22",685.7,2,tomeiser
4079,16692896,"Guy Lev","2026-08-20 19:18:52",685.2,2,sarthobi
4080,16660138,"Sanchit Handa","2026-09-03 19:21:49",684.6,2,"harmanjotsingh8,sanchithanda182006"
4081,16666084,"Andaç Demirdelen","2026-08-09 19:18:08",684.6,2,andacdemirdelen
4082,16657016,"MD. AS-AID RAHMAN","2026-08-26 15:57:49",684.2,2,mdasaidrahman
4083,16777740,hoangnnh67,"2026-08-28 22:12:22",684.1,2,hoangnnh67
4084,16755111,ingemarieke,"2026-08-21 15:04:53",684.1,1,ingemarieke
4085,16655578,"Ahmed Merie","2026-08-13 00:11:40",684.1,2,aa7767
4086,16661529,"AL Najafi","2026-08-08 03:39:39",683.9,2,alnajafi
4087,16656709,"Anh-Vu Mai-Nguyen","2026-09-03 19:44:25",683.9,2,mainguyenanhvu
4088,16757280,"manos papagiannidis","2026-08-27 03:40:34",683.5,2,manospapagiannidis
4089,16793892,cjc0013,"2026-08-31 18:27:50",683.5,2,cjc0013
4090,16689033,arman1o1,"2026-09-01 05:01:27",683.2,2,arman1o1
4091,16749236,"Michael Müller","2026-08-31 18:03:46",683.1,2,michaelmller
4092,16664313,CompilingCoder,"2026-08-06 09:38:17",683.1,2,compilingcoder
4093,16747180,KaiKogure,"2026-09-03 12:46:04",683.0,1,kaikogure
4094,16655039,"Andrew Yip","2026-08-06 20:14:49",682.7,2,yipcma
4095,16663656,"Andrii Kavetskyi","2026-08-20 21:48:20",682.3,2,andriykavetsky
4096,16745109,deflexor,"2026-08-27 21:35:07",682.3,2,deflexor050
4097,16735476,"Matthew Liew","2026-08-18 08:02:11",682.2,2,matthewliew
4098,16739167,Yeyuqing0913,"2026-09-03 09:43:50",681.7,2,yeyuqing0913
4099,16764149,"Manish Rai","2026-09-02 07:50:18",681.6,2,magiuscain
4100,16708824,"Tanaka Chiromo","2026-08-20 11:12:22",681.2,2,tanakachiromo
4101,16766171,Jonaid,"2026-08-24 15:27:44",681.1,2,jonaidshianifar
4102,16735408,"Evan S","2026-08-18 20:06:05",681.0,2,evansc123
4103,16660345,"Aadhithya Ramesh","2026-08-06 08:49:10",680.6,2,aadhithyaramesh
4104,16686222,"Nika Chaduneli","2026-08-10 01:21:09",680.5,2,nikachaduneli
4105,16657347,"Hibiki M","2026-08-20 15:30:40",680.3,2,hibikibrise
4106,16694610,Kshitiz2002,"2026-08-11 15:44:41",679.7,2,kshitiz2002
4107,16717614,Dhanyashree1028,"2026-08-16 15:00:37",679.6,2,dhanyashree1028
4108,16654099,"Bhupin Thapa magar","2026-08-10 09:22:06",679.4,2,vupeenthapamagar
4109,16736931,"Sergei Fironov","2026-08-31 05:33:40",679.4,2,sergeifironov
4110,16780484,"Edmond Kirsch","2026-09-01 17:30:28",679.3,2,edmondkirsch
4111,16748955,micchy,"2026-09-03 11:13:55",679.3,2,micchy326
4112,16702932,kyconf,"2026-08-25 18:35:41",679.3,2,kyconf
4113,16682908,"Masha Mashallah","2026-09-02 17:15:32",679.2,2,mashamashallah
4114,16664041,"an Expired Engineer","2026-08-17 12:02:21",679.1,2,sanggusti
4115,16766732,"Maziyar Abyari","2026-09-02 23:57:10",678.8,2,maziyarabyari
4116,16671438,"Aot Chanthorn","2026-08-15 16:16:25",678.6,2,aotchanthorn
4117,16674950,Davide,"2026-09-03 09:22:38",678.5,2,quanttony
4118,16687390,"Mark Calvert","2026-08-08 09:51:55",678.2,2,markycalvert
4119,16725913,StarStone_233,"2026-08-16 07:22:12",678.0,2,starstone233
4120,16648215,"Terrence Chuwe","2026-08-03 13:32:15",677.9,2,terrencechuwe
4121,16640683,Jason-Oh,"2026-09-03 18:25:08",677.4,2,dossantoss
4122,16655027,"Artem Zenkevich","2026-08-16 13:09:58",676.5,2,artemzen
4123,16641130,LitvinKA,"2026-08-04 18:09:01",676.0,2,litvinka
4124,16667514,"Kakarott 10","2026-08-06 09:05:43",675.9,2,kakarott10
4125,16790652,"Pengchao Zheng","2026-09-03 16:01:43",675.5,2,pengchaozheng
4126,16731839,mamematcha,"2026-08-27 06:32:35",675.2,2,mamematcha
4127,16666099,"Marcben James Samuel","2026-08-18 06:42:43",675.1,2,marcbenjamessamuel
4128,16793489,hendracos,"2026-09-02 03:10:03",674.8,2,hendracos
4129,16655595,ashsah,"2026-08-31 08:37:35",674.8,2,ashsah
4130,16699140,St.Valentine,"2026-08-18 09:49:04",674.6,2,stvalentin3
4131,16697261,nbauerle,"2026-08-14 15:10:38",674.1,2,nbauerle
4132,16716941,林木子吖,"2026-08-24 09:28:59",673.6,2,linmuzi0108
4133,16623213,zulfikar.khalwaniev,"2026-08-23 09:08:56",673.6,1,khalwaniev
4134,16732048,jiangletian,"2026-08-24 03:20:40",673.1,2,jiangletian
4135,16795256,"N Nelson","2026-09-03 05:43:38",672.9,2,napoliyannelson
4136,16665154,"Omkar Pawar","2026-08-23 12:22:56",672.8,2,omkarrr7
4137,16658686,"Alpesh Kumar","2026-08-08 06:12:31",672.5,2,alpeshkumar
4138,16665692,Straw_hats,"2026-09-01 07:40:19",672.4,2,"charanno,tvigneshreddy"
4139,16793189,"Akash Mohan Chaudhary","2026-09-01 18:29:57",672.4,2,akashmohanchaudhary
4140,16765031,"Allen JL Li","2026-08-27 06:12:23",672.3,2,allenjlli
4141,16755548,"Manuel Ramos","2026-08-27 19:06:26",671.9,2,aizpask13
4142,16779007,"Teoh jia sheng","2026-09-03 13:42:31",671.9,2,"nathanael19,teohjiasheng"
4143,16712870,"Jose Gibson","2026-08-13 20:09:11",671.8,2,josegibson
4144,16772626,"Dr. Mikholae Hutchinson","2026-08-29 21:53:59",671.7,2,drmikholaehutchinson
4145,16665932,"Fabian Birringer","2026-08-21 18:31:41",671.4,2,fabianbirringer
4146,16671421,"Gryffin Wang","2026-08-08 23:08:40",671.2,2,gryffindoraf
4147,16752250,"Takahiro Katsumata (tkatsuma)","2026-08-31 02:58:20",671.0,2,alextfkd
4148,16659367,"Tayyab Aamir","2026-08-06 10:59:49",670.8,2,duketi
4149,16672370,"Yash Barhanpurkar","2026-08-30 18:44:23",670.8,2,yashbarhanpurkar
4150,16750447,Morpheus0303003,"2026-08-24 16:58:42",670.6,2,morpheus0303003
4151,16811900,"Brejesh Balakrishnan","2026-09-03 19:27:03",670.4,2,brejeshbalakrishnan
4152,16744534,"Leonardo Custode","2026-09-03 19:48:20",670.3,2,leocus
4153,16704613,alexbstl,"2026-09-03 08:05:03",669.6,2,alexbstl
4154,16731447,"Rúben Martins","2026-08-19 20:55:42",669.1,2,rubenmartins10
4155,16655663,"Farmland Destroyer","2026-08-19 13:43:22",668.7,2,minghaopang
4156,16655521,"Hemadri Rajyaguru","2026-08-04 02:12:55",668.6,2,hemadrirajyaguru
4157,16691552,"Koshtubh Singh Parihar","2026-08-09 03:19:39",668.5,2,koshtubhsinghparihar
4158,16679018,"Kushpreet Singh","2026-08-27 21:01:42",668.5,2,kush639
4159,16673151,skyblue01,"2026-08-27 07:56:10",667.8,2,skyblue01
4160,16662120,"Harpal Gujral","2026-08-25 18:07:07",667.6,2,harpalgujral
4161,16767632,"robin baldeo","2026-08-28 17:02:49",667.6,2,robinbaldeo
4162,16690869,"Yudai Hayashi","2026-08-23 09:14:30",667.6,2,yuhaya9
4163,16756176,"Unsh Rawal","2026-09-03 17:20:27",667.5,2,unshrawal
4164,16655140,Efthimios,"2026-09-03 13:28:29",667.1,2,efthimiosfousekis
4165,16733873,"Shirish Chinchanikar","2026-08-30 15:53:12",667.0,2,"codemastersj,shirishchinchanikar"
4166,16625047,BOBQWERA,"2026-08-02 06:34:18",667.0,2,bobqwera
4167,16790527,Yuta,"2026-09-03 03:41:20",666.8,2,yutaecon
4168,16689398,Reesh,"2026-08-11 08:55:10",666.7,2,rishileung
4169,16727241,Yogesh2850,"2026-08-17 09:55:08",666.4,2,yogesh2850
4170,16675832,"Dean Shalev","2026-08-09 04:12:47",666.3,2,deanshalev
4171,16763088,mason.jr,"2026-08-25 04:29:36",666.2,2,haophanzx
4172,16731260,"Jeel Gajera","2026-08-18 07:44:44",666.1,2,jeelog
4173,16663708,"Imran Ahamed","2026-08-29 22:00:50",665.2,2,immu4989
4174,16670313,HamzZZzzZZa,"2026-08-06 22:01:28",665.2,2,memesalot
4175,16658377,Masaya,"2026-09-01 13:43:37",665.0,2,irrohas
4176,16715473,cmrfrd,"2026-08-14 04:58:15",665.0,2,thecmrfrd
4177,16677105,"Chaitanya Yadav","2026-08-16 10:36:07",664.7,2,xhaitanya
4178,16667630,Sparsh389,"2026-08-06 15:46:09",664.7,2,sparsh389
4179,16639867,vibecoder,"2026-08-08 05:34:55",664.3,2,kunal808
4180,16661132,"Jia Chen","2026-09-03 16:18:09",664.3,2,jiachenjasper
4181,16663343,"Abdullah M. Haque","2026-08-13 14:26:00",664.2,2,abdullahmhaque
4182,16752324,"yunchuan liu","2026-09-02 04:57:27",663.9,2,hoteye
4183,16660653,kanchana's,"2026-09-01 17:09:40",663.8,2,"saikanchana,yuvarajkanchana"
4184,16625050,"how to place pokemon","2026-08-03 05:53:43",663.7,2,ktverdov
4185,16775770,"Ashish Kumar","2026-08-27 17:18:58",663.5,1,whoashish115
4186,16623449,"Ryo Takaki","2026-09-03 08:15:28",663.3,2,ryotakaki
4187,16770674,"Arpit Jain","2026-09-02 11:44:36",663.0,2,arpitjain5
4188,16696421,"Koyashiki Mao","2026-08-11 06:40:19",662.7,2,koyashikimao
4189,16730461,"Mubin Shaikh","2026-08-19 06:09:17",662.7,2,shaikhmubin
4190,16682815,"Saiyam Bharara","2026-08-19 15:03:06",662.4,2,saiyambharara
4191,16805704,ShuHaya,"2026-09-03 14:27:38",662.4,2,yfqqq088
4192,16694134,"Sophia Leng","2026-08-24 20:04:10",662.1,1,sophialeng9
4193,16704437,babybuffalo,"2026-08-25 16:11:16",662.1,2,babybuffalo
4194,16738653,"Julien Trocmé","2026-08-24 12:48:49",662.0,2,julientrocm
4195,16678157,"Ayush Kumawat","2026-08-14 13:10:02",661.8,2,ayushkumawat21
4196,16728799,JulianHahn28,"2026-08-17 21:26:57",661.5,2,julianhahn28
4197,16664790,"soumic 1088","2026-08-19 08:34:34",661.4,2,soumic1088
4198,16665084,"Wei Han","2026-09-03 19:37:20",661.3,2,weihan87
4199,16636808,"Kaito Ichikawa","2026-08-27 09:02:36",661.2,2,kaitoichikawa
4200,16676534,AlphaBound,"2026-08-25 05:26:32",661.1,2,somsubhrometya
4201,16775125,weimean,"2026-09-03 15:49:36",661.0,2,gtwm98
4202,16665894,"Pedro Wu","2026-09-03 03:40:31",660.7,2,pedropei
4203,16779063,"Yendrew Y","2026-09-03 13:29:09",660.6,2,yendrewy
4204,16760604,"Thananut Phiboonbanakit","2026-08-25 14:04:44",660.3,2,tphiboonbanakit
4205,16668817,"Sean ODonnell","2026-08-08 03:27:47",660.3,2,sjean11
4206,16731971,s_a_ai_enginner,"2026-09-03 13:04:21",660.3,2,saaienginner
4207,16730231,chandler14362,"2026-08-29 03:04:49",660.1,2,chandler14362
4208,16650930,"Govind Sharma","2026-08-24 09:25:23",660.1,2,govindsarswat
4209,16712902,"Ethan Benjamin Cole","2026-08-13 12:19:26",659.4,2,ethanbenjamincole
4210,16681149,Lee14k,"2026-08-19 17:00:35",659.3,2,lee14k
4211,16709318,"Jana Hagen","2026-08-26 18:00:16",659.3,2,janahagen
4212,16717245,bernard558,"2026-08-24 22:18:16",659.2,2,bernard558
4213,16716365,Murphy,"2026-08-21 14:00:29",659.1,2,taeyounglimdt
4214,16665990,daffaharil,"2026-08-11 07:56:55",659.0,2,"daffaharil,farhansiddiq"
4215,16755529,"Rafea Almejrab2025","2026-08-29 16:06:34",658.9,2,rafeaalmejrab2025
4216,16756677,"Pyzh Vladislav","2026-08-24 10:19:44",658.7,2,pyzhvladislav
4217,16724747,"Md.Mahfujul Karim","2026-09-03 14:11:02",658.7,2,mdmahfujulkarim
4218,16664359,"Apil Khadka","2026-08-15 13:10:18",658.6,2,apilkhadka
4219,16677518,"Khor Yin Loon","2026-09-03 02:49:15",658.4,2,khoryinloon
4220,16737702,"kaneko takafumi","2026-09-01 05:47:22",658.4,2,kanekotakafumi
4221,16677178,"YOUSSEF FAID","2026-08-11 21:10:38",658.2,2,yousseffaid
4222,16670698,"Tamerlan Dadashov","2026-08-09 10:36:12",658.1,2,tamerlandadashov
4223,16778145,TW_益民_li,"2026-09-03 12:28:49",658.0,2,liyimintw
4224,16725871,"Patrice Santiago","2026-08-28 13:12:14",658.0,2,patricesantiago
4225,16664134,"Pelayo Fernández","2026-08-07 10:36:48",657.5,2,pelayofdez
4226,16660005,DreamX5678,"2026-08-06 07:55:06",657.2,2,dreamx5678
4227,16789914,AkikJana,"2026-09-02 13:49:24",657.2,2,firewaterair
4228,16763287,Sathishkumartheta,"2026-08-25 18:53:26",657.2,2,sathishkumartheta
4229,16660540,Minikotey,"2026-08-16 15:34:40",657.1,2,juliapatarishina
4230,16663909,HDPark,"2026-08-17 04:48:41",657.0,2,hdpark
4231,16728195,"6 GOD","2026-08-21 15:50:28",657.0,2,tertospacko
4232,16678080,"Timothy Adeyemi","2026-08-24 22:53:30",656.7,2,timothyadeyemi
4233,16632510,shi_koyo,"2026-08-04 08:58:56",656.7,2,shikoyo
4234,16664096,"Charles Coonce","2026-08-26 03:25:08",656.6,2,charlescoonce
4235,16756965,gchauhan,"2026-08-30 16:41:21",656.1,2,gchauhan
4236,16748603,qianzhonhao,"2026-09-03 08:20:45",655.9,2,qianzhonhao
4237,16704569,"Lorenzo Grattarola","2026-08-16 22:24:15",655.7,2,lorenzograttarola
4238,16669393,"ÖMER FARUK YILMAZ","2026-08-07 19:54:59",655.6,2,ofyzero
4239,16661318,"Zeel Kadvani","2026-08-25 11:17:53",655.4,2,zeelkadvani
4240,16810954,BayramAnnakov,"2026-09-03 09:26:33",655.4,2,bayramannakov
4241,16692995,RafaMartinaitis,"2026-08-22 11:50:10",655.3,2,rafaelmartinaitis
4242,16701034,notnorm,"2026-08-11 10:31:23",655.2,1,notnorm
4243,16771001,"0x1369 T-Farm","2026-08-31 04:38:04",655.0,2,xcryst
4244,16655364,AmirElite,"2026-08-28 04:30:37",654.8,2,amirelite
4245,16758316,"Roy Lo TW","2026-08-22 12:28:29",654.8,2,roylotw
4246,16700785,"VIVEK JAMI","2026-08-19 13:57:57",654.7,2,vivekjami
4247,16691518,"Sander Ee","2026-08-09 12:03:09",654.3,2,sanderee
4248,16726080,"Arda Yasar","2026-08-19 06:02:10",654.3,2,ardayasar
4249,16707078,"Loïc & Zach","2026-08-24 20:25:24",654.2,2,"locmmeteau,zachariedubus"
4250,16687714,nabilux,"2026-08-09 13:27:11",654.2,2,eminesnabil
4251,16726684,"William Lee","2026-08-19 15:35:28",654.2,2,notyouravgwilly
4252,16697941,"Raphael Coelho","2026-08-16 15:24:28",654.2,2,raphaelrrcoelho
4253,16802598,zxcqqe,"2026-09-03 15:03:46",654.0,2,anonimniygeniy
4254,16684436,Simon-the-sorcerer,"2026-09-02 21:26:34",654.0,2,simonwiller
4255,16738235,tenfish,"2026-09-02 03:15:28",653.7,2,"oygdri,takatoyoshikawa"
4256,16657798,"Ian Kim","2026-08-06 05:07:10",653.7,2,ianpkim
4257,16633379,"Artem Prokhorov","2026-07-31 20:53:32",653.4,1,catfield123
4258,16779539,"Dmitri Bugakov","2026-08-27 16:34:42",653.3,2,dmitrybugakov
4259,16663922,MoongladeAI,"2026-08-24 18:26:20",652.7,2,moongladeai
4260,16654640,"Halil Akbas","2026-08-28 00:32:12",652.7,2,halilbrahimakbas
4261,16670210,"Ali Alghaithi","2026-08-10 21:14:48",652.5,2,alioman
4262,16749764,Aquaflame,"2026-08-29 03:54:08",652.4,2,aquaflame
4263,16660251,Yagawa,"2026-08-20 12:29:37",652.3,2,yagawa
4264,16793802,"Andrew Lam","2026-09-01 09:07:56",652.3,2,andrewlam23
4265,16668439,Lugas024,"2026-08-08 05:33:51",652.2,2,lugas024
4266,16665133,"Abhishek Dubey","2026-08-10 13:28:57",652.2,2,abhishekdubey911
4267,16743494,"ROHAN Exploit","2026-08-19 18:35:34",652.2,2,rohanexploit
4268,16627581,AidenSong123,"2026-08-22 11:16:24",652.0,2,aidensong123
4269,16730030,"Jared Wilder","2026-08-17 14:23:15",651.9,2,jaredwilder
4270,16735624,"Marc Rippee","2026-08-24 05:03:34",651.9,2,marcrippee
4271,16655272,"Artur Sakhiullin","2026-08-09 14:27:52",651.7,2,artursakhiullin
4272,16671680,"Joe Hall","2026-08-10 19:02:30",651.6,2,halljr
4273,16772673,"Alejandro Rendon B.","2026-08-31 03:39:48",651.4,2,alejandrorendonblan
4274,16664267,"Alan T. Andrea","2026-08-09 03:22:40",651.3,2,alantandrea
4275,16696916,Sundar,"2026-08-11 13:04:59",651.2,2,vsundar17697
4276,16670356,"Dziriyin wa9il","2026-08-25 19:56:56",651.2,2,"akumanomu,alioualaeddine"
4277,16686613,Zubatch,"2026-08-15 20:11:39",651.2,2,zubatch
4278,16658009,"Lando Wang","2026-08-05 02:18:17",651.1,2,landowang
4279,16808696,마짱MAZZANG,"2026-09-03 18:43:34",651.0,2,mazzang
4280,16697526,"Jurgen Sinjari","2026-08-10 21:21:26",650.8,2,jurgensinjari
4281,16694064,RRK0123,"2026-08-17 05:30:52",650.8,2,rrk0123
4282,16663963,M0h4m3d-Byte,"2026-09-03 09:19:09",650.8,2,dev3mohamed
4283,16779942,"YueKai Yu","2026-08-31 14:16:31",650.7,1,yuekaiyu
4284,16731516,Sumit0694,"2026-08-30 16:05:40",650.7,1,sumit0694
4285,16654761,"Mohammed Mukthar","2026-08-05 02:06:15",650.5,2,mohammedmukthar9
4286,16634204,"m-toshi desu","2026-08-01 06:20:37",650.4,2,mtoshidesu
4287,16654351,"Manish Kumar","2026-08-04 07:45:22",650.4,2,manishkumarphd2000
4288,16705328,"Ester Arias","2026-09-03 19:31:27",650.1,2,esterarias
4289,16668648,"Mason R. Brito","2026-08-19 03:26:26",650.0,2,masonrbrito
4290,16669595,evanca,"2026-08-08 12:27:56",649.8,2,evanca
4291,16664731,UT,"2026-08-21 15:24:42",649.7,2,"sabapunch,wasshan"
4292,16739449,SelvapriyankaRam,"2026-08-24 18:44:21",649.3,2,selvapriyankaram
4293,16700441,"Houssem RIAHI","2026-08-27 14:54:09",649.3,2,houssemriahi
4294,16798669,"Von Lan (VonLan233)","2026-09-03 08:36:59",649.3,2,vonlanvonlan233
4295,16688175,aarav221w,"2026-08-25 23:40:16",648.8,2,aarav221w
4296,16641348,wata,"2026-08-03 11:29:04",648.6,2,iwatahiroki
4297,16669165,"IT Neko","2026-08-14 13:17:33",648.6,2,"nirvaanaa,zhexuanyecust"
4298,16670070,"Kirill Molostov","2026-08-31 12:18:26",648.4,2,kirillmolostov
4299,16686645,Ornaat,"2026-09-01 18:20:17",648.2,2,ornaat
4300,16738239,"Yaseen Shah7897","2026-08-20 06:50:29",648.2,2,yaseenshah7897
4301,16682876,"Kartik Garg","2026-08-09 05:21:34",647.7,2,kartikgarg97
4302,16687548,"Shubham Tibrewal","2026-08-22 12:21:02",647.6,2,researchai2026
4303,16658097,Sujay,"2026-08-29 17:18:43",647.5,2,sujayprodduturi
4304,16738777,"Balwinder Singh1235","2026-08-20 10:21:34",647.4,2,balwindersingh1235
4305,16729413,KharinTymofii,"2026-08-20 21:29:42",646.8,2,kharintymofii
4306,16702411,"Aryuemaan Chowdhury","2026-08-21 07:05:31",646.6,1,aryuemaanchowdhury
4307,16664119,FSzekut,"2026-08-07 00:03:04",646.5,2,fszekut
4308,16730922,"Shengyuan Yin","2026-08-17 06:17:27",646.5,1,flaming0
4309,16726873,@F,"2026-08-16 01:43:22",646.4,1,atefbouzid
4310,16641141,"Yuri Barbashov","2026-09-02 14:23:34",646.3,2,yuribarbashov
4311,16630837,"Vishal Sharma","2026-08-05 18:24:44",646.1,2,vishal40182
4312,16729765,"Caio Ruiz","2026-08-27 00:04:07",646.0,2,chvruiz
4313,16652635,panacea9320,"2026-08-05 10:45:06",645.5,2,panacea9320
4314,16756765,DharmParmar,"2026-09-02 14:34:58",645.5,2,dharmparmar
4315,16759265,AI老爸,"2026-08-30 04:38:52",645.2,2,tsengchienchih
4316,16744752,"Dean Johnson","2026-08-27 10:26:20",645.0,2,deanjohnson202
4317,16749071,snc5656,"2026-09-03 14:19:45",644.9,2,jamm1412
4318,16667500,jiannebab,"2026-08-14 14:29:12",644.9,2,jiannebab
4319,16727376,"Roko Torbarina","2026-08-18 18:31:57",644.7,2,rokotorbarina
4320,16732307,"Shobha Vashishtha","2026-08-17 12:32:07",644.7,1,shobhavashishtha
4321,16671420,"Chengchen Duan","2026-08-17 15:25:09",644.6,2,chengchenduan
4322,16636954,"Jeff Horon","2026-08-26 11:44:44",644.3,2,jeffhoron
4323,16759849,kkanayj,"2026-09-03 20:05:38",644.2,2,kkanayj
4324,16791027,"Ryan Cheung","2026-09-02 03:45:33",643.4,2,doggychip
4325,16621811,"Shaun Andrade","2026-08-01 00:44:42",643.3,2,shaunandrade
4326,16823204,"Adilson Eduardo Tostes Carmo","2026-09-03 20:03:42",642.9,2,eduardotostess
4327,16749104,danielx119,"2026-08-20 16:36:00",642.7,2,danielx119
4328,16718366,RATriculture,"2026-08-28 19:15:28",642.3,2,tarasshchur
4329,16661066,"André Kuster","2026-08-06 00:54:20",641.7,2,andrkuster
4330,16810813,Scorn100,"2026-09-03 17:32:07",641.7,2,scorn100
4331,16700546,"Nightshade Family","2026-08-23 11:20:43",641.7,2,"gihanchamod17,vishmithasamarakoon"
4332,16700885,"Malala Ramaha","2026-08-29 07:29:11",641.7,2,malalaramaha
4333,16752362,"Shashank Jangid (G25AIT2100)","2026-09-03 02:20:37",641.6,2,shashankjangid
4334,16699689,"David Sedláček","2026-08-10 08:38:38",641.4,2,sibicek
4335,16642994,"Danila Galkin","2026-08-13 19:22:17",641.1,2,danilagalkin
4336,16720143,"AMAN PANDEY","2026-08-16 13:57:00",641.0,2,amanapofficial
4337,16684886,HTHub,"2026-08-08 00:12:47",641.0,2,adegokesaidi
4338,16661210,vizyourdata,"2026-08-07 11:05:08",640.9,2,vizyourdata
4339,16622330,"hiroshi murakami","2026-08-22 01:03:12",640.9,2,zabojeb
4340,16724819,Dwij12,"2026-08-20 18:28:01",640.4,2,dwij12
4341,16809445,takusemba,"2026-09-03 19:15:46",640.0,2,takusembba
4342,16658937,SebastianQbiak,"2026-08-05 06:20:18",639.9,2,sebastianqbiak
4343,16689391,"Tejas Rajput","2026-08-08 17:21:18",639.7,2,tejasrajput123
4344,16667818,AjayVarma555,"2026-08-09 15:14:45",639.7,2,ajayvarma555
4345,16810807,Cordiz,"2026-09-02 21:54:59",639.6,2,cordiz
4346,16665471,"Dennis Navamani","2026-08-25 11:10:08",639.5,2,dennisnavamani
4347,16692750,"Hoya need job","2026-09-03 13:53:39",639.3,2,pranavwankhade
4348,16718363,"Jarbas Camurça","2026-08-28 11:15:44",639.2,2,pjarbas
4349,16734595,"Abhimanyu Singh","2026-08-20 12:52:38",639.2,2,abhimanyusingh170702
4350,16716335,JamesJJJJJ,"2026-08-17 14:54:10",638.9,2,jamesjjjjj
4351,16732725,MackTen,"2026-08-19 08:14:01",638.6,2,mackten
4352,16627906,"Tergel Munkhbat","2026-08-27 03:32:57",638.5,2,tergelmunkhbat
4353,16707767,"Lai Eu Wen","2026-08-16 16:47:50",638.3,2,laieuwen
4354,16702481,"Scott G","2026-08-13 15:19:02",638.3,2,verifiedscott
4355,16657105,"Mathijs Deelen","2026-08-05 01:16:34",637.9,2,mathijsdeelen
4356,16717850,"HeeGwan Lee","2026-09-03 01:58:55",637.4,2,heegwanlee
4357,16635145,"Isaac Menard","2026-08-05 21:11:36",637.4,2,isaacmenard
4358,16657871,Lucienne,"2026-08-05 03:13:59",637.2,2,yangnianan
4359,16763761,mkai1981,"2026-09-03 10:55:41",636.9,2,mkai1981
4360,16715205,GCarnovale,"2026-09-03 13:46:14",636.6,2,gcarno
4361,16727529,윤영일,"2026-08-29 10:44:26",636.5,2,iongil
4362,16659951,"CHRISTOPHER CRILLY","2026-08-20 12:14:03",636.2,2,christophercrilly
4363,16706413,"Song Research","2026-08-18 00:39:36",636.2,2,sangbong91
4364,16634316,"Cao Tùng Lâm","2026-09-01 07:16:08",636.0,2,liamislazy
4365,16793680,prajval_p,"2026-09-01 01:03:39",636.0,2,prajvalp
4366,16670615,Ahornsirup,"2026-08-21 19:33:36",636.0,2,ahornsirup
4367,16676360,"Chris Kang","2026-08-17 10:07:49",635.9,2,rukawa917
4368,16658042,"Giampietro Pregnolato","2026-08-13 09:17:36",635.7,2,giampietropregnolato
4369,16811935,"Bhargavaram Gajula","2026-09-03 09:37:05",635.3,2,bhargavaramgajula007
4370,16653303,F4,"2026-08-06 01:43:09",634.8,2,"chen2yoimiya,huaidezhang,wahuwahuwahu,zrurfa"
4371,16670708,"Mohammad Usman Sajid","2026-09-03 18:26:11",634.6,2,mohammadusmansajid
4372,16659418,"Fonge Bertin","2026-08-06 09:26:33",634.6,2,fongebertin
4373,16733763,Gaurav,"2026-08-28 05:00:14",634.5,2,gauravahlawat
4374,16761744,初心者,"2026-08-30 21:39:34",634.2,2,daikitakahashi
4375,16691938,"PRASHANT SUTHAR11","2026-08-10 09:46:05",634.1,2,prashantsuthar11
4376,16669396,Fleo98,"2026-08-10 15:43:34",633.7,2,fleo98
4377,16690736,omarkami007,"2026-08-11 18:40:45",632.9,2,omarkami007
4378,16802486,SHICHIES,"2026-09-02 18:00:01",632.9,2,shichies
4379,16669597,农业农村部,"2026-08-10 19:11:08",632.8,2,"bingzhenghan,hrwan1,krasuszl"
4380,16655571,yuken,"2026-08-07 13:27:53",632.8,2,yukenai
4381,16681660,"Parham Ghazanfari","2026-08-07 20:18:18",632.7,1,parhamghazanfari
4382,16674841,"Syna Bedi","2026-08-15 09:57:28",632.7,2,synabedi
4383,16660444,"Сергей Мизин","2026-09-03 19:59:27",632.6,2,seeergo
4384,16675461,mins0_0,"2026-08-30 07:50:53",632.5,2,mins00
4385,16691164,"Krishna Saathwik","2026-08-13 13:50:40",632.5,2,krishnasaathwik
4386,16775749,Yurikada,"2026-09-03 11:13:54",632.3,2,yosukeinada
4387,16657794,"Aromal vK","2026-08-06 15:35:11",632.2,2,aromalvk
4388,16777056,"Seb boulba","2026-08-27 21:03:26",631.7,2,sebboulba
4389,16792512,ckd999,"2026-09-01 17:16:56",631.4,2,ckd999
4390,16689919,"Koren Ben Ezra","2026-08-08 17:49:55",631.3,2,korenbenezra
4391,16637776,MarvelousXun,"2026-08-03 09:33:38",631.2,2,marvelousxun
4392,16655527,"Saurabh Kumar","2026-08-06 08:14:52",631.0,2,sk25oct
4393,16758629,karinkaito,"2026-09-03 14:49:58",630.9,2,karinkaito
4394,16663437,inversion,"2026-08-04 20:44:41",630.7,1,inversion
4395,16761693,nhatvo,"2026-08-27 21:46:20",630.5,2,nhatvo
4396,16738506,"Rok Sechs","2026-08-23 04:00:41",630.4,2,rokshimiz
4397,16806146,"Factual Explorer","2026-09-02 07:08:02",630.4,2,factualexplorer
4398,16744239,"Diogo Gomes ","2026-08-25 09:39:28",630.3,2,diogogomes
4399,16736636,torch,"2026-08-18 10:35:29",630.3,2,rhtsingh
4400,16660850,"Khoa Le","2026-08-05 13:23:55",630.2,2,bryanle2025
4401,16661564,yang20251228,"2026-09-02 03:40:29",630.2,2,yang20251228
4402,16731996,Chloe,"2026-08-18 02:58:05",630.2,2,chenchloehaimo
4403,16729202,Sven,"2026-08-27 21:55:40",630.2,2,sventleman
4404,16743815,"Asanka Pradeep","2026-08-23 14:32:46",630.1,2,asanakapr
4405,16671237,"Jose Alejandro Rivera Jaramillo","2026-08-07 18:13:13",629.9,2,alejandroriveraj
4406,16775001,"Maarij Aqeel","2026-08-26 14:48:03",629.5,2,maarijaqeel
4407,16635746,"jeon hyeon woo","2026-08-13 15:32:43",629.4,2,jeonhyeonwoo
4408,16675066,Opticulture,"2026-08-16 12:19:48",629.3,2,"bajibaburowthu,ponnuripavankumar,radhakrishnadoredla,veereshkumar1219"
4409,16702993,PLM,"2026-08-30 13:58:34",629.3,2,"ileabogdan,popu23,razvaniga,rvaurs"
4410,16623745,chunluran,"2026-08-27 06:55:55",629.1,2,chunluran
4411,16666833,DenisKoronchik,"2026-09-02 10:13:46",629.0,2,deniskoronchik
4412,16640504,"Recep Öztürk","2026-08-26 11:19:31",628.8,2,rcpztrrk1
4413,16786043,"Denzel Fuentes","2026-09-03 15:29:23",628.8,2,denzelfuentes
4414,16660419,"Kai-Shih Chiu","2026-08-06 12:54:22",628.6,2,kaishihchiu
4415,16702359,"Ethan Pl","2026-08-11 19:43:21",628.4,2,ethanpl
4416,16667565,BeeDeeR,"2026-09-02 00:41:52",628.3,2,beedeer
4417,16734312,truebelief,"2026-08-19 00:01:20",628.3,2,truebelief
4418,16736111,hexingwei33,"2026-09-01 02:08:11",628.2,2,hexingwei33
4419,16732003,"HAO jia liu","2026-08-18 09:58:05",627.9,2,haojialiu
4420,16735517,"Philipp k-s","2026-08-27 03:13:29",627.6,2,philippkeussenstrau
4421,16665060,Pipeweed,"2026-08-27 18:14:40",627.4,2,pipeweed56
4422,16658106,"Devam juthani","2026-08-05 08:18:14",627.3,2,devamjuthani
4423,16730740,"claude opus5🏆","2026-08-19 09:58:24",626.9,2,yinpinggao
4424,16726839,syunsuke,"2026-08-21 23:12:13",626.6,2,syunsuke1024
4425,16785687,"AP SEM F STUDENTS","2026-08-31 03:52:37",626.6,2,"advaithn0518,rohanjeyavel,shrivatsamurugan,stitchsages"
4426,16673359,hasshi7965,"2026-08-27 10:23:45",626.3,2,hasshi7965
4427,16654943,"Alexis Selorm Gbeckor - Kove","2026-08-10 11:44:58",626.3,2,advancedbeginner
4428,16667143,"Noct-Tech zombie","2026-08-06 13:46:51",626.3,2,jo3thaboss
4429,16674504,"Arunabh Gupta","2026-08-18 11:10:33",626.0,2,"arunabhsgupt4,eggsysy"
4430,16728743,Miki_Nuummiu,"2026-09-03 11:41:01",626.0,2,mikinuummiu
4431,16730104,BartHeart,"2026-08-20 18:58:23",625.6,2,bartheart
4432,16781377,AgriMind,"2026-09-03 10:58:07",625.5,2,slimaneguermat
4433,16690338,dvv_ram,"2026-08-13 00:11:18",625.5,2,ddvram
4434,16732609,"Filippo Paninforni","2026-08-19 18:30:22",625.4,2,filippopaninforni
4435,16699711,"maxscender ","2026-08-13 14:03:35",625.2,2,maxscender
4436,16661142,"Phú Nhân Nguyễn","2026-08-15 09:53:23",625.1,2,phnhnnguyn
4437,16662421,"Aparna Mantha","2026-08-06 17:23:34",624.9,2,aparnam91
4438,16673333,"Dimas Renggana","2026-08-06 23:40:39",624.8,2,dimasrenggana
4439,16792449,SKYisSKYisSKY,"2026-08-31 04:16:07",624.7,2,skyisskyissky
4440,16660295,Pentos,"2026-08-10 00:06:56",624.6,2,nishiumi
4441,16670596,prabalsingh_23,"2026-08-26 02:33:14",624.3,2,prabalsingh23
4442,16664348,"Rocket Zech","2026-08-29 08:23:04",624.2,2,isaactunglaw
4443,16658775,"Vincent Pan","2026-08-29 12:55:20",624.2,2,"judithhong,vincentpan2005"
4444,16732357,"Thales Augusto Leite de Souza","2026-08-23 23:43:38",623.9,2,thalestals
4445,16731009,"Joseph Paris","2026-08-24 05:32:21",623.5,2,josephkparis
4446,16669470,"ASDM HUB","2026-08-12 20:13:20",623.3,2,jesushechavarria
4447,16729531,alfphafarm,"2026-08-19 19:09:48",623.1,2,vudattumaniteja
4448,16660035,NoNamedeo,"2026-08-27 14:20:15",623.0,1,nonamedeo
4449,16673923,"Gabriele Giacometti","2026-08-10 11:38:05",622.9,2,gabrielegiacometti
4450,16774333,"Nazim Shoikot","2026-09-03 11:20:20",622.9,2,nazimshoikot71
4451,16666483,"Salih Erdem Kaymak","2026-08-08 17:32:38",622.9,2,saliherdemkaymak
4452,16684674,"Ch Muhammad Umer ","2026-08-11 08:11:36",622.5,2,chmuhammadumer
4453,16752277,YKuma,"2026-09-03 10:43:51",622.4,2,ykumazaki
4454,16677303,"Chase Martyn","2026-08-19 02:05:12",622.4,2,chasemartyn
4455,16673191,juliye,"2026-08-10 03:49:13",622.2,2,juliye
4456,16658151,"Nguyễn Phúc Gia Bảo","2026-08-06 15:15:07",622.1,2,kevincrazy678
4457,16675074,ahiokk,"2026-08-07 07:58:44",622.1,2,ahiokk
4458,16670933,Pat,"2026-08-06 10:26:21",622.0,2,junseia
4459,16656792,"Gnanaprakash R","2026-08-28 15:05:38",621.7,2,gnanaprakashr
4460,16671364,"Mike Riggs","2026-08-09 03:22:55",621.4,2,riggsasi
4461,16787010,"Samir Patel","2026-09-02 02:33:17",621.2,2,mesamirpatel
4462,16658173,Tamizharuvi,"2026-09-03 17:53:49",620.9,2,tamizh1
4463,16659138,allenbcy,"2026-09-02 15:22:41",620.9,2,allenbcy
4464,16665622,one,"2026-08-11 04:10:11",620.9,2,richardsplayground
4465,16656883,KK,"2026-08-05 10:27:15",620.7,2,kkonzyb
4466,16773779,"Daichi Tanaka","2026-08-31 03:38:48",620.5,2,daichit64
4467,16782187,"Margo Kim","2026-08-28 19:15:18",620.5,2,margokim
4468,16759171,"Leonid Kozinkin","2026-08-31 16:30:37",620.4,2,leon7archer
4469,16818689,Takashi,"2026-09-03 14:59:27",620.3,1,takashi1
4470,16774843,"Assylkhan Kerey","2026-08-30 03:16:54",620.1,2,n0nlyy
4471,16685618,"Krupa Vardhan","2026-08-28 09:24:21",619.7,2,krupavardhan
4472,16715225,"Someswararao Tellakula","2026-08-17 01:15:37",619.6,2,someshtellakula
4473,16693988,"Pranav Gupta","2026-08-18 03:51:41",619.6,2,kumbhakarann
4474,16795997,"Boyu Wan","2026-09-03 15:27:54",619.6,2,pupudan
4475,16697681,"Mahfujur Rahman Rakib","2026-08-10 05:14:21",619.4,2,mahfujurrahmanrakib
4476,16623112,Tians12,"2026-08-09 19:10:24",619.4,2,tiansang12
4477,16675585,"Jacob Joy","2026-08-11 12:13:06",619.4,2,jac0b1
4478,16760226,"Erich Hofstötter","2026-08-24 15:49:06",619.3,2,erichhofsttter
4479,16699772,MrAnalyst,"2026-08-29 16:42:41",619.2,2,mranalyst
4480,16806260,"Kotaro Furuno","2026-09-03 14:36:00",619.2,2,kotarofuruno
4481,16687716,"Joshua Fernando","2026-08-30 17:59:14",619.0,2,joshuafernandoj
4482,16777228,"Zach Locke","2026-09-02 10:11:45",618.8,2,zachlocke
4483,16668022,"Lady and tech","2026-08-19 04:08:50",618.6,2,ladyandtech
4484,16687925,BillDoser,"2026-09-01 17:26:43",618.2,2,billdoser
4485,16722028,"Aw Ming Xuan","2026-08-16 09:24:48",618.0,2,awmingxuan
4486,16669479,"Shifa Salsabiila","2026-08-09 02:56:11",617.9,1,shifasalsabiila
4487,16702118,"cemal özdeniz","2026-08-10 20:27:17",617.8,2,cemalzdeniz
4488,16655217,"Jiawei Zhao","2026-09-02 17:34:26",617.8,2,c789a123
4489,16724904,"Carlos Eduardo De Paula Arantes","2026-08-15 15:48:43",617.5,2,carloseduardo1753
4490,16662103,"Saravana Thiagarajan K","2026-08-05 21:43:42",617.2,2,saravanatk1984
4491,16710512,FishWotou,"2026-08-19 04:45:40",617.0,2,fishwotou
4492,16670544,"William Rients","2026-08-06 00:01:02",617.0,2,williamrients
4493,16691398,"Time to Win","2026-09-03 04:36:52",616.9,2,yatharthdurgapal
4494,16756029,EndCreeper,"2026-08-25 06:23:41",616.9,2,endcreeper
4495,16667766,vasujain7,"2026-09-02 13:58:13",616.5,2,vasujain7
4496,16658477,"chathura prasadh9817","2026-08-06 07:18:04",616.1,2,chathuraprasadh9817
4497,16752899,"Nicolò Alberti","2026-08-23 09:16:36",616.1,2,nicolalberti
4498,16715495,Yashi003,"2026-08-24 04:44:40",616.0,2,yashi003
4499,16730105,"Leonardo Palis","2026-08-17 03:35:05",615.9,2,leonardopalis
4500,16652173,"Shardul Gharat","2026-08-06 10:07:36",615.8,2,shardulgharat
4501,16738640,"Tjay Burger","2026-08-18 17:35:39",615.2,2,tjayburger
4502,16655426,engin_zhou,"2026-08-05 15:21:18",614.1,2,enginzhou
4503,16657547,"Pranav Thota","2026-09-03 05:37:01",614.1,2,pranavthota
4504,16808352,Rheinmetall,"2026-09-03 12:56:02",614.1,1,rheinmetall
4505,16658779,"Richard G Atkinson","2026-08-05 00:29:59",613.7,2,richardgatkinson
4506,16669118,"yunus yavuz","2026-08-05 21:51:21",613.7,2,yunusyvz
4507,16692450,duckypants,"2026-08-23 20:36:59",613.7,2,duckypants
4508,16631772,yuki,"2026-08-03 17:39:58",613.6,2,yururoi
4509,16676254,"Lazy Lagoon","2026-08-31 15:11:32",613.4,2,"mokshoswal137,taniyasankhe"
4510,16632504,"[Deleted] c2f6c5d5-ecb1-4f92-95d7-7c9f0fd3474f","2026-07-31 16:04:32",613.3,1,ryota517
4511,16654454,"Haoxiang Li","2026-09-03 18:16:32",613.2,2,haoxiangli789
4512,16709885,"Manuel Pérez","2026-08-14 01:54:02",613.0,2,manuelperezzz
4513,16708907,"[Deleted] 84526ff4-3aed-4b4b-a45f-a4486f01cb7b","2026-08-13 20:01:55",612.9,2,del=34c747d6ee8d2bd7
4514,16697800,DR_Mkelvo,"2026-08-09 20:42:15",612.7,1,drmkelvo
4515,16714592,"Carey Casile","2026-08-14 18:34:16",612.4,2,ccasile
4516,16665462,ZSZ,"2026-08-12 13:55:00",612.4,2,zsuzsanna2
4517,16789550,foundtion,"2026-08-30 13:19:22",612.3,2,foundtion
4518,16681464,Amyel21,"2026-08-17 10:53:02",612.3,2,amyel21
4519,16736261,"Saptanshu Samal","2026-08-22 12:02:42",612.2,2,saptanshusamal
4520,16677231,"Ahmed Bootaan","2026-08-06 18:08:52",612.0,2,ahmedbootaan
4521,16720788,Anson,"2026-09-02 17:47:17",612.0,2,anson0496
4522,16768178,Scarttish,"2026-08-26 22:44:26",611.8,2,scarttish
4523,16621354,pengshy,"2026-08-06 04:54:01",611.8,2,dm15336142
4524,16718565,Frankyface,"2026-08-13 18:54:37",611.7,1,frankyface
4525,16727009,B05801037,"2026-08-18 02:28:48",611.6,2,peteropop
4526,16779304,"Ari Nakos","2026-09-01 22:43:59",611.5,2,aristides
4527,16685982,Snorf,"2026-08-09 15:06:58",611.4,2,snorfyang
4528,16658738,Aman,"2026-08-05 11:12:10",611.2,2,amank95amank95
4529,16784599,"Lisa Hines","2026-09-03 15:09:08",611.0,2,lisamhines
4530,16645431,Amin,"2026-08-08 22:05:02",610.8,2,aminvafaei
4531,16779598,RiverStead,"2026-09-03 11:32:17",610.8,2,riverstead
4532,16673712,"Alejandro Betato","2026-08-16 10:48:24",610.7,2,alejandrobetato
4533,16664415,"Imerson Krysthio","2026-08-12 05:37:03",610.4,2,imersonk
4534,16700484,白井孝太郎,"2026-08-15 01:08:02",610.4,2,kotaroshirai
4535,16794491,"Sushant Pargaonkar","2026-09-02 02:59:45",610.3,2,sushantpargaonkar
4536,16660670,"Chirag Bhatnagar","2026-08-31 09:21:45",610.3,2,chiragbhatn
4537,16656690,"Sushant Kumar (xWF)","2026-08-06 04:44:38",610.1,2,sushantkumarxwf
4538,16635065,T88,"2026-08-06 00:56:10",610.1,2,t88take
4539,16764600,"Tanmay Shingavi","2026-09-03 05:43:57",610.1,2,decodingafterlife
4540,16750726,prince22466,"2026-08-27 15:54:11",610.0,2,prince22466
4541,16718445,"Hamza Elmorjani","2026-08-15 12:16:55",609.8,2,hamzaelmorjani03
4542,16657265,"Hemant Kumar","2026-08-05 15:17:20",609.8,2,hemantrajputt
4543,16676259,Th_Gbay,"2026-08-19 20:42:35",609.8,2,thgbay
4544,16811605,"Ryu Sonoda","2026-09-03 04:13:36",609.7,2,ryusonoda
4545,16660270,Ziel_Lux,"2026-09-03 15:33:12",609.6,2,nahbilafaith
4546,16664142,"The Studio 1","2026-08-16 23:04:06",609.4,2,landonsheatsley
4547,16667794,knadithyavr,"2026-08-13 12:24:05",609.4,2,knadithyavr
4548,16688220,Aadi,"2026-08-24 23:10:37",608.9,2,aadicv
4549,16660360,"Joey Gonzales","2026-08-05 00:00:47",608.7,2,joeygonzales
4550,16659446,zhaozy233,"2026-08-15 16:51:36",608.6,2,zhaozy233
4551,16767800,awee,"2026-09-03 19:43:48",608.6,2,aweertw
4552,16711928,Leraaaa,"2026-08-18 20:01:52",608.4,2,leraaaa
4553,16633934,Alexy,"2026-08-25 04:40:02",608.1,2,alexycactus
4554,16722502,Abyss,"2026-08-27 11:26:49",607.8,2,sahiltks
4555,16668532,"Nir Aberman","2026-09-03 04:04:10",607.5,2,niraberman
4556,16741766,lrik00,"2026-08-29 10:40:44",607.5,2,lrik00
4557,16762010,"Ivan Piaternev","2026-09-03 14:25:46",607.4,2,iamvanya
4558,16680297,"Ajay Singh","2026-08-08 04:33:24",607.3,2,ajaysinghg
4559,16697704,"Leonid Matetskiy","2026-08-09 21:39:06",607.1,2,leonidmatetskiy
4560,16722366,"Aki Lit","2026-08-14 23:24:20",607.1,2,akilit
4561,16750864,Ymori,"2026-08-26 01:38:04",607.0,2,yasunorim
4562,16781445,"Odim David Chukwuemeka","2026-09-02 16:45:23",606.8,2,odimdavidchukwuemeka
4563,16657152,"K S VIJAYARAAGHAVAN","2026-09-03 16:42:56",606.1,2,ksvijayaraaghavan
4564,16673524,"Zikai Chen","2026-09-03 03:15:18",606.0,2,kyrie1102kai
4565,16666614,"Arjun Annamalai","2026-08-18 09:23:28",606.0,2,arjunannamalai
4566,16659412,yesterdays_rebel,"2026-08-13 12:14:41",605.9,2,irfanparaniya
4567,16640845,"tang yangzhou","2026-08-04 21:36:09",605.8,1,tangyangzhou
4568,16679671,Ash0666,"2026-08-09 19:28:52",605.5,2,ash0666
4569,16805882,nmdcddwzml,"2026-09-03 12:52:07",605.5,1,mujian63
4570,16702820,"Plorek ","2026-08-28 11:28:11",605.4,2,plorek
4571,16627751,lzeee,"2026-08-10 14:06:38",605.4,2,shzgong
4572,16659507,"Lokesh Lalan","2026-08-26 08:51:50",605.4,2,lokeshlalan
4573,16664605,"Nathaniel Shou","2026-08-05 17:51:47",605.3,2,nathanielshou
4574,16637031,"and more","2026-08-20 06:23:32",605.1,2,kym2022
4575,16710521,"Natpaphon Nukhunthod","2026-08-17 03:37:15",605.1,2,natpaphonnukhunthod
4576,16686912,@mldsdev,"2026-08-13 02:07:44",605.0,2,lan1mel
4577,16780513,"Hugo JOBÉ","2026-08-27 20:51:09",605.0,2,hugojob
4578,16658820,"Jonathan Ashenaf1","2026-08-11 16:59:20",604.8,2,jonathanashenaf1
4579,16672858,Lyesterday,"2026-08-06 08:45:47",604.8,2,ilyas93
4580,16747163,"Sarthak Patel","2026-08-21 06:36:26",604.6,2,sarthakpatel2028
4581,16692680,"Marc-Luca ","2026-08-11 12:02:15",604.5,2,marcluca
4582,16659309,irisV11,"2026-08-18 05:23:01",604.2,2,irisv11
4583,16690940,NKryst,"2026-08-29 10:57:18",603.9,2,nkryst
4584,16701795,Proshian,"2026-08-11 00:01:04",603.6,2,proshian
4585,16659181,Hongjie04,"2026-08-05 04:07:04",603.5,2,hongjie04
4586,16639408,Invictus,"2026-08-11 22:44:04",603.4,2,nicho256
4587,16686743,charmander,"2026-08-30 10:30:57",603.4,2,rahuladhi
4588,16740534,"Gao Wenjiang","2026-09-02 09:48:37",603.3,2,gaowenjiang
4589,16759246,wangfeifei_si,"2026-08-26 14:27:19",603.0,2,wangfeifeisi
4590,16644508,"Vandana Pathania","2026-08-22 21:59:37",603.0,2,vandanapathania
4591,16755091,Charlie,"2026-09-02 00:54:13",602.8,2,zephyrlennox
4592,16720760,ysteh05,"2026-08-15 05:14:53",602.8,2,ysteh05
4593,16655424,Fayche,"2026-08-10 16:50:28",602.6,2,fayche
4594,16693137,"Ich Benavides","2026-08-18 19:37:35",602.6,2,jabeichbenavides123
4595,16762206,"mohammad khanjani2026","2026-08-25 06:24:39",602.6,2,mohammadkhanjani2026
4596,16668175,el_dedalus,"2026-08-06 14:48:01",602.5,2,eldedalus
4597,16674076,rigsutra,"2026-08-24 11:59:54",602.4,2,rigsutra
4598,16748774,"hakan ulucan","2026-08-25 19:19:11",602.4,2,hakanulucan
4599,16669408,"Josaphat Adjele","2026-08-31 17:26:56",602.3,2,josaphatadjele
4600,16682915,"igeo kK","2026-08-09 18:41:17",602.3,2,igeokk
4601,16639705,"Yuta Tomimasu","2026-08-07 13:02:39",602.1,2,yutatomimasu
4602,16654491,"Amedeo Biolatti","2026-08-30 04:05:28",602.1,2,abiolatti
4603,16793461,"Muhammad Hokimiyon","2026-08-31 00:42:19",602.0,2,muhammadhokimiyon
4604,16637499,Yuchen20,"2026-09-02 19:10:43",601.8,2,yuchen2066
4605,16756858,"Rushi A.","2026-08-23 18:54:03",601.8,2,rushia
4606,16656304,"Gururaj Athani","2026-08-30 04:42:28",601.7,2,gururajathani
4607,16663766,"Anup Gautam","2026-08-08 01:29:10",601.6,2,anupanda
4608,16717817,"Nick Stoddart","2026-08-14 05:15:23",601.4,2,nickstoddart
4609,16664143,"Lucas Henrique Mateo","2026-08-21 19:10:52",601.2,2,lucashmateo
4610,16756388,"Sam Scott","2026-08-22 22:04:06",601.1,2,shepard5
4611,16809097,volumatic,"2026-09-03 00:21:44",601.1,2,"kkeevviinn666,volumatic"
4612,16686149,"Luc Mantoux","2026-08-09 20:25:33",601.0,2,lucmantoux
4613,16795609,2023314806_이승민,"2026-09-03 05:13:20",601.0,2,sminleeee
4614,16712746,itsraininnnn,"2026-08-12 16:38:56",600.9,1,itsraininnnn
4615,16761451,gulag,"2026-08-24 03:39:54",600.8,2,moglin
4616,16679771,Coolgolf,"2026-09-02 13:56:54",600.7,2,coolgolf
4617,16696163,"Romain Durand","2026-08-17 19:00:46",600.5,2,romaindurand1607
4618,16651167,ArmanVardanyan07,"2026-08-03 22:43:13",600.5,2,armanvardanyan07
4619,16662313,"Maximus Sambucetti","2026-08-09 15:36:46",600.0,2,maximussambucetti
4620,16776824,"Manuel Santiago Atencio","2026-09-03 20:30:39",600.0,2,manuelsatencio
4621,16731678,ShadowT_T,"2026-09-03 20:35:45",600.0,2,shadowtt
4622,16696526,"Reda HEDDAD","2026-08-10 20:42:47",599.9,2,redaheddad
4623,16740646,"Darren Chung","2026-08-25 18:00:27",599.7,2,chungdarren
4624,16761751,KrishnaKumar_AIML,"2026-09-02 14:38:24",599.6,2,krishnakumarcsr
4625,16682076,"Igor Riegel","2026-09-02 14:49:12",599.4,2,igormriegel
4626,16708625,"Lê Văn Pháp","2026-08-29 03:15:56",599.3,2,"linhsarah,lvnphp"
4627,16760190,"Florian Tigoulet","2026-08-24 12:37:14",599.3,2,floriantigoulet
4628,16677402,"Hıdır Demir","2026-09-03 18:12:14",599.3,2,hdrdmr
4629,16654890,"Josh Hipps","2026-08-06 14:16:49",599.2,2,joshuahipps
4630,16666371,jiten_topiwala,"2026-08-08 16:51:13",599.0,2,jitentopiwala
4631,16709494,"Aditya Dushara","2026-08-23 05:04:46",599.0,2,adityadushara
4632,16740894,BetOnMe,"2026-08-19 14:40:02",599.0,2,betonme
4633,16797969,probability,"2026-08-31 19:48:16",598.9,1,probabilitywavepeak
4634,16676085,"Giordano Dolenz","2026-08-18 16:10:37",598.9,2,giordanodolenz
4635,16738923,Quantum,"2026-08-29 01:40:45",598.7,2,jawadxhassan
4636,16704864,ksj00610,"2026-08-12 08:47:16",598.1,2,ksj00610
4637,16693738,"Sonu Jha","2026-08-14 20:32:37",598.0,2,sonujha090
4638,16674540,"Pratik Priyanshu","2026-08-07 18:28:12",597.9,2,pratikpriyanshu5
4639,16687538,aefinityaiinc,"2026-08-27 20:59:35",597.8,2,aefinityaiinc
4640,16733910,davidsmith42,"2026-08-19 23:59:03",597.7,2,ananthvydianath42
4641,16623302,"Raffi Ardhi Naufal","2026-07-31 18:31:57",597.5,1,raffiardhi
4642,16793150,Comet19,"2026-08-31 10:53:04",597.4,2,comet19
4643,16719172,"Victor Carriço","2026-08-24 03:35:14",597.4,2,kronossaurus
4644,16732696,naniwazu,"2026-09-03 08:19:34",597.2,2,naniwazu
4645,16659663,Chintakrinda_Naveen,"2026-09-03 07:32:37",596.7,2,naveen998
4646,16756131,"Emre Atilgan","2026-08-24 20:20:06",596.6,2,emreatilgan
4647,16731887,"hoo aam","2026-08-21 05:37:16",596.5,2,hooaam
4648,16748527,Tsubasa_00,"2026-08-21 08:53:14",596.5,2,tsubasa00
4649,16624941,"KO Ho Tin","2026-08-10 03:33:47",596.4,2,b14ckc4tmr
4650,16707037,"Cedoque BAGBONON","2026-09-03 20:08:38",596.0,2,cedbag
4651,16658718,"Duong Bao Duy","2026-09-03 16:10:38",595.7,2,duongbaoduy
4652,16686150,"Aek KunKub","2026-08-14 05:21:43",595.6,2,aekkunkub
4653,16678602,"hassan manour","2026-08-07 12:52:23",595.5,1,hassanmanour
4654,16638645,ChrisDavis,"2026-08-03 23:29:34",595.5,2,alpacas
4655,16667025,"Anjitha Mekkayil Anand ","2026-08-28 05:59:46",595.4,2,anjithamekkayilanand
4656,16677360,"Jatin Chawla","2026-08-08 13:45:06",595.3,2,jatin221
4657,16770891,"Oleg Shatov","2026-08-27 18:31:14",595.0,2,bishkek
4658,16733131,Rad,"2026-08-28 02:56:56",594.9,2,vnt174
4659,16632253,nasuuuuun,"2026-08-04 13:30:11",594.4,2,hikarumatsuzaki
4660,16793889,zhzz,"2026-09-01 11:28:52",594.4,2,ucsdzhengzeng
4661,16699756,"zhang xin","2026-09-02 14:43:09",594.4,2,zhangxin300
4662,16660364,dadandsats,"2026-08-14 11:41:04",594.3,2,continuingdev
4663,16809136,"Xander Lee","2026-09-03 10:38:29",594.2,2,xndlee
4664,16723125,"Shubham Dhapola","2026-08-16 13:35:23",594.2,2,shubhamdhapola24
4665,16662057,DeokJin,"2026-08-05 04:01:38",594.1,2,deokjin
4666,16687448,"Israel Burns","2026-08-12 08:41:38",594.1,2,israelburns
4667,16666597,Ramkumar4240,"2026-08-10 12:19:20",594.1,2,ramkumar4240
4668,16674599,"Luka Duvanov","2026-08-19 22:03:46",593.9,2,nekkon
4669,16656871,"Pedro Henrique","2026-08-07 03:37:29",593.6,2,pedrohets
4670,16641099,sieru-copan,"2026-08-30 12:28:26",593.3,2,sierucopan
4671,16740248,KK_nut,"2026-08-25 03:26:52",593.2,2,k0k0nut
4672,16708230,"jose manuel Tinajero","2026-08-25 15:02:46",592.8,2,josemanueltinajero
4673,16623390,KodamaSec,"2026-08-25 10:09:42",592.7,2,dfhgfdghfdhg
4674,16658973,"not today","2026-08-05 05:57:14",592.7,2,cemhan44
4675,16662751,ZeD,"2026-08-06 10:11:24",592.7,2,hussamcheema
4676,16743438,嘎嘎滴辣晒,"2026-08-24 09:30:32",592.7,2,yuhangzhang0621
4677,16717742,"Ghawwjsb Vsjsjsbs","2026-08-13 22:32:49",592.4,2,ghawwjsbvsjsjsbs
4678,16796625,Nepsirhc,"2026-09-03 07:08:45",592.2,2,nepsirhc
4679,16703129,"Pratik Vadher","2026-08-10 21:08:27",591.9,1,pratikvadher
4680,16680108,dentalsoup,"2026-08-07 09:03:47",591.9,2,afinemonkey
4681,16714100,SuperMercat,"2026-08-14 09:52:49",591.8,2,supermercat
4682,16675264,"Alon Bar Koter","2026-08-06 16:16:43",591.8,2,alonbarkoter
4683,16659645,Drakus_Julia,"2026-08-09 02:15:20",591.7,2,drakus74
4684,16712410,aysfshn,"2026-09-03 16:55:32",591.6,2,aysfshn
4685,16699045,"Abu Kayyisah Basyid","2026-09-03 14:28:18",591.5,2,abukayyisahbasyid
4686,16774701,@Suzumaru_1666,"2026-09-03 10:41:36",591.3,2,suzumaru1666
4687,16716632,shini47,"2026-08-22 20:30:17",591.3,2,shini47
4688,16810343,"Aleksandr Borodin","2026-09-02 20:29:06",591.3,2,aleksandrbor
4689,16726687,"Rohin Kethipally","2026-08-28 22:30:20",591.2,2,rohinkethipally
4690,16731729,"Sumit Bopche","2026-08-21 15:53:56",591.1,2,sumitbopche
4691,16764330,"Koral Kulacoglu","2026-08-26 04:51:33",591.0,2,koralkulacoglu
4692,16679364,VicD,"2026-08-14 20:16:52",590.8,2,durandv
4693,16623316,"Ondrew Zudin","2026-08-06 23:08:41",590.8,2,ondrewzudin
4694,16662138,"Luan He","2026-08-25 20:18:46",590.7,2,luanhe
4695,16760352,"Romain Bomba","2026-08-24 01:27:23",590.6,2,romainbomba
4696,16705183,"Tong Jiakai","2026-08-14 08:23:26",590.6,2,tongjiakai
4697,16811949,PeterDreamHan,"2026-09-03 07:50:45",590.4,2,peterdreamhan
4698,16664750,"shubham kumar","2026-08-20 10:26:25",590.0,2,shubzk17
4699,16666328,"Dornus !","2026-08-05 21:53:19",590.0,2,dornus
4700,16655075,"Félix Rodríguez Roble","2026-08-04 09:16:25",589.8,2,flixrodrguezroble
4701,16666066,Khush3e,"2026-08-12 04:50:39",589.7,2,khush3e
4702,16743001,Nikhilasree,"2026-09-03 11:33:45",589.5,2,nikhilasree2003
4703,16691007,"Nhật Khoa Phạm","2026-08-14 16:15:43",589.2,2,pnk123456
4704,16809762,"Ryan Wong","2026-09-03 16:47:35",589.1,2,taggatle
4705,16747345,"Alex #3","2026-09-02 12:28:51",588.7,2,alexb99
4706,16659813,"Uday Kumar R","2026-08-13 09:47:39",588.6,2,udaykumarramineni
4707,16669545,"Rishabh Gupta","2026-08-06 18:19:04",588.6,2,rishabhguptajs
4708,16669028,"Atishay Kasliwal","2026-08-11 17:54:59",588.6,2,atishaykasliwal
4709,16635744,XDang13,"2026-09-01 00:50:40",588.4,2,xdang13
4710,16676155,"Adam Carnaffan","2026-08-07 16:48:03",588.3,2,adamcarnaffan
4711,16688134,"Marc Dakuginow","2026-08-13 01:40:44",588.3,2,marcdakuginow
4712,16735475,SunjaeLee02,"2026-08-19 08:12:41",588.2,2,sunjaelee02
4713,16774317,A_yuki,"2026-08-28 23:42:10",588.2,2,yukiys
4714,16794309,"Sanyam Jain","2026-09-03 04:17:36",588.2,2,sjain03
4715,16664841,vohi01,"2026-08-25 03:38:00",588.2,2,vohi01
4716,16717716,"Диас Издибаев","2026-08-15 05:32:14",588.0,2,diasiz1
4717,16667872,"Pralay Ghosh","2026-08-29 09:39:18",587.9,2,pralayghosh83
4718,16690152,"The Ceris","2026-08-16 11:49:31",587.8,2,amedeopachera
4719,16663677,"Aghazie David","2026-08-07 00:32:14",587.8,2,aghaziedavid
4720,16738456,"Pritul Raut","2026-08-21 08:45:04",587.8,2,pritulraut
4721,16784420,renyxin,"2026-09-03 17:03:35",587.8,2,renyxin
4722,16662741,"Abhiraj Govind","2026-08-04 18:01:16",587.6,1,abhirajgovind
4723,16660214,ytddsyt1214,"2026-08-09 12:32:06",587.5,2,ytddsyt1214
4724,16678644,"Kanik Aggarwal","2026-08-13 19:01:16",587.5,2,roronoazoro200
4725,16686655,"Emir Baki Demirci","2026-08-14 22:43:55",587.1,2,emirbakidemirci
4726,16691271,"Ashler Herrick","2026-08-09 14:54:33",587.0,1,ashlerjohnherrick
4727,16660173,"PAULO HENRIQUE DE LIMA","2026-08-06 02:42:20",586.8,1,paulohenriquedelima
4728,16621523,"Victor Orihuel","2026-08-18 05:40:18",586.7,2,victororihuel
4729,16793452,"Ghazaros Ghazaros","2026-08-31 15:17:06",586.7,2,ghazarosghazaros
4730,16755398,takataok_42,"2026-08-30 09:13:14",586.6,2,takataok42
4731,16657981,"Arijit Kar","2026-08-18 11:05:52",586.6,2,demonicak
4732,16661099,TheSven,"2026-08-06 17:05:25",586.6,2,thesven
4733,16725847,"Shel Horta","2026-08-18 04:29:55",586.5,2,shelhorta
4734,16697730,JCN2365,"2026-08-13 18:06:35",586.4,2,jcn2365
4735,16806084,"DSDgsdgs SDgsdfgs","2026-09-03 05:19:11",586.4,1,dsdgsdgssdgsdfgs
4736,16759626,"Ghazaros Barseghyan","2026-09-02 15:44:36",586.3,2,ghazarosbarseghyan91
4737,16668678,"Madhur Sabherwal","2026-08-14 02:47:14",586.2,2,madhur321
4738,16732945,"Aru Ohta","2026-08-29 12:19:07",586.2,2,aruohta
4739,16687604,Harrislrobinson,"2026-08-11 00:25:10",586.0,2,harrislrobinson
4740,16622938,"Farmville Redux","2026-08-03 18:58:04",585.8,2,daveconnor
4741,16666988,"Sarthak Vedant Mohanty","2026-08-08 00:10:11",585.8,2,sarthakvedantmohanty
4742,16690353,b13902103_yuhung94,"2026-09-01 05:03:15",585.7,2,yuhung94
4743,16769793,"Shivam Batra","2026-08-26 14:21:49",585.3,2,shivam744
4744,16736368,tora,"2026-08-19 06:54:47",585.0,1,toranosukenoda
4745,16673266,Preet,"2026-08-14 05:57:17",584.7,2,hpkaur34
4746,16757407,"Dylan Bailes","2026-08-26 07:11:56",584.6,2,dylanbailes
4747,16675457,"Ramana Prabhu Sana","2026-09-03 20:11:10",584.4,2,ramanaprabhusana
4748,16660119,"Dhruva Das","2026-08-05 17:05:52",583.8,2,dhruva77
4749,16672463,"Muzammil Baloch","2026-08-07 12:45:39",583.6,2,muzammilbaloch
4750,16630903,"Hrushikesh Pawar","2026-08-09 14:44:37",583.6,2,hrushikeshpawar
4751,16730649,Mink,"2026-08-27 08:41:02",583.4,2,"mahendransaeyohnn,mysterious5577"
4752,16639244,"Romone Dunlop","2026-08-11 10:19:49",583.3,2,romonedunlop
4753,16784966,oouiaa,"2026-09-02 09:59:57",583.3,2,tomofumihata
4754,16635600,"Divyansh Kumar","2026-09-01 19:42:25",583.1,2,"divyanshkumar3,vivekjeetpatel"
4755,16685652,LeonDuue,"2026-09-01 06:55:54",582.8,2,leonduue
4756,16722252,pwdh2026,"2026-08-14 22:16:22",582.5,2,pwdh2026
4757,16661858,"Lukas Lee e","2026-08-18 00:58:12",582.4,2,lukasleee
4758,16641009,"Marius Kirschner","2026-08-03 08:41:47",582.2,2,mariuskirschner
4759,16659025,"Mohammed Naseef","2026-08-05 09:01:20",582.0,2,mohammednaseef
4760,16666055,Axit,"2026-08-06 10:16:15",581.9,2,axitslab
4761,16772204,"Hamam Ahmed","2026-08-30 19:28:23",581.8,2,hamamelsanousi
4762,16761173,"Shinzo Takayama","2026-09-03 17:55:59",581.7,2,shinzotakayama
4763,16697346,"sayyid mogaka","2026-08-10 21:37:36",581.5,2,sayyidmogaka
4764,16663093,"Akul Sareen","2026-08-21 23:49:50",581.3,2,akulsareen
4765,16676320,"Khôi Trần","2026-08-29 14:14:57",581.1,2,khoitrn
4766,16712321,"Elias Schecke","2026-08-28 16:06:57",581.0,2,eliasschecke
4767,16743282,"Srivishnu Charan","2026-09-03 14:06:54",581.0,2,srivishnucharan
4768,16645446,gogo98415,"2026-08-29 06:04:15",581.0,2,gogo98415
4769,16655899,"Dominic Tedrow","2026-08-17 20:37:28",580.9,2,dominictedrow
4770,16628487,"Koichi HIRAOKA","2026-08-01 08:42:40",580.7,2,koichihiraoka
4771,16670274,"dankwa wadie","2026-09-01 08:45:40",580.3,2,dankwawadie
4772,16701454,"André-Marie BEHANZIN","2026-09-02 14:55:56",580.3,2,andremariebehanzin
4773,16712921,"Come Back","2026-08-20 00:45:45",580.3,2,amirhosseinltf
4774,16774134,kokdonbaq,"2026-08-30 14:07:52",580.2,2,darkhan14
4775,16743846,"Hemanth Raja Guttikonda","2026-09-03 09:41:56",580.2,2,"hemanthrajg,poojithakatta18"
4776,16698292,"Dallas Manning","2026-08-17 14:29:53",580.1,2,dallasmanning
4777,16657807,"Ragav Rida","2026-08-07 16:22:34",580.1,2,ragavrida
4778,16657332,"Amit Malakar","2026-09-03 05:18:39",580.1,2,amitmalakarjoy
4779,16656913,"Inna Davidov","2026-08-20 04:43:47",580.0,2,innadav
4780,16727961,"Ebenezer Olumeyan","2026-08-22 15:54:00",580.0,2,eolumeyan
4781,16802663,ipefix,"2026-09-01 17:34:35",579.8,2,nmsis91
4782,16672333,"Giovanny Rodríguez","2026-08-20 12:23:08",579.6,2,giovannyrodrguez
4783,16765668,shun_johnny,"2026-09-02 00:24:16",579.6,2,shunjohnny
4784,16661507,Siddharth1984,"2026-08-06 13:39:22",579.2,2,siddharth1984
4785,16687293,"Aurelie Jodelle Kemme","2026-08-20 00:25:43",579.1,2,"audreydemafo,aureliejodellekemme"
4786,16661432,"Ange Adantchede","2026-09-02 18:42:30",579.0,2,angeadantchede
4787,16773402,齐乐,"2026-08-28 05:52:43",578.8,2,qile200107
4788,16762994,AdvancedRising,"2026-09-03 17:44:17",578.6,2,advancedrising
4789,16757211,dacho,"2026-09-02 12:40:15",578.6,2,slothcafe
4790,16661832,"Roberto Garcia","2026-08-08 15:09:39",578.4,2,robertogarciada
4791,16698489,"JIUZHOU CHAN","2026-08-30 14:21:04",578.4,2,jiuzhouchan
4792,16654970,"Maycon Coutinho","2026-08-27 21:28:32",578.3,2,coutinhomaycon
4793,16657400,indrapurnama,"2026-08-08 05:42:05",577.9,2,indr0008
4794,16744898,"Tore Erdmann","2026-08-29 12:38:19",577.8,2,toreerdmann
4795,16786461,"Caleb Bredlow","2026-08-30 22:16:51",577.6,2,calebbredlow
4796,16781545,"Jake Lin","2026-08-31 02:28:54",577.3,2,jakelinai
4797,16662201,"Saumitra Verma","2026-08-04 18:28:36",577.2,2,saumitraverma
4798,16724847,"guangchen lu","2026-08-17 03:27:45",576.7,2,guangchenlu
4799,16655072,Sonuaswar1,"2026-08-04 07:33:47",576.6,2,sonuaswar1
4800,16795070,"HKUST Random","2026-09-02 09:39:09",576.3,2,siulungfan
4801,16658031,BSam79,"2026-08-27 21:28:23",576.1,2,bsam79
4802,16633577,Boxy,"2026-08-15 18:55:40",575.9,2,boxyml
4803,16656317,"Manu Rahi","2026-08-06 16:43:55",575.5,2,manurathi
4804,16726445,"James Patounas","2026-08-19 08:37:06",575.1,2,jamespatounas
4805,16670779,"Aditya Dube","2026-08-06 01:41:24",574.7,2,dubeaditya
4806,16696724,arkmid,"2026-09-03 04:31:25",574.7,2,arkmid
4807,16633069,"Nur Srijan","2026-08-06 12:55:34",574.6,2,nursrijan
4808,16696020,"Hugo Voisin","2026-08-11 16:08:06",574.6,2,hugovoisin
4809,16658627,"Osman Can ÇETLENBİK","2026-08-05 15:25:30",574.5,2,osmancancet
4810,16706985,Valmrnch,"2026-08-24 07:57:56",574.2,2,valmrnch
4811,16795624,"Shashwat Khare","2026-09-02 01:46:54",574.2,2,shshwtkhr
4812,16683918,Thuytien,"2026-08-07 17:20:33",574.1,2,thuytien200529
4813,16631480,"Kumar Abhijeet","2026-07-31 13:29:40",574.0,1,krabhijeet
4814,16624506,zhongtian,"2026-09-02 06:52:07",573.8,2,kmtbang
4815,16664140,Sxwat,"2026-08-23 01:13:13",573.6,2,aybatov
4816,16685349,Onelux,"2026-08-13 12:58:31",573.2,2,leehomhuang
4817,16705363,"Matt Hall","2026-08-16 01:44:32",573.1,2,matthall0
4818,16676663,"This cat is called Fumi","2026-08-11 18:21:43",573.0,2,qwer556617123
4819,16668509,HarryZ,"2026-09-02 15:59:31",572.9,2,mzhumzhu
4820,16740840,"Huchen Jiang","2026-09-02 09:18:47",572.3,2,huchenjiang
4821,16736579,rk777848,"2026-08-25 03:00:28",572.3,2,rk777848
4822,16762831,269,"2026-09-02 07:53:37",571.9,2,thahaarsh
4823,16658074,"Qui Ngx","2026-08-05 05:57:15",571.8,2,quingx
4824,16658160,yunquer,"2026-08-17 07:18:53",571.6,2,yunquer
4825,16714894,"Mitsuaki Inoue","2026-09-01 12:33:13",571.5,2,mitsuakiinoue
4826,16705415,"Mauro Najera","2026-08-11 05:30:13",571.2,2,mauronajera
4827,16755495,"Leo Udah","2026-09-03 20:13:53",571.2,2,leoudah
4828,16673034,"Milos Vlainic","2026-09-01 11:01:07",571.1,2,wlakinsson
4829,16677585,Pan,"2026-08-07 13:54:22",571.1,2,mehdiacho
4830,16634790,"Steven Lui","2026-08-03 12:22:08",570.8,2,stevenlui
4831,16759112,songxin,"2026-08-28 06:17:20",570.8,2,likewaterandwind
4832,16770440,"Tegar Putrayas Dentatama","2026-08-29 06:33:59",570.7,2,tegarputrayasd
4833,16623071,"Santiago Maniches","2026-09-03 01:49:33",570.6,2,santmani
4834,16658702,sherlockwatson007,"2026-08-29 08:48:53",570.3,2,sherlockwatson007
4835,16718042,"Muddassir Shah","2026-09-02 21:49:44",570.1,2,wisemanseed
4836,16693207,"Vamshi Guntupalli","2026-08-11 22:40:36",570.1,2,vamshiguntupalli
4837,16724395,"Hampton Yeh","2026-08-22 04:07:32",569.9,2,hamptonyeh
4838,16648589,"Yilan Zhu","2026-08-05 11:23:23",569.8,2,yilanzhu
4839,16823251,"Khaled Yousef","2026-09-03 20:23:21",569.8,2,recochet96
4840,16662715,"Great Okwuma","2026-08-17 00:10:46",569.7,2,greatokwuma2
4841,16752191,"Wenxuan Ye","2026-09-03 07:17:02",569.7,2,akomwins
4842,16701250,T00bii,"2026-08-11 16:11:06",569.7,1,t00bii
4843,16705480,Mint120,"2026-08-19 05:49:10",569.4,2,mint120
4844,16701779,"Chaoqi Luo","2026-08-15 16:42:19",569.1,2,chaoqiluo7
4845,16659896,TedT,"2026-08-11 19:36:14",568.9,2,fdsaur
4846,16663777,"Mortis Beans","2026-08-24 05:27:44",568.7,2,mortisbeans
4847,16709880,"Javier Pérez Robles","2026-08-15 02:21:07",568.7,2,javierprezrobles
4848,16753887,"Hong Tang","2026-08-24 21:41:20",568.5,1,hongtang15
4849,16715711,"Shawon Biswas","2026-08-19 10:42:24",568.4,2,shawonbiswas11
4850,16795284,"Kostas Tsolis","2026-09-03 07:24:31",568.3,2,tkostas
4851,16673324,Amaranta,"2026-09-02 18:48:45",568.2,2,ulyanovantonamaranta
4852,16755650,"kazuki morikawa","2026-08-30 09:21:54",567.9,2,kazukimorikawa
4853,16685582,Wasaanyi,"2026-08-18 09:21:30",567.9,2,"cnakakeeto,wasaanyi"
4854,16664370,"Joel Arias","2026-08-06 17:29:01",567.8,1,j4rias
4855,16665364,"Shien Zhang","2026-08-06 06:50:46",567.8,1,shienzhang
4856,16665331,winstonton,"2026-09-03 01:58:36",567.7,2,winstonton
4857,16688383,plong2101,"2026-08-18 06:21:34",567.5,2,plong2101
4858,16683309,"Zealous Sebastian","2026-08-09 12:45:32",567.5,2,zealoussebastian
4859,16665257,"Ken Li","2026-08-09 12:59:32",567.5,2,kenliwt
4860,16692246,"Pamod Jayaneth","2026-08-31 14:30:29",567.5,2,pamodjayaneth
4861,16654596,"khusham sheth","2026-08-13 05:28:55",567.3,2,khushamsheth
4862,16720714,"Lithole Munangiwa","2026-08-19 11:23:49",567.3,2,litholemunangiwa
4863,16659183,"Leonard Yaw Mensah","2026-08-05 02:22:25",567.3,2,leonardyawmensah
4864,16730749,"Đông Hà","2026-09-03 03:04:06",567.1,2,phapsucongu
4865,16811603,"Zhonghao Yang","2026-09-03 08:10:49",567.1,1,zhongh4oyang
4866,16669699,nikesh23,"2026-08-08 01:52:56",566.4,2,nikesh23
4867,16779813,zitihc,"2026-08-29 14:18:49",566.3,2,zitihc
4868,16637894,"Leonardo Domingues","2026-08-13 13:08:30",566.1,2,leonardodomingues
4869,16740662,宣城市机械电子职业技术学院,"2026-09-03 02:28:06",565.3,2,chenzhengy
4870,16661443,"STEPHEN ASANTE OPOKU","2026-08-04 16:45:41",565.3,1,stephenasanteopoku
4871,16688366,yokoikazumasa,"2026-08-08 19:25:58",565.0,1,yokoikazumasa
4872,16663618,Anthaus,"2026-08-09 17:06:35",564.9,2,anthaus
4873,16665511,phoenix_merk,"2026-08-05 09:46:25",564.9,2,phoenixmerk
4874,16705149,"Allen Chun","2026-08-15 04:59:05",564.9,2,allenchun
4875,16657681,"Prince Raj","2026-08-11 22:49:02",564.7,2,princerajmdb
4876,16726913,"T T‗Worker","2026-08-22 11:08:14",564.7,2,ttworker
4877,16729081,"Venkata Y","2026-08-19 00:45:13",564.6,2,venkatayerrapothu
4878,16749371,"Renisa Assyifa Putri","2026-08-21 05:24:07",564.6,1,renisaassyifaputri
4879,16674714,"Kaaleedass Manoharan","2026-08-31 19:07:47",564.6,2,kaaleedassmanoharan
4880,16778579,"Jiajia Zhang","2026-08-29 18:19:12",564.5,2,jiajiazhang01
4881,16656410,Sam,"2026-08-14 01:58:04",564.5,2,beartrader
4882,16784417,"Dallas Odem","2026-08-29 13:14:30",564.3,2,dallasodem
4883,16700661,"Aakash Kavuru","2026-08-12 05:13:05",564.0,2,aakashkavuru
4884,16658909,junesdata,"2026-08-06 15:14:26",563.9,2,junesdata
4885,16647607,pumpkin,"2026-08-07 13:57:58",563.8,2,gealachpumpkin
4886,16630784,"🚜 Sub-Par Seedlings","2026-08-11 08:39:26",563.8,2,"dwellement0baser,michaellist,oneupkiwi,wilhelmberghammer"
4887,16668562,"Anthony LOISEAU","2026-08-06 16:07:52",563.6,2,anthonyloiseau
4888,16723737,HaruhiroKazami,"2026-08-21 16:12:04",563.3,2,haruhirokazami
4889,16630335,"Solve Langseth","2026-08-05 06:48:57",563.3,2,solvelangseth
4890,16652952,lackmind,"2026-08-24 18:54:38",563.3,2,lackmind
4891,16685800,"Sumit Ridhal","2026-08-31 16:08:14",562.6,2,sumitridhal
4892,16770842,yatakeuc,"2026-09-02 23:03:58",562.5,2,yatakeuc
4893,16664266,"Ian Chung","2026-08-07 23:32:55",562.3,2,iannnnn012345
4894,16660081,fakyyy,"2026-08-09 11:19:15",562.3,2,manideepreddyakula
4895,16685722,"Jiahan Cao","2026-08-12 09:01:22",562.1,2,jiahancao
4896,16756987,"Joseph Paggeot","2026-08-24 04:32:57",562.0,2,josephpaggeot
4897,16709463,MKhlystun,"2026-08-12 12:41:42",561.7,2,mkhlystun
4898,16658115,SantaClaws,"2026-08-10 14:50:31",561.6,2,vovikdrg
4899,16777132,"Soham Dave","2026-08-27 14:51:01",561.4,2,sohamdave19
4900,16675477,"Joanne Yun","2026-08-07 13:40:53",561.2,2,joannejyun
4901,16723037,"Red Cat","2026-08-26 20:35:55",561.0,2,severl
4902,16756891,T.Uehira,"2026-08-24 11:34:16",560.9,2,tuehira
4903,16769648,"Alok Kumar","2026-08-28 18:04:50",560.9,2,shadowserpent
4904,16641622,datajanko,"2026-08-22 07:40:54",560.8,2,jankoch
4905,16757417,otter_0714,"2026-09-03 14:06:14",560.8,2,otter0714
4906,16657601,Simon,"2026-08-05 15:59:44",560.8,2,benten10
4907,16724269,lava,"2026-08-26 09:09:01",560.7,2,fanxiaozhen
4908,16671648,"[Deleted] 05e6ae2c-c72f-4044-b02f-dc74277e34ab","2026-08-09 07:21:22",560.6,2,del=871ca06d8c734ede
4909,16778703,kamaras,"2026-08-30 11:58:07",560.6,2,kamaras
4910,16724364,Sh4ron,"2026-08-28 21:17:28",560.4,1,sh4ron
4911,16714363,guohaowen,"2026-08-13 14:25:48",560.3,2,guohaowen1910
4912,16685028,"serene ng","2026-08-13 14:53:37",560.1,2,sereneng
4913,16670032,Kenjo1209,"2026-09-03 12:33:05",560.1,2,kenjo1209
4914,16661397,"T. Scharf","2026-08-05 02:54:36",559.6,2,scharf
4915,16668612,"raffael prem","2026-08-06 08:02:13",559.5,2,raffaelprem
4916,16657401,korpo,"2026-08-25 20:18:13",559.3,2,krisko
4917,16660955,"Nihal l.suvarna","2026-08-19 14:37:50",559.2,2,nihallsuvarna
4918,16629002,Alpro,"2026-08-17 22:27:30",559.2,2,"dogaakal,egekemalkaraca"
4919,16674943,feyZERO,"2026-08-16 10:48:50",559.1,2,faezamora
4920,16675060,"Xinger Gao","2026-08-31 08:52:07",559.0,2,xingergao
4921,16684024,"Work From Home 3.0","2026-08-14 12:33:30",558.9,2,"direct1,gongyiqian,jovansee,maxtankialok,n00bcak"
4922,16776505,"Muhammad Ahmad Amin","2026-09-03 06:47:40",558.8,2,ahmadamindw
4923,16623006,"Aaradhy Singhvi","2026-08-11 23:29:04",558.8,2,aaradhysinghvi
4924,16658344,SOONHANKWON,"2026-08-28 02:00:59",558.7,2,soonabletv
4925,16719857,"Howey do it","2026-08-14 23:06:06",558.6,2,ronincoppins
4926,16709492,abozten,"2026-09-02 21:26:04",558.3,2,abozten
4927,16707986,Pones_kaggle,"2026-09-01 22:08:32",558.1,2,pyd966
4928,16662690,"Pablo Gomez Perez","2026-09-03 18:32:19",558.1,2,pablogp
4929,16631919,"Ghinwa Allaoui","2026-08-04 16:27:17",558.1,1,ghinwaallaoui
4930,16661934,"Viacheslav Kasatkin","2026-08-10 10:48:25",557.9,2,viacheslavkasatkin
4931,16639679,"Felix Allistar","2026-09-01 13:57:44",557.8,2,felixallistar
4932,16680799,zixma13,"2026-08-25 13:12:44",557.7,2,zixma13
4933,16658265,kraken,"2026-09-01 22:49:41",557.6,1,krn0209
4934,16741113,kaitle,"2026-08-21 12:05:55",557.6,2,kaitle
4935,16664706,olivbhxf,"2026-08-06 07:10:34",557.4,2,olivbhxf
4936,16742059,dafei2025,"2026-09-03 09:19:34",557.1,2,dafei2025
4937,16656689,"Vansh Gupta","2026-08-11 08:56:56",557.0,2,vanshrl9ine
4938,16692637,"Blox Amaze","2026-08-09 09:47:42",556.8,2,bloxamaze
4939,16662043,"Hengcong Zhu","2026-08-05 14:46:24",556.8,2,hengcongzhu
4940,16631981,"Karen Letir","2026-08-10 09:21:51",556.8,2,karenletir
4941,16621499,"Alexandr Utkov","2026-08-01 00:21:43",556.8,2,alexandrutkov
4942,16627463,dnish,"2026-08-05 07:37:16",556.7,2,dnishio
4943,16755101,"Thomas van der Meer","2026-08-26 11:19:19",556.6,2,tvdermeer
4944,16682707,"AJAY KUMAR","2026-08-07 19:13:08",556.5,2,worldsslayer
4945,16726025,"Yanrun Chen","2026-08-30 12:26:01",556.2,2,yrchen98
4946,16688646,lakranitesh,"2026-08-08 12:49:18",556.2,2,lakranitesh
4947,16656470,Glimmeron,"2026-08-12 02:01:48",556.2,2,rishabhraushan
4948,16654485,"Mahbub Alam","2026-08-04 02:08:23",556.1,2,mahbubalam214
4949,16621367,Numari,"2026-07-31 16:30:01",555.9,2,numaritaisei
4950,16750751,AarizKh,"2026-08-24 22:41:15",555.8,2,aarizkh
4951,16639814,"Nikhil Krishna A","2026-08-27 19:01:40",555.6,2,techmasternikhil
4952,16757727,"Sohshi Nakamura","2026-09-03 00:34:43",555.6,2,sohshinakamura
4953,16661154,"gronky goobers","2026-08-15 14:39:05",555.5,2,"viktoriusontop,yoshisurjuise"
4954,16715126,준환,"2026-08-27 11:27:16",555.5,2,paulguilbert
4955,16693797,"Riyaz Ur Rehman","2026-08-17 02:21:15",555.4,2,riyazurrehman
4956,16793535,Pink,"2026-08-31 15:41:51",555.0,2,farjanaafrinswarna
4957,16660462,"Vishwanath N Iyer","2026-08-07 07:22:17",554.9,2,vishwanathniyer
4958,16635233,"Szymon Kłapiński","2026-08-03 10:04:12",554.9,2,szymonkapiski
4959,16811307,elmo,"2026-09-03 09:00:01",554.4,2,mktakizawa
4960,16668324,"Alden Jenish S","2026-08-06 14:02:09",554.4,2,aldenjenishs
4961,16774958,"Charles Wuytack","2026-08-27 14:58:07",554.3,2,charleswuytack
4962,16733948,novodude,"2026-09-01 10:42:40",553.9,2,novomont
4963,16667101,SundharSteyn,"2026-08-27 02:41:04",553.9,2,sundharsteyn
4964,16687942,"Arya Arun","2026-08-16 08:52:26",553.9,2,aryaarun07
4965,16796445,"Md Aminul Islam","2026-09-03 17:39:22",553.7,2,aminulabir
4966,16692168,"Kinshuk Aggarwal","2026-08-09 04:23:32",553.7,1,kinshukaggarwal
4967,16732529,"lixinglong ye","2026-08-25 06:51:24",553.6,2,lixinglongye
4968,16698103,JJ,"2026-09-02 09:46:15",553.4,2,jianjinchen
4969,16661927,JHCodeQuest,"2026-08-25 11:36:46",553.4,2,josephkhassan
4970,16763351,shutong114,"2026-08-24 15:17:06",553.1,2,shutong114
4971,16659294,"Muhammad Rafzan","2026-08-08 10:56:32",552.5,2,revianalfariz
4972,16813899,blueshine,"2026-09-03 08:37:05",552.4,2,minagawateru
4973,16683934,"Teja Madala","2026-08-10 14:46:07",552.3,2,tejamadala
4974,16771171,Manfucci,"2026-08-29 17:36:15",552.3,2,manfucci
4975,16632100,"Mohit Shirke","2026-08-07 17:55:11",552.2,2,orcivion
4976,16699707,"Afana Khalit putra","2026-08-11 08:57:25",552.1,2,afanakhalitputra
4977,16686109,"Triple Tensor","2026-08-17 08:24:26",551.9,2,"adinathjagtap777,pds178,prajwalzolage05"
4978,16661402,"Abin Biju","2026-08-11 18:00:35",551.8,2,abinbiju1
4979,16662722,"Ajeet Jain","2026-08-07 06:32:10",551.7,2,jainajeet29
4980,16765380,jslee_homeofson,"2026-08-25 13:10:22",551.6,2,jsleehomeofson
4981,16796810,JosephErikRibeiro,"2026-09-02 20:21:08",551.5,2,josepherikribeiro
4982,16673214,Boiga7,"2026-08-06 14:03:53",551.4,2,lewiselliot
4983,16661596,t@got@go,"2026-08-10 06:24:24",551.2,2,kamdaanahessod
4984,16680562,devsloppy,"2026-08-10 20:02:19",551.2,2,twu1738
4985,16666709,JSQL,"2026-09-02 18:52:37",551.0,2,jeffreyschott
4986,16666566,"Rairo Mukamuri","2026-08-19 10:09:08",551.0,2,thetraveller
4987,16699488,"Kelvin Lai","2026-09-03 14:45:54",550.9,2,kelvin84hk
4988,16664211,"Ben Wilson","2026-08-06 23:57:29",550.2,2,crispyryse
4989,16724842,"Mikaela Gkolemi","2026-08-21 19:04:38",550.2,2,mikaelagkolemi
4990,16672078,vietlinhh02,"2026-08-08 07:46:53",550.1,2,vietlinhh02
4991,16691466,"Jeeta Nandi ","2026-09-02 10:35:07",550.0,2,jeetanandi
4992,16748738,Shymohn,"2026-08-26 13:28:58",550.0,2,shymohn
4993,16745065,MrEvidentYew,"2026-08-24 18:36:02",549.9,2,mrevidentyew
4994,16753353,"Aayush Kumar","2026-08-29 16:26:46",549.8,2,devaayushkumar
4995,16808242,keowpwpwkeo,"2026-09-03 05:08:10",549.4,2,keowpwpwkeo
4996,16771623,kekuru,"2026-08-26 08:25:11",549.4,2,soyaishihara
4997,16685570,"Micah Fernando","2026-08-07 19:46:31",549.4,2,micahfernando
4998,16761589,"Eren -","2026-08-27 08:48:44",548.6,2,erenozyurek
4999,16661930,zzangsunghyeon,"2026-08-08 16:22:21",548.4,2,zzangsunghyeon
5000,16718338,"Oladimeji Adeyemi","2026-08-17 15:33:50",548.4,2,adeyemioladimeji
5001,16694171,"guanran wang","2026-08-11 05:57:12",548.3,2,guanranwang
5002,16783713,Gale,"2026-09-01 16:34:19",548.2,2,na1vel
5003,16665191,JoJa,"2026-09-03 02:12:33",548.1,2,"mojyou,noahzx"
5004,16789996,"Chen Jiaqi","2026-09-02 15:48:25",548.1,2,elaemchen
5005,16671779,"Syed Jawad","2026-08-30 10:44:37",548.0,2,syedjawad11
5006,16728137,mchicen,"2026-08-20 16:48:10",547.9,2,"iyaiji,mchicen"
5007,16744572,DivyanshAgg,"2026-08-31 19:30:49",547.8,2,divyanshagg
5008,16664913,"ABHISHEK KUMAR","2026-08-17 04:20:56",547.7,2,abhishek6545
5009,16663210,"Marco Nasuelli","2026-08-30 18:13:00",547.5,2,marconasuelli
5010,16735702,opflare,"2026-08-19 02:25:46",547.4,2,opflare1144user
5011,16743648,Hei_shao,"2026-09-01 11:27:25",546.8,2,heishao
5012,16707159,"Toua Innocent TIA","2026-08-17 16:28:36",546.7,2,centino
5013,16674308,"Ayush Roy","2026-08-06 20:28:57",546.6,2,ayushroy39
5014,16664502,"Alejandro Morales","2026-08-10 01:05:59",546.3,2,langley96
5015,16651872,Evgen21,"2026-08-05 14:03:50",546.3,2,evgen21
5016,16637649,cameronezrajones579,"2026-08-15 15:49:12",546.2,2,cameronezrajones579
5017,16658327,pocari1,"2026-08-19 07:17:28",545.9,2,pocari1
5018,16695102,whitelok,"2026-08-11 12:54:41",545.9,2,whitelok
5019,16664252,"Huy Hoang","2026-08-15 03:59:40",545.7,2,themeend
5020,16715897,shettynaisha,"2026-09-03 18:06:34",545.6,2,shettynaisha
5021,16701761,BalaVignesh,"2026-08-11 17:04:37",545.3,2,balavignesh
5022,16736632,Leo,"2026-08-30 05:45:08",545.2,2,huangkx666
5023,16675866,DanilChil,"2026-09-03 19:17:09",545.1,2,danilchil
5024,16775781,"Gideon Oba","2026-08-28 21:31:00",545.1,2,gideonoba
5025,16693033,AgriBot,"2026-08-13 23:53:10",545.1,2,prcieuxcomlan
5026,16675493,"Ryotaro Minato","2026-08-22 23:49:23",545.1,2,ryotarominato
5027,16644577,"Arthur Merritt","2026-08-04 07:11:11",545.1,2,jarthuph
5028,16743055,栗ご飯,"2026-09-03 00:39:17",545.0,2,criticalpath1903
5029,16709837,Sophinator,"2026-09-02 18:32:09",544.9,2,sophinator
5030,16658895,kunihiro,"2026-08-17 03:05:05",544.7,2,kunihiro
5031,16689908,Hyun777,"2026-08-14 01:11:17",544.7,2,hyun777
5032,16632157,"福原 大知","2026-08-03 06:46:04",544.7,2,fxxyfox
5033,16695400,"Karam Khasawneh","2026-08-10 20:29:16",544.6,2,karamkhasawneh
5034,16661382,CBenaventte,"2026-09-02 13:35:27",544.4,2,cbenaventte
5035,16697568,"Sergey Fedorov","2026-08-20 21:25:34",544.3,1,bd01ar
5036,16679958,Bum_Fy_Mz,"2026-08-13 20:31:44",544.0,2,bumfymz
5037,16668589,"Gleb Naumkin","2026-08-05 22:46:26",543.4,1,glebnaumkin
5038,16744610,"Safiullah Baig","2026-08-20 13:16:58",543.3,1,safm1rza
5039,16702281,"Dhruv Patel #2","2026-08-10 21:25:08",543.2,2,dhruvpatel1972
5040,16635481,Jamaisvu,"2026-08-20 15:39:29",543.1,2,jamaisvu
5041,16666637,"Uttam Limbani","2026-08-07 13:41:14",543.0,2,uttamlimbani
5042,16709487,Kohei,"2026-08-19 20:54:42",543.0,2,kshintani
5043,16792568,李秉叡（ntumlnoob）,"2026-09-02 06:52:48",542.9,2,ntumlnoob
5044,16755781,NaveenManwani,"2026-08-28 05:37:31",542.9,2,naveenmanwani
5045,16662060,"Richard Valino","2026-08-06 16:03:36",542.7,2,richardvalino
5046,16655630,askBillyWhatMamaDid,"2026-08-28 02:06:18",542.6,2,askbillywhatmamadid
5047,16738218,kiyo,"2026-08-30 02:39:48",542.6,2,kiyohiro
5048,16644765,MoeCode,"2026-09-02 08:03:55",542.4,2,syrianeagle
5049,16736951,giacomovin,"2026-08-25 20:14:52",542.4,2,giacomovin
5050,16718295,doinggyu,"2026-08-18 12:56:58",542.4,2,doinggyu
5051,16666652,"Mohamed Fanni","2026-08-17 00:51:38",542.4,2,"arachid,mohamedfanni,soukaynamokhtari"
5052,16659444,"ANKIT AGARWAL","2026-08-29 13:58:51",542.2,2,ankwall223
5053,16726854,"Tâm La Thành","2026-08-27 08:55:02",542.1,2,tmlathnh
5054,16649421,Eltormtace,"2026-08-14 04:35:15",542.0,2,eltormtace
5055,16694314,"Ali Abbas Baig","2026-08-28 19:55:16",541.7,2,aliabbasbaig
5056,16720049,"aditya emmadishetty","2026-08-14 13:20:54",541.7,2,adityaemmadishetty
5057,16665046,"Srish Jana","2026-08-06 18:12:59",541.6,2,srishjana
5058,16665080,"RAVI KUMAR696996","2026-08-05 06:14:29",541.5,2,ravikumar696996
5059,16692644,"Achille Gohin","2026-08-10 00:26:26",541.4,2,achillegohin
5060,16665436,Aeternum,"2026-08-15 18:31:32",541.3,2,"donbinoy2004,surajkumarks"
5061,16729152,Antoine,"2026-08-17 10:12:04",541.3,2,a11t01n3
5062,16693003,ShirrleyChen,"2026-08-15 12:54:58",541.2,2,shirrleychen
5063,16678154,"Hashim Far","2026-08-08 04:20:32",541.2,2,hashimfar
5064,16662875,Jimmy,"2026-09-03 04:39:13",541.2,2,jiyo4476
5065,16705661,"Toshiki Touda","2026-08-13 06:51:05",541.1,2,toshikitouda
5066,16768939,"Pratham Sonawane","2026-08-30 17:37:23",541.0,2,prathamsonawane1
5067,16722109,Navneet,"2026-08-14 14:02:35",540.7,2,zxcdfg
5068,16659505,"Duleeka Mevan","2026-08-06 09:32:46",540.1,2,duleekamevan
5069,16665281,"[Deleted] 899172b8-e148-4564-ba8c-c46356105ab8","2026-08-05 09:55:11",540.0,2,del=cd7e9a4014b872ef
5070,16706277,"ratat Zheng","2026-08-12 10:25:38",539.8,2,ratatzheng
5071,16663188,"Ethan Feng","2026-08-05 22:09:38",539.6,2,xenon111231
5072,16657674,Warriors,"2026-08-29 14:12:29",539.5,2,"karthikreddykarri,kovvurisaimohanreddy,vikramadityaabhiram"
5073,16701046,"Thanakorn Kaewwiang","2026-08-14 17:13:39",539.1,2,deweytng
5074,16717601,"Mariem Fersi","2026-08-24 23:22:14",538.9,2,"mariemfersi,yassinebrahem2"
5075,16700501,Konno,"2026-08-28 09:32:25",538.8,2,nearfield1234
5076,16655069,"Jason Harrison","2026-08-05 20:56:59",538.7,2,jasonharrisonco
5077,16715769,Ethereallll1,"2026-08-14 15:21:12",538.7,2,ethereallll1
5078,16749038,Seuz,"2026-08-29 18:40:14",538.6,2,kohdawei
5079,16745574,"Yadunandan Raman","2026-08-22 12:20:06",538.6,2,yadunandanraman
5080,16769170,"Hardik Savaliya211","2026-08-25 11:07:10",538.6,2,hardiksavaliya211
5081,16672473,goldfish,"2026-08-13 03:34:21",538.6,2,dolgfish
5082,16658925,CYBWithFlourish,"2026-08-06 15:56:28",538.4,2,cybwithflourish
5083,16670719,SimoImane,"2026-08-05 23:36:09",538.4,2,simoimane
5084,16798918,"Toan Nguyen Mau","2026-09-02 23:54:19",538.2,2,toannguyenmau
5085,16733785,"Stuart Gilbert","2026-08-30 01:52:41",537.9,2,stuartgilbert
5086,16716531,tebenia,"2026-08-16 08:06:58",537.9,2,tebenia
5087,16661646,"Sergey Shcherbakov","2026-08-12 21:58:30",537.5,2,sergey140146659
5088,16672657,"Lochan Naik","2026-08-07 08:41:44",537.5,2,lochannaik
5089,16689372,"Kiran Yerpude","2026-08-12 05:39:43",537.4,2,kiranyerpude
5090,16775131,"Re Son","2026-08-27 14:29:31",537.3,2,lemelson
5091,16653118,"Elmira Yekani","2026-08-18 17:05:20",537.1,2,elmirayekani
5092,16727219,"Chukka Venugopalam","2026-09-03 08:05:41",536.8,2,chukkavenugopalam
5093,16715942,_@HimShukla23,"2026-08-18 03:57:15",536.8,2,himshukla23
5094,16726155,miyawakiayaka,"2026-08-15 18:50:10",536.7,2,kanatakon
5095,16658391,"Jack #2","2026-09-03 13:46:29",536.5,2,jack1233
5096,16654974,"ACd Rooy","2026-08-11 06:35:28",536.3,2,acdrooy
5097,16724470,"Mahdi Rafati","2026-08-24 15:32:51",536.1,2,mahdirafati
5098,16646286,"C Aravindhan","2026-08-04 05:03:22",536.1,2,caravindhan
5099,16723583,"varun chindage","2026-09-03 02:05:10",536.0,2,stormy420
5100,16659261,PromptEngineer48,"2026-08-04 16:44:46",536.0,2,promptengineer48
5101,16772455,dextrecity,"2026-08-30 11:37:56",535.6,2,"dextrecity,leo0pa"
5102,16783677,"Đặng Anh Thịnh","2026-08-28 08:31:12",535.5,1,nganhthnh
5103,16688296,"Michael Pollind","2026-08-28 13:30:32",535.3,2,mpollind
5104,16762427,Raj_craj,"2026-08-30 20:27:00",535.2,2,rajcraj
5105,16737532,lsystudyhard,"2026-08-22 12:16:47",535.2,2,lsystudyhard
5106,16780592,sergey,"2026-08-27 19:09:25",535.1,2,sadsdfsdf
5107,16630163,"SEREENA JERRY","2026-08-06 08:59:17",534.9,2,serenajerry
5108,16686972,"Ankit Maurya","2026-08-23 07:05:44",534.8,2,"ankitmaurya16,rudraprasadsah"
5109,16660089,ChristosGrigoras,"2026-08-07 22:41:49",534.8,2,cgrigoras
5110,16691807,lbs-vadar,"2026-08-26 18:29:57",534.7,2,lbsvadar
5111,16725123,"Pham Quang Nghia","2026-08-22 15:00:51",534.5,2,phamquangnghia
5112,16722561,Asia214,"2026-08-30 02:26:16",534.3,2,asia214
5113,16632368,"Yuelin Bai","2026-08-03 08:15:12",534.2,2,paralym
5114,16656797,"رحيم محمد","2026-08-04 20:05:45",533.9,2,darkmaxedwe
5115,16664608,sid,"2026-08-07 18:18:04",533.9,2,sidshastri04
5116,16660060,AnkitGoyal,"2026-08-05 15:33:29",533.8,2,goyalankit
5117,16653809,acbabc123,"2026-08-04 13:53:53",533.7,2,acbabc123
5118,16726211,RepeatAfterMe,"2026-08-17 08:21:41",533.7,2,bekirsciftler
5119,16681778,kzeus@003,"2026-08-12 05:12:15",533.6,2,kzeus003
5120,16662938,CarlitrosParra,"2026-08-05 21:34:52",533.5,2,carlitrosparra
5121,16668154,JuanEspana,"2026-08-09 11:38:32",533.5,2,juanespana
5122,16737362,"moushun chen","2026-08-20 06:45:46",533.3,2,moushunchen
5123,16764751,"Abhishek Parmar","2026-08-26 04:06:39",533.2,2,abhisheknparmar
5124,16657383,"Shih Hua Chou","2026-08-18 03:51:08",533.2,2,shihhuachou
5125,16814805,Muzhi11,"2026-09-03 13:09:30",532.9,2,muzhi11
5126,16654885,"Jason Kong","2026-08-04 06:52:19",532.8,2,jasonkongie
5127,16675873,"Zhu Liang","2026-09-02 14:54:40",532.7,2,paradite
5128,16676613,LCZ1996,"2026-08-29 02:02:59",532.6,2,lcz1996
5129,16765688,jihunai,"2026-08-26 23:15:54",532.3,2,jihunai
5130,16663232,"Marco Mangan","2026-08-30 01:46:02",531.9,2,masmangan
5131,16693045,"Huseyin Battal","2026-08-09 05:41:25",531.9,2,huseyinbattal
5132,16664116,"Bogdan Sburlea","2026-09-02 01:59:38",531.9,2,bogdan1405
5133,16708348,"Edilaine Arceno","2026-08-28 18:41:14",531.8,2,edilainearceno
5134,16719257,"Alexander Morozov","2026-08-14 23:53:53",531.7,2,scanhex
5135,16730577,"Team Rocket’s Orbital Farm","2026-08-21 08:31:07",531.7,2,koheitsutsumi
5136,16623824,zhangende02,"2026-08-01 01:15:21",531.6,2,zhangende02
5137,16662995,"carlos mario de oro aguado","2026-08-06 21:08:28",531.5,2,cdeoroaguado
5138,16725483,PQ_Marz,"2026-08-15 16:25:50",531.1,2,pqmarz
5139,16794598,"Andrew Yu","2026-09-02 04:51:57",531.0,1,andnyu
5140,16687330,"Mehmet Ensar Çetin","2026-08-15 07:39:29",530.9,2,mehmetensaretin
5141,16721814,"DOAMBA Jean Edouard Odilon","2026-08-24 14:48:43",530.8,2,doamba
5142,16714488,"HusseinNadem Nadem","2026-08-26 01:53:13",530.7,2,husseinnademnadem
5143,16657929,Robert-zwr,"2026-08-05 11:15:48",530.7,1,robertzwr
5144,16688873,cancel,"2026-08-18 06:50:33",530.6,1,rugaru
5145,16665865,"Agrippa Beaulieu","2026-08-08 19:09:28",530.6,2,agrippabeaulieu
5146,16735251,AlviH47,"2026-08-19 14:25:48",530.5,2,alvih47
5147,16670634,"Narayan Sharan","2026-08-07 21:13:42",530.3,2,narayansharan
5148,16640399,Hubbahub,"2026-08-04 20:40:39",530.1,2,hubbahub
5149,16725955,"Aditya Pandey","2026-08-17 00:10:10",530.0,2,adipandey777
5150,16663707,DotBix,"2026-08-12 21:45:54",529.8,2,dotbix
5151,16663327,Gnr8tr,"2026-08-13 14:16:44",529.6,2,wilburjpereira
5152,16663267,"Sravya Isukapatla","2026-08-11 10:14:54",529.5,2,sravyaisukapatla
5153,16645870,"Barathan Aslan","2026-08-03 08:21:55",529.4,2,barathanaslan
5154,16661682,"Rishi Gupta","2026-08-05 07:46:38",529.4,2,rishigupta07
5155,16729510,ARM,"2026-09-02 17:05:16",529.0,2,"midhun4126,mrohithjohn"
5156,16743852,"Alexander & Erik","2026-08-26 21:01:59",528.8,2,"alexandermlad,erikpymay"
5157,16649077,"Yifan Yang 135","2026-08-11 06:22:40",528.3,2,yifanyang135
5158,16765194,henry,"2026-08-24 13:39:29",528.3,2,zchenry
5159,16626105,sasaki,"2026-08-24 02:34:55",528.2,2,rsasaki
5160,16662293,"Alejandro Fonda","2026-09-02 01:09:18",527.9,2,alejandrofonda
5161,16767754,"Dr. T","2026-08-28 07:00:33",527.8,2,davinor
5162,16743136,unhappy,"2026-09-03 17:30:05",527.7,2,chenyahui123
5163,16638883,LeiYang,"2026-08-03 15:04:07",527.7,2,leiyangcq
5164,16656641,AndrewEly8,"2026-08-05 00:56:32",527.7,2,andrewely8
5165,16681924,WEcoS,"2026-08-10 04:32:03",527.6,2,aungkhainghtun
5166,16631547,"Chong Xuan Ng","2026-08-08 15:38:52",527.5,2,chongxuanng
5167,16656573,"Ashiq Firoz","2026-08-17 18:20:11",527.5,2,ashiqfiroz
5168,16759381,"Subhan Hussain","2026-08-26 10:37:25",527.4,2,subhanhussain0205
5169,16623646,"Minal kharat123","2026-08-23 01:39:06",527.3,2,minalkharat123
5170,16780097,"wei chang","2026-09-02 12:47:44",527.2,2,wayne0404
5171,16672798,yaphanqiii,"2026-08-27 07:55:23",527.1,2,yaphanqiii
5172,16661225,"Menelik Zafir","2026-08-31 22:16:27",526.9,2,monibeefudgekins
5173,16711812,"zhan renyi","2026-08-31 05:24:39",526.8,2,zhanrenyi
5174,16742470,AK,"2026-08-31 09:52:39",526.6,2,aman1391
5175,16662015,"ryan panda","2026-09-03 04:46:50",526.5,2,hollowpurple
5176,16665424,taaaaanq,"2026-08-17 14:23:35",526.4,1,"chuayaplong,flashtigro,huayu05,taaaaanq"
5177,16682667,"zeel vavliya","2026-08-20 14:48:59",526.4,2,zeelvavliya
5178,16641948,JustForFun,"2026-08-18 08:00:36",526.3,2,thangphung215
5179,16802750,"[Deleted] fafa60dd-8026-43cc-b656-34ca4625ef7d","2026-09-01 12:22:13",526.1,1,del=e2a734cecd171934
5180,16802752,hako22,"2026-09-01 12:25:41",526.0,1,hako22
5181,16790943,"Tashfik Salehin","2026-08-29 17:48:22",525.9,1,tashfiksalehin
5182,16726044,"Lena Traczuk","2026-08-22 12:03:58",525.9,2,lenatraczuk
5183,16657502,Jasmeen,"2026-08-16 08:59:05",525.8,2,jasmeen0207
5184,16623198,"Chris D'Mello (ineligible)","2026-07-31 17:32:46",525.6,1,cdmello
5185,16645936,"Abhy Rejikumar","2026-08-22 19:26:23",525.5,1,abhyrejikumar
5186,16661105,"Vignesh Murugan","2026-08-04 19:57:46",525.5,2,vigneshv1cky
5187,16682984,"Rishikesh Bharat Koli","2026-08-08 04:18:06",525.4,2,rishikeshbharatkoli
5188,16668606,"Hasith Kulathilaka","2026-08-31 19:09:39",525.4,2,hasithkulathilaka
5189,16668137,"Thomas De Sousa","2026-08-06 06:34:48",525.3,2,thomasdesousa
5190,16750273,"Nil Lic","2026-08-24 12:08:02",525.3,2,nillic
5191,16695521,"Chen Ken","2026-09-02 14:22:26",525.2,2,nutastray
5192,16663368,"Laurence Dale","2026-08-12 18:00:07",525.1,2,laurencedale
5193,16692480,"Khalis Murfid","2026-08-24 07:03:02",525.1,2,khalismurfid
5194,16749271,"Shoki Suzuki","2026-09-01 13:48:43",524.9,2,shokisuzuki
5195,16670218,"What is Coding?","2026-08-07 01:47:17",524.9,2,matthewshvarts
5196,16804768,Chaos,"2026-09-03 01:53:55",524.8,2,hcfighting
5197,16632118,nk,"2026-09-03 12:17:09",524.8,2,nagatakengo
5198,16668108,"Suresh Chandra Mangena","2026-08-11 09:32:31",524.7,2,sureshchandramangena
5199,16674612,"Muhammad Dhiaz Rafilianza","2026-08-22 05:48:04",524.5,2,dhiazr
5200,16627009,c0sm1c,"2026-08-01 11:06:14",524.5,1,tanghao111
5201,16733644,Gavilán,"2026-08-23 19:41:22",524.3,2,gaviln
5202,16761657,Picu,"2026-08-23 10:42:49",524.2,2,rumoschilling
5203,16666716,"Fanis Alexakis","2026-08-17 11:59:15",524.2,2,fanisalexakis
5204,16686902,"Aaditya Jain","2026-08-10 08:59:33",524.0,1,aadityajain2312
5205,16661460,Lucky,"2026-09-03 07:49:58",523.7,2,tmiya0107
5206,16748462,"Jiwon Lee","2026-09-03 11:22:14",523.6,2,jibong7600
5207,16661449,"Samarjeet Singh","2026-08-23 04:32:19",523.5,2,samarjeet010
5208,16699207,"Bipin Rimal","2026-08-10 07:45:21",523.4,2,bipinrimal314
5209,16793080,"Lonan Syayf","2026-08-31 19:44:09",523.2,2,lonansyayf
5210,16773195,"Pham Nguyen Thanh Huy","2026-08-27 05:25:55",523.1,2,huyphmnguyenthanh
5211,16674605,Versilogic,"2026-08-16 07:54:48",522.9,2,versilogic
5212,16636973,"Ali Ali G","2026-08-03 18:36:40",522.8,2,alialig
5213,16654984,"Guseinov Elvin","2026-08-08 21:44:00",522.4,2,guseinovelvin
5214,16687237,Khalibryler,"2026-08-11 09:17:03",522.2,2,khalibryler
5215,16729914,Christina,"2026-09-03 17:53:57",522.2,2,geekycb
5216,16665374,UmangDobhal03,"2026-08-06 03:46:29",521.7,2,umangdobhal03
5217,16661233,"Uriel Johnson","2026-08-05 08:45:24",521.6,2,urieljohnson
5218,16668461,SobanAli,"2026-08-19 15:49:03",521.6,2,soban256
5219,16667517,"Recep Barkın Topcu","2026-08-31 05:30:02",521.2,2,recepbarkntopcu
5220,16773194,NgNhan3110,"2026-08-27 09:36:17",521.1,2,ngnhan3110
5221,16775214,"Sambhav R","2026-08-27 15:34:44",521.1,2,sambhavr
5222,16790206,"bogdan chirkov","2026-09-03 19:47:26",520.9,2,bogdannchirkovv
5223,16696231,"Oleg Smirnov","2026-08-09 19:22:20",520.9,2,smirnolegov
5224,16771340,pang,"2026-09-02 14:30:24",520.9,2,pangwenfeng
5225,16639577,Haitaks,"2026-08-16 09:42:16",520.3,2,haitaks
5226,16658476,"goksel yesiller","2026-08-04 11:07:53",520.2,2,gokselyesiller
5227,16633240,Igor,"2026-08-24 15:39:09",519.9,2,igor14497
5228,16667078,dprinzensteiner,"2026-08-05 14:06:26",519.4,2,dprinzensteiner
5229,16768079,Sohee087,"2026-08-24 20:21:01",519.2,1,sohee087
5230,16692263,"ADITYA CHAVAN","2026-08-09 17:44:15",519.1,2,adityasnr7
5231,16654347,"aarav maheshwari1","2026-08-26 05:57:03",518.9,2,aaravmaheshwari1
5232,16664352,"Shreyash Asati","2026-08-06 10:40:56",518.7,1,shreyashasati
5233,16625216,"Emre Can","2026-08-01 17:05:51",518.6,2,seicatsu
5234,16756561,"Eren Tekin","2026-08-31 00:34:25",518.6,2,erennntkn
5235,16767585,Hyena,"2026-08-25 22:17:26",518.5,1,hemant0
5236,16636333,xiaoyang66,"2026-08-17 13:35:28",518.4,2,kennethhao8
5237,16630520,dimitris_x94,"2026-08-23 21:10:57",518.4,2,dimitrisx94
5238,16654394,sserges,"2026-08-08 20:46:14",518.1,2,sserges
5239,16780783,priscilamaria5363,"2026-08-28 15:10:15",518.0,2,priscilamaria5363
5240,16662790,"Derek Earnhart","2026-08-04 18:04:01",517.8,1,derekearnhart
5241,16661950,moonmelonpizza,"2026-08-09 12:25:23",517.6,2,moonmelonpizza
5242,16709918,GUI666,"2026-08-26 16:17:40",517.5,2,gui666
5243,16694330,"Jack Way","2026-08-10 11:48:42",517.2,2,jackway05
5244,16688662,"Faz Forward","2026-08-08 09:03:10",516.9,2,fazforward
5245,16774035,"Shengfeng Wang","2026-08-26 07:28:46",516.9,1,shengfengwang
5246,16808020,Pulkitt.Arora,"2026-09-03 14:16:09",516.6,2,pulkittarora
5247,16694146,"JIlong Zhou","2026-08-26 15:04:38",516.5,2,acemaker
5248,16655080,"Mohamed Judi","2026-08-31 00:47:20",516.3,2,mhjudi
5249,16707331,"Simon Ziegs","2026-08-23 22:54:11",515.9,2,simonziegs
5250,16661287,"Jacob Hanlon","2026-08-11 13:59:58",515.9,2,jacobhanlon
5251,16683837,"Blessed Ngorima","2026-08-18 09:40:53",515.8,2,blessedngorima
5252,16719742,"Varun Dave","2026-08-31 22:56:07",515.7,2,"pranavtrivedi02,varundave95"
5253,16740709,"Abimael Firstana #2","2026-08-23 11:07:52",515.7,2,abimaelfirstana99
5254,16666071,"Arda Yıldız","2026-08-20 09:33:54",515.7,2,xreina8
5255,16798775,Lissabon,"2026-09-01 09:10:26",515.6,1,lissabon
5256,16751058,"Henrique Loyola ","2026-08-21 05:29:59",515.6,2,henriqueloyola
5257,16731636,関西人,"2026-08-24 06:23:14",515.6,2,m1333666888
5258,16641501,Sonal,"2026-08-08 22:07:46",515.5,2,sonalm13
5259,16655881,"Zhuoran Zhao","2026-08-07 16:50:04",515.4,2,yearcakes
5260,16700080,Kaushik,"2026-08-10 11:11:18",515.4,2,kgarumugam
5261,16728014,Alpha223,"2026-08-23 09:40:33",515.3,2,alpha223
5262,16702713,"Rob Sartin","2026-08-27 23:15:44",515.3,2,robsartin
5263,16645302,LuCcc,"2026-08-03 09:45:35",514.8,2,luuuuccccc
5264,16810060,galileo680,"2026-09-02 17:41:43",514.8,1,keter333
5265,16679872,"Kirby Won","2026-08-19 16:47:21",514.7,2,kirbywon
5266,16657528,"Symekah Shadrack Basweti","2026-08-05 10:17:09",514.7,2,symekah99
5267,16717018,"Urvashi Bansal","2026-08-17 09:12:29",514.6,2,urvashibansal123
5268,16718828,"Tejas Nisar","2026-08-23 17:04:45",514.6,2,tejasnisar
5269,16625808,"Etsushi Yamamoto","2026-08-09 16:50:41",514.4,2,etsushiyamamoto
5270,16706143,Adityaupadhyay0805,"2026-08-20 04:28:06",514.3,1,adityaupadhyay0805
5271,16728863,Irabala,"2026-09-03 18:59:14",514.2,2,irabala1
5272,16669397,"Abed Kibbe","2026-08-30 07:22:49",514.0,2,abedkibbe
5273,16621437,AdamBelniak,"2026-08-03 18:15:21",514.0,2,adamos581
5274,16792069,"Yen Hung1021","2026-09-03 16:09:33",513.8,2,yenhung1021
5275,16700211,miya,"2026-08-23 12:25:44",513.6,2,miyamuratakeki
5276,16723490,"Panashe Arthur Mhonde","2026-08-22 11:41:19",513.6,2,panashearthurmhonde
5277,16662647,"Ruben Maya","2026-08-18 20:55:57",513.6,2,rubenmaya
5278,16768456,清水一希,"2026-08-25 00:47:38",513.4,1,kazukishimizu0427
5279,16724984,anish711,"2026-08-22 17:54:18",513.3,2,anish711
5280,16728318,T3jas06,"2026-08-22 19:45:13",513.1,2,t3jas06
5281,16779152,"taijiu int","2026-09-03 17:02:12",513.0,2,taijiuint
5282,16762168,Lewbei,"2026-08-25 02:13:07",512.8,2,lewbei
5283,16671602,"Nithin Nambi","2026-08-07 00:09:31",511.6,2,nitthewit
5284,16654401,ChronoForensics,"2026-08-08 17:26:11",511.5,2,ryanwollmuth
5285,16663040,"BARBARA GASKINS","2026-08-12 01:08:47",511.4,2,barbaragaskins
5286,16697448,"Mykola Mazniuk","2026-08-15 17:57:39",511.3,1,mykolamazniuk
5287,16721940,DarkLayer,"2026-08-22 02:07:13",511.3,2,nnpaopao
5288,16763898,"Tarık Sarıcı","2026-08-24 09:54:31",511.1,2,ssarici
5289,16627324,"Attack on Kaggle","2026-08-06 13:27:22",511.0,2,user19394494
5290,16677524,"Phúc Phạm","2026-08-07 20:16:24",510.9,2,phucpham77
5291,16668698,Addie,"2026-08-08 05:21:08",510.9,1,addie999
5292,16795877,"Marco Polo","2026-09-03 03:27:06",510.9,2,zhesong1
5293,16682869,"Sepideh Rahmati","2026-08-12 08:10:46",510.8,2,sepidehrahmati
5294,16783367,hezhiqian,"2026-08-30 18:02:37",510.7,2,hezhiqian
5295,16638967,"Jenny Luo","2026-08-01 23:55:07",510.7,2,"jennyluo96,kyeoh92"
5296,16632105,"shreyas sangalad","2026-08-02 12:01:08",510.5,2,spoortisangalad
5297,16678246,"Mark Holloway","2026-08-13 08:48:08",510.3,2,markholloway
5298,16734290,CodeAMANSA,"2026-09-01 01:29:02",510.2,2,bcollazo
5299,16661576,"Yash Jumde","2026-08-15 20:09:59",510.1,2,yashjumde
5300,16758526,"sudo give_me_the_prize","2026-08-24 16:34:02",509.9,2,ibrahimab2
5301,16757204,hhcjj,"2026-08-22 06:42:32",509.7,2,hhcjjkk
5302,16655600,"VYSHAKH G NAIR","2026-08-04 21:31:24",509.7,2,vyshakhgnair
5303,16792630,Vipluv1,"2026-09-03 16:11:19",509.5,2,vipluv1
5304,16683390,Christopher34,"2026-08-08 00:20:59",509.5,2,christopher34
5305,16621572,"Abdulazeez AbdulMumeen","2026-08-05 10:59:27",509.2,2,ayobeen
5306,16673109,"Surya Bhattiprol","2026-09-02 02:33:17",509.2,2,suryabhattiprol01
5307,16660330,wangyikai,"2026-08-09 07:59:45",509.0,2,wangyik
5308,16659681,"Aditya Seth","2026-09-03 08:27:52",509.0,2,adityaseth777
5309,16778947,mart3104,"2026-09-03 14:46:14",508.9,2,mart3104
5310,16731790,"A random farmer","2026-08-18 02:19:53",508.8,1,hinatatokuda
5311,16691628,"Gavin Walsh (N1DGE11)","2026-08-08 16:07:24",508.8,2,gavinwalshn1dge11
5312,16691761,"Evie Barker","2026-08-15 13:40:05",508.8,2,eviebarker
5313,16644410,"Swaroop Kallakuri","2026-08-04 15:40:29",508.8,2,ksjpswaroop
5314,16681637,nasu01,"2026-08-07 10:14:10",508.6,2,nasu01
5315,16664205,"shr Wei","2026-09-03 06:00:47",508.5,2,shrwei
5316,16653049,"Umut Doruk Öztürk","2026-09-02 09:52:16",508.5,2,umutdorukztrk
5317,16693795,kurt,"2026-08-30 15:22:47",508.2,2,syarht
5318,16678613,iBooNDK,"2026-08-09 19:03:37",508.1,2,iboondk
5319,16728414,"Pedro Caycho","2026-08-16 12:40:26",508.0,1,pjcc1123
5320,16665949,Rbda,"2026-08-06 14:18:03",507.4,2,brazvan
5321,16690698,posty_melek,"2026-08-15 05:06:40",507.2,2,srisaraswati
5322,16669117,"Shrikant Lambe","2026-08-10 23:31:50",507.1,2,shrikantlambe
5323,16743032,"Sabarishvar S S","2026-09-03 17:49:08",507.0,1,sabarishvarss
5324,16661323,mzyktkhs,"2026-08-10 13:21:59",507.0,2,mzyktkhs
5325,16729214,kisamaki0815,"2026-08-28 01:21:57",506.8,2,kisamaki0815
5326,16722341,"Pham Huu Bao Chung","2026-08-23 21:44:46",506.8,1,phamhuubaochung
5327,16672105,"Natural Stupidity","2026-08-10 19:39:53",506.5,2,"parthb21,sujaygolla"
5328,16809943,"A Rook","2026-09-03 19:06:08",506.4,2,rookcastle
5329,16688159,"aildar &  slopernak & bobot","2026-08-20 08:51:10",506.3,2,"eldarkhisamutdinov,mernak,vladimirbagmanov"
5330,16762021,Dhananjai1729,"2026-08-31 08:46:25",506.0,2,dhananjai1729
5331,16665184,woorym,"2026-08-10 03:04:12",505.9,2,woorym
5332,16663822,BhavyaSaini001,"2026-08-29 23:10:34",505.7,2,bhavyasaini001
5333,16780019,"hamza khokhar890","2026-09-02 21:43:01",505.5,2,hamzakhokhar890
5334,16654312,Xmeeeee,"2026-08-05 00:11:29",505.4,2,xmeeeee
5335,16718517,"Jessica Yin","2026-08-17 00:10:31",505.4,2,jeqyin
5336,16690793,"MOHAMMAD ALRASHED","2026-08-08 18:33:34",505.4,2,mohammadalrashed
5337,16756900,Kome_Sh,"2026-08-30 13:40:56",505.2,2,komeshun
5338,16745980,"Arif Amijoyo","2026-08-30 07:54:40",505.0,2,arifamijoyo
5339,16707437,"Ivan Plekhanov","2026-08-11 12:03:11",504.9,1,nnob0dy
5340,16657093,"sixer srinath","2026-08-26 10:48:12",504.9,2,srinath2495
5341,16775237,"Haruki Iwase","2026-09-03 15:46:47",504.9,1,harukiiwase
5342,16675000,"Carl Bell","2026-09-03 11:38:48",504.7,2,allegedcarlbell
5343,16668068,"Neural Harvest","2026-08-27 19:23:44",504.3,2,meghashyampawar
5344,16668813,zhaowang,"2026-08-06 05:19:52",504.2,2,zhaowangwang
5345,16668185,"Swayam Chavan","2026-08-09 01:12:23",504.2,2,swamboy
5346,16644053,Rafiozoo,"2026-08-03 19:26:40",503.6,2,rafiozoo
5347,16675863,"Habib ullah","2026-09-03 16:05:50",503.3,2,habibullah123456789
5348,16711823,Abi_e,"2026-08-31 17:11:29",503.3,2,abidjacquelineanadi
5349,16756812,"Alex Amirkhanyan","2026-08-24 05:51:16",503.2,2,aleksamirkhanyan
5350,16641513,"Sameer Chakravedi","2026-08-15 16:06:11",503.2,2,sameerchakravedi
5351,16760191,"Kushal Shiva1","2026-08-26 20:19:36",503.1,1,kushalshiva1
5352,16713218,"Julien Baumgartner","2026-08-14 08:36:27",502.9,2,julienbaumgartner
5353,16656568,"FARIATHTHEEN F","2026-08-04 11:44:49",502.7,2,fariaththeenf
5354,16747670,"Luis Molina","2026-08-26 07:40:36",502.4,2,micuentadecasa
5355,16728549,Karatelb,"2026-08-16 17:45:59",502.4,2,karatelb
5356,16690221,"HISOKY DEV","2026-08-10 09:42:03",502.3,2,omarfahid
5357,16734672,"Artom  Wade","2026-08-27 23:08:29",502.0,2,artomwade
5358,16704597,"Wallace Switzer","2026-08-12 01:09:49",502.0,2,wallaceswitzer
5359,16809842,"zg l1218","2026-09-03 16:23:14",501.7,2,zgl1218
5360,16656431,"Venetta Smithen","2026-08-20 02:19:45",501.6,2,venettasmithen
5361,16662167,"Tara Singh Kharwad","2026-08-05 17:13:10",501.3,2,tarasi7261
5362,16659658,"Tim Wong","2026-08-06 02:02:30",501.3,2,wai0186
5363,16665647,hr15de,"2026-08-28 10:00:50",501.3,2,hr15de
5364,16651042,Mira_332,"2026-08-27 04:58:29",501.2,2,ichiiohno
5365,16786101,Cai0Emanuel,"2026-08-29 01:11:51",501.1,1,cai0emanuel
5366,16772090,"SHIVAJI SHAIK","2026-09-02 10:28:42",501.1,2,shivajishaik
5367,16725065,"Maxim Smirnov","2026-08-15 13:21:05",500.9,2,smirnoffmg
5368,16802580,WarlockCode,"2026-09-03 14:07:58",500.9,2,maktub83
5369,16659414,TTGP_TEAM,"2026-08-06 15:33:09",500.9,2,phttrntrnggia
5370,16775236,hohohoZzZ,"2026-08-30 07:42:04",500.8,2,hohohozzz
5371,16739711,SBC,"2026-08-20 10:16:10",500.7,2,"anusasaha2406,harshkumar3014,rahulmaity"
5372,16791617,"Neil Li","2026-08-30 00:10:32",500.6,1,neilliroub
5373,16810587,"Avineesh Arora","2026-09-03 19:54:55",500.5,1,avndope
5374,16686093,"Muhammad Usman Butt","2026-08-07 22:00:04",500.4,2,debugdemon
5375,16635021,RiLi,"2026-09-02 13:21:50",500.2,1,hisatosenda
5376,16764151,Jpadilla987@gmail.com,"2026-08-25 21:00:27",500.1,2,jpadilla987gmailcom
5377,16705510,"Palak Choudhary","2026-08-11 07:12:44",500.0,2,palak2564
5378,16658520,drownedsnake,"2026-08-05 01:03:22",499.9,2,makerplay
5379,16664129,"Mr M 8641","2026-08-06 18:57:45",499.8,2,mrm8641
5380,16705276,layr0,"2026-08-14 00:53:11",499.7,2,layr0dotdev
5381,16706790,"Stas Chereshkevich","2026-08-19 12:23:33",499.6,2,staschereshkevich
5382,16695095,"Jayanth Chowdary","2026-08-22 17:50:39",499.4,2,jayanthchowdary24
5383,16679098,"KIRTAN RUPESHBHAI BHOJANI","2026-08-06 23:51:52",499.3,2,kitran17
5384,16661360,"Jasper Jiss","2026-08-13 18:45:37",499.1,2,jasperjiss
5385,16755677,"Rutwik Kumar M","2026-08-26 16:31:00",499.1,2,rutwikkumarm
5386,16674266,HamYad,"2026-08-06 18:19:46",499.1,2,hamyadlab
5387,16712488,"Vansh Bhura","2026-08-12 14:23:18",499.1,2,vanshbhura
5388,16810595,dauriel,"2026-09-03 08:31:02",499.0,2,dauriel
5389,16780057,"Njabulo Hope Makana","2026-09-03 06:12:37",498.9,2,njabulohopemakana
5390,16747839,"Ich Schmid","2026-08-26 20:57:54",498.6,2,ichschmid
5391,16807134,"Chaowei Liang","2026-09-02 11:16:17",498.6,1,chaoweiliang
5392,16632855,Shreyash_Automation,"2026-08-21 00:06:49",498.6,2,shreyashautomation
5393,16662111,"Mood Vikram","2026-08-31 17:21:35",498.2,2,"moodvikram,sidhantchauhan"
5394,16791254,"Prashant Bhattarai093","2026-09-03 15:46:43",498.2,2,prashantbhattarai093
5395,16695692,Saadii2279,"2026-08-11 16:44:39",498.1,2,saadii2279
5396,16799391,"Mehdi El M.","2026-09-03 19:38:13",497.4,2,mehdielm
5397,16661786,Nagaraju,"2026-08-10 01:53:04",497.3,2,orugantn
5398,16663594,"NGU BLACK SANTA","2026-08-05 15:23:10",497.1,2,ngublacksanta
5399,16681655,"Tae seong Gim","2026-08-14 14:14:10",497.1,2,taeseonggim
5400,16719679,ZhiruiLuo,"2026-08-25 15:52:57",496.9,1,zhirluo
5401,16668267,Saran,"2026-08-27 14:18:05",496.9,2,saran2
5402,16621402,Maxim,"2026-08-13 07:01:03",496.7,2,ektarr
5403,16711918,"Pavel Filin","2026-08-13 05:23:28",496.6,2,pavelfilin
5404,16687602,"jithin manoj","2026-08-12 13:00:23",496.6,2,jithingmanoj
5405,16798512,"Yuichiro Kinoshita","2026-09-03 15:05:53",496.6,2,yuichirokinoshita
5406,16722819,Anna,"2026-08-21 15:01:26",496.5,2,annatmp
5407,16623263,ASHML,"2026-07-30 23:28:50",496.5,2,ashml
5408,16653534,"Mohamed Amine Ettaki","2026-08-22 13:30:43",496.1,2,amine159
5409,16774849,RiyadhLakadimu123,"2026-08-31 19:51:17",496.0,2,riyadhlakadimu123
5410,16669945,"Turab Zaidi","2026-08-07 13:27:44",495.7,2,turabzaidi
5411,16811259,"Aaryan Agarwal","2026-09-03 20:21:00",495.6,1,aaryanagarwal
5412,16727920,"Youssef Yacoup","2026-09-03 20:13:01",495.5,1,youssefyacoup
5413,16687959,"Destin Nedjou","2026-08-27 05:45:33",495.3,2,destinnedjou
5414,16659080,VENKY,"2026-08-07 17:22:03",495.3,2,venkateshthatha
5415,16693227,"Aniket Sharma","2026-08-21 22:05:01",494.9,2,aniketsharma00411
5416,16675686,"PRERIT MAURYA","2026-08-14 06:37:51",494.8,2,preritmaurya
5417,16732200,"Louis WhoEat","2026-08-24 12:02:40",494.7,2,louiswhoeat
5418,16640814,"Kritika Adhikari","2026-08-07 09:25:26",494.6,2,kritikaadhikari
5419,16633097,"Matheus Bonjour Laviola da Silva","2026-08-02 11:08:21",494.5,2,matheusbonjour
5420,16804094,faheem,"2026-09-03 14:26:21",494.4,2,faheemkhaskheli9
5421,16698287,"Ethan J. Schauder","2026-08-12 18:21:50",494.3,2,ethanjschauder
5422,16655415,"Ivan Jarp","2026-08-29 17:07:03",494.3,2,ivanjarp
5423,16717051,"Chirag Hosdurga","2026-08-13 13:38:41",494.2,2,chiraghosdurga
5424,16755159,"Kay Gijzen","2026-08-23 11:51:31",494.2,2,kaygijzen
5425,16701871,"Raj Nandan","2026-08-10 15:13:30",493.9,1,imrajnandan
5426,16734601,sweetlesson,"2026-08-18 00:40:55",493.9,2,sweetlesson
5427,16660073,"Mahad Kakooza","2026-09-02 20:40:05",493.7,2,mahadkakooza
5428,16655820,"Cory Tortorici","2026-08-08 15:20:42",493.6,2,corytortorici
5429,16693925,"Francisco Corredor","2026-08-19 22:20:44",493.5,2,franciscocorredor
5430,16802632,"Aloe moon","2026-09-01 13:25:31",493.5,2,aloemoon
5431,16701367,CryptoQuant1992,"2026-08-11 13:04:12",493.4,2,cryptoquant1992
5432,16675468,"atakan akgün","2026-08-13 15:32:32",493.3,2,atakanakg
5433,16719521,xarquin,"2026-08-25 03:16:23",493.1,2,xarquin
5434,16696993,healer2408,"2026-08-15 07:10:57",492.9,2,healer2408
5435,16673981,"Aarya Jadhav","2026-08-28 19:47:23",492.5,2,aaryajadhav0310
5436,16661462,"Dania Amer","2026-09-01 01:54:44",492.5,2,dania35
5437,16667601,"Audrius Molis","2026-08-27 19:30:39",492.4,2,vienas
5438,16692373,"Ornevis Montero","2026-08-20 01:59:43",492.2,2,ornevisbolaosmontero
5439,16696716,MatiasMG,"2026-08-29 15:04:38",492.0,2,matiasmgonzalez
5440,16628268,toxic_2499,"2026-08-08 09:07:32",491.7,2,toxic2499
5441,16728845,"Mohamed Kaleel","2026-08-22 16:12:58",491.2,2,mdkaleel
5442,16731013,"Abimael Firstana","2026-08-23 17:49:45",491.0,2,abimaelfirstana
5443,16625434,"Chirapathleo Saelim","2026-08-19 10:32:26",491.0,2,chirapathleosaelim
5444,16794758,wppepi,"2026-09-01 05:25:26",490.9,2,"malossov,wppepi"
5445,16677166,Spectrobot,"2026-08-08 11:11:46",490.8,2,spectrobot
5446,16640965,jidaoluckey,"2026-08-08 07:10:45",490.7,2,jidaoluckey
5447,16697736,"Daniel Correa","2026-08-10 01:04:52",490.6,2,dcorrea1
5448,16729996,"Michael Roust","2026-08-18 16:09:56",490.5,2,michaelroust
5449,16748173,pensukesan,"2026-08-26 04:50:04",490.4,2,pensukesan
5450,16669170,AsadUsmanFAST,"2026-08-05 22:37:33",490.3,2,asadusmanfast
5451,16667959,"Fourth Quadrant","2026-09-02 01:14:47",490.3,2,flynnfei
5452,16668810,ZZZZGOD,"2026-08-07 19:11:09",490.3,2,zzzzgod
5453,16676482,GitLyf,"2026-08-16 12:47:59",489.9,2,"jaideva30,rohithkrishnaak"
5454,16752081,"Ahmad Dehaini","2026-08-30 06:04:54",489.9,2,ahmaddehaini
5455,16657312,"baolood herid","2026-08-06 13:13:48",489.9,2,baoloodherid
5456,16662985,DanTheDataScienceMan,"2026-08-05 17:40:06",489.6,1,danthedatascienceman
5457,16664251,zzy123123,"2026-08-08 09:22:51",489.3,2,zzy123123
5458,16624414,"Chaitanya Jamble","2026-07-31 05:42:10",489.2,1,chaitanyajamble
5459,16652661,"Petru-Mihai Craciun","2026-08-05 14:55:07",488.8,2,petrumihaicraciun
5460,16766803,"Kanishk Sharma","2026-09-01 23:52:42",488.7,2,kan1shq198
5461,16735177,shilpa.rpns,"2026-08-22 04:57:10",488.7,2,shilparpns
5462,16728933,dOvOb,"2026-08-21 16:30:47",488.6,2,waytosleep
5463,16685904,KavYaHD,"2026-08-10 13:02:45",488.6,2,kavyahd
5464,16773320,kaka,"2026-09-02 06:47:51",488.2,2,kakawin
5465,16640516,"Alfandi Hassan","2026-08-08 03:41:33",488.2,2,alfandihassan
5466,16791550,Team21,"2026-09-02 23:39:30",488.2,2,"fchen121,muktharam"
5467,16777150,Eduardo2c,"2026-08-31 18:08:11",488.1,2,eduardo2c
5468,16759239,SunYaoXi,"2026-08-27 09:32:42",488.0,2,sunyaoxi
5469,16657664,"Nguyễn Anh Kiệt 28","2026-08-06 04:17:40",488.0,2,nguynanhkit28
5470,16706184,"Lingaraju Saikumar","2026-08-16 11:51:34",487.9,2,lingarajusaikumar
5471,16660484,"Waiswa Geoffrey","2026-08-31 08:29:58",487.6,2,waiswageoffrey
5472,16687648,"RSJ CorneR","2026-08-08 10:57:54",487.5,2,rsjcorner
5473,16684031,"Phillip Kamundia","2026-08-14 20:35:15",487.4,2,phillipkamundia
5474,16664558,"Praneeth Annapureddy","2026-08-05 04:52:45",487.3,2,praneethannapureddy
5475,16661539,"Ilia Mironov","2026-08-09 13:51:47",487.0,1,millcool
5476,16629201,"GUILLERMO REY PANIAGUA","2026-08-01 16:41:58",486.9,2,guillermoreypaniagua
5477,16623271,"William Morley","2026-07-31 10:09:16",486.9,2,williamkmorley
5478,16810019,M&S,"2026-09-02 17:19:11",486.7,2,"martinhma,yishusheng"
5479,16664327,"Maged Hegazy","2026-08-06 13:13:28",486.7,2,magedhegazy
5480,16785010,"Victor Wangles","2026-08-28 16:01:17",486.5,1,victorwangles
5481,16669703,AnubhavBhadani142,"2026-08-15 06:32:19",486.5,2,anubhavbhadani142
5482,16654175,abhiv142,"2026-08-11 13:22:03",486.3,2,abhiv142
5483,16664004,"Me, Myself, and I","2026-08-11 03:57:46",486.3,2,notlunarxd
5484,16683761,"Chiefmen749 Aris","2026-08-10 07:42:42",486.1,2,saysplayz
5485,16692128,gibocx,"2026-08-10 18:10:34",486.0,2,gibocx
5486,16810104,HemanthRaju311,"2026-09-03 18:35:49",485.9,2,hemanthraju311
5487,16676256,"Kotaro Nakamura","2026-08-11 22:18:41",485.8,2,kotaroma
5488,16660923,naganikshith,"2026-08-06 08:01:09",485.7,2,naganikshith
5489,16802843,"3D printer","2026-09-02 14:55:54",485.7,2,jamesl8
5490,16659520,"Play Code","2026-08-05 14:28:00",485.7,2,codenya
5491,16668095,Menna_Allah_Samy12,"2026-08-15 15:04:56",485.6,2,mennaallahsamy12
5492,16755394,"Ruben Lucas","2026-08-21 21:50:16",485.5,2,rubenlucas
5493,16770454,"Nawaf Almutairi","2026-08-27 11:39:41",485.4,2,nawafbalmutairi
5494,16735012,"Shuvam Swapnil Dash","2026-08-28 19:56:48",485.3,2,"shashwatmandal,shuvamswapnildash"
5495,16623969,"Akira Imae","2026-09-03 00:03:19",485.2,2,imaeakira
5496,16683316,moonriver0922,"2026-08-11 07:04:11",484.8,2,moonriver0922
5497,16666873,"linli duan","2026-08-12 15:06:42",484.7,2,linliduan
5498,16732513,Taogege,"2026-09-02 09:43:25",484.4,2,"liyiyiyi6,taogege520"
5499,16773264,LA28,"2026-09-03 19:44:02",484.3,2,saisreelasyaappali
5500,16791701,"Tired Dad Data","2026-09-02 19:40:00",484.3,2,alexmaggard
5501,16663622,sammuq1,"2026-08-10 23:56:19",484.2,2,sammuq1
5502,16657654,TemperaryT,"2026-08-26 23:08:35",484.1,2,temperaryt
5503,16778939,"Stepan Antonov","2026-08-27 07:59:30",483.9,1,stepanantonov
5504,16692618,"Ali Zakaee","2026-08-09 10:13:02",483.9,1,itheequalizer
5505,16693522,shadycoderalltime,"2026-08-22 14:00:16",483.7,2,shadycoderalltime
5506,16757135,Agrihand,"2026-09-02 15:00:23",483.6,2,mayur756
5507,16658521,"Vishal Dhariwal","2026-08-08 11:43:36",483.5,2,user412
5508,16657545,"Deepak Singh","2026-08-11 13:50:31",483.3,2,vihaannegi
5509,16698029,"Meet Vachhani","2026-08-10 18:34:55",483.2,2,meetvachhani7
5510,16658678,"Manav Aghera","2026-09-03 08:58:57",483.2,2,manavaghera
5511,16726285,Dhananjay,"2026-08-15 18:48:20",482.9,2,dhananjaylakkawar
5512,16623712,Dapp,"2026-08-03 23:09:19",482.9,2,lgloria
5513,16699633,Nafmo,"2026-08-11 17:10:53",482.9,2,nafmo2
5514,16623503,"D Mohith","2026-08-01 01:06:22",482.9,2,dmohith
5515,16797002,ZhixinLuo,"2026-09-01 14:16:09",482.7,2,zhixinluo
5516,16775210,"Daniel LPD","2026-09-01 18:12:55",482.6,2,daniellpd
5517,16670155,Kiznaiver,"2026-08-23 14:27:19",482.5,2,kiznaiver
5518,16676803,"Josue Villao","2026-08-14 05:20:13",482.5,2,josuevillao
5519,16805621,"DIVYANSH KUMAR SINGH CHAUHAN","2026-09-02 04:04:53",482.4,2,capdiv
5520,16714240,"The Shovel","2026-08-26 03:21:18",482.3,2,"astapasta0,qotqat"
5521,16786328,"DanishGW School","2026-09-02 03:50:19",482.3,2,danishgwschool
5522,16729086,samanyu,"2026-08-23 10:13:11",481.8,2,samanyu1808
5523,16665152,"Ahmed Karim","2026-08-17 11:32:15",481.7,2,versusic
5524,16726882,"Albert Yu","2026-08-17 00:01:53",481.6,2,yukinying
5525,16661628,PradipBanerjee,"2026-08-05 21:03:11",481.6,2,pradipbanerjee
5526,16655783,KonaKonaz,"2026-08-04 09:36:57",481.5,2,konakonaz
5527,16726168,"Shrey Modi","2026-08-15 19:42:14",481.4,2,shreymodi2
5528,16675916,Lorenzo176ITA,"2026-08-14 11:02:15",481.3,2,"alessiopap,lorenzo176ita"
5529,16666447,"Shuaib ayad Jasim Jasim","2026-08-06 20:51:47",481.2,2,shuaibayadjasimjasim
5530,16768578,"Patrick Lzz","2026-08-25 02:56:30",481.0,2,patricklzz
5531,16676397,Rohan_Joshi6404,"2026-08-13 13:58:56",480.9,2,rohanjoshi6404
5532,16676497,"Non-veg plants","2026-08-07 09:54:00",480.9,2,mohammadshadabshaikh
5533,16761148,Deku,"2026-08-23 13:36:57",480.7,1,piyushsharma5654
5534,16700596,"Markel Iru","2026-08-13 15:52:53",480.6,2,markeliru
5535,16709512,Rustamdurdyyev,"2026-08-31 19:59:56",480.5,2,rustamdurdyyev
5536,16773032,fecrescencio22,"2026-09-02 21:07:10",480.4,2,fecrescencio22
5537,16657201,ShayML,"2026-08-08 09:02:05",480.3,2,shayml
5538,16713061,Yuk!,"2026-08-16 10:59:12",480.3,2,mitsuyukiokamura
5539,16656627,"Soykot Podder","2026-08-14 05:39:06",480.3,2,diptopodder
5540,16659919,"SILVISTON EMMANUEL","2026-08-06 06:51:55",480.3,2,silvistonemmanuel
5541,16719296,Mr.TtT_Games,"2026-08-14 04:58:39",480.2,2,mrtttgames
5542,16730870,"Jiang Ryan","2026-09-03 03:37:12",480.1,2,jiangryan
5543,16663871,"Iyed Djebbi","2026-08-07 09:25:07",480.1,2,iyeddjebbi
5544,16675340,"SHAURYA SHARMA","2026-09-03 00:57:48",479.9,2,shauryas555
5545,16638019,Randynho,"2026-09-03 18:18:13",479.9,2,randynho
5546,16778886,"Sandeep Das","2026-08-31 09:48:37",479.9,2,sandypos
5547,16814409,YuyaSuzuki,"2026-09-03 17:08:48",479.9,2,yututapp
5548,16698141,Zippo,"2026-08-16 05:44:18",479.7,2,gagemerrick
5549,16675215,"Viljen Apalset Vassbø","2026-08-06 22:24:44",479.6,2,viljenapalsetvassb
5550,16670659,saumyagupta12,"2026-08-21 22:25:00",479.6,2,saumyagupta12
5551,16773043,"Durra Handri","2026-09-03 00:56:35",479.4,2,durrahandri
5552,16675631,"Aswini Gowda","2026-08-10 05:37:33",479.4,2,aswinigowda
5553,16706054,"ErrorX Info","2026-08-20 11:30:03",479.0,2,"errorxinfo,shyampatel47"
5554,16799224,"Tian Yan666","2026-09-03 14:48:42",478.9,2,tianyan666
5555,16675952,"Stephan Hahn","2026-09-03 19:58:10",478.7,2,stephanhahn16
5556,16728821,"Alen Maria Nirmal","2026-08-17 21:51:03",478.7,1,alenmarianirmal
5557,16677047,LINOXYR,"2026-08-15 13:13:58",478.6,2,linoxyr
5558,16621518,jaccobian,"2026-08-29 08:11:50",478.5,2,harshraj22
5559,16693255,"Carlos Hideo Yamaguchi","2026-08-10 00:59:12",478.4,2,carloshy
5560,16806328,"Takamichi Toda","2026-09-03 14:23:46",478.4,2,takamichitoda
5561,16623631,SeaEag1e,"2026-07-31 06:26:17",478.3,1,seaeag1e
5562,16638953,"Joe Young","2026-08-03 19:23:13",478.3,2,jsphyg
5563,16800076,xinwang,"2026-09-02 05:49:55",477.6,2,xxxtetantion
5564,16660455,"Alex Kapend","2026-08-05 08:42:26",477.5,2,alexkapend
5565,16713723,"Jyot Buch","2026-08-12 23:09:41",477.2,2,jyotbuch
5566,16659269,"Bedirhan Dinçer","2026-08-10 20:26:46",476.8,2,bedirhandiner
5567,16634060,"Chí Thành Đỗ","2026-08-02 05:11:58",476.7,2,chithanhdeptrai
5568,16697396,"Collective Win","2026-08-18 05:10:12",476.5,2,collectivewin
5569,16811313,Ta_____ko,"2026-09-02 23:44:29",476.4,1,tako1249
5570,16638651,Emre,"2026-08-05 23:40:59",476.0,2,emre690
5571,16760377,"Yuxuan Qian","2026-08-29 23:45:28",475.9,2,yuxuanqian
5572,16655997,tanatet8,"2026-09-03 16:59:10",475.3,2,tanatet8
5573,16728394,"Aisultan Davletkan","2026-08-16 13:01:38",475.2,1,aisdav
5574,16664512,oggyiu,"2026-09-01 07:46:10",475.0,1,oggyiu
5575,16623385,"ISAKA Tsuyoshi","2026-07-31 00:31:34",475.0,2,isakatsuyoshi
5576,16702980,GCSudarshanReddy,"2026-08-15 17:32:06",475.0,2,gcsudarshanreddy
5577,16669168,"Kingsley Jide","2026-08-31 21:30:18",474.7,2,kingsleyjide
5578,16692782,"Andres Regino","2026-08-23 20:26:03",474.5,2,andresregino
5579,16623582,yunsuxiaozi,"2026-08-01 13:59:57",474.5,2,yunsuxiaozi
5580,16660343,"Mert Olgun899","2026-08-05 13:05:07",474.3,2,mertolgun899
5581,16670986,"Anas Erami","2026-08-08 01:38:43",474.3,2,anaserami
5582,16670090,"Gianpaolo Nettis","2026-08-24 08:42:07",474.1,2,rakes7
5583,16667615,"Zayd Mulani","2026-08-08 23:05:57",474.0,2,zaydmulani
5584,16715456,"wilson LUNG","2026-08-17 23:54:10",474.0,2,wilsonlung
5585,16682906,Masiki,"2026-08-12 13:34:10",473.9,2,blackseed
5586,16786450,fujii,"2026-09-03 14:48:40",473.6,2,kojisoemi
5587,16768262,"Brayan Miranda G","2026-08-26 19:40:15",473.4,2,brayanmirandag
5588,16631609,dlougen,"2026-08-04 16:40:03",473.4,2,dlougen
5589,16662133,"Ding Lifeng","2026-08-29 08:20:49",473.0,2,dinglifeng
5590,16668368,"Waleed Hasan","2026-08-12 01:42:22",472.6,2,whasan
5591,16639916,BloomBerry,"2026-08-12 12:38:31",472.4,2,kagglepalandata
5592,16684776,"D Rithika","2026-08-10 18:36:30",472.3,2,drithika
5593,16793755,"Juank Suarez","2026-09-03 03:21:58",472.2,2,juanksuarez
5594,16661014,manu,"2026-08-16 04:45:12",472.2,2,manupandit
5595,16692895,Manuf,"2026-08-18 18:00:19",472.1,2,manuelferromorales
5596,16775069,JWlKIM,"2026-08-26 23:22:43",471.8,2,jwlkim
5597,16729522,all-coder,"2026-08-16 17:55:08",471.8,2,allcoder
5598,16716002,"Preethi Gnanaprakasam","2026-08-14 09:10:46",471.6,2,preethignanaprakasam
5599,16795330,"Alejandro Villacampa","2026-09-02 17:32:11",471.6,2,avillacampa
5600,16653429,mktdev,"2026-08-10 12:19:54",471.5,2,mktdev
5601,16725957,"Ayman Tarig Mohammedosman Elgadi","2026-08-24 02:57:16",471.3,2,aymantarig17
5602,16661194,"Sandeep Vanapalli","2026-08-04 15:37:06",471.2,2,mrleaf
5603,16757336,Stevejustin,"2026-08-31 04:18:31",470.9,2,stevejustin
5604,16758970,"Jason Wong","2026-08-30 07:47:43",470.8,2,jsin27
5605,16663976,"wangyang denis","2026-08-12 06:26:08",470.6,2,wangyangdenis
5606,16726765,"Ali Al-Killidar","2026-08-16 09:47:37",470.5,1,alialkillidar
5607,16809985,"ADOLE Edache","2026-09-03 20:26:10",470.4,1,adoleedache
5608,16721530,revv0o,"2026-08-15 13:58:34",470.2,2,revv0o
5609,16803129,hdttnk,"2026-09-02 14:13:00",470.2,2,hdttnk
5610,16738351,"Haidar Faruqi","2026-08-25 05:00:00",470.1,2,haidarfaruqi
5611,16630896,OpenBuilder,"2026-08-08 12:09:06",470.1,2,weijunguo
5612,16735206,"Shiyal Kishan","2026-08-20 04:01:28",470.0,2,shiyalkishan01
5613,16662079,"Farrukh Hussain","2026-08-31 19:05:02",469.9,2,farrukhhussai
5614,16659588,"Priya J","2026-08-14 05:57:46",469.9,2,priyaj21
5615,16811496,"Maria Shatrova","2026-09-03 19:04:01",469.5,2,mariashatrova
5616,16686796,"Harinath Reddy A","2026-08-23 21:23:45",469.2,2,harynath
5617,16721942,"Daniel Rodriguez Bothe","2026-08-18 16:57:00",469.0,2,danielrodriguezbothe
5618,16675232,"Rafif Ariq Rabbani","2026-08-27 19:37:32",468.7,2,rafifariqrabbani
5619,16666878,aaronykchen,"2026-08-17 15:06:13",468.6,2,aaronyukuchen
5620,16702200,"ANGAD JANGIR","2026-08-11 02:01:38",468.6,2,angadjangir
5621,16627313,"Zafer Liu","2026-08-03 05:13:39",468.4,2,zaferliu
5622,16625149,Rubylicious,"2026-07-31 07:53:00",468.3,2,labibahalya
5623,16723411,CaZen,"2026-08-15 10:48:16",467.8,2,cathzwah
5624,16668241,"Shreyansh Kanotra","2026-08-08 19:56:15",467.7,2,shreyanshkanotra
5625,16724556,"Yixiang Wu","2026-08-28 03:34:55",467.6,1,yixiang964
5626,16663258,sawe,"2026-08-05 17:07:24",467.6,2,boiihhh
5627,16708409,toshiconner,"2026-08-12 06:30:06",467.5,2,toshiconner
5628,16693307,"Vlad Gavrilov","2026-08-09 04:00:29",467.3,2,vladgavrilov
5629,16667722,Radhouen911,"2026-08-06 21:37:37",467.1,2,radhouen911
5630,16805940,Foxure,"2026-09-03 03:19:51",467.1,2,foxure
5631,16663804,"Fredy Meyer","2026-08-05 20:19:51",466.7,2,alexmeyerm
5632,16666132,andres555,"2026-08-28 14:36:21",466.5,2,"andres555,violalin"
5633,16640810,まさやん,"2026-08-12 15:22:53",466.5,2,masayam1234
5634,16717420,"Muhammad Yasir Sarwar","2026-08-13 14:40:09",466.2,2,muhammadyasirsarwar
5635,16696959,"Joe Filfli","2026-08-11 10:47:03",465.9,2,joefilfli
5636,16751979,"Sasha Sam","2026-08-27 20:02:46",465.9,2,sashasam
5637,16716636,"Mahamane Lawaly","2026-08-13 10:22:51",465.7,1,mahamanelawaly
5638,16668093,Sai_Dattu,"2026-08-07 07:35:01",465.6,2,saidattu2003
5639,16637342,SupremeWarrior108,"2026-08-29 06:44:16",465.4,2,supremewarrior108
5640,16665040,"Arnav Yashlaha","2026-08-05 05:44:26",465.0,2,arnavyashlaha
5641,16671665,"Kobata Sota","2026-08-06 07:17:03",465.0,1,kobatasota
5642,16819549,APEX101,"2026-09-03 20:16:10",465.0,2,"akshitasrivastava1,irongm"
5643,16777612,"zebra G","2026-08-27 15:46:59",464.9,1,zebrag
5644,16761319,Yuvraj,"2026-08-23 07:29:44",464.9,1,yuvrajkr01
5645,16661633,"Joseph Garcia","2026-08-19 16:28:08",464.6,2,josephpgar
5646,16658500,"abhinav rai1","2026-08-18 17:24:56",464.6,1,abhinavrai1
5647,16809998,chzCharbs,"2026-09-03 17:38:24",464.4,2,chzcharbel
5648,16815817,haiy_qq,"2026-09-03 14:11:39",464.4,2,haiyqq
5649,16632119,nickyl,"2026-09-03 10:53:37",464.3,2,nickyjliang
5650,16663658,oriolgalceran,"2026-09-03 14:35:23",464.3,2,oriolgalceran
5651,16623528,"Faijur Rahaman","2026-08-20 09:40:07",464.3,2,faijurrahaman
5652,16664818,"B M Dimpu Shree","2026-08-21 10:51:22",464.3,2,bmdimpushree
5653,16704924,jdx,"2026-09-02 21:02:55",464.1,2,jdsemrau
5654,16675462,bkcoban,"2026-08-07 18:22:48",464.0,2,bkcoban
5655,16757253,ZEE,"2026-08-22 04:54:30",463.8,1,randyzhang666
5656,16670464,halfpintcider,"2026-08-11 20:02:25",463.7,2,"amoghdeshpande2021,visspric7"
5657,16715404,"karthik reddy","2026-09-03 04:45:35",463.6,2,karthikreddyp
5658,16654085,"Bill Xu","2026-09-03 02:05:36",463.5,2,billll
5659,16656579,"Riad Rayhan","2026-08-15 06:40:35",463.5,2,riadrayhan
5660,16810306,"Asy Mortenson","2026-09-03 19:26:01",463.4,2,asymortenson
5661,16771785,"Mencius silverio MENSAH","2026-08-31 08:51:17",463.1,2,menciussilverio
5662,16712906,"Sharad Garg","2026-08-13 14:54:43",463.0,2,sharadgarg
5663,16681509,"Kethan Sai","2026-08-24 18:22:30",462.9,2,kethansaikoneru
5664,16748500,stimmie,"2026-08-30 16:11:56",462.9,2,stimmie
5665,16714166,"Naman Malik","2026-09-03 01:42:06",462.8,2,"adenijielijah,anapau11,marydata,namanmalik81714"
5666,16633984,"Mongkhon Hatit","2026-08-04 11:58:56",462.8,2,mongkolhatit
5667,16658366,kuroneko,"2026-08-04 10:43:29",462.7,2,kurorosuke
5668,16663104,Sohan,"2026-08-23 14:42:40",462.7,2,sohansinghrawat
5669,16639764,CortexExplorer,"2026-08-23 13:03:06",462.6,2,cortexexplorer
5670,16673583,"Priyanshu Jha","2026-08-16 08:10:08",462.6,2,codewithjha
5671,16695828,rihiRule,"2026-08-11 13:40:24",462.5,2,rihirule
5672,16793145,KarlNUrban,"2026-09-03 17:59:30",462.5,2,karlnurban
5673,16689877,Amr_Said1233,"2026-08-08 08:48:28",462.4,1,amrsaid1233
5674,16656989,Crunchex,"2026-08-29 10:52:11",462.4,2,"asmo04,chinmaysoni48,codencry"
5675,16664406,"MURDER GOOSE","2026-08-05 09:45:33",462.4,2,ujjwalar
5676,16696271,"Neeta Sanjay Gajabi","2026-08-09 14:48:42",462.4,2,neeta2574
5677,16700685,"Preeti Dhotmal","2026-08-27 11:25:29",462.2,2,preetidhotmal
5678,16753895,Andrew98,"2026-08-22 13:10:58",462.0,2,vitem98
5679,16712259,geqiulin,"2026-08-13 04:46:11",462.0,2,geqiulin
5680,16657520,"Joel De la Cruz Fuertes","2026-08-12 16:33:48",461.8,2,joeldcf
5681,16818405,MickyDot,"2026-09-03 13:38:34",461.8,2,mickydot
5682,16661717,"Yaswanth Ippili","2026-08-06 11:32:13",461.7,2,yaswanthippili
5683,16656156,"Kshitij aucharmal","2026-08-06 04:35:27",461.6,2,narutoaucharmal
5684,16657054,"ömer umut güngör","2026-08-05 06:10:22",461.5,2,merumutgngr
5685,16669604,"Abhijit Pise","2026-08-28 16:35:55",461.4,2,abhijitpise
5686,16717912,"Anu Kumari","2026-08-13 18:03:07",461.3,1,anuk16020
5687,16672292,"KARTIKEY PANWAR","2026-08-06 05:46:16",461.2,2,kartikeypanwar
5688,16793657,Xin_T,"2026-08-30 16:48:11",461.1,1,xint666
5689,16669434,"Saugat Kannojia","2026-08-07 11:45:47",460.6,2,saugatkannojia
5690,16700627,"Benedict Ebito Boyubie","2026-08-10 11:03:38",460.5,1,bboyubie
5691,16696939,"Keaton Zang","2026-08-10 21:24:20",460.1,1,keatonzang
5692,16719460,"Amon #2","2026-08-15 12:40:41",460.0,2,ezjameng
5693,16653078,pk210495,"2026-08-09 09:13:32",460.0,2,pk210495
5694,16734431,"Maxwell Herron","2026-08-19 02:06:34",459.9,2,maxwellherron
5695,16630020,"Piotr Gabrys","2026-08-09 16:53:59",459.8,2,piotrekga
5696,16663286,"Fan Wang","2026-08-10 21:12:40",459.6,2,wangfan420
5697,16658535,khanna.rohit5,"2026-08-10 05:00:31",459.5,2,khannarohit5
5698,16823144,"AARAV JADAV","2026-09-03 20:09:53",459.4,2,aaravjadav
5699,16676205,"Alhassan Fedawy","2026-08-14 17:15:07",459.3,2,alhassanfedawy
5700,16662726,"Juan Carlos González Aguilar","2026-08-14 19:54:48",459.2,2,juancg
5701,16671532,"Yuri Nakayama","2026-08-13 11:34:55",459.2,2,yurinakayama
5702,16758681,"Sahil suman","2026-08-26 16:26:13",459.2,2,gruntingtorch
5703,16661659,"Ivan Zagorulko","2026-08-05 10:53:13",459.1,2,normaldaki278
5704,16716702,"majjati khalid ","2026-08-19 14:12:32",459.0,2,khalidma
5705,16671913,res67,"2026-08-07 16:22:30",458.9,2,junyeanyap
5706,16658202,"SNAEHATH P","2026-08-06 13:51:15",458.7,2,snaehath
5707,16661966,Rocket,"2026-08-29 18:05:35",458.7,2,"aarchie4,nick16541,siddharthdongardive"
5708,16658051,SethuMadhavan004,"2026-08-09 09:38:27",458.5,2,sethumadhavan004
5709,16655316,Nader,"2026-08-10 14:49:21",457.9,2,naderamin
5710,16681441,"Lamiaa Al-bdrani","2026-08-07 04:25:50",457.7,1,lamiaaalbdrani
5711,16715033,"Colton Byers","2026-08-17 10:41:50",457.7,2,coltonbyers
5712,16671911,"Dwi Eflatino","2026-08-16 10:44:17",457.6,2,eflatino
5713,16759225,"Andrea Jordan Paro","2026-08-24 11:24:14",456.9,2,andreajordanparo
5714,16666944,"Meghnath S","2026-08-11 01:56:22",456.8,2,meghnaths
5715,16664044,IntentionalSayshara,"2026-09-03 10:06:04",456.8,2,jaelle
5716,16698570,MurphyIIVan,"2026-08-10 03:35:41",456.8,2,murphyiivan
5717,16806541,hidenov,"2026-09-03 03:57:00",456.5,1,hidenov
5718,16667759,"Nafis Fuad Shahid","2026-08-05 19:21:39",456.4,2,nafisfuadshahidd
5719,16784400,K_DHEERAJ_11,"2026-08-31 02:58:38",456.4,2,kdheeraj11
5720,16706843,"yh z","2026-08-11 09:32:56",456.3,1,yhz123456
5721,16744018,"ZK Adam","2026-08-27 17:40:04",456.2,2,zkadam
5722,16711374,Jascha,"2026-08-13 11:22:30",455.9,2,lippja
5723,16691790,"Akshay Sawant","2026-08-08 19:33:14",455.9,2,akshaysawant8983
5724,16656902,"Ram Chandra Gupta","2026-08-05 10:18:41",455.9,2,ramchandra142
5725,16736432,"Sarthak #2","2026-08-18 12:33:53",455.8,2,srthkdixit
5726,16664506,"Jonatan Asketorp","2026-08-23 02:57:42",455.8,2,weft169aston
5727,16786264,"THISHA S","2026-09-03 06:35:31",455.7,2,thishas
5728,16638704,"Lee Yen Fei","2026-09-01 03:31:45",455.4,2,leeyenfei
5729,16793340,bee_lx_xl,"2026-08-31 05:28:17",455.2,2,beelxxl
5730,16731822,Senn88,"2026-08-23 11:12:39",455.2,1,senn88
5731,16750931,"Antonio Rotundo","2026-08-27 12:52:58",455.1,2,antoniorotundo2
5732,16633786,tuannm3812,"2026-08-28 08:00:42",455.0,2,tuannm3812
5733,16660413,Ritesh-2006,"2026-08-21 10:21:53",454.9,2,ritesh2006
5734,16694497,Kawai,"2026-08-23 18:33:10",454.5,2,"lavendermoon19,sumitwod"
5735,16747782,"Muhammad Agam Febryan","2026-08-29 18:22:04",454.5,2,muhammadagamfebryan
5736,16732340,"BJ Kim","2026-08-19 15:17:16",454.5,2,doitdoit80
5737,16625418,"Hariprasanth Paranjothy","2026-08-01 05:52:19",454.3,2,hariprasanth8
5738,16665470,KanakoS,"2026-08-18 13:13:58",454.0,2,kanakos
5739,16695627,"Xu Lou","2026-08-09 13:01:23",453.9,2,xuxiaozhou666
5740,16671670,"Karla Ziegler","2026-08-08 21:14:37",453.9,2,karlaziegler
5741,16668522,"Moatez Litaiem","2026-08-06 16:57:54",453.8,2,moatezlitaiem04
5742,16701713,"Максим Хованский","2026-08-10 14:35:38",453.8,1,yeezynaizi
5743,16674106,Jaikrishna@007,"2026-08-26 15:38:23",453.7,1,jaikrishna007
5744,16660317,esgranja,"2026-08-04 18:58:48",453.7,1,esgranja
5745,16675385,Apex🦾,"2026-08-14 18:00:17",453.4,2,"raghadabdullara,renadahmadalamri,zzainh"
5746,16658498,cheesama,"2026-08-04 23:36:18",453.3,2,cheesama
5747,16669441,"Chirag Desai","2026-08-30 18:13:52",452.9,2,cid007
5748,16723301,mayukistarry,"2026-08-15 02:20:13",452.9,2,mayukistarry
5749,16735735,Rishabh@1304,"2026-09-03 08:35:49",452.2,2,rishabh1304
5750,16713033,rayofc,"2026-09-03 07:03:33",452.2,2,rayofc
5751,16659459,"Akandé Philippe ABIODOUN","2026-08-06 11:58:09",452.2,2,vrmelo
5752,16745655,巴啦啦能量,"2026-08-29 05:29:05",452.0,2,wsh10086
5753,16810408,"Bohdan Boklah","2026-09-02 21:19:21",451.8,1,bohdanbb2000
5754,16699436,"Oluwaseun O Adeya","2026-08-23 01:22:24",451.7,2,oluwaseunoadeya
5755,16678298,"RITIK CHAUDHRY","2026-08-10 13:34:35",451.7,2,ritikchaudhry13
5756,16742009,"Mutyam kavyanjali","2026-08-19 10:25:06",451.6,1,mutyamkavyanjali
5757,16635421,"Lennart Haupts","2026-09-03 14:18:01",451.6,2,lennarthaupts
5758,16624935,"Anjana mohan","2026-08-01 06:06:39",451.5,2,anjanamohan13
5759,16733961,"Julia Fredo","2026-09-03 17:43:58",451.4,2,juliafredo
5760,16808646,"Yimeng Wang","2026-09-02 15:02:45",451.2,2,yimengwang0814
5761,16632503,"Wei Hsiang Lin111","2026-08-01 07:42:33",451.2,2,weihsianglin111
5762,16664514,"Henry Adjanor tetteh","2026-08-12 00:43:41",451.1,2,henryadjanortetteh
5763,16661453,"Disleve Kanku","2026-08-14 15:32:51",450.7,2,dislevekanku
5764,16690308,"Fatima Sarhan","2026-09-03 03:31:26",450.7,2,fatimasarhan
5765,16729155,WangZihao5649,"2026-08-24 02:32:08",450.6,2,wangzihao5649
5766,16796572,"Phan Van Hieu ","2026-08-31 14:23:03",450.6,2,phnvnh
5767,16706257,dlv,"2026-08-13 11:11:14",450.5,2,ducott1
5768,16806206,"Yuan Yongth","2026-09-03 18:22:00",450.4,2,yuanyongth
5769,16691704,"Rahman Aliyev","2026-09-01 14:41:13",450.2,2,rahman4li
5770,16762424,AuroraXXiiaa,"2026-09-03 09:13:18",450.2,2,auroraxxiiaa
5771,16666479,"Prajwal Nivangune","2026-08-09 18:33:51",450.1,2,prajwalnivangune
5772,16664401,"Pranav Premchand","2026-08-05 03:07:24",449.9,1,pranavpremchand
5773,16649339,"华东 朱","2026-08-30 09:35:51",449.8,2,mgdbzny
5774,16660515,"pooja sandali","2026-08-08 05:51:03",449.3,2,poojasandali
5775,16662089,"Alonso Gallego Pacho","2026-08-27 13:27:36",449.2,2,alonsogallegopacho
5776,16790718,"Carlos Alves","2026-09-02 04:29:42",449.0,2,carlosone
5777,16662319,ethan.ai,"2026-08-13 18:16:35",448.9,2,ethanai
5778,16644023,"Yiğit Efe Albaş","2026-08-02 18:34:39",448.8,1,yiitefealba
5779,16690197,"Ankit Kushwaha_06","2026-08-18 08:10:12",448.7,2,ankitkushwaha06
5780,16780915,"Aravind S","2026-08-29 18:04:47",448.7,2,aravind20061981
5781,16623135,mohduwaishchaudhary,"2026-07-30 22:05:45",448.5,2,muwaish5
5782,16657712,"samuel job Adeola ","2026-09-02 08:11:03",448.1,2,samueljobadeola
5783,16735934,"Uday Kiran003","2026-08-18 06:23:18",448.0,1,udaykiran003
5784,16716589,"Shaik Adilazeez","2026-08-13 09:29:44",447.7,1,shaikadilazeez
5785,16662964,"Tim Ogilvie","2026-08-13 13:18:59",447.5,2,timogilvie
5786,16630662,Akshatjhawar777,"2026-08-05 12:18:30",447.4,2,akshatjhawar777
5787,16701064,KMishra011,"2026-08-20 20:30:34",447.2,2,kmishra011
5788,16774592,"Oliad Dandana","2026-08-27 09:28:20",447.2,2,olidan
5789,16660420,tipofyzik,"2026-09-02 15:47:30",447.2,2,tipofyzik
5790,16782993,hayashida,"2026-08-28 12:29:44",446.9,1,daichihayashi
5791,16702935,"Defne Demir","2026-08-11 18:27:36",446.8,2,defnedemir
5792,16701885,"Mehdi L.","2026-08-13 13:41:14",446.7,2,lmehdi
5793,16657574,harikrishnacs,"2026-08-04 12:28:53",446.7,2,harikrishnacs
5794,16665988,"Ronel maamoc","2026-08-31 09:37:13",446.6,2,ronelmaamoc
5795,16732395,"Nikita Antonov","2026-08-23 08:33:03",446.4,2,nantonov
5796,16814375,"Yuta Eiki","2026-09-03 08:44:49",446.0,2,wildauk
5797,16716657,"Jasti Phani","2026-08-19 08:38:00",445.9,1,jastiphani
5798,16634911,onlytimeknows,"2026-08-22 12:31:11",445.7,2,onlytimeknows
5799,16658304,"KETHAVATH Aadarsh","2026-08-05 21:00:45",445.7,2,kethavathaadarsh
5800,16775686,"Max Podd","2026-08-28 03:38:07",445.6,2,maxpodd
5801,16749503,ally,"2026-08-23 11:48:49",445.5,2,phamngoclinh
5802,16800950,"Mani Kanta Kalluru","2026-09-03 12:30:57",445.4,2,manikantakalluru
5803,16624879,indira,"2026-07-31 06:52:02",445.4,2,inansia
5804,16712633,"Andy Andy","2026-08-13 08:11:38",445.4,2,andy3373
5805,16716299,Biwaaa67,"2026-08-13 19:57:06",445.4,1,biwaaa67
5806,16654458,"Likith Narakala","2026-09-03 18:19:32",445.3,2,likith17052004
5807,16794088,"Felipe Colombarolli","2026-08-31 00:46:32",445.2,2,felipecolombarolli
5808,16780101,jjjhoon,"2026-08-28 04:04:26",445.0,2,jjjhoon
5809,16664064,lookapmaka,"2026-08-10 17:19:05",444.8,2,lookapmaka
5810,16665228,Jason_Qian,"2026-08-05 16:00:43",444.6,2,jasonqia
5811,16705640,"Dongre Laxman","2026-08-12 12:36:29",444.6,2,dongrelaxman
5812,16689286,"Telman Yusifov","2026-08-09 07:08:46",444.5,2,yusifovtelman
5813,16666334,UnderBlade,"2026-08-05 09:56:11",444.4,2,"athillazaidan,kurtmikhael"
5814,16661751,"Shailaja J","2026-08-12 14:51:15",444.3,1,shailajaj
5815,16790615,"Suryansh Vashisth","2026-08-31 10:38:54",444.1,2,songoku2005
5816,16685615,Spectra,"2026-08-07 16:14:32",444.0,2,thomaskressig
5817,16725757,AchyutKishore123,"2026-08-30 05:12:33",443.9,2,achyutkishore123
5818,16719603,"sravan Tirumala","2026-08-14 03:05:43",443.9,1,sravantirumala
5819,16738441,"Moritz Huber","2026-08-30 21:00:10",443.6,2,moritzhuber
5820,16738335,"Xuzhou Dong","2026-08-20 14:39:16",443.3,2,xuzhoudong
5821,16681209,AgenticBuilder,"2026-08-13 18:44:29",442.9,2,gau2112
5822,16750743,"Nagimov Timur","2026-08-20 21:10:30",442.6,2,nagimovtimur
5823,16773064,"Sonu Yadav","2026-09-03 18:27:11",442.5,2,sonuyadav710
5824,16807380,"D × MirAI","2026-09-02 10:37:53",442.2,1,kmnkmn
5825,16675900,"Pranav Advani","2026-08-23 14:43:09",442.2,2,pranavadvani
5826,16697627,abinandhan03,"2026-09-01 10:38:15",442.2,2,abinandhan03
5827,16686411,NeoCodes.Dev,"2026-08-23 23:53:10",442.1,2,neocodesdev
5828,16696384,Sisu16,"2026-08-13 20:13:27",442.1,2,sisu16
5829,16730589,山谷知輝,"2026-09-02 02:03:05",441.6,2,tomokiyamaya
5830,16759916,"Jeevith G","2026-08-23 06:58:50",441.6,2,jeevithg090
5831,16663055,jainish_d24ce180,"2026-08-10 13:54:40",441.6,2,jainishshah35
5832,16700207,"S. Mujtaba Hussain","2026-08-28 05:48:15",441.0,2,smujtabahussain
5833,16656951,"[Deleted] 6015b650-8e16-4705-8036-db40bdd2d353","2026-08-04 09:08:05",441.0,1,del=084ea76838ad756b
5834,16777871,嵇禄lugent,"2026-09-01 00:00:35",441.0,2,lugent
5835,16662081,Ayush_Bhaskar_25323010,"2026-08-08 19:49:56",441.0,2,ayushbhaskar25323010
5836,16660852,"K VISHALINI","2026-08-13 06:59:27",441.0,2,kvishalini
5837,16728945,"Suryansh Kulshreshtha","2026-09-01 14:39:14",440.9,2,"busyfellow,suryanshkulshreshtha"
5838,16660287,BhatNasir,"2026-08-04 16:29:18",440.9,2,nasir94
5839,16663815,"Tetsuya Sasaki","2026-08-30 01:05:13",440.9,2,sasakitetsuya
5840,16660228,"Ochuwa Pearl Isa","2026-08-06 09:29:36",440.8,2,pearlisa
5841,16779769,"Pravin jeyavel","2026-08-27 18:08:17",440.7,2,pravinjeyavel
5842,16655891,"Yukihito Ikoma","2026-08-27 03:55:41",440.6,2,yikoma
5843,16658116,Emmy,"2026-09-02 10:14:30",440.4,2,emmyone
5844,16660929,ttkk,"2026-08-12 16:39:58",440.4,1,optimavia
5845,16710244,Bytemindd,"2026-08-26 10:20:45",440.2,2,"daisy023,sruthikanv,thasneemj,uthayanandhini,vajraparameswari"
5846,16661990,"Olaoluwa Abiodun","2026-08-05 14:57:07",440.1,2,laoluwaa
5847,16808233,"Yash Hingane","2026-09-03 17:32:13",440.1,2,yashhingane
5848,16669229,"Kayvan Sinha","2026-08-11 15:23:35",440.1,2,kayvansinha
5849,16729669,HYPEREUCLIDEAN,"2026-08-19 07:47:48",440.0,2,hypereuclidean
5850,16686954,"Davie Mdumuka","2026-08-09 19:40:56",440.0,1,daviemdumuka
5851,16726569,"Andrey Balvaneda","2026-08-17 20:59:45",440.0,2,andreybalvaneda
5852,16732041,"Vallapu Nandini","2026-08-17 10:22:47",439.6,1,nandinivallapu
5853,16658219,"Deepesh Pankaj","2026-08-15 05:58:07",439.4,2,deepeshpankaj
5854,16774921,"conor lowth","2026-08-28 10:46:42",439.1,2,conorlowth
5855,16670475,Adib,"2026-08-06 02:02:27",439.1,2,adibemohamed
5856,16796223,"Bohan Shao","2026-08-31 15:10:43",439.0,2,bohanshao
5857,16750435,"Oleksandr Zalievskyi","2026-08-23 18:34:59",438.7,2,sashaworker
5858,16689344,"Shalini Gangrade","2026-08-09 13:17:30",438.6,2,shalinig1
5859,16667987,"Kunj Kansara","2026-08-05 13:41:26",438.4,1,kunjkansara
5860,16656608,"Jeffrey Dilley","2026-08-04 15:40:08",437.8,1,jeffreydilley
5861,16653728,"Iswar Patra","2026-09-01 02:46:09",437.7,2,iswarpatra
5862,16628521,arai9953,"2026-08-24 22:46:57",437.7,2,arai9953
5863,16678819,"Digant Kathiriya","2026-08-07 02:07:51",437.6,2,digantkathiriya
5864,16668673,"kyran sinha","2026-08-14 14:21:34",437.6,2,kyransinha
5865,16747683,"Jianyu Lin","2026-08-27 13:05:05",437.5,1,jianyulin1999
5866,16690029,Nitesh_Prajapati2569,"2026-08-18 08:12:30",437.2,2,niteshprajapati2569
5867,16670387,"Oracle69 AI","2026-09-01 10:55:45",436.9,1,princeadewaleadewumi
5868,16666596,"Daumas Benjamin","2026-09-03 10:05:38",436.9,2,daumasbenjamin
5869,16706516,"Mohit Khade13","2026-08-26 16:03:22",436.8,2,mohitkhade13
5870,16783870,郭一贤,"2026-08-29 07:22:41",436.6,2,guoyixian2
5871,16691753,"Jan Moilanen","2026-08-09 12:02:17",436.4,2,janmoilanen
5872,16729351,vlad.shorodok,"2026-08-16 18:05:09",436.2,2,vladshorodok
5873,16654258,"Ashray Bagde","2026-08-13 08:13:00",436.0,2,ashrayaaaaa
5874,16792685,李明,"2026-08-31 00:46:42",436.0,2,liming2026good
5875,16738298,tomo0608,"2026-08-19 13:33:07",435.9,2,tomo0608
5876,16672687,Liz,"2026-08-16 01:52:34",435.8,2,lizgarcia3
5877,16654947,"Ömer Hüseynov","2026-08-08 22:06:03",435.7,2,omarhuseynov
5878,16671512,"Darren Grendi","2026-08-10 00:38:51",435.7,1,darrengrendi
5879,16708896,"Alberto Scinetti","2026-08-13 19:18:11",435.5,2,albertoscinetti
5880,16710459,Nironiro,"2026-09-02 14:17:07",435.5,2,nironiro
5881,16668523,Bumblerrr,"2026-08-06 19:46:02",435.4,2,bumblerrr
5882,16785932,"Thomas Yi","2026-09-02 19:24:18",435.0,1,tyyslashd
5883,16723614,"James Atteh","2026-08-15 19:34:17",435.0,2,jamesatteh
5884,16720696,Ankit0017,"2026-08-14 10:16:58",434.9,2,ankit0017
5885,16691891,"Gagan Thakur","2026-08-16 04:36:51",434.8,2,gaganthakur2006
5886,16709337,"Chris Turnbull","2026-08-11 22:15:57",434.6,2,christurnbull
5887,16623054,"Max Bond ABE","2026-08-15 22:43:34",434.2,1,maxbondabe
5888,16743191,"Ryoya Kochiyma","2026-09-03 08:25:53",434.1,2,"kazutotakekuma,ryoyakochiyma"
5889,16726052,"Peter Mugoya","2026-08-27 04:32:50",434.1,2,petermugoya
5890,16705696,"TS Farmer","2026-08-13 11:22:09",433.8,2,"shivangkainth,tusharsekhri27"
5891,16671773,"Sawyer Lundberg","2026-08-07 03:33:23",433.6,2,sawyerlundberg
5892,16662646,"Jay Parsana","2026-08-09 18:07:10",433.4,2,jay051
5893,16712796,"Kumar Saurabh","2026-08-25 12:34:20",433.1,2,bakakaka
5894,16693092,"Andrei Dzis","2026-08-10 18:28:15",433.1,2,dzisandy
5895,16794499,smileMAN13912339850,"2026-09-02 13:42:36",432.9,2,smileman13912339850
5896,16709179,"SATENDRA SINGH","2026-08-16 05:38:21",432.6,2,satendrasingh9876
5897,16659720,Project_Kurukshetra,"2026-08-16 05:01:34",432.4,2,"chaitanyaterli05,lavanyayandapalli"
5898,16690299,"EL GORRIM MOHAMED","2026-09-01 10:59:10",432.3,2,elgorrimmohamed
5899,16664454,"Naga Vinay Avvaru","2026-08-05 07:04:44",432.3,2,anagavinay
5900,16628404,theken,"2026-08-09 12:19:19",432.0,2,theken
5901,16653006,"anthony mbadiwe ikeme","2026-08-18 09:08:02",431.9,2,anthonymbadiweikeme
5902,16669102,Ritik,"2026-08-07 18:11:13",431.5,2,xritikx
5903,16674278,"Niels de Gier","2026-08-07 15:57:04",431.3,2,nielsdegier
5904,16668268,"Kunal Rout","2026-08-06 05:48:25",431.2,2,charlotte26
5905,16786280,Shambhavi21,"2026-08-29 14:43:11",430.4,2,shambhavi21
5906,16690812,zhangkai_0121,"2026-08-09 01:40:21",430.3,2,zhangkai0121
5907,16723779,Matheubern,"2026-08-22 00:44:48",430.3,2,matheubern
5908,16669516,GorgeousCookie,"2026-08-06 09:17:13",430.2,2,axellindqvist
5909,16811013,"Sara Vahidestakhri","2026-09-03 00:32:07",430.1,1,saravahidestakhri
5910,16665654,"Anurag H H","2026-09-03 11:55:37",430.0,2,anur4ghh
5911,16666257,"Shijian Wen","2026-08-06 09:40:44",429.8,2,shijianwen
5912,16684225,"Aum Savaliya","2026-08-10 20:10:02",429.7,2,aumsavaliya
5913,16677804,"Pravin Takpire","2026-08-11 08:17:51",429.1,2,pravintakpire
5914,16714425,sileza,"2026-08-13 12:57:35",428.8,1,azelis
5915,16666958,TinkerBotics,"2026-08-05 20:29:19",428.8,2,salosojaedwin
5916,16665959,"Lourenz Baliber","2026-08-18 00:34:06",428.7,1,lourenz
5917,16785352,"joão Vitor","2026-09-03 15:42:24",428.4,2,jaov30718
5918,16658227,Gugu888,"2026-08-14 04:27:57",428.3,2,gugu888
5919,16772511,"Max Gläser","2026-08-26 23:39:34",428.3,1,maxglser
5920,16773858,"Kundan Kumar","2026-09-02 09:29:52",427.5,2,edkundan
5921,16796102,yiliang,"2026-08-31 12:55:20",427.3,2,yilianglv
5922,16689349,"Adunola Abdulrahman","2026-08-10 17:38:47",426.7,2,adunolaabdulrahman
5923,16675043,malibu_orange,"2026-09-03 13:07:36",426.6,2,malibuorange
5924,16658960,"Amit Kumar","2026-08-06 05:44:30",426.6,2,anmitkumar
5925,16768884,z y f 007,"2026-08-31 05:39:35",426.6,2,zyf007
5926,16623678,Mahog,"2026-08-25 02:11:34",426.4,2,mahoganybuttstrings
5927,16670188,orivael,"2026-08-05 21:20:17",426.4,2,orivael
5928,16793913,"Vrushal Patil","2026-09-01 07:09:59",426.4,2,vrushalpatil
5929,16715416,"Md. Adnan","2026-08-31 06:31:42",426.3,2,mdadnan96
5930,16707987,"Big Balls Entertainment","2026-08-12 10:18:24",426.2,2,"pavivin,semenkolesnikov"
5931,16809820,"Pramit Das","2026-09-03 19:26:03",426.1,2,pramitdas
5932,16655737,Dharshini,"2026-08-08 15:00:05",426.1,2,dharshini1812
5933,16716670,"Aremanda Yasaswini","2026-08-13 09:27:46",425.9,1,aremandayasaswini
5934,16725349,"Saj Patel","2026-08-15 21:55:42",425.9,2,sajpatel15
5935,16656860,SamReiswig,"2026-09-02 04:04:09",425.8,1,sreiswig
5936,16740197,Winssk,"2026-08-27 01:55:06",425.8,2,winssk
5937,16722757,"Sebastian Adamatzky","2026-08-14 19:10:23",425.6,2,sebastianadamatzky
5938,16732156,"Samvel Kocharyan","2026-08-17 18:45:53",425.2,2,samvelkoch
5939,16677761,"Rithuraj Nambiar","2026-08-06 18:11:41",425.0,2,rithurajnambiar
5940,16751796,"Leo Pallorina","2026-08-23 14:06:17",425.0,2,lelelsp
5941,16660489,"Luca Lullo","2026-08-05 20:21:38",424.8,2,lucalullo
5942,16685207,"Koushik Thummu","2026-08-07 18:15:47",424.5,2,koushikthummu
5943,16662162,"THE predict","2026-08-13 21:18:25",424.4,2,vikaspal505
5944,16792013,"Alec Polansky","2026-09-01 16:30:31",424.4,1,alecpolansky
5945,16757351,SaiVenkatesh,"2026-09-03 09:54:10",424.2,2,nothingnew
5946,16659018,"Ramziddin Toxirov","2026-08-11 04:58:03",424.0,2,ramziddintoxirov
5947,16656932,"Thivvin Raj","2026-08-13 03:53:35",423.9,2,thivvinraj
5948,16668431,"Harshpreet Singh #2","2026-08-06 01:06:28",423.5,1,harshpreetsingh45
5949,16669346,"Jalpesh Vasa","2026-09-02 10:58:59",422.7,2,"deep1812,jalpeshvasa"
5950,16670565,"Grant Biellak","2026-08-05 22:52:01",422.7,2,grantbiellak
5951,16669123,"Alex #2","2026-08-06 22:50:30",422.6,2,alxdfy
5952,16666216,missss,"2026-08-06 06:49:00",422.6,2,missssb
5953,16732352,ORiginators,"2026-08-26 06:21:11",422.4,2,"sachinpandey721,sunritpal"
5954,16670257,RonitKhanna333,"2026-08-12 12:22:11",422.4,2,ronitkhanna333
5955,16664450,"Fritz Adelbertus","2026-08-10 01:13:44",422.2,1,fritzadelbertus
5956,16685412,Praveen8775,"2026-08-25 20:24:00",421.6,2,praveen8775
5957,16793465,"Gajala, CEO Sonic Sols","2026-09-01 22:32:05",421.5,2,rishitreddypalle
5958,16663259,erush,"2026-09-02 00:38:53",421.1,1,erushia
5959,16794797,zzzyan10,"2026-09-03 02:16:36",421.0,1,zzzyan10
5960,16733318,"Anuj Bolewar","2026-08-18 11:11:01",420.6,2,anujbolewar
5961,16629742,yun,"2026-08-15 09:10:21",420.4,2,yuyumarupython
5962,16770232,MinhTran2346,"2026-08-27 19:46:30",420.2,2,minhtran2346
5963,16752444,zama,"2026-08-25 04:31:12",419.9,2,zamami
5964,16758192,"Dev Monk","2026-08-29 14:03:22",419.8,2,devmonk63
5965,16763938,"joel paul","2026-08-26 02:05:07",419.6,2,joelpaulf
5966,16723045,"Albert Einstein F Muritiba","2026-08-21 02:27:16",419.3,2,spideryzarc
5967,16692825,"Saad Arain","2026-08-09 12:27:08",419.0,2,saad451
5968,16735580,"Dhiya Nachimuthu","2026-08-30 06:13:38",418.9,2,dhiyanachimuthu
5969,16793944,"Grupo 808","2026-08-30 22:36:59",418.8,1,grupo808
5970,16727022,Saharkh99,"2026-09-01 00:18:26",418.8,2,saharkh99
5971,16630772,"Mitsuhiro Iizuka","2026-08-04 10:31:00",418.7,2,mitsuhiroiizuka
5972,16741746,"Ahmed Harfoush","2026-08-19 09:47:45",418.7,1,ahmed1harfoush
5973,16662267,"Fahim Montasir","2026-08-10 16:15:10",418.6,2,fahimmontasir
5974,16695177,"Ajith Bagali","2026-08-15 12:23:37",418.3,2,ajithbagali
5975,16663981,"Steven Pun","2026-08-07 01:59:52",418.3,2,stevenpunn
5976,16773370,"Nishant #1","2026-08-26 06:11:42",418.2,1,nishanttomar110
5977,16805906,FENGYESHAN,"2026-09-02 01:33:25",418.1,2,fengyeshan
5978,16656946,"Sambit Padhan","2026-08-05 10:10:10",418.1,2,sambitpadhan
5979,16770758,"Maor talker","2026-08-26 20:18:59",417.9,2,maortalker20
5980,16638383,"Yunus Emre Sarıduman","2026-08-12 12:57:08",417.8,2,emresariduman
5981,16808705,Danielaijdkx,"2026-09-03 11:29:34",417.8,1,danielaijdkx
5982,16763523,"Nam Khánh Lê","2026-09-02 06:28:44",417.7,2,"khanhss,khimbodoi"
5983,16689970,"Константин Паращук","2026-08-08 09:15:08",417.7,1,kangchenxi
5984,16802341,"Yousef Turk","2026-09-02 06:31:13",417.6,2,yousefturk
5985,16771187,FernandoRB,"2026-08-26 15:53:49",417.6,2,fernandorb
5986,16674012,ahankesumah,"2026-08-16 07:34:05",417.5,2,ahankesumah
5987,16776777,cerceanit,"2026-08-29 14:51:48",417.3,1,uaisamangeldi
5988,16707951,K_ChanHo,"2026-09-03 12:44:52",417.3,2,kchanho
5989,16716585,"tejaswini kakollu","2026-08-13 09:12:37",417.2,1,tejaswinikakollu
5990,16691565,"Blu cky","2026-08-09 19:13:27",417.1,2,llmdablucky
5991,16637762,"Greek olive oil","2026-08-09 19:56:48",416.4,2,alexanderchar
5992,16723569,"Trishanth Mellimi","2026-08-15 07:09:55",415.8,2,trishanthmellimi
5993,16676327,shu10038,"2026-09-03 10:08:06",415.7,2,shu10038
5994,16658512,fatariq,"2026-08-10 21:18:35",415.6,2,fatariq
5995,16643278,"Giovani Moresco","2026-08-06 05:30:45",415.4,2,giovanimoresco
5996,16690947,"Veiled Star","2026-08-10 13:36:49",415.4,2,veiledstar
5997,16663674,"Mason Mahar","2026-08-30 04:00:17",415.4,2,masonmahar
5998,16622809,"German Vdovin","2026-08-03 00:38:01",415.2,2,ertrerhtytmnbdsefdw
5999,16668141,"Soichiro Mochizuki","2026-08-07 22:13:36",415.2,2,soichiromochizuki
6000,16666218,"sugan Chandrasekar","2026-08-16 11:02:09",415.2,2,suganchandrasekar
6001,16639727,"Andres Mohali","2026-08-13 23:03:25",414.7,2,mohax3
6002,16747544,OliverYip,"2026-08-25 06:01:07",414.6,2,oliveryip
6003,16811454,"Zakaria Taouil","2026-09-03 00:57:08",414.5,1,ztaouil
6004,16715097,"Yusuf Yavuz","2026-08-13 00:25:40",413.6,1,yusufyavuzz
6005,16657438,"Udit Aggarwal1","2026-08-08 19:09:27",413.3,2,uditaggarwal1
6006,16625770,"Đức Trung Trần","2026-08-24 11:01:33",413.2,2,ctrungtrn
6007,16784030,"Pooja Gera","2026-09-02 15:10:47",413.2,2,poojagera00
6008,16729708,msmsuman,"2026-08-31 12:42:11",413.2,2,msmsumanmuskan
6009,16678633,"Tanishq Tayade","2026-08-11 10:29:59",413.2,1,tanishqtayade
6010,16731108,"Vipparla Nandini","2026-08-17 06:29:48",413.1,1,vipparlanandini
6011,16764608,messibeatgravity,"2026-08-24 05:34:05",413.0,1,messibeatgravity
6012,16662791,"Shiva Neshan yuva","2026-08-15 18:39:16",413.0,2,shivaneshanyuva
6013,16676726,"Manaswi Bansal","2026-08-16 06:28:05",412.9,2,manaswibansal
6014,16667177,"Raunak Phull","2026-08-10 11:14:44",412.9,2,raunakphull4
6015,16807010,cjsrudals,"2026-09-03 14:17:52",412.6,2,cjsrudals
6016,16681188,"Tresor Mufalme.","2026-08-08 09:29:05",412.6,2,tresormufalme
6017,16758093,_student,"2026-08-23 22:21:25",412.6,2,drvtalan
6018,16661476,slowpoke,"2026-08-29 16:33:07",412.4,2,banboyechristains
6019,16658882,"toukali samir","2026-08-07 13:43:05",412.2,2,toukalisamir
6020,16794153,"harshita harshita","2026-08-31 17:47:11",412.0,2,harshitaharshitaaaa
6021,16731616,"Mohamed Aashik 24","2026-09-03 18:45:33",412.0,2,mohamedaashik24
6022,16655555,Bharath2411,"2026-09-03 07:14:26",411.9,2,bharath2411
6023,16679850,AryaGarg23,"2026-08-09 03:33:14",411.7,2,aryagarg23
6024,16715912,"Hiroshi Sakiyama","2026-08-14 13:22:19",411.6,2,hiroshisakiyama
6025,16684677,"Sean Southwick","2026-08-27 14:45:32",411.5,2,seansouthwick
6026,16658367,"Prachii Sonii","2026-08-31 17:28:45",411.5,2,prachiisonii
6027,16685625,"silvan ion","2026-08-08 13:05:39",411.4,2,john1one
6028,16743015,"Sword's Frost","2026-09-03 10:39:29",411.0,2,alexwilliam7
6029,16702771,n_samii,"2026-08-14 01:20:08",411.0,2,nsamii
6030,16765310,"Aria Muse","2026-09-03 03:04:29",411.0,2,ariamuse
6031,16634720,Thiyo,"2026-08-18 11:51:04",410.9,2,thimirajayasekara
6032,16717522,kyunyoung,"2026-08-14 07:16:00",410.8,2,kyunyoung
6033,16673310,dffzno1,"2026-08-14 01:44:55",410.7,2,joyzip
6034,16666275,HeatS33ker,"2026-08-15 14:37:36",410.6,2,byronokou
6035,16729157,HahaTaco,"2026-08-16 16:55:03",410.5,2,hahataco
6036,16716594,"U Anand Williams","2026-08-13 09:19:09",410.5,1,uanandwilliams
6037,16727326,AhmedMousaHassan2510,"2026-08-17 12:56:01",410.5,2,ahmedmousahassan2510
6038,16757236,"Erlanda Miko P","2026-08-23 07:02:01",410.2,2,snneva
6039,16726616,9Hash,"2026-08-19 19:08:01",410.1,2,hashimrazi
6040,16758663,"Light In","2026-08-22 19:18:51",410.0,2,lightin45
6041,16669176,"Karakam Sridevi","2026-08-11 07:44:48",410.0,2,karakamsridevi
6042,16656135,"JAYASURYA R","2026-08-05 15:43:01",409.7,2,suryar261
6043,16692710,"Baran Haydar","2026-08-12 06:56:50",409.6,2,baranhaydar
6044,16675324,"Attempt Seven","2026-08-10 10:13:50",409.5,2,attemptseven
6045,16732936,"Kateryna Dudko","2026-08-25 12:15:40",409.4,2,dudkiina
6046,16661891,BALLEN1337,"2026-08-04 19:22:30",409.4,2,ballen1337
6047,16716488,"Will Henderson290","2026-08-14 13:27:25",409.4,1,willhenderson290
6048,16665449,AgroVisionAI,"2026-08-11 19:52:49",409.3,2,"aishwaryvarshney,bhuppisharma,kirtisharmaphd,pragyasingh59,priyasingh0590"
6049,16809202,amano,"2026-09-03 13:44:49",409.3,2,amanoshotaro
6050,16677950,"Rounak Laddha","2026-08-15 01:47:41",409.2,1,rounakladdha
6051,16735593,"timur tytrin","2026-08-18 07:37:46",409.1,2,timurtiutrin
6052,16785676,Bilal11122,"2026-08-29 08:15:46",409.1,1,bilal11122
6053,16655689,花朝,"2026-08-05 04:10:02",408.9,2,xhxyyds
6054,16761784,"Ghaith Kammoun","2026-08-24 21:19:54",408.9,2,ghaithkammoun
6055,16710417,"Aryant Jadhav","2026-08-15 18:57:18",408.8,2,aryantjadhav
6056,16675093,"Nikhil Srivastava","2026-08-15 08:47:12",408.8,2,nikhilsrivastavark
6057,16779823,"Jean Dem","2026-08-31 12:38:41",408.7,2,jeandem
6058,16665400,FieldOps,"2026-08-10 16:16:03",408.4,2,sycpr1me
6059,16638938,Light&Thunder,"2026-08-09 06:39:19",408.2,2,yerne39
6060,16755264,wsdsby,"2026-08-21 15:16:42",407.7,2,wsdsby
6061,16693098,broken_gpu,"2026-08-30 10:07:27",407.4,2,brokengpu
6062,16677747,"Yuvraj Bhatt","2026-08-10 08:38:11",407.4,2,bhattyuvraj22
6063,16657883,jps,"2026-08-06 08:36:04",406.9,2,jahaziel
6064,16659394,"יוסף בש","2026-08-09 15:11:23",406.6,2,josiii123212
6065,16662094,"moncef elm","2026-08-11 04:34:28",406.6,2,moncefelm
6066,16806809,air,"2026-09-02 10:45:40",406.4,1,air041001
6067,16663864,RamónLópez,"2026-09-03 17:41:11",405.9,2,lopeznomar
6068,16770085,AllenCheng329,"2026-08-25 10:05:43",405.9,1,allencheng329
6069,16622097,"Garrick C.P.","2026-08-10 18:12:06",405.8,2,garrickchinnis
6070,16701060,"Paula Jimenez","2026-08-22 16:18:37",405.8,2,paulajimenez
6071,16770270,"salthiel nishimwe","2026-08-25 10:45:23",405.5,2,salthielnishimwe
6072,16668159,ABDELGHANY,"2026-08-12 11:04:36",405.5,2,abdelghanyrageh
6073,16640067,"minghao mei","2026-08-02 09:57:29",405.2,1,minghaomei
6074,16656190,"Akshaj Shandilya","2026-08-06 03:14:36",405.2,2,akshajshandilya
6075,16716713,"T Vamsi Krishna","2026-08-13 09:37:43",405.1,1,vamsee3763
6076,16666577,"Jatin khandelwal112","2026-08-05 11:26:41",404.2,2,jatinkhandelwal112
6077,16679392,Dickie,"2026-08-09 09:05:10",404.1,2,dickieho
6078,16815132,"Duc-Anh Nguyen","2026-09-03 10:42:28",404.0,2,valentinonguyen
6079,16768466,BenJung,"2026-08-31 16:16:04",403.9,1,"benjung2512,hyeonglvl,hyeonho028,limjoonsoo"
6080,16666924,esis_ai,"2026-09-01 03:11:15",403.4,2,alexesn
6081,16739447,"Jacob Stambaugh","2026-08-19 17:53:29",403.3,2,jacobstambaugh
6082,16662589,"Arunagirinadan Sudharshan","2026-09-01 20:38:47",403.0,2,sudhanaruna
6083,16652422,Kite,"2026-08-17 16:26:55",402.9,1,kiteyinlong
6084,16688381,"Teresa Fitzgerald","2026-09-03 02:26:10",402.9,2,teresafitzgerald
6085,16710241,"Julien Serbanescu","2026-08-12 14:32:50",402.9,2,julienserbanescu
6086,16634352,"sovit karki","2026-08-12 17:21:13",402.9,2,sovitkarki
6087,16655257,"Afia Animah Fosu","2026-08-04 18:21:50",402.9,2,afiaanimahfosu
6088,16727480,MSAM,"2026-08-31 12:48:11",402.9,2,arashdeepsinghmaan
6089,16690077,"GOMATHI PRIYA","2026-08-13 06:38:45",402.0,2,gomathipriyaraj22
6090,16795677,"Carol bright","2026-08-31 09:30:28",401.9,2,carolbright
6091,16802866,"Antonio Di Cecco","2026-09-01 18:37:02",401.7,1,antdic
6092,16762154,lli,"2026-08-24 14:40:36",401.4,2,colesuoseue
6093,16717797,"patan hashmi","2026-08-13 15:02:52",401.3,1,patanhashmi
6094,16658286,"Jatin Gujarathi","2026-09-03 08:43:39",401.2,2,jatingujarathi
6095,16704985,"Ethan Marchisano","2026-08-24 21:36:54",401.2,2,ethanmarchisano
6096,16774700,たたたた,"2026-09-02 11:07:01",401.2,2,tatatata1111
6097,16706898,Simiyon,"2026-09-01 18:14:14",400.9,2,blackscythe123
6098,16668592,"Ashutosh jatav","2026-08-09 13:34:45",400.9,2,ghost1412
6099,16660294,"Mohamed Amadu Bangura","2026-08-04 16:14:07",400.7,1,mohamedamadubangura
6100,16771216,"Hugo Ponce","2026-08-25 17:54:30",400.7,2,hugoskn
6101,16691027,"Jelle Maas","2026-08-08 14:58:19",400.5,2,jellemaas
6102,16662854,"NISCHAY SANJAY JIWANKAR 23115098","2026-08-13 05:38:18",400.5,2,nischay2908
6103,16757338,Dewakaran,"2026-08-22 05:34:35",400.4,1,dewakaran
6104,16656480,"Dip Biswas","2026-08-07 04:35:56",400.4,2,dipjacobiswas
6105,16658519,"David kinyanjui","2026-08-31 07:10:00",400.3,2,davidkinyanjui
6106,16726381,"Adriana Redondo","2026-08-15 19:39:41",399.9,1,adrianaredondo
6107,16685164,cleanledger,"2026-08-07 13:38:23",399.8,2,cleanledger
6108,16716497,xpxg,"2026-08-16 17:04:22",399.7,2,deepxchat
6109,16663990,"OURNO PAPA SALIF","2026-08-07 23:18:43",399.7,2,belfiremine
6110,16808433,thenokol,"2026-09-02 11:38:54",399.7,2,thenokol
6111,16716649,"Meghana Busse","2026-08-13 09:33:08",399.6,1,meghanabusse
6112,16695592,"André Luiz Pedroso","2026-08-09 11:59:19",399.5,1,andreluizpedroso
6113,16624029,"Miguel Angel Rodriguez Fonseca","2026-08-07 03:55:38",399.1,2,miguelangelrodriguez
6114,16657063,"those how","2026-08-04 07:50:57",399.0,2,thosehow
6115,16673825,h_jun,"2026-08-10 06:21:12",398.9,1,lhjoon77
6116,16666997,"Krishnamurthy Venkatasubramanian","2026-08-05 15:09:46",398.7,2,krishnamurthyvenkat
6117,16668286,"Sabari V","2026-08-15 14:38:41",398.6,2,sabari112005
6118,16641665,huangjunjia,"2026-08-04 14:12:26",398.4,2,huangjunjia777
6119,16733007,"Not Found","2026-08-17 16:32:16",398.2,4,"ammarkhan05,zainabirfanansari"
6120,16765863,MADUPU.SRINIDHI,"2026-08-24 10:43:10",398.0,1,madupusrinidhi
6121,16634219,"Michael J Hammel","2026-08-01 11:37:10",397.8,2,michaeljhammel
6122,16722122,Abhas20,"2026-08-19 10:02:51",397.7,2,abhas20
6123,16641330,"Takuya Yoshimi","2026-08-04 05:16:22",397.3,2,tkyysm
6124,16721948,ziszim,"2026-08-26 14:38:30",397.1,2,ziszim
6125,16674367,"zongze Yan","2026-08-19 15:23:21",396.9,2,aaayan
6126,16778526,starkhushi,"2026-08-27 07:01:28",396.7,2,starkhushi
6127,16717679,mureee,"2026-09-01 09:37:43",396.5,2,"hosyan3279,mureee54"
6128,16696419,detectivseb,"2026-08-12 10:34:45",396.4,2,detectivseb
6129,16671519,"Mandhati Sai ganesh","2026-08-06 06:36:45",396.2,2,mandhatisaiganesh
6130,16685649,YUYUTA,"2026-08-09 05:39:50",396.2,2,yuyuta
6131,16680015,"Khôi Trương","2026-08-10 01:11:55",396.1,1,kiykhoi
6132,16682342,"Jebez Oswald","2026-08-10 05:38:15",396.0,2,jebezoswald
6133,16662197,"Zehra Basaral","2026-08-07 10:42:57",395.9,2,zehrabaaral
6134,16709754,"Simon Preuss","2026-08-12 16:39:55",395.7,2,simonpreuss01
6135,16730191,rRTZZZ,"2026-08-17 02:43:14",395.7,2,rrtzzz
6136,16653001,"Alexey Kuleshov","2026-08-04 12:07:51",395.7,2,alexkulll
6137,16673167,Karam96,"2026-08-08 11:40:36",395.6,2,karam96
6138,16654788,bumbum,"2026-08-14 12:59:51",395.6,2,krzysztoff1
6139,16734096,"Cem Ali Görmez","2026-09-02 00:49:05",395.4,2,cemaligrmez
6140,16635130,Pongsaky,"2026-08-01 12:56:02",395.3,2,gantanch
6141,16721529,"Danny De Bree","2026-08-20 09:46:36",395.1,1,dannydebree
6142,16723047,"Matheus Finger","2026-08-28 19:02:12",394.9,2,matheusfinger
6143,16726769,"Ci Zhu","2026-08-16 07:03:55",394.9,2,zhuci1993
6144,16730060,"Enzo Pio","2026-08-21 16:44:03",394.9,2,enzopio
6145,16641140,NITISH_GOYAL1,"2026-08-27 06:42:29",394.8,2,nitishgoyal1
6146,16693147,"Oliver Curtis1","2026-08-09 14:51:57",394.7,2,olivercurtis1
6147,16661095,"AAYUSHMAAN PATEL","2026-08-09 08:16:53",394.6,2,aayushmaanpatel
6148,16660899,"Clarence Trinidad","2026-08-07 17:53:59",394.5,2,claree007
6149,16671714,"Donnell Layne","2026-08-07 15:40:35",394.5,2,jupiter1127
6150,16668696,Fabian,"2026-09-03 15:52:06",394.2,1,fabiantoh98
6151,16794285,Penelope.pnlp,"2026-09-01 15:38:43",394.1,2,penelopepnlp
6152,16670724,"Neel Patel","2026-08-14 19:33:43",394.0,2,n33lpat3l
6153,16786140,valgrinderror,"2026-08-31 15:33:36",394.0,1,valgrinderror
6154,16759765,"Ososanwo Idris Olaitan","2026-08-29 11:02:33",393.6,2,ososanwoidrisolaitan
6155,16696800,"VEER GOMA","2026-08-14 15:42:47",393.4,2,novaxoxo
6156,16783322,kentaro,"2026-08-29 03:55:45",393.4,2,kentarokujo
6157,16682108,"Shadow Monarch","2026-08-17 06:45:10",393.2,2,avinashk01
6158,16654213,"Hojin Jang","2026-08-20 09:59:20",393.2,2,hojinjang
6159,16745497,"Handsome Heretic","2026-08-21 19:14:30",393.2,2,handsomeheretic
6160,16733886,LuisMV8,"2026-08-18 16:28:42",393.0,2,luismv8
6161,16689718,HumsAuraTech,"2026-08-21 17:11:42",393.0,2,humaima03
6162,16777666,Lithops1112,"2026-08-31 08:25:07",392.8,2,lithops1112
6163,16658817,"Andrew Glez","2026-08-04 12:10:17",392.8,1,andgos
6164,16673009,CruelShow,"2026-08-21 20:00:15",392.7,2,cruelshow
6165,16666590,"Hoàng Anh Tú","2026-08-12 23:59:58",392.6,2,anhtu9999
6166,16665980,cshara,"2026-08-06 08:41:16",392.2,2,cshara
6167,16656023,JD_Mello,"2026-08-30 03:52:27",392.2,2,jdmello
6168,16652230,BorisSpider,"2026-08-13 11:34:46",392.1,2,borisspider
6169,16646644,BeyondBirthday,"2026-08-09 06:39:01",391.8,2,near07
6170,16709519,"p pxl16","2026-08-19 09:49:35",391.8,2,ppxl16
6171,16683087,qiuchenglong,"2026-08-07 09:25:48",391.5,2,qiuchenglong
6172,16669218,"Shaik Sabiya","2026-08-12 09:15:22",391.5,2,shaiksabiya55
6173,16659260,hitesh,"2026-08-05 19:29:28",391.3,2,shahhs
6174,16774954,Ye_xz233,"2026-08-26 15:35:23",391.2,2,yexz233
6175,16690098,"Akshay Kashyap","2026-08-10 17:10:28",391.1,2,akshaykashyapakku
6176,16674725,"rajan jha","2026-08-13 12:05:42",391.1,2,rajan1673
6177,16663576,Yurnero,"2026-08-04 21:24:04",391.0,1,samson8
6178,16705300,T3485D5T,"2026-09-03 08:20:18",391.0,2,"danijelbilalli,t3485d5t"
6179,16659410,TTH,"2026-08-07 08:21:16",390.9,2,tthungdz
6180,16660980,"João Marcelo Curi","2026-08-05 18:31:19",390.9,2,joomarcelocuri
6181,16721675,stork8i,"2026-08-14 13:16:26",390.9,1,stork8i
6182,16798974,huangbin,"2026-09-03 15:49:04",390.8,2,huangbin1
6183,16702742,"Kavyanshu Singh","2026-08-11 10:47:02",390.3,2,kavyanshusingh
6184,16667105,"Vikram Tiwari","2026-08-10 11:12:26",390.3,2,vikramtiwari
6185,16784379,超级陆战队,"2026-08-29 14:43:33",389.7,2,luyi61227
6186,16668091,Solidscripts.io,"2026-08-23 23:41:23",389.6,2,juancamera1
6187,16668012,"Aleksander Iżemski","2026-08-05 20:52:54",389.5,2,aizemski
6188,16638343,"Phong Khoi","2026-08-04 12:20:52",389.4,2,phongkhoi
6189,16696439,VaraPrabha,"2026-08-10 04:36:00",389.2,2,galiveetipoornima
6190,16755029,"Jashan Bajwa","2026-08-22 12:56:30",389.0,2,jashanbajwa
6191,16654808,Vishwajeet-maker,"2026-08-17 21:17:02",388.5,1,vishwajeetmaker
6192,16759115,chabinhwang,"2026-08-22 14:33:59",388.4,1,chabinhwang
6193,16660246,taqnik,"2026-08-08 11:54:39",388.2,2,taqnik
6194,16677470,"Saish Walavalkar02","2026-08-09 12:44:51",388.1,2,"harichaudhari1,kaiserjayin,meetramjiyani,nirbhaygajabi30,saishwalavalkar02"
6195,16630007,"Yuankun Liu","2026-07-31 15:48:13",388.0,2,lyk1652
6196,16633475,betagammashtrit,"2026-08-29 16:24:03",387.8,2,betagammashtrit
6197,16649794,"Wanzhu Zhao","2026-08-04 13:04:05",387.6,2,wanzhuzhaora
6198,16691667,jeremyllll,"2026-08-12 03:30:26",387.6,2,jeremyllll
6199,16653105,James,"2026-08-17 16:52:18",387.3,2,jamesquirk
6200,16654330,"Perumalla Pujitha","2026-08-12 18:09:24",387.3,2,perumallapoojitha
6201,16818060,bnfan,"2026-09-03 11:30:36",387.2,1,simonfan7
6202,16713366,BANKAI,"2026-08-16 15:24:28",387.1,2,igors97
6203,16681397,"Vishal Dubey","2026-08-11 08:51:13",387.1,2,visha1dubey
6204,16688364,"Om Raval08","2026-08-21 02:57:23",386.9,2,omraval08
6205,16783863,"Vivek Vardhan Reddy","2026-08-31 06:14:34",386.7,2,vivekvardhanreddy77
6206,16636643,"Babul Kumar","2026-08-02 07:46:50",386.6,2,babulkumar07
6207,16660397,Divyansh82Raj,"2026-08-04 15:01:28",386.5,2,divyansh82raj
6208,16802028,Dong,"2026-09-03 04:31:20",386.4,2,protostar
6209,16728261,"Smit Deshaval","2026-08-24 17:44:12",385.8,2,smitdeshaval11
6210,16656919,Sumaiya,"2026-08-28 17:38:53",385.8,2,ayeshasummaiyya
6211,16785821,"Naresh Meena","2026-08-28 21:24:31",385.6,1,nareshmeena12
6212,16660099,Desireog71,"2026-08-08 15:01:19",385.6,2,desireog71
6213,16700360,"Thanush Soma","2026-08-10 09:49:02",385.5,2,thanushsoma
6214,16661390,"Raúl García Gómez","2026-08-04 17:04:39",385.5,2,corso138
6215,16656472,angusdddsa,"2026-08-04 06:04:22",385.3,2,angusdddsa
6216,16641606,"Tanisha Sahu","2026-08-02 14:39:27",385.2,2,tanisha3
6217,16654688,"Terrell Millz","2026-08-10 16:08:33",385.2,2,terrellmillz
6218,16639624,"Nishanth Rajan","2026-08-02 03:25:35",385.0,2,nishanthrajandev
6219,16723273,"Bradley ZODOME","2026-08-19 07:06:18",384.1,2,bradleyzodome
6220,16798347,"Mr Michael Chung","2026-09-03 02:16:59",384.1,2,mrmichaelchung
6221,16721615,"Dai Dai","2026-08-24 16:43:19",384.0,2,jumpingdaidai
6222,16726441,Enrique.rfm,"2026-09-03 19:13:21",383.9,2,enriquerfm
6223,16802128,"vaman soni","2026-09-02 10:08:49",383.8,1,vamansoni
6224,16659688,Daniel,"2026-08-05 12:21:37",383.8,2,danielyazgi
6225,16715988,"Hsyn Kskn","2026-09-03 12:08:15",383.7,2,hsynkskn
6226,16661012,"Tesfahun Feleke","2026-09-03 08:48:26",383.6,2,tesfahunfeleke
6227,16665460,"Shubham kumar jha","2026-08-23 07:36:36",383.3,2,shubhamjhakr
6228,16758987,"Irtaza Ahmed Khan","2026-09-02 19:31:56",382.7,2,yrrebeere
6229,16679096,WilliamXylean,"2026-08-31 03:34:39",382.5,2,williamxylean
6230,16661002,"Eliyas sk","2026-09-02 12:32:51",382.4,2,eliyassk
6231,16660436,turkenm,"2026-08-06 13:03:36",382.3,2,turkenm
6232,16695479,Anandhasabesan,"2026-08-09 13:50:37",382.3,1,anandhasabesan
6233,16709165,"Yooraj Gole","2026-08-13 18:10:17",382.3,1,yoorajgole
6234,16632841,AGG,"2026-09-02 12:52:29",382.2,2,aleixgim
6235,16738581,"mr moradi1","2026-08-18 14:31:26",382.1,1,mrmoradi1
6236,16661068,ZeViX,"2026-09-02 08:24:10",381.9,2,"codinggeek101,vedantkhete"
6237,16734894,"MP Gamimg","2026-08-26 14:47:08",381.8,2,okadahiroshi
6238,16639067,"ToMY F.","2026-08-11 11:34:31",381.8,1,tomyfdev
6239,16687699,jegazhu,"2026-08-13 22:25:15",381.7,2,jegazhu
6240,16660369,"Dev MCP","2026-08-04 12:59:09",381.7,1,nishant2905
6241,16664617,BarkeviousBingo,"2026-08-19 04:34:59",381.7,2,barkeviousbingo
6242,16682632,Sebastiaan,"2026-08-27 18:24:40",381.5,2,sebastiaanreinders
6243,16628296,NoxMetenis,"2026-08-15 17:54:03",381.4,1,avasgaire
6244,16735393,Dai_Research,"2026-08-18 10:40:17",381.2,2,dairesearch
6245,16706276,MitulbhBhatia,"2026-08-18 04:02:38",381.0,2,mitulbhbhatia
6246,16692427,"Infy ","2026-08-09 20:48:09",380.7,2,infydes
6247,16779805,"Ákos Blaschek","2026-09-01 17:21:44",380.7,2,kosblaschek
6248,16710564,"Clarice Harijanto","2026-08-14 04:28:13",380.3,2,clariceting
6249,16662874,"Dev Shah","2026-08-08 01:52:52",380.3,2,imdevshah11
6250,16678653,Wzjj98,"2026-08-06 19:31:39",380.0,1,wzjj98
6251,16690775,"Prasanna Raut","2026-08-08 20:41:38",379.9,2,prasannaraut
6252,16731458,"Arthur Baygildin","2026-08-17 10:06:55",379.8,1,arthurbaygildin
6253,16658897,"Teja Pattem","2026-08-07 10:42:44",379.7,2,tejapattem
6254,16659312,qwertyDmitry,"2026-08-05 13:44:24",379.5,2,qwertydmitry
6255,16741512,Offenders,"2026-08-30 15:08:39",379.1,2,"karthicchockalingams,shakil2411,shehnaaz01"
6256,16662577,"Shreyash Suryawanshi","2026-09-02 19:42:31",378.5,2,shreyashsuryawanshi
6257,16656732,"Shivam Kashyap","2026-08-04 05:28:03",378.4,1,shiyan0090
6258,16803726,Yaromir_Ko,"2026-09-02 19:07:16",378.3,1,ronanndex
6259,16673152,"Arijit Raj","2026-08-06 08:23:14",378.0,2,arijitraj02
6260,16786139,Trezerg,"2026-09-03 04:00:04",377.9,2,progtrollwarrior16
6261,16692906,CodeZee,"2026-08-09 19:50:49",377.9,2,codewithzaeem
6262,16762854,J8young,"2026-08-26 13:52:54",377.9,1,j8young
6263,16661551,SimonAx,"2026-08-10 09:41:59",377.8,2,simonaxel
6264,16743604,KeswaniRohit,"2026-08-22 17:19:18",377.7,2,keswanirohit
6265,16628409,"yann sadowski","2026-07-31 09:39:25",377.7,1,yannsadowski
6266,16690166,"Niteshwar Mishra","2026-08-08 10:02:22",377.7,2,niteshwarmishra
6267,16718662,Safin,"2026-08-22 17:50:27",377.4,2,safinlynx
6268,16735966,kyone,"2026-08-18 08:09:32",377.4,1,xtraky
6269,16661351,"Adekojo Adeyemi","2026-08-04 15:25:52",376.7,1,adekojoadeyemi
6270,16662643,Mohit_Singh,"2026-08-29 18:21:55",376.7,2,mohitsingh955
6271,16629476,NOOBS,"2026-08-09 19:58:48",376.2,2,"patelkrishna8,sakshamranawade,shravanideshpande25"
6272,16625011,"Heng Yu","2026-08-18 06:30:56",375.7,1,megalobox1
6273,16624235,appu2431,"2026-08-11 15:56:41",375.4,2,appu2431
6274,16716322,zhaimh,"2026-08-14 02:43:21",375.3,2,zhaimh
6275,16655652,Emergence,"2026-08-10 03:21:04",375.3,2,daylighth
6276,16640901,"Kian Maghsoodi","2026-08-20 23:01:51",375.2,2,kizmodo
6277,16668471,Broomva,"2026-08-05 14:57:35",375.2,1,broomva
6278,16655250,"Juan Pablo Ponce","2026-08-08 03:34:18",374.4,2,juanpabloponce28
6279,16623938,flashthunder,"2026-09-01 09:02:15",374.1,1,thunderflash
6280,16683136,"Stefano Ciaci","2026-08-16 14:47:29",374.1,2,stefanovcciaci
6281,16624102,Khadersha.sk,"2026-08-03 02:45:03",374.0,2,khadershask
6282,16668479,"Muneera Mahjabeen","2026-08-26 21:14:40",374.0,2,muneeramahjabeen
6283,16741982,barry_Paddi,"2026-08-27 07:10:52",373.8,2,barrypaddi
6284,16775010,"Alexey Kuznetsov","2026-08-27 13:49:22",373.8,2,legtarrr
6285,16728881,Ch.Manvita,"2026-08-16 16:33:52",373.7,2,chmanvita
6286,16688859,"Muhammad Fayaz Khan","2026-08-08 06:36:02",373.5,2,mfayazkhan
6287,16732873,"Yash Rana","2026-08-18 04:57:04",373.5,2,yashrana24
6288,16780268,"SAI ESHWAR S","2026-08-29 06:26:11",373.5,1,saieshwars
6289,16661331,"John Wessel","2026-09-02 23:42:41",373.5,2,johnwessel
6290,16652805,"Rodrigo Batista da Silva","2026-08-13 13:35:19",373.3,2,eurodrigobatista
6291,16711573,"Sushmitha Vasantha","2026-08-13 09:08:29",373.3,1,sushmithavasantha
6292,16659234,"MARY RAISA P","2026-08-27 07:06:43",373.0,2,"harinimala21,maryraisap,saha0102"
6293,16660568,Fascetta,"2026-08-07 20:48:53",372.6,2,fascetta
6294,16656143,"Debanshu Mallick","2026-08-07 05:27:56",372.5,1,debanshumallickiisc
6295,16711383,"Monika Kocianova","2026-08-14 11:01:11",372.4,2,monikakocianova
6296,16732296,"duong nguyen","2026-08-20 14:51:38",372.2,1,duongnguyen161
6297,16670988,"Pavle Skoric","2026-08-21 21:34:32",372.1,1,pavleskoric
6298,16662428,"Sonu kumar","2026-08-24 05:18:49",372.0,2,sonukumar9142
6299,16668340,"Sibi Vishnu","2026-08-08 10:35:33",371.9,2,sibivi
6300,16659939,"Mouafak Dakhlaoui","2026-09-03 08:19:00",371.8,2,sharmoul
6301,16657142,"Vishisht Gupta","2026-08-16 16:16:54",371.6,2,vishishtgupta
6302,16662967,"Amalio Gomez","2026-08-04 22:07:16",371.5,1,amaliogomez
6303,16768551,"AAYUSHMAAN SINHA","2026-08-25 02:43:00",371.2,2,aayushmaansinha
6304,16657687,"Siddardha Shayini","2026-08-04 14:23:48",370.9,2,siddardhashayini3
6305,16815985,leemc95,"2026-09-03 08:28:36",370.8,1,leemc95
6306,16658320,"Justin Eight","2026-08-27 07:29:52",370.7,2,justineight
6307,16683400,"wo zhe yi sheng ru lu bo bing","2026-08-10 16:53:48",370.6,2,"ivanlo103,panckck,waijai"
6308,16715576,bhavnachavda21,"2026-09-03 08:10:30",370.3,2,bhavnachavda21
6309,16657056,"Jacob Ross Piedad","2026-08-06 12:15:14",370.2,1,jacobrosspiedad
6310,16655919,"Tạ Minh Lễ","2026-08-04 06:46:45",370.0,2,tminhl
6311,16658319,"Huỳnh Nguyễn Trọng Tín","2026-08-06 06:23:40",369.8,2,tnhunhnguyntrng
6312,16659865,Rithikaaaaah,"2026-08-17 07:09:08",369.7,2,rithikaaaah
6313,16683178,soulasin,"2026-08-07 14:32:26",369.6,2,soulasin
6314,16739702,"Vasantha Kumar552","2026-08-19 07:22:10",369.6,2,vasanthakumar552
6315,16665907,"Jonathan Saina","2026-08-16 14:48:56",369.5,2,jonathansaina
6316,16712257,Banarto,"2026-08-13 07:49:16",369.5,1,banarto
6317,16641294,YogeshG22,"2026-08-03 17:58:51",369.4,2,yogeshg22
6318,16662856,"Pranjal Arya","2026-09-02 05:22:56",369.4,2,pranjalaryaa
6319,16698591,FestusKipkoech,"2026-08-28 18:58:28",369.3,2,festuskipkoech
6320,16752067,neuroxaker,"2026-08-22 14:50:32",369.2,2,neuroxaker
6321,16635243,MlMlDev34,"2026-08-01 11:26:52",369.1,2,mlmldev34
6322,16670600,"Leon Lum","2026-08-20 14:58:27",368.9,2,leonlum
6323,16657658,"Esther Usman","2026-08-25 23:45:50",368.9,2,estherusman
6324,16633737,nrg,"2026-08-04 20:19:50",368.9,1,nargizaskarbekkyzy
6325,16686332,毛治钦,"2026-09-01 05:05:37",368.8,2,maozhiqinf
6326,16758426,"Attique Ansari","2026-08-22 11:50:42",368.4,2,attiqueansari
6327,16658733,luoqiuy,"2026-08-04 10:46:04",368.2,2,luo912
6328,16667033,"Geethika Sandireddy","2026-08-15 07:04:31",368.0,2,geethikasandireddy
6329,16646318,"I wanna Die","2026-08-18 18:28:29",367.8,2,chrisopherjoshy
6330,16665996,AVATAR3905,"2026-08-06 18:14:01",367.3,2,avatar3905
6331,16796901,hanhan761,"2026-09-02 13:35:01",367.0,1,"hanhan761,kiivii,noice12138,xiaobai0417"
6332,16765805,"sayyad karimun","2026-08-25 10:14:26",366.8,1,sayyadkarimun
6333,16735751,"Hasan Taşkın","2026-08-24 19:36:02",366.8,2,hasantaskin
6334,16658011,"Arooba Hanif","2026-08-05 07:24:53",366.7,2,aroobahanif
6335,16682345,Gordy,"2026-08-31 07:39:13",366.7,2,gordyii
6336,16669535,sakshitantak,"2026-08-08 05:16:32",366.6,2,sakshitantak
6337,16701902,"Matthew Souza Chong","2026-08-11 05:58:50",366.4,2,matthewsouzachong
6338,16710906,Krunal.ix,"2026-08-12 07:06:58",366.3,1,krunalix
6339,16635406,ykuroka,"2026-09-03 09:53:50",366.3,1,ykuroka
6340,16799023,"Alkava Ind","2026-09-03 00:08:10",366.2,2,alkavaind
6341,16623739,SarsaShen,"2026-08-05 07:12:00",365.7,2,sarsashen
6342,16674394,"Ishant Mittal","2026-08-08 09:24:57",365.7,2,ishantmittal95
6343,16660996,"Thịnh Nguyễn Chí Tiến","2026-08-08 01:49:40",365.7,2,thnhnguynchtin
6344,16664671,Acteus,"2026-08-06 00:01:12",365.5,2,acteus
6345,16624990,"Tanjim Ahmed Kingshu","2026-08-02 07:05:52",365.3,2,tanjimahmedkingshu
6346,16666171,"JD Crew","2026-08-06 12:52:58",365.1,2,"abhijnanpodder,ahsafabid"
6347,16668453,"Kawish Hassan","2026-08-05 16:51:03",364.9,2,kawishhassan
6348,16765807,"Ashwani Dhukra","2026-09-03 11:04:57",364.8,2,ashwanidhukra
6349,16676063,"Kembang Melon","2026-09-03 16:32:29",364.8,2,wajawaja
6350,16694264,"Vansh Visariya","2026-08-10 09:00:11",364.5,2,vanshvisariya
6351,16655446,"Ismael Omar Leonidas Hurtado Vargas","2026-08-04 00:07:01",364.5,1,ihurtadov
6352,16662495,Earth,"2026-08-15 10:54:03",363.8,2,earthearth
6353,16686716,"menna hassanM","2026-08-28 21:49:51",363.8,2,mennahassanm
6354,16675048,Wizard_King,"2026-08-06 19:35:41",363.8,2,anshumanrayy
6355,16769110,tianlululing,"2026-08-26 13:09:45",363.7,2,tianlululing
6356,16669725,chosunghwan,"2026-08-06 03:52:24",363.4,1,chosunghwan
6357,16742073,"nguyễn huệ anh","2026-09-03 11:27:00",363.3,2,akapatu
6358,16660531,greySnow,"2026-08-08 00:36:32",363.2,2,shlomoron
6359,16805509,"Adel Zebiche","2026-09-03 19:43:00",362.6,2,adelzebiche
6360,16727044,"Kai Leisten","2026-08-16 10:19:42",362.5,2,kaileisten
6361,16689841,Pavani2325,"2026-08-08 10:00:56",362.2,2,pavani2325
6362,16623405,nbarlow,"2026-08-12 20:01:08",362.1,2,nickbarlow
6363,16659415,PincheCabrón,"2026-08-17 17:34:01",362.0,2,pinchecabrn
6364,16759407,"Giovanni Colpani","2026-08-22 17:02:37",362.0,2,giovannicolpani
6365,16690183,ankit8924praj,"2026-08-14 15:43:56",361.9,2,ankit8924praj
6366,16757557,BitxWolf,"2026-08-22 19:06:48",361.4,2,bitxwolf
6367,16659529,"Sanchit Jain","2026-08-05 05:58:55",361.2,2,sanchit1609
6368,16670812,"Brian Toman","2026-08-09 15:56:22",361.0,2,briantoman
6369,16784605,"Iniyan M D R","2026-08-28 13:53:22",360.8,1,iniyanmdr
6370,16777515,Abhimanyu21,"2026-08-27 13:33:38",360.7,2,abhimanyu21
6371,16666115,"Iam Intolerable","2026-08-06 07:48:28",360.6,2,iamintolerable
6372,16665360,"Ayush Bhadauria","2026-08-19 11:11:51",360.6,2,ayushbhadauria50
6373,16661191,"Yudha Eka Saputra","2026-08-04 19:28:31",360.6,2,yudhaekasaputra
6374,16661690,codefusiondu,"2026-08-06 04:53:25",360.4,2,codefusiondu
6375,16740191,"Arjun Dhillon","2026-08-19 15:15:57",360.0,2,arjundhillon07
6376,16806475,sohma,"2026-09-03 10:43:46",359.7,1,hi210278
6377,16664469,"Thorlapati Nikhil","2026-08-11 19:11:09",359.6,2,thorlapatinikhil
6378,16707702,"anton leyn","2026-08-27 18:40:04",359.6,2,antonleyn
6379,16724976,Soham,"2026-08-18 11:28:07",359.4,2,soham308
6380,16725769,NikunjMakhija_,"2026-08-19 13:01:57",359.0,2,nikunjmak
6381,16682262,"Pardeep Singh","2026-09-01 11:01:27",358.9,2,pardeep06
6382,16713319,"David Tilman","2026-08-12 18:56:13",358.9,2,davidtilman
6383,16677312,"Kavuri Sravya","2026-08-19 02:33:01",358.5,2,kavurisravya
6384,16681801,majj,"2026-08-11 03:07:46",358.4,2,m313786372
6385,16660473,"Owen M Kelley","2026-08-10 00:53:11",358.3,2,owenmkelley
6386,16663738,"Handre Bezuidenhout","2026-08-04 23:27:08",357.8,2,handrebezuidenhout
6387,16677732,"Alessandro Mermali","2026-08-06 20:52:35",357.3,2,alessandromermali
6388,16623730,"Ethan Higgins","2026-07-31 02:25:21",357.2,2,ethanhigginz
6389,16679827,Juanky_too,"2026-08-27 11:13:42",356.9,1,juankytoo
6390,16735080,"SARTHAK PATIL","2026-09-02 19:23:03",356.8,2,sarthakpatil23
6391,16676974,"Deveshwar U","2026-08-31 01:10:42",356.5,2,deveshwaru
6392,16698739,"Sahrul Adicandra","2026-08-11 04:06:08",356.5,2,sahruladicandra
6393,16632620,"[Deleted] d9d74cbb-c76e-4fbb-a4bf-35e25b48627d","2026-08-08 16:00:16",356.2,2,del=c21e6a8a03ad3b3c
6394,16682454," Vandanaa R","2026-09-02 09:48:24",356.0,2,vandanaar
6395,16728948,L3MG,"2026-08-16 21:17:06",355.7,2,lemgyy
6396,16661212,AnkitRaj4004,"2026-08-23 13:17:37",355.3,2,ankitraj4004
6397,16655729,"Arnab Mallick","2026-08-04 02:41:48",354.7,2,arnabmallick24
6398,16657729,"Kandregula V S S V P Krishna Murthy","2026-08-08 15:29:35",354.5,2,kkandregula
6399,16689923,Dhinesh,"2026-08-09 08:39:37",354.5,2,dhineshwarrs
6400,16663351,MiguelS,"2026-08-07 15:25:29",354.2,2,lordm758
6401,16660658,Shlok_Sharma0001,"2026-08-19 09:31:48",354.1,2,shloksharma0001
6402,16659533,"Pavan Desai","2026-08-10 16:29:20",353.9,2,pavancdesai
6403,16655621,xia0910,"2026-08-08 11:03:21",353.8,2,xia0910
6404,16691936,"Adhar Chaudhari 07","2026-08-09 08:13:35",353.7,2,adharchaudhari07
6405,16719709,Rishiii360,"2026-08-18 03:46:23",353.5,2,rishiii360
6406,16694575,"Aloise Mutune","2026-09-03 13:51:32",353.3,1,aloisemutune
6407,16693949,"Eric Worrall","2026-08-16 00:39:43",353.2,2,ericworrall
6408,16672689,"Yusuf Yemez","2026-08-06 06:51:07",353.2,1,yusufyemez
6409,16694673,"B T Chinmayi","2026-08-27 19:47:10",353.1,2,btchinmayi
6410,16665252,"Harsh Katara","2026-08-05 06:51:14",353.0,1,harshkatara
6411,16711497,"Korvi sai kumar","2026-08-13 08:02:21",352.9,1,korvisaikumar
6412,16659523,"Ahmad Khidir","2026-08-27 22:33:31",352.6,1,ahmadkhidir
6413,16706591,"Poorvi Shetty","2026-08-20 05:06:12",352.6,2,poorvishetty1
6414,16658450,"Krish Singh","2026-08-05 16:11:00",352.0,2,krishsingh2283
6415,16662054,"phantom of shubh","2026-08-11 07:54:46",351.8,1,shubhamkumar123490
6416,16784712,SIDDpat,"2026-08-30 08:13:50",351.5,2,siddpat
6417,16682229,"mayuri sarangi","2026-08-29 14:03:36",351.3,2,mayurisarangi
6418,16706181,"Juvenal Pedro Baptista","2026-08-16 14:58:40",351.2,2,juvenalpedrobaptista
6419,16668271,"Shashank Raj","2026-08-06 14:27:00",350.8,2,ssr6156
6420,16778327,WangYingChen,"2026-08-28 03:11:28",350.7,1,wangyingchen
6421,16655811,"Duy Trần","2026-08-04 08:23:27",350.7,1,duyqtrn
6422,16721533,"Lakshya Sharma","2026-08-16 06:01:34",350.6,2,lakshyasharma007
6423,16671256,"Navid Zaman","2026-08-26 17:20:02",350.2,2,navidzaman01
6424,16667406,"Abdulrahman AlAsali","2026-08-05 13:20:41",350.2,1,abdulrahmanalasali
6425,16666056,"sarthak gupta1303","2026-08-05 11:01:04",350.1,2,"sarthakgupta1303,sathviktummalapenta"
6426,16697694,"Adithya Thiruvalluvan","2026-08-29 17:28:42",349.9,1,forestfire7
6427,16800468,Vaishnavi,"2026-09-01 11:13:30",349.6,1,vaishnavisri09
6428,16676416,"Abhishek Mishra","2026-08-10 10:09:30",349.5,2,abhishekmishra23
6429,16797284,Alice7371,"2026-08-31 17:58:22",349.3,1,alice7371
6430,16672138,mostafa69ca,"2026-08-06 05:03:43",349.0,1,mostafa69ca
6431,16810030,fukumayo,"2026-09-02 22:03:26",348.7,2,fukumayouta
6432,16672020,"Arum Puri ","2026-08-18 14:03:33",348.3,2,arumpuri
6433,16660992,"Vishnu Vardhan Dumpala","2026-08-05 18:17:30",348.0,1,vishnuvardhandumpala
6434,16661639,"Jayanth Kumar D","2026-08-06 13:36:46",347.6,2,jayanthkumard
6435,16749568,"Nana Hung","2026-08-23 02:17:34",347.6,2,nanahung
6436,16713082,"Siyam Molla","2026-09-03 15:55:32",347.4,2,siyammolla
6437,16693821,"DARSHAN A","2026-08-11 18:02:26",347.1,2,ad12345kag
6438,16691813,Hyezir4,"2026-08-10 08:36:47",346.9,2,hyezir4
6439,16653903,Manav2805,"2026-08-04 09:25:08",346.8,2,manav2805
6440,16664718,Vedika_,"2026-08-11 18:28:09",346.8,1,lighjt
6441,16664147,JordanM10,"2026-08-05 19:54:08",346.6,1,jordanm10
6442,16670881,"Amir Y. Sajjadi","2026-08-05 23:56:26",346.5,1,amirysajjadi
6443,16687403,"Raja Sai Vardhan","2026-08-09 08:19:22",346.0,2,rajasaivardhan
6444,16784538,"mou1234568 fdsfds","2026-08-28 18:05:29",346.0,2,mou1234568fdsfds
6445,16794052,"Sarthak Mishra","2026-09-03 15:07:43",345.8,2,"aarushverma04,pg541425,sarthak25b15310182,yadavup50"
6446,16671959,"Sintu Verma","2026-08-09 05:44:56",345.6,2,sintuverma
6447,16729572,"Aswin Ramanathan","2026-08-17 16:17:38",345.5,1,aswinramanathan
6448,16815017,"Evgeniy Shalagin","2026-09-03 12:00:20",345.3,2,humanitis
6449,16732315,"Filip Chladek","2026-08-17 13:37:38",345.3,2,filipchladek
6450,16692084,"Kaggri Farmers","2026-08-29 19:47:29",345.1,2,"jayant99acharya,satvikkolluru"
6451,16696061,Mingyuan2002,"2026-08-28 17:15:00",345.0,2,mingyuan2002
6452,16656351,"Triet Ho","2026-08-07 07:27:33",345.0,2,trietho247
6453,16780106,"Mirangga Jakti","2026-08-31 03:41:53",344.5,2,miranggajakti
6454,16660313,Ctrl+Code,"2026-09-03 14:58:52",344.3,2,"jayashankar369085,parnikasm"
6455,16777489,"Yousef Elbaz","2026-08-27 11:18:54",344.2,1,yousefelbaz
6456,16777607,"je nap","2026-08-30 01:56:28",344.1,2,johnenapoles
6457,16811685,benhur0905,"2026-09-03 09:21:23",344.1,2,benhur0905
6458,16785050,"MITHIL J URK26CS7067","2026-08-28 18:29:14",343.7,1,mithiljurk26cs7067
6459,16665661,Ikhbar,"2026-08-05 09:50:57",343.3,2,ikhbar
6460,16714418,AdriMonFer,"2026-09-01 12:15:21",343.2,2,adrimonfer
6461,16700187,"adrian purnama","2026-08-10 10:50:45",342.9,1,adrianpurnama
6462,16682386,"Charbel Nehme","2026-09-01 00:09:46",342.7,2,charbelnehme
6463,16628190,Horizonx30,"2026-08-09 18:06:56",342.6,2,horizonx30
6464,16666639,"Dheeraj Pranav","2026-08-24 19:38:42",342.6,1,dheerajpranav
6465,16672670,RonTroy,"2026-08-13 04:46:15",342.2,2,rontroy
6466,16654407,"Serendeep Rudraraju","2026-08-27 11:15:08",342.2,2,serendeeprudraraju
6467,16697373,"Sumit Bhattacharjee","2026-08-29 18:29:11",342.0,2,sumitbhattacharjee
6468,16767037,"Yubraj Sigdel","2026-08-24 15:45:56",341.9,1,yubraj11
6469,16705294,"zhenf Liu","2026-08-11 07:51:06",341.7,2,zhenfliu
6470,16792780,"Sreekar Reddy","2026-09-01 15:33:38",341.4,2,eshured
6471,16766274,"Satwato Dey","2026-08-28 08:35:12",340.9,2,satwato
6472,16707118,"DEVEN BAGADE","2026-08-11 11:24:10",340.9,2,devenbagade
6473,16681177,"Ivan Kevin Garcia Hernandez","2026-08-17 19:25:34",340.6,2,jedilgh
6474,16662403,"ulaş özen","2026-08-05 19:49:16",340.4,2,ulazen
6475,16709299,"Divyanshu Choudhary","2026-09-02 20:11:42",340.4,2,divyanshuchoudhary25
6476,16690514,"Aditya #3","2026-08-09 06:29:48",340.3,1,a0x1ab
6477,16707092,"Asharani Sahu","2026-08-11 11:19:08",340.0,1,asharanisahu
6478,16769212,"jason vetter","2026-08-25 05:48:22",339.9,1,jasonvetter
6479,16630545,"GAURAV PARKHEDKAR","2026-08-01 07:00:23",339.6,2,gauravparkhedkar
6480,16757233,"Tet Toe Wai","2026-08-24 07:51:45",339.5,1,tettoewai
6481,16763916,"Mohamed Nchourupouo","2026-08-24 09:28:47",339.0,2,mohamednchourupouo
6482,16732409,kawhi0.0,"2026-08-18 17:53:51",339.0,1,kawhi00
6483,16660543,"BUTUH DUIT","2026-08-06 07:39:16",338.5,2,abulkahfi
6484,16658489,小出和見,"2026-08-13 23:23:04",338.1,2,kzmk8d
6485,16785111,"JEFFREY KIRUBA J ","2026-08-28 18:07:41",338.1,1,jeffreykirubaj
6486,16660341,"Nefise Aybar","2026-08-04 12:37:29",337.9,2,nefiseaybar
6487,16652899,Isha,"2026-08-22 05:51:50",337.4,2,aarohi20
6488,16657145,"Shudipto Trafder","2026-08-04 19:25:24",337.2,1,iamsdt
6489,16732280,"Akarsh kumar shukla","2026-08-18 20:38:35",336.4,1,akarshkumarshukla
6490,16659558,Ayuroshbo,"2026-09-02 17:41:05",336.1,2,ayuroshbo
6491,16652970,"Abhay sarkar","2026-08-05 14:40:05",336.0,1,abhaysarkarai
6492,16809721,siren2345,"2026-09-02 14:48:32",335.7,1,siren2345
6493,16658941,Matts6591,"2026-08-17 07:59:36",335.5,1,mathwithmatt
6494,16675037,"Stanislav Pashkov","2026-08-08 20:50:16",335.1,2,stanislavpashkov
6495,16755632,"Adarsh Yadav","2026-08-21 16:34:37",334.4,1,adarsh12yadav
6496,16726021,"The Farm Game","2026-09-02 13:23:00",333.9,2,"tacostew,thomasbower6"
6497,16684308,Itsside_jay,"2026-08-07 11:46:48",333.6,1,itssidejay
6498,16701697,"Shadow #2","2026-08-16 12:13:27",333.5,2,chetanagrawall
6499,16734670,Sparsh,"2026-08-22 01:48:51",333.2,2,sparshsinha24
6500,16654430,"Rishoban Y","2026-08-07 13:46:37",333.2,1,rishoban
6501,16623161,"Charles Kalaba","2026-08-08 13:06:02",332.9,2,charleskalaba
6502,16669164,コノウイ,"2026-09-01 14:38:34",332.6,2,nickhu0414
6503,16696644,"Franklin T","2026-08-13 10:28:53",332.6,2,franklin0410
6504,16721849,ayushai8714,"2026-08-28 09:36:41",332.5,2,ayushai8714
6505,16720606,Williamtime,"2026-08-17 03:11:34",332.3,2,williamtime
6506,16652397,"Aniket Kumar","2026-08-06 13:29:50",332.0,2,kalkiavatar3
6507,16728465,"Abdurrahman Assegaf","2026-08-16 12:13:15",331.8,2,amanshop
6508,16712089,"yui seya","2026-08-12 12:17:02",331.7,2,yuiseya
6509,16633330,"danielle Ange","2026-08-12 16:26:03",331.4,2,danielleange
6510,16686700,"Hakkı selim Ak","2026-08-07 17:06:03",331.2,1,hakkselimak
6511,16678521,"Arina Nevolina","2026-08-06 20:31:22",331.2,1,nevolinaa
6512,16690055,"Prem Kumar","2026-09-02 05:56:28",331.2,2,premkumar099
6513,16632319,Valentin,"2026-07-31 21:14:24",330.9,1,vaha94
6514,16661955,Bingos,"2026-08-05 11:43:07",330.7,2,bingos
6515,16768174,lambdap,"2026-08-25 07:12:50",330.6,2,lambdap
6516,16624246,"xu j1ayang","2026-08-11 05:12:47",330.4,2,xuj1ayang
6517,16660308,zhangzhenman,"2026-08-25 06:14:26",330.2,1,zhangzhenman
6518,16790603,xinbao,"2026-09-02 17:29:36",330.1,2,zww123456
6519,16658990,"Muhammad Burhan SE-45-02","2026-08-07 04:26:18",330.1,2,muhammadburhanse4502
6520,16751311,JoangHZ,"2026-08-21 09:18:57",329.9,2,joanghz
6521,16756868,"Anisha Maurya","2026-08-31 19:59:05",329.9,2,anishamaurya
6522,16653054,Khongor2424,"2026-08-03 15:32:17",329.8,2,khongorkikaik21
6523,16711348,ticoraph,"2026-08-21 18:55:56",329.8,2,ticoraph
6524,16775771,"Ewia Tng","2026-08-31 15:40:23",329.8,2,ewiatng
6525,16725938,"Ben Cheng","2026-08-17 18:39:38",329.8,2,benczb
6526,16795163,"Nguyễn Đỉnh","2026-09-02 01:50:55",329.0,2,nguyendinh1507
6527,16657891,"Joshua Kinnah","2026-08-07 23:00:45",328.9,2,joshuakinnah
6528,16750666,"Mitali Yadav","2026-09-03 04:21:03",328.6,2,mitaliyadav18
6529,16756768,"Sayeed Ibrahim","2026-08-22 01:32:12",328.5,2,sayeedibrahim
6530,16723046,"Pedro Joás","2026-08-21 18:41:15",328.3,2,pedrojos
6531,16662659,"Chiziterem Eze","2026-08-11 12:20:48",328.2,2,chiziteremeze
6532,16690163,"Abhay Upadhyay","2026-08-08 18:05:54",328.0,2,abhay18s
6533,16738349,Suna-D,"2026-08-30 14:24:52",327.9,2,sunad0630
6534,16634769,Fivingone,"2026-08-03 03:47:43",327.2,2,fivingone
6535,16683421,"Ruchita Yadav","2026-08-13 18:09:54",326.9,2,ruchitayadav20
6536,16729246,"Ayodeji Akinola","2026-08-29 19:45:30",326.9,2,ayodejiakinola
6537,16783537,JustinybGao,"2026-09-01 21:23:01",326.4,2,justinybgao
6538,16668166,Pikachu,"2026-08-05 14:52:15",326.4,2,"arpankumarsinha,phantomboy69,subhojitpaul2006"
6539,16789486,TanjiahaoXX,"2026-08-29 07:47:37",326.3,1,tanjiahaoxx
6540,16661290,"Kelian Esteve","2026-08-04 14:33:13",326.2,1,kelianesteve
6541,16712086,"Zubair Shafi","2026-08-16 23:23:04",326.2,2,zubairshafi5050
6542,16671566,renmin517,"2026-08-17 07:31:19",326.2,2,renmin517
6543,16691354,"Vedika Gupta","2026-08-08 14:20:25",326.2,1,vedikagupta0
6544,16758856,"Ali Zaib","2026-08-27 20:12:02",326.1,2,alizaib001
6545,16716476,lnssan,"2026-08-20 13:05:18",325.8,2,lukanilssandmayr
6546,16809515,"Александр Трифонов","2026-09-02 17:21:44",325.4,1,cybrvibe
6547,16621557,"Vijay Krishna Lanka","2026-08-26 01:20:53",325.4,2,vijaykrishnalanka
6548,16656506,"Piyush Harde","2026-08-04 12:54:26",325.1,2,piyushharde
6549,16633982,Nikunj1375,"2026-08-07 08:40:29",325.0,2,nikunj1375
6550,16637025,kodalien,"2026-08-10 15:21:00",324.9,2,kodalien
6551,16676302,Arnav,"2026-08-08 06:10:01",324.7,2,arnav03101
6552,16654348,rkeshwani,"2026-08-07 16:17:49",324.6,2,rkeshwani
6553,16667042,"Adarsh Mukundan","2026-08-07 17:12:28",324.5,1,aadarshmukundan
6554,16659493,"Ori Glisko","2026-08-09 14:27:44",324.4,2,origlisko
6555,16765570,"Akhand Soni","2026-08-24 12:47:42",324.1,1,akhandsoni
6556,16659453,"Ishwar Rathod","2026-08-06 03:29:27",324.0,2,ishwarrathodofficial
6557,16671942,"JIVRAJ SINGH","2026-08-13 16:54:51",323.2,2,jivrajsingh
6558,16698562,Kyoko004,"2026-08-11 04:38:18",323.1,1,kyoko004
6559,16659975,"Rahul Sain","2026-08-05 18:54:58",322.9,2,rahulsain2001
6560,16662861,"Chirag Tutlani","2026-08-04 19:13:05",322.7,1,chiragtutlani
6561,16664218,"Nguyen Vu Tue Khang","2026-08-24 03:32:10",322.5,2,nguyenvutuekhang
6562,16676305,JTHEFROG,"2026-08-08 12:09:45",322.3,2,joshyuasa
6563,16668331,"Maitreya Mohapatra","2026-08-19 01:42:53",322.1,2,maitreyamohapatra
6564,16662491,Rudra070311,"2026-08-11 17:06:39",322.0,2,rudra070311
6565,16646076,"Ajeet Krishnasamy","2026-08-04 19:52:27",321.9,2,ajeetkrish
6566,16656198,N9uy3nPham,"2026-08-06 10:56:04",321.9,2,n9uy3npham
6567,16668559,Goups,"2026-08-22 09:11:46",321.3,2,hervrenard
6568,16685996,"Universal Entropy","2026-08-07 16:22:28",320.7,1,fennerjw
6569,16654253,"Gaius K Biju","2026-08-03 18:51:18",320.6,2,gaiuskbiju
6570,16762084,"Krishna Lokhande","2026-08-23 14:08:48",320.5,1,krishnalokhande8080
6571,16794647,"Michael Cahill","2026-09-01 07:46:28",320.2,2,michael1232
6572,16740795,Yanshaoo2026,"2026-08-19 08:40:17",320.2,1,yanshaoo2026
6573,16668333,VishalVivek,"2026-08-07 09:46:17",319.8,1,vishal14332
6574,16658725,"syed jawad","2026-08-17 08:49:32",319.1,1,syedjawad663
6575,16682559,"Punit Pritam Mohanty","2026-08-11 06:21:03",319.0,2,punitpritammohanty
6576,16657159,"Amey Malpurkar","2026-08-11 07:35:27",318.9,2,"ameymalpurkar,siddheshsadarao"
6577,16821068,"Danila Goncharenko","2026-09-03 15:22:12",318.7,2,danilegovich
6578,16662913,"IYAMPAYE ribert","2026-08-04 19:01:38",318.5,1,iyampayeribert
6579,16650070,"jakub slavíček","2026-08-04 12:58:40",318.3,2,jakubslavicek
6580,16658357,heetmehta18,"2026-08-07 13:30:40",318.2,2,heetmehta0000
6581,16804924,"Kevin L.","2026-09-03 19:29:33",318.0,2,zorgis
6582,16657104,"Bashar Gamal","2026-08-17 00:04:56",318.0,2,bashargamal
6583,16760025,"Mayar Abdelfattah","2026-08-30 18:26:40",317.8,2,"mayarabdelfattah,omarelmaghraby03"
6584,16762045,ADV,"2026-08-23 13:28:56",317.5,1,shuntianjiang
6585,16690187,"Amrita Singh","2026-08-08 10:34:51",317.4,2,amrita004
6586,16707179,"Achintya Rai","2026-08-12 11:15:16",317.2,2,achintyarai
6587,16745485,"Thamires dos Santos ","2026-08-26 01:39:27",317.2,2,thasantos
6588,16698920,"Rishabh Bhartiya","2026-08-12 13:48:26",317.2,2,rishabhbhartiya
6589,16665758,"Oladipo Bashir","2026-08-31 10:23:51",316.3,1,oladipobashir
6590,16682422,"SABBIR HOSSAIN 2029","2026-08-16 14:23:24",315.9,2,sabbirhossain2029
6591,16702052,"Beny Pratama Putra","2026-08-12 16:18:20",315.8,2,benypratamaputra
6592,16669576,"zarnab waheed","2026-08-17 19:20:34",315.7,2,zarnabwaheed
6593,16702430,"ZeLong Leo","2026-09-02 02:32:43",315.7,2,zelongleo
6594,16631989,"VIDIT SHRIMALI","2026-07-31 17:13:46",315.6,1,viditshrimali
6595,16761681,"Ming Myung","2026-08-24 05:12:56",315.5,2,vanhaminhquan
6596,16723487,RoboDavo,"2026-08-19 00:36:17",315.3,2,robertdavidson1911
6597,16655315,SL,"2026-08-13 01:50:18",315.1,2,xndr007
6598,16655875,PLLZ,"2026-08-17 01:11:41",315.0,2,pllzzz
6599,16684223,"Aayush Shah","2026-08-13 17:57:28",314.9,2,aayushshah265
6600,16724204,chestnut,"2026-08-21 02:15:17",314.8,2,yskkrbysh
6601,16682623,"Aditya Paul","2026-08-14 12:44:45",314.7,2,adityapaul634
6602,16636719,"Naman Durve","2026-09-03 04:12:04",314.2,1,namancdurve
6603,16778585,Deepa,"2026-09-02 06:03:53",314.1,2,deepa42639
6604,16659060,Pratham3gewg,"2026-08-06 18:26:51",313.9,2,pratham3gewg
6605,16663600,"Adrián Flores","2026-08-05 00:38:36",313.8,2,foward2892
6606,16822523,vbeeram,"2026-09-03 18:48:44",313.7,2,vbeeram
6607,16661276,Middle,"2026-08-29 04:36:49",313.6,2,aydagul
6608,16784225,sulala,"2026-08-29 08:51:26",313.3,2,sulala
6609,16725135,"clement cg","2026-08-19 07:54:00",313.2,2,clementcg
6610,16683075,"Manuel lasarte León","2026-08-26 19:06:58",313.1,2,manuellasarte
6611,16660529,Imaanga,"2026-08-10 11:41:21",312.8,2,imaangababy
6612,16641866,"Prem Gandhi","2026-08-06 19:48:18",312.2,2,gprem352
6613,16655003,"Paramjeet Kaur","2026-08-04 21:09:02",312.0,1,kauxp26
6614,16683284,"Haha Farming","2026-08-07 14:38:04",312.0,1,"akshitharamesh,harinir1423"
6615,16675218,데미안과마루,"2026-08-18 14:16:13",311.7,2,siver3
6616,16629403,Galza98,"2026-07-31 10:09:02",311.5,1,galza98
6617,16624073,Maruichi01,"2026-08-14 16:03:02",311.5,2,"maruichi01,ppocharl,puws06,tatsukisato,unikina"
6618,16748410,Lemons,"2026-08-21 19:44:07",311.1,1,takahiromatoba
6619,16740506,Growingduck,"2026-09-02 03:18:21",311.0,2,jaeminkang2021
6620,16690882,"Meet P. Shah","2026-08-30 13:51:02",311.0,2,meet47
6621,16666316,adityakr1001,"2026-08-05 09:33:41",310.9,1,adityakr1001
6622,16658676,"Abdul Roheem Abdul Warith","2026-08-04 18:59:04",310.7,1,albasoliyy
6623,16773545,faithk7u,"2026-08-31 21:57:43",310.3,2,faithk7u
6624,16661879,"Pham Truc","2026-08-07 07:21:46",310.1,1,genti1206
6625,16659581,"isah ridwan","2026-08-07 09:02:00",309.9,2,isahridwan
6626,16756174,"Mateo Coelho","2026-09-02 19:10:01",308.8,2,mathsco
6627,16652276,Phare111,"2026-08-04 15:09:55",308.5,1,phare111
6628,16659804,"Gashahun Demise","2026-08-04 13:23:20",307.6,2,gashahundemiset
6629,16746121,Nononoi,"2026-08-21 07:18:02",307.5,1,nononoi
6630,16748092,Luckshith,"2026-08-20 12:59:43",307.3,2,luckshith
6631,16669411,"Atta Ullah","2026-08-10 13:28:30",307.3,2,attaullahqau
6632,16657426,"M.Mukunda Reddy","2026-08-17 06:18:11",307.1,2,mmukundareddy
6633,16689926,"Yongxiang Zhao #2","2026-08-12 03:33:27",307.0,2,yongxiangzhao
6634,16660144,"Léandre ELISHA","2026-08-09 12:25:44",305.3,2,landreelisha
6635,16707941,ニイエチカイン,"2026-08-14 15:28:42",305.3,2,j4ck99
6636,16684191,"Patel Aryan D","2026-08-10 07:36:13",305.3,2,patelaryand
6637,16660579,mayank,"2026-08-06 14:41:12",305.0,2,mayank921
6638,16658620,"Dina Chettouh","2026-08-04 09:13:27",304.9,2,dinachettouh
6639,16792188,anisotropies,"2026-08-30 07:36:28",304.7,2,achan31
6640,16622245,"Vlas Veles","2026-08-18 17:17:10",304.6,1,vlasveles
6641,16790545,Adnane,"2026-09-01 02:18:09",304.5,2,adnaneel
6642,16668464,Mauro,"2026-08-05 15:57:27",303.6,2,ilmaurino
6643,16655734,dworld,"2026-08-05 04:13:18",303.5,2,jagdishhalde
6644,16665114,"Francesco Benincasa","2026-08-05 09:56:52",303.4,2,francescobenincasa
6645,16748712,"Amit Kumar Gupta","2026-08-21 13:33:00",303.1,2,eramitg
6646,16651668,Haiku,"2026-08-05 06:28:54",302.5,2,yangjiefu
6647,16701143,macneil,"2026-08-14 14:53:54",302.4,2,macneil
6648,16683998,"Mahoraga save me","2026-08-07 22:09:22",302.3,2,yqngyv
6649,16796258,"Lanzhi Jiao","2026-09-03 08:31:13",302.3,1,lanzhijiao
6650,16733752,Abhi,"2026-08-17 19:34:16",302.1,1,zeroday19
6651,16658065,"Parul Mittal","2026-08-06 13:55:51",301.7,1,pisces83
6652,16707372,"zidu cheng","2026-08-11 13:30:40",301.6,1,ziducheng
6653,16684168,"Roaya Saed","2026-08-10 14:36:20",301.5,1,roayasaed
6654,16761324,WLYYYo,"2026-08-23 18:10:35",301.1,2,wlyyyo
6655,16809898,wodDAOdun,"2026-09-03 15:54:31",300.5,2,kylaucode
6656,16656595,"Sithija Amarathunga","2026-08-04 10:09:50",300.0,2,sithijaamarathunga
6657,16677517,justnyoike,"2026-08-10 01:12:56",299.9,2,justnyoike
6658,16762940,"Davide Andreolli","2026-08-25 21:39:30",299.8,2,davideandreolli
6659,16761731,"James Hu","2026-08-23 17:50:28",299.6,1,cnjameshu
6660,16754845,"LG Music","2026-08-21 22:48:01",299.4,1,lgmusic
6661,16665243,"Harshit Jha","2026-08-05 13:40:16",299.2,2,harshitjha28
6662,16659203,"Praful Nayak","2026-08-05 08:17:06",299.0,2,prafulnayak2003
6663,16686316,"Ali mohon","2026-08-07 16:16:43",299.0,2,alimohon
6664,16661213,"Daniel Siersleben","2026-08-05 12:53:41",298.5,1,danielsiersleben
6665,16798602,uns.t,"2026-09-03 13:29:37",298.1,2,franksunp
6666,16623533,xthixsl_ml,"2026-08-18 04:17:18",298.0,2,xthistle999
6667,16741555,"Rushikesh Shirwalkar","2026-08-19 11:02:46",297.9,2,rushikeshshirwalkar
6668,16663253,"Albert Benjamin Asare","2026-08-06 19:29:05",297.9,2,albertbenjaminasare
6669,16667700,"Omar Mohammad","2026-08-05 15:52:54",297.8,2,omarmohammadw
6670,16678362,"Mitiku Yohannes","2026-08-07 00:00:37",297.7,2,mitiku
6671,16799769,manyuA,"2026-09-01 08:04:06",297.3,2,"forheuristiclifeksh,manyua"
6672,16730653,"Daham Dissanayake","2026-08-21 03:17:15",297.0,1,"dahamdissanayake,dinuginimnara"
6673,16718890,"Andy Symonds","2026-08-19 23:04:11",296.9,2,andyivanhoe
6674,16783872,"Soupau Lev","2026-09-01 09:50:33",296.8,1,olivierauffret
6675,16781276,"Nikita Greben","2026-08-27 23:11:35",296.8,2,justnik77
6676,16670185,"Odilon Yehouenou","2026-08-13 20:23:58",296.8,2,odilonyehouenou
6677,16791786,BladeOffline,"2026-08-30 03:42:42",296.6,1,bladeoffline
6678,16733204,"Sompalli Akhil Kumar","2026-08-18 10:14:08",296.3,2,sompalliakhilkumar
6679,16686789,Hay-gent,"2026-08-18 19:00:36",295.9,2,"alagusuriyas,gayathrisrimai"
6680,16739918,POLAROID_86,"2026-08-18 21:56:04",295.6,2,polaroid86
6681,16723065,"Kaio Castro","2026-08-28 17:24:26",295.1,1,kaiocastro
6682,16659696,"Lakshyaraj Singh Rathore","2026-09-01 04:57:55",294.9,2,lakshyarajrtm
6683,16724743,"Dr. James Gambrah","2026-08-17 08:48:47",294.9,2,jamesgambrah
6684,16657440,Lz7_129,"2026-08-04 15:26:01",294.9,1,lz7129
6685,16818690,"Arionchen TitanTeam","2026-09-03 12:57:27",294.8,2,arionchentitanteam
6686,16693087,osprey2k,"2026-09-03 02:01:51",294.8,2,osprey2k
6687,16783521,xiannaix,"2026-08-31 04:14:00",294.6,1,xiannaix
6688,16728152,"Kenji Tai","2026-08-16 18:27:33",294.5,2,kenjitai
6689,16669523,Jackson55171,"2026-08-05 18:21:00",294.5,2,jackson55171
6690,16661587,"Debashis Mohapatra","2026-08-05 09:05:50",294.4,2,debashismohapatra
6691,16810472,YuanKing77,"2026-09-03 18:29:35",294.3,2,yuanking77
6692,16687151,harshi101,"2026-08-08 06:32:37",294.2,2,harshi101
6693,16770777,"Oscar Legoupil","2026-08-26 05:56:00",293.8,1,oscarlegoupil
6694,16632795,"vishwottam kudekar","2026-08-05 18:19:02",293.8,1,vishwottamkudekar
6695,16747086,Karma_350234,"2026-08-20 09:56:52",293.7,1,karma350234
6696,16623823,"Julieta Rubis","2026-07-31 04:45:53",293.4,2,julietarubis
6697,16743218,RYUSHI,"2026-09-03 14:50:33",293.4,1,ryushisa
6698,16725288,mustafasadiqi,"2026-08-15 12:26:35",293.2,1,mustafasadiqi
6699,16676084,"Abir Majdi","2026-08-24 00:24:35",292.8,2,abirmajdi
6700,16660450,"prashant prakash","2026-08-08 09:45:36",292.5,2,prashantprakash28
6701,16762167,"Arkoday Roychowdhury","2026-08-24 01:29:19",292.4,2,arkodayroychowdhury
6702,16695733,"Imad Zaanine","2026-08-11 02:11:15",292.3,2,imadzaanine
6703,16818924,"super penguin king","2026-09-03 12:35:44",292.0,1,superpenguinking
6704,16666512,RexHuang936,"2026-08-07 08:51:41",291.1,2,rexhuang936
6705,16761994,"Talha Sayyad faim","2026-08-23 11:32:37",290.9,1,talhasayyadfaim
6706,16700876,"Oyegoke Emmanuel","2026-09-03 11:09:02",290.8,2,oyegokeemmanuel
6707,16742149,"Ankith Savio","2026-08-31 07:14:34",290.7,2,weedoo
6708,16688231,"Antoine Matemane Mahirwe","2026-08-10 19:40:15",290.7,2,antoinemah
6709,16665461,"Krishna Golwala","2026-08-24 18:39:08",290.6,2,krishnagolwala
6710,16758007,stoicsatvik,"2026-08-22 12:37:48",290.4,1,stoicsatvik
6711,16723050,"Ítalo Albuquerque","2026-08-21 17:23:25",290.0,2,taloalbuquerque
6712,16678355,"Tanuj Saxena","2026-08-07 10:10:24",290.0,2,tanujsaxena
6713,16660957,CREVATEC,"2026-08-11 09:30:33",289.7,2,"olakunleolalekan,samueloladeji"
6714,16686950,"Kittikhun Pachana","2026-08-08 00:16:11",289.5,2,kittikhunpachana
6715,16745293,Harvey,"2026-08-22 04:20:10",289.5,2,celestia0113
6716,16738810,mararaa,"2026-08-25 06:54:40",288.6,1,mararaa
6717,16755126,"David ter Kuile","2026-08-21 14:01:59",288.6,2,davidterkuile
6718,16654306,Shubham,"2026-08-03 19:09:40",287.8,2,sanjayshubham24
6719,16707228,"Milind Bansal","2026-08-11 11:45:00",287.7,1,milindbansal18
6720,16672767,"FasterYouChase FasterIRun","2026-08-09 13:15:12",287.4,2,icoguser
6721,16765488,chenyinheng30,"2026-09-02 01:28:11",287.3,2,chenyinheng30
6722,16745419,elren,"2026-08-27 08:31:36",287.2,2,elrensmin
6723,16657777,"sandeep kumar","2026-08-04 11:41:21",287.0,2,sandeep088
6724,16740800,"Shiva Sai","2026-08-19 03:54:27",287.0,1,shivasai846
6725,16706312,"shabbar taj","2026-08-11 16:35:57",286.8,2,shabbartaj
6726,16728366,"Top RL Learner","2026-08-30 18:30:15",286.7,1,forrestxlz
6727,16677629,"XIE Jintao","2026-08-06 18:47:28",286.5,2,xiejintao
6728,16711610,cc_z_kaggle,"2026-08-12 09:33:23",286.5,1,cczkaggle
6729,16684875,"Amitrakshar Mukherjee","2026-08-07 13:21:32",286.3,2,amitraksharmukherjee
6730,16730326,atsushi11o7,"2026-08-21 15:47:31",286.2,1,atsushi11o7
6731,16645300,szyulian,"2026-08-04 04:42:36",286.2,1,szyulian
6732,16701041,"Meet Babariya","2026-08-10 14:21:06",286.1,1,meetbabariya
6733,16654067,DataForge,"2026-08-05 10:19:25",285.9,2,"chanduchandini,goriparthiramatulasi,srilakshmipanitini,suryachakradhar"
6734,16790992,"Matthew Knyazev","2026-08-29 17:53:40",285.8,1,matthewknyazev
6735,16714263,Lmfm24,"2026-08-12 20:38:01",285.8,2,lmfm24
6736,16659698,"Duy Anh Nguyễn","2026-08-07 10:23:27",285.8,1,duyanhnguyn
6737,16752153,zhao569,"2026-08-27 03:57:59",285.8,1,zhao569
6738,16663459,"Cristian Yeanpaul Palomino Calderon","2026-08-06 04:14:17",285.7,2,dawo0t
6739,16759726,Phoenix,"2026-08-22 19:43:10",285.6,1,seanht1
6740,16712844,"ray hengbo","2026-09-01 03:35:31",285.4,1,rayhengbo
6741,16771048,"Aditya Pawar","2026-08-25 16:55:04",285.3,1,aditya22102001
6742,16768507,"Dhanush Ballanki","2026-08-25 00:33:27",285.2,1,dhanushballanki
6743,16785789,"Mateus Sousa do Carmo","2026-08-28 21:23:10",285.2,2,mateaadsaf
6744,16662105,PunnatatJAY,"2026-08-04 16:22:50",285.1,1,punnatatjay
6745,16713601,"Omar spok","2026-08-19 13:27:13",285.0,2,omarspok
6746,16772388,XiaozhenWu2002,"2026-08-29 16:21:55",285.0,2,xiaozhenwu2002
6747,16708246,StudyForUse01,"2026-08-11 16:58:19",284.9,1,studyforuse01
6748,16738539,"Sharath S","2026-08-21 05:19:45",284.7,2,akicodes
6749,16649074,nanato,"2026-08-28 04:27:29",284.1,1,nanato
6750,16689933,"Anjali Shah","2026-08-17 09:30:28",283.0,2,anjalishah0306
6751,16623099,"Bovard Doerschuk-Tiberi","2026-07-30 21:04:23",283.0,1,bovard
6752,16724512,"Diw Gupta","2026-08-21 13:45:51",282.8,1,diwgupta
6753,16708480,"Omar M.Moustafa","2026-08-11 18:55:58",282.8,2,omarmmoustafa
6754,16748206,ArtlexYang,"2026-08-25 08:43:28",282.8,1,artlexyang
6755,16751488,Klixel,"2026-08-21 03:35:28",282.5,1,klixel
6756,16690494,StevenBeyen,"2026-08-13 07:55:32",282.2,2,beyensteven
6757,16762081,VKAUL3,"2026-08-23 12:09:08",282.2,1,vkaul3
6758,16679467,"Ahmed Zedan","2026-08-18 00:28:27",281.9,2,ahmedzedan11
6759,16656679,"Sadiqa Bibi","2026-08-27 09:52:29",281.9,2,sadiqabibidata
6760,16744954,charley8,"2026-08-22 06:23:36",281.8,2,charley8
6761,16703295,Yuting,"2026-08-13 20:42:16",281.3,2,yutinghanuxd
6762,16660471,"Obsessed Beings","2026-08-24 16:44:48",281.3,2,"meur99,muhammedsaeed315,obsessedbeing,studentwork01"
6763,16822994,"Peter Danilov","2026-09-03 18:16:23",281.3,1,pndanilov
6764,16665719,"[Armenia] Narek Petrosyan1","2026-08-05 07:49:34",281.1,1,narekpetrosyan1
6765,16654853,"Saketh Rao","2026-08-03 21:43:14",281.1,1,sakethrao
6766,16766823,suikkee,"2026-09-02 05:05:50",280.6,1,suikkee
6767,16654290,"Srinivasa Ranga","2026-08-17 05:19:41",280.6,1,srinivasaranga
6768,16690161,"Sudipto Event","2026-08-11 09:25:00",280.5,2,sudiptoevent
6769,16663387,Ju,"2026-08-05 23:29:38",280.1,2,juziddd
6770,16762459,GNR_network,"2026-08-23 13:59:19",279.9,1,gnrnetwork
6771,16713204,Mohamedg,"2026-08-24 23:15:06",279.9,2,mohamedgcroesus
6772,16736084,"Kaishang Zhang","2026-09-02 13:41:28",279.9,2,kaishangzhang
6773,16793148,"Hoàng Trung Nguyễn","2026-09-01 08:08:00",279.7,2,hongtrungnguyn
6774,16643821,"arnav chaturvedi123","2026-08-02 22:16:08",279.4,2,arnavchaturvedi123
6775,16649650,"Ashish Barnawal","2026-08-11 04:08:04",279.3,1,klein4
6776,16630833,"Savan Javia","2026-08-27 08:06:03",278.9,1,savanjaviya
6777,16683428,"Darsh Jilka","2026-08-19 09:03:08",278.9,2,darshjilka
6778,16633483,"benkerrouche abdelbasset","2026-08-07 16:11:50",278.8,1,bassetkerouche
6779,16740263,"Scott Weeden","2026-09-02 08:27:43",278.8,2,scottweeden
6780,16689903,wangbohuan,"2026-08-08 09:35:12",278.7,2,wangbohuan
6781,16657378,doteeee,"2026-08-14 11:43:40",278.5,2,narendra
6782,16661231,"R Ajay Kumar12","2026-08-04 14:12:11",278.4,1,rajaykumar12
6783,16676501,"[Deleted] cf820879-5b51-45ff-9f0a-1d88833299b5","2026-08-08 08:32:10",278.3,2,kamraanmulani
6784,16656692,"kinza aftab 714","2026-08-04 05:43:51",278.3,2,kinzaaftab714
6785,16676007,"Lao KENAO","2026-08-15 01:15:48",278.1,2,laokenao
6786,16798369,"Olabode James","2026-09-01 20:40:53",278.0,1,olabodejames
6787,16740950,Shaw,"2026-08-23 10:07:14",278.0,2,shaw06
6788,16658795,"Case Seller","2026-08-30 06:46:45",277.8,2,caseseller
6789,16672325,Ispagiytiy,"2026-08-06 08:58:30",277.6,2,ispagiytiy
6790,16669314,"Editor Jugnu AI","2026-08-18 10:06:41",277.6,2,editorjugnuai
6791,16708091,"Dipak Kumar Samanta","2026-08-11 15:17:04",277.3,1,dipak889
6792,16655508,bigsea,"2026-08-04 01:31:58",277.3,2,sakamakihiromi
6793,16656881,"Eugene Nyondo","2026-08-30 22:33:50",277.2,2,eugenenyondo
6794,16725104,ManasviVarma,"2026-08-23 10:20:35",277.2,1,manasvivarma
6795,16659900,"Abu Bakr","2026-08-04 18:30:29",276.9,2,mohamed32010
6796,16665701,ManuelWick-Eckl,"2026-08-27 16:01:18",276.9,2,manuelw
6797,16660321,syafanidwina,"2026-08-05 00:41:33",276.8,1,syafanidwina
6798,16661469,"Qiqi Xie","2026-08-06 20:53:32",276.6,2,qiqixie123
6799,16753831,zhangjiaweii,"2026-09-02 10:51:23",276.3,2,zhangjiaweii
6800,16699790,Aryanpal07,"2026-08-16 12:28:53",276.2,1,aryanpal07
6801,16698399,liuzhangzhen,"2026-08-10 09:49:23",276.1,1,liuzhangzhen
6802,16653997,"Alekya Valapushetty","2026-08-05 13:52:08",276.1,2,alekyavalapushetty
6803,16659001,"Tim Wanjohi","2026-08-12 11:43:16",276.1,2,timwanjohi
6804,16793083,kurupical,"2026-08-30 22:06:48",276.0,1,kurupical
6805,16663869,CYBER_TECH99,"2026-08-05 01:40:15",275.8,2,cybertech99
6806,16627717,da_pond,"2026-07-31 08:33:57",275.7,1,dapond
6807,16683970,"Zakhar Homyakov","2026-08-07 11:14:41",275.7,2,zakharhomyakov
6808,16658152,MingSUN007,"2026-08-04 13:46:29",275.6,2,mingsun007
6809,16772089,"Ana Riquele","2026-08-26 18:11:38",275.4,2,anariquele
6810,16736202,杨雨灿,"2026-09-02 09:24:09",275.0,1,yucanyang
6811,16667691,alexanderctrl,"2026-08-18 10:10:51",274.7,2,alexanderctrl
6812,16711673,losingself,"2026-08-12 09:07:45",274.4,1,level14taken
6813,16749514,"M Harini","2026-08-20 16:43:59",274.1,1,rvmharini
6814,16667365,"leul dereje","2026-08-08 06:54:54",274.1,2,leuldereje
6815,16637845,"Hadjmohamd Seif","2026-08-08 21:47:53",274.0,2,hadjmohamdseif
6816,16680789,Marouane,"2026-08-15 02:41:18",273.9,2,marouanealahyane
6817,16635681,"Shubham Phapale","2026-08-09 04:17:07",273.9,2,shubhamphapale
6818,16668032,pat999,"2026-08-08 08:30:58",273.4,2,pat999
6819,16671302,"Pratish Chaudhary","2026-08-10 00:35:01",273.4,1,pratishchaudhary
6820,16712979,"Yusuke Tsukuda","2026-08-12 14:58:39",273.2,1,yusuketsukuda
6821,16678647,"Zorawar Singh","2026-08-06 19:55:53",273.1,2,zorawarsingh677
6822,16670674,"Foodle Jang","2026-08-19 22:14:34",272.8,2,foodlejang
6823,16676003,franck,"2026-08-06 14:59:55",272.8,2,bakura
6824,16673369,Frame,"2026-08-06 07:59:47",272.7,1,rainorwang
6825,16658888,NovaBytes,"2026-08-06 07:06:34",272.5,2,"drashtisingh14,kjjkjjk3107"
6826,16756743,"Ismail Alli Adekunle","2026-08-21 22:59:18",272.5,1,ismailalliadekunle
6827,16684891,SARTHAK,"2026-08-14 19:07:26",272.3,1,s4rth4k01
6828,16695937,Ryckiii,"2026-08-09 13:03:24",271.7,1,ryckiii
6829,16769754,daguniang,"2026-08-26 00:44:59",271.7,2,daguniang
6830,16632881,"Brisa Marina","2026-08-07 16:13:15",271.6,1,brisamarina
6831,16687891,qklent,"2026-08-09 19:44:12",271.6,1,qklent
6832,16666553,DevChheda26,"2026-08-05 09:53:22",271.5,1,devchheda26
6833,16707519,"Pradnya Khanse","2026-08-11 12:52:07",271.2,1,pradnyakhanse
6834,16791680,"Surja Sarker","2026-09-03 15:31:36",271.0,2,surjasarker
6835,16710929,"Pooja Divekar","2026-08-16 08:22:48",270.9,1,poojadivekar123
6836,16671827,"Shourya Gupta","2026-08-30 10:10:00",270.8,2,siriuspotter
6837,16622943,"Erwin Huizenga","2026-08-21 06:40:50",270.4,2,erwinh
6838,16725537,"Ayan Bashir Sheikh","2026-08-15 18:02:07",270.1,2,ayanbashirsheikh
6839,16728350,fajarnadeem808,"2026-08-16 13:07:59",270.1,2,fajarnadeem808
6840,16758090,"JOYMIE TALICUAD","2026-08-22 10:07:40",270.0,1,joymietalicuad
6841,16667063,"Amiksha S","2026-08-09 15:16:49",269.8,1,amikshas
6842,16658761,!Aman212,"2026-08-04 12:10:28",269.5,2,aman9142424
6843,16668024,"Igor Burkov","2026-08-07 04:35:37",269.3,2,igorburkov
6844,16670506,"Juan Andres Bravo Mejia","2026-08-05 21:40:17",269.1,1,juanandresbravomejia
6845,16655813,minerppdy,"2026-08-04 06:06:58",269.0,1,minerppdy
6846,16633833,"mohammad javad Kamali","2026-08-19 05:13:42",268.7,1,mohammadjavadkamali
6847,16644210,"حسنين ساجد","2026-08-07 22:08:44",268.6,2,kutghngf98687er
6848,16760903,"Derrick Lace","2026-08-23 04:23:40",268.6,2,derricklace
6849,16669756,AlgSaid,"2026-08-05 18:54:07",268.6,1,imabdallah
6850,16677788,DorianCo,"2026-08-06 18:10:06",268.6,2,dorianco
6851,16632145,kazuki_kazukazu,"2026-07-31 14:53:13",268.1,1,kazukikazukazu
6852,16675104,"khwaja Moula'Ali","2026-08-06 11:30:49",268.0,1,khwajamoulaali
6853,16672982,"Enes Aytaç","2026-08-14 12:12:24",267.9,2,enesayta
6854,16696266,"Pandarasamy Arjunan (Samy)","2026-08-09 14:16:03",267.8,1,samy101
6855,16663003,devzohaib,"2026-08-04 21:27:30",267.8,1,devzohaib
6856,16666574,"hrishit prakash","2026-08-05 13:26:37",267.8,2,hrishitprakash
6857,16625775,liubingxin205,"2026-08-15 06:29:40",267.7,2,"hongjuw,liubingxin205"
6858,16809158,"Kaito Sada","2026-09-02 21:50:55",267.7,1,kaitosada
6859,16790483,"ivo nahuel jasinskas","2026-08-29 14:08:28",267.4,1,ivonahueljasinskas
6860,16774202,Wrs,"2026-08-26 09:21:40",267.3,1,wrsarch
6861,16641331,ushi,"2026-08-05 13:33:18",266.7,1,yuki508
6862,16670004,Zinc-Eater,"2026-08-19 22:50:41",266.5,2,zans7331
6863,16748312,C.Ronaldo,"2026-08-25 16:55:33",266.5,2,wzh20050212
6864,16676991,"Jack Hopkins","2026-08-19 19:11:37",266.4,2,jackhopkins
6865,16654293,"Jatin N. Soni","2026-08-18 09:59:05",266.3,2,jatinsoni111
6866,16778656,Aacceeo,"2026-08-30 23:18:49",266.1,1,aacceeo
6867,16765329,"Bart Woz","2026-08-31 14:18:24",265.8,2,bartwoz
6868,16659572,"ABHILASH PRAHARAJ","2026-08-04 11:24:21",265.8,1,abhilashpraharaj
6869,16635098,"Charvi Upreti","2026-08-15 05:43:59",265.6,1,charviupreti
6870,16664157,"Runjie Zhu","2026-08-10 11:49:13",265.5,1,damiendesolei
6871,16750033,davidw001,"2026-08-20 17:13:07",265.4,1,davidw001
6872,16665704,"Sreesanth M S","2026-08-05 07:12:05",264.9,1,sreesanthms
6873,16687574,"Yash Raghuvanshi","2026-08-07 22:09:38",264.8,2,yashraghuvanshi25
6874,16723726,"Erika Worrall","2026-08-15 23:09:17",264.8,1,erikaworrall
6875,16691322,"Anita rai98765","2026-08-16 19:05:43",264.6,2,anitarai98765
6876,16783050,"Charles Chen","2026-08-29 05:33:27",263.9,2,charles2580
6877,16723467,"Vladas Verkelis","2026-08-15 14:23:42",263.2,1,vlaveris
6878,16723075,"Cauã Freitas","2026-08-28 17:35:54",263.2,1,cauafreitas
6879,16639684,Rubel,"2026-08-05 18:49:11",263.1,2,rubel01
6880,16644398,Nurkan123,"2026-08-16 21:20:24",262.6,2,nurkan123
6881,16632476,"Назар Коваль","2026-09-01 18:18:39",262.0,1,miickey
6882,16785175,SonOfNike,"2026-08-28 17:20:58",262.0,1,sonofnike
6883,16655786,leavts,"2026-08-04 02:35:50",261.6,1,leavts
6884,16823197,Cowabunga,"2026-09-03 19:20:01",261.6,1,ameripreye
6885,16658783,"Devesh Choudhury","2026-08-07 17:08:33",261.5,2,deveshchoudhury
6886,16743603,tanmoypal11,"2026-08-19 15:19:36",261.5,1,tanmoypal11
6887,16809006,Ilya,"2026-09-02 13:23:05",261.3,1,zhukov
6888,16662066,"Yug Savalia","2026-08-06 19:06:26",261.2,1,"priyankagarg19,yugsavalia"
6889,16663191,"Arnav Anand","2026-08-04 19:53:08",261.1,1,arnavair27
6890,16782525,"Ashish Mittal","2026-08-28 05:27:46",261.1,2,ashish1502g
6891,16727383,"Minchul Shin","2026-08-20 07:50:37",260.3,1,nashory
6892,16659374,"[Deleted] 8f7327b9-2576-439b-bd6e-3f5fde366ebe","2026-08-04 10:12:44",260.2,1,del=8b215115eb53cbc1
6893,16782747,goodgreen,"2026-08-28 04:30:23",260.0,1,goodgreen
6894,16665614,MesonLabs,"2026-08-11 06:17:27",259.6,1,mesonlabs
6895,16789990,SA,"2026-08-29 15:10:26",259.2,1,soheiarisaka
6896,16687620,Goktug1,"2026-08-24 21:03:56",259.1,2,goktug1
6897,16659280,"yahaya zayyan","2026-08-04 10:51:16",259.1,1,yahayazayyan
6898,16809620,"Mohamed Alaa Elboraay","2026-09-02 19:11:42",259.0,2,mohamedalaa10
6899,16653319,"Md. Rasel Meya","2026-08-06 14:42:18",259.0,2,raselmeya
6900,16661810,AGNES33,"2026-08-16 19:09:18",258.6,2,agnes33
6901,16729884,"Chaimaa Matrag","2026-08-29 23:52:01",258.5,2,chaimaamatrag
6902,16761134,mash3gt,"2026-08-23 06:10:12",258.3,1,shiroguitar
6903,16664863,zzzhhcc,"2026-08-13 06:15:42",258.1,2,zzzhhcc
6904,16737009,"Alexandre Pedrosa","2026-09-03 07:42:20",257.9,1,alexandrepedrosai
6905,16662048,"Deekshitha Prabhakar","2026-08-06 18:15:45",257.7,2,deekshithaprabhakar
6906,16666027,CropBOTS,"2026-08-13 16:12:42",256.7,2,"anshultickoo,itsmepooja,manuakumar,sapnajain115"
6907,16789587,"José Luis","2026-08-29 09:54:52",256.6,1,joseluissz
6908,16681959,"shun takinami","2026-08-07 05:43:47",256.5,1,shuntakinami
6909,16675956,"Hassan Alghamoudi","2026-08-10 02:36:36",256.4,2,hassanabdulhafid
6910,16728249,"Ahmet Kiraz","2026-08-17 07:23:30",256.4,1,ahmetqiraz
6911,16671342,"Danh Nguyen 1303","2026-08-09 14:47:52",255.8,1,danhnguyen1303
6912,16690286,imunderthetree,"2026-08-08 12:25:51",255.8,2,imunderthetree
6913,16677786,"[Deleted] aec7dc1f-59cb-486f-998a-d2407e297536","2026-08-26 13:39:08",255.1,2,del=0fde9ba2630fee3c
6914,16748882,gsv,"2026-08-20 16:13:45",254.9,1,ram1o1
6915,16716407,"Ibrahim Adamu Anka","2026-08-13 09:01:38",254.8,2,ibrahimadamuanka
6916,16792392,pansya,"2026-08-30 08:13:58",254.8,1,pansya
6917,16717447,zhiyue666,"2026-08-14 10:09:51",254.6,1,zhiyue666
6918,16719618,Javierrcs,"2026-08-14 13:16:05",254.6,1,javierrcs
6919,16759675,TianKitty,"2026-08-27 04:43:06",254.3,1,tiankitty
6920,16654318,"Aryan Raj Ayush","2026-08-23 08:34:14",254.1,1,aryanrajayush
6921,16668654,"Zharkyn Makhanbet","2026-08-10 18:28:08",253.9,1,imadparadoxi
6922,16729874,"Shane Schisler","2026-08-17 18:10:06",253.5,1,seschis
6923,16635610,JeffFosterUK,"2026-08-01 17:16:52",253.2,2,jefffosteruk
6924,16813582,Soham_7391,"2026-09-03 06:44:41",252.8,1,soham7391
6925,16658567,"Sharif Mohamed (1)","2026-08-04 13:16:47",252.6,1,sharifmohamed1
6926,16662603,"Shem Gikunda","2026-08-06 17:24:48",252.4,1,shemgikunda
6927,16658644,"Hitarth Pandey","2026-08-09 03:04:42",252.2,1,hitarthpandey
6928,16669060,Twansss,"2026-08-15 04:37:59",252.2,2,twansss
6929,16697020,"Hossam elden Mohamed","2026-08-15 01:13:51",252.0,2,hossameldenmohamed
6930,16663066,"Mithun Kore","2026-08-29 19:18:28",252.0,1,mithunkore
6931,16679904,"Joshua Bensemann","2026-08-16 01:29:23",251.9,1,qazcat
6932,16684908,"Nidal Saleh","2026-08-08 14:08:20",251.3,2,nidalsaleh
6933,16659387,dharssshiniii,"2026-08-04 09:48:15",251.1,1,dharssshiniii
6934,16785434,"Caik Franco","2026-08-28 18:05:21",250.8,1,caikfranco
6935,16684535,Moonlight,"2026-08-14 15:53:31",250.7,2,rajesh1joc
6936,16689364,"Udbhav Purwar","2026-08-11 10:12:00",250.4,1,udbhavpurwar
6937,16655292,"Ingrid Fellah","2026-08-04 06:31:35",250.4,2,ingvor
6938,16700992,Abhishek_1355,"2026-08-25 09:17:08",249.7,1,abhishek1355
6939,16691583,Caleb,"2026-08-09 14:32:52",249.5,2,collev
6940,16628765,"Kota Iizuka","2026-08-21 09:24:37",248.9,1,kotaiizuka
6941,16623274,Mhmda81,"2026-08-03 00:10:04",248.6,2,mhmda81
6942,16773358,yogeshgoudapatil,"2026-08-27 14:59:13",248.3,2,yogeshgoudapatil
6943,16667684,"Tim Neale","2026-08-06 13:01:12",247.9,1,timothyjneale
6944,16790137,sinchir0,"2026-08-30 12:52:05",247.7,1,sinchir0
6945,16656485,stunningvn,"2026-08-05 04:47:11",247.6,2,dedquoc
6946,16654314,Mahamudul_Hassan_8012,"2026-08-03 18:33:07",247.5,2,mahamudulhassan8012
6947,16658383,"SIVA S","2026-09-03 05:44:58",247.4,2,codingmaster24
6948,16743823,"Zeyu Huang_summer","2026-08-19 17:24:11",247.4,2,zeyuhuangsummer
6949,16660930,"Chung Ching Yeh","2026-08-04 14:44:34",247.2,2,chungchingyeh
6950,16659703,"Ananya #2","2026-08-04 12:00:26",246.8,1,ananyax8
6951,16653941,"Sachin Kumar Kushwaha","2026-08-11 08:45:11",245.8,2,sachinkumarkushwaha
6952,16725615,carside,"2026-08-29 04:49:31",245.4,1,carside118
6953,16780411,K.Satwik,"2026-08-27 16:23:04",245.3,2,ksatwik3220
6954,16661689,"David Rao","2026-08-04 18:27:01",244.8,1,davidrao63
6955,16668506,"Louie Tang","2026-08-08 06:56:52",244.6,2,louietang
6956,16698886,pied_piper,"2026-08-10 14:11:15",244.6,2,ahanhalder
6957,16685128,"Rohan Hake","2026-08-10 12:48:36",244.4,2,rohanhake
6958,16656633,N25H03A1028,"2026-08-05 05:18:45",244.3,1,pardhusadhu
6959,16712990,shreyaaaaa9,"2026-08-12 16:17:06",244.0,1,shreyaaaaa9
6960,16670747,"Aryan Kumar Chaudhary","2026-08-11 22:46:05",243.9,2,"aryankumarchaudhary,rakshitmundra"
6961,16819370,"István Csik","2026-09-03 13:39:36",243.8,2,istvncsik
6962,16779857,0x74,"2026-09-03 14:03:17",243.4,1,i0x74i
6963,16711840,OverfitMilkCake,"2026-08-13 06:36:21",243.2,1,overfitmilkcake
6964,16621290,"Muhammad Ahsan","2026-07-30 17:35:00",242.7,2,ahsanneural
6965,16660309,"Hazem Mahmoud Elsayd","2026-08-04 16:34:31",242.5,2,hazemmahmoudelsaid
6966,16687514,Dark_1926,"2026-08-07 20:30:33",242.1,1,dark1926
6967,16784952,"Adria Barreto","2026-08-28 16:06:57",242.0,1,adriabarreto
6968,16716386,"Dev Marya","2026-08-13 09:26:18",242.0,1,devmarya
6969,16659910,"Shraddha Kumbhar","2026-08-07 09:55:58",242.0,2,raj113
6970,16750285,LeEmperor,"2026-08-22 04:36:18",241.9,2,leemperor
6971,16777986,小雨姑娘,"2026-08-27 21:51:19",241.3,2,skewcy
6972,16656900,Hxrsh09,"2026-08-10 14:39:46",241.0,2,hxrsh09
6973,16796241,"pavan rajr","2026-09-02 11:17:58",240.9,2,pavanrajr
6974,16772354,"Gleidistony Mendes","2026-08-28 17:50:07",240.7,1,gleidistonymendes
6975,16798152,"A secretive person","2026-09-02 13:18:48",240.4,1,asecretiveperson
6976,16639168,Sergey,"2026-08-27 07:49:54",240.2,2,sergeymikhailovn
6977,16700832,Blitz,"2026-08-10 11:37:18",239.9,1,premshinde
6978,16751141,DeadJed,"2026-08-26 11:10:40",239.3,2,deadjed
6979,16675428,"Farhan Khairullah","2026-08-09 16:22:00",239.3,2,farhankhairullah06
6980,16671985,"vishal waghchaure","2026-08-07 09:25:36",239.3,2,vishalwaghchaure
6981,16697628,"Yash Sharma","2026-08-17 15:33:32",239.1,2,yashsharma42
6982,16689017,"Mounica Challa","2026-09-02 18:53:26",239.1,1,mounicachalla
6983,16624000,Leneen,"2026-08-31 16:02:47",238.7,1,leneen
6984,16660749,"PavanK Saketh","2026-08-04 13:38:48",238.7,2,pavanksaketh
6985,16657525,"Alae Lakhdar","2026-08-05 08:10:49",238.3,1,alaelakhdar
6986,16621610,NMarkS,"2026-09-02 13:35:10",238.0,2,nmarks
6987,16687337,"sravani kamjula","2026-08-07 19:38:39",237.9,2,sravanikamjula
6988,16796678,ka,"2026-08-31 16:16:03",237.5,1,kandruszek
6989,16655159,"Marcel Relaford","2026-08-13 01:26:26",237.5,1,marcelrelaford
6990,16701138,superpig,"2026-08-19 09:43:31",237.4,1,geniussuperpig
6991,16662039,"Ajat Rosadi","2026-08-04 16:58:10",237.4,2,ajatrosadi
6992,16667550,"Oseni Sakariyau Oluwadamilare ","2026-08-23 10:05:56",237.3,2,sakabambam
6993,16660291,"Abhijit Rajkumar","2026-08-04 13:27:44",237.3,2,abhijitrajkumar
6994,16822259,"Craig Goldswain","2026-09-03 16:23:23",237.3,1,craiggoldswain
6995,16656287,sandip_shaw123,"2026-08-05 10:02:07",237.3,1,sandipshaw123
6996,16685568,Secertive,"2026-08-08 17:59:52",236.9,1,secretiveplotter1863
6997,16709957,"Lei Gao","2026-08-12 04:03:42",236.9,1,leigao31
6998,16641816,"Toshiki Honda","2026-09-03 14:32:12",236.1,1,toshikihonda
6999,16661252,"Andrzej Walczak","2026-08-05 09:46:19",235.3,2,andrzej1983
7000,16769114,angayoung,"2026-08-25 07:22:00",235.1,1,joaga0603
7001,16706134,NK11FC,"2026-08-25 11:30:00",234.7,2,nk11fc
7002,16654482,SarahShams,"2026-08-14 16:36:06",234.6,2,sarahshams
7003,16717586,wangjialu2333,"2026-08-15 09:29:36",234.4,1,wangjialu2333
7004,16744221,Dizzy1829,"2026-08-29 04:15:48",233.5,1,dizzy1829
7005,16724325,Melancholian,"2026-08-15 06:43:12",233.2,1,kasaneru
7006,16811407,"Souta Wakatsuki","2026-09-03 00:01:10",232.1,1,souwaka
7007,16668438,"Sahil Suman","2026-08-16 17:09:20",231.9,1,sahilmanavraunak
7008,16698987,"Shree Ashok L","2026-09-01 05:16:16",231.5,2,"praneelbaskar,rishivarathan,santhoshkumarp24,shreeashok72"
7009,16744545,"Aditya Kumar Singh 013","2026-08-19 18:45:42",231.4,1,adityakumarsingh013
7010,16672284,"Dhruv | AI/ML Engineer in Progress","2026-08-07 06:55:13",231.2,1,dhruvdipakchudasama
7011,16639692,"Nirmal Patel","2026-08-06 03:05:27",231.2,2,nirmalpatel02
7012,16663448,"Adel I.","2026-08-07 12:55:44",231.1,2,adelid
7013,16624109,"Nguyễn Thế Minh Đức","2026-09-03 17:25:06",230.9,1,nguynthminhc
7014,16760392,Владимир,"2026-08-23 00:19:23",230.4,1,vgkuvshinov
7015,16663438,"Varun Prajapati","2026-08-08 21:54:54",230.4,2,"krunalasari,varun2206"
7016,16633342,farm75,"2026-08-03 14:03:14",230.3,2,sakthi75
7017,16681610,"team maccy","2026-08-07 20:27:06",230.0,1,robertgama
7018,16636540,"Burkova Nastia","2026-08-01 13:34:02",230.0,2,"burkovanastia,ellvalerie"
7019,16654256,"KONGARA PRASANTH","2026-08-04 03:40:27",229.5,2,prasanth2008
7020,16682051,"Noorjahan Siddiqui","2026-08-10 09:33:35",229.2,2,noorjahansiddiqui
7021,16754882,vvs,"2026-09-03 08:31:17",229.1,2,marvelworld
7022,16659283,"DILEEP POTHULA","2026-08-08 06:43:15",228.9,2,dileeppothula
7023,16757098,"Tharun kumar Jaya kumar","2026-08-30 02:29:39",228.8,1,tharunkumarjayakumar
7024,16630797,"Seok, Jeongeum","2026-09-03 11:18:18",228.8,2,seokjeongeum
7025,16669473,"William Bickelmann","2026-08-05 17:47:13",228.7,1,williambickelmann
7026,16623846,"masatoshi hiraki","2026-07-31 07:52:39",228.7,2,masatoshihiraki
7027,16656515,"Rushal Manandhar","2026-08-06 04:15:01",228.3,1,rushalmanandhar
7028,16768568,Nour102006,"2026-08-27 04:46:00",228.1,2,nour102006
7029,16741239,"fjf 1asd","2026-08-19 08:46:31",227.1,1,fjf1asd
7030,16678083,"Abdeljalil Idalahaj","2026-09-02 01:50:31",227.0,2,abdeljalilidalahaj
7031,16723404,"Mahdi Al Hajji","2026-08-20 02:13:12",226.9,2,mhh1430hacker
7032,16667238,"Srija ganguluri","2026-08-07 10:14:48",226.7,1,srijaganguluri
7033,16623131,"Liam Carrig Newsam","2026-08-04 00:00:03",226.7,1,liamcarrignewsam
7034,16706410,lixiaoxin25,"2026-09-03 13:02:55",226.5,2,lixiaoxin25
7035,16674093,"Hoàng Trần Đặng Minh","2026-08-06 08:54:38",226.2,1,hongtrnngminh
7036,16743329,"Daniel Obioma emenike","2026-08-31 02:29:55",226.2,2,danielobiomaemenike
7037,16654244,"Saad Nanawala","2026-08-03 18:17:33",225.9,1,saadnanawala
7038,16632724,"Sayan Dutta","2026-08-04 07:47:42",225.8,1,sayan1507
7039,16712395,"Zuohong Pan","2026-08-12 12:15:40",225.6,1,pshuaibi
7040,16665463,Seendon,"2026-08-06 19:19:25",225.5,2,informationminer
7041,16668379,dccgps,"2026-08-08 05:44:36",225.5,1,dccgps
7042,16658311,zkskhurram,"2026-08-05 07:59:40",225.4,2,zkskhurram
7043,16666946,pwxc00,"2026-08-25 17:26:40",225.3,2,alert04
7044,16666719,helenkwok,"2026-08-06 14:55:20",224.3,1,helenkwok
7045,16732342,"Viktor Antonov","2026-08-18 10:22:32",223.5,1,viktorantonov
7046,16682689,HenryRichardson1,"2026-08-07 10:00:12",223.3,1,henryrichardson1
7047,16676992,NIDHIHEER01,"2026-08-16 17:09:00",223.1,1,nidhiheer01
7048,16769470,HaHHYbYY,"2026-08-26 07:52:33",223.0,1,hahhybyy
7049,16684237,Zen_0910,"2026-08-07 17:07:02",223.0,1,zendeptrai
7050,16692652,"Harsith R","2026-08-08 20:26:56",221.3,1,chiefofpredicitions
7051,16795353,BlurreA,"2026-08-31 06:42:30",221.2,1,blurrea
7052,16715896,新木,"2026-08-18 05:25:46",221.2,1,sunchief
7053,16677328,"Eng. Husnain","2026-08-08 13:13:23",220.4,2,enghusnain
7054,16663913,"Aanaa Kaliil","2026-08-05 15:15:31",220.4,2,aanaakaliil
7055,16660990,"Bunny Tang","2026-09-01 14:26:34",220.3,2,tanghung64
7056,16794720,"paola hernandez55","2026-08-31 04:19:31",219.6,1,paolahernandez55
7057,16738563,"Amrutha H","2026-08-19 14:01:51",219.4,1,amr13utha
7058,16757366,"Sean Connolly","2026-09-03 06:00:27",219.2,2,seanconnolly
7059,16656771,"thushara bandara","2026-08-07 04:13:43",219.2,2,dushyanthibandara
7060,16668048,"Gazi Sayem Uddin Samir","2026-08-05 14:29:51",219.0,2,gazisayemuddinsamir
7061,16760920,"Román Eliezer Pérez Ríos","2026-08-31 18:07:43",218.9,2,perezrios
7062,16738145,綿鍋だよん,"2026-08-22 13:38:54",218.2,1,potrue
7063,16661494,"Arulmaniyan Rajavel","2026-08-22 13:46:58",217.9,2,arulmaniyanrajavel
7064,16666365,yiyu0716,"2026-08-27 12:38:04",217.6,2,yiyu0716
7065,16715791,CustardApple47,"2026-08-14 12:48:02",217.5,1,custardapple47
7066,16651507,jappanini,"2026-08-03 09:14:04",217.5,1,jappanini
7067,16656196,"Vishwash Golakiya","2026-08-27 01:07:00",217.4,1,vishwashgolakiya
7068,16663910,"Shivram Nekkanti","2026-08-07 14:38:04",217.3,1,shivramnekkanti
7069,16644360,Mathous,"2026-08-02 20:28:00",217.2,1,mathisdac
7070,16724242,"Romash Koirala","2026-08-20 11:34:14",217.2,1,romashkoirala
7071,16799132,"Marlon Vasquez","2026-09-01 08:07:31",216.8,2,vexmeavf
7072,16727681,JanV123,"2026-08-21 05:58:02",216.5,1,janv123
7073,16792329,"Kumkum Barot","2026-09-02 06:44:17",216.2,2,kumkumbarot02062003
7074,16702060,Mcusac,"2026-08-13 19:42:54",215.9,1,mcusac
7075,16773333,"Abdullah javed Javed","2026-09-03 18:37:26",215.8,2,abdullahjavedjaved
7076,16660978,"Maksym Khavil","2026-08-04 13:43:48",215.3,1,maksymkhavil
7077,16744461,"Adiratna Kamble","2026-08-21 22:05:13",215.2,1,adiratnakamble
7078,16688190,"Win M","2026-08-08 00:28:18",214.9,1,winmet
7079,16663333,"Iago Moura e Moreira","2026-08-04 20:05:06",214.5,1,iagomouraemoreira
7080,16718605,"صفاء عبد الرقيب","2026-09-03 18:21:49",214.3,2,bssgirl
7081,16652159,Boson328,"2026-08-04 10:06:13",214.0,1,boson328
7082,16693318,meow3301,"2026-08-09 02:33:34",213.6,2,meow3301
7083,16655482,Apoorv007,"2026-08-04 01:55:41",213.3,1,apoorv007
7084,16762162,"Shota Hirao","2026-08-23 12:34:05",213.2,1,shotahirao
7085,16773557,"Rudra kalyan","2026-08-26 09:08:54",212.4,2,rk1144
7086,16802867,matcha110,"2026-09-02 15:56:01",212.1,2,matcha110
7087,16639465,"Gabriel Aguiar Leao","2026-08-02 00:23:49",212.1,1,"gabrielaguiarleao,marcositta"
7088,16679713,"John william Vicente 🇧🇷","2026-08-07 00:38:57",211.5,1,chrollo079
7089,16666414,salyamq,"2026-08-05 16:41:38",210.9,1,salyamq
7090,16736759,"Lavesh Kadam","2026-08-18 10:55:05",210.5,1,laveshk314
7091,16662108,nhkien,"2026-08-05 06:52:18",210.3,2,nhkien
7092,16699578,kakanekoka,"2026-08-12 13:35:37",210.2,1,kakanekoka
7093,16809584,"Kinnal Rutu","2026-09-02 15:01:01",209.8,2,kinnalrutu
7094,16707062,"G DOLANARASIMHA","2026-08-11 12:18:02",209.4,2,gdolanarasimha
7095,16666383,"Sindhi Vishal","2026-08-14 10:46:32",207.3,2,sindhivishal
7096,16814952,"Ngọc Huyền","2026-09-03 08:06:07",206.2,1,ngchuynss
7097,16654827,"ADITYA KUMAR MISHRA","2026-08-03 20:07:22",205.9,1,aditya1kumarmishra
7098,16749225,"Hisyam Prasetyo","2026-08-27 11:26:07",205.0,2,hisyamprasetyo
7099,16657628,Hamo,"2026-08-07 12:00:21",204.8,2,mohamed2223
7100,16665371,"Kevoh Mutwiri","2026-08-24 19:31:27",204.4,2,kevohmutwiri
7101,16660146,4Solver,"2026-08-08 02:06:19",203.6,2,msfbiolinhares
7102,16664315,happy_boy_2007,"2026-08-12 09:04:40",202.5,1,happyboy2007
7103,16730086,HanaGhanem,"2026-08-16 23:44:56",202.4,1,hanaghanem
7104,16688165,"David @ Koantek","2026-08-25 23:53:17",201.8,2,artificialbrilliance
7105,16653462,"Ruchi Scott","2026-08-12 12:19:19",201.2,2,ruchiscott
7106,16795043,"SONU RAUT","2026-08-31 09:25:56",200.7,2,sonuraut
7107,16662269,"KAMLESH KUMAR POKHARNA","2026-08-06 17:25:51",200.1,2,kamleshkumarpokharna
7108,16635248,eosphor,"2026-08-01 09:46:59",200.0,2,eosphor
7109,16666037,"Matheus Marques","2026-08-06 06:03:28",199.4,2,mathmarquesbr
7110,16667968,ChronosData,"2026-08-18 14:25:43",199.2,2,codex5843
7111,16658401,"Aryan Lonare","2026-08-04 09:55:47",198.9,2,aryandyalullonare
7112,16723262,"Tiago OliveiraLL","2026-08-28 18:22:12",198.7,1,tiagooliveirall
7113,16713329,qrcodeTH,"2026-08-13 08:22:40",198.2,2,thanaphumsaywonin
7114,16656210,"Sanjay Suthraye","2026-08-04 14:55:13",198.0,2,sanjaysuthraye96
7115,16668018,"DAVID CHEW HL","2026-08-06 06:36:34",197.8,2,davidchewhl
7116,16724995,dice1494,"2026-08-16 08:51:34",197.3,1,dice1494
7117,16679470,"GamaL Mahmoud","2026-08-08 13:33:52",197.2,2,gamalmahmoudtaha
7118,16701997,zran1t,"2026-08-15 14:10:18",197.0,2,zran1t
7119,16658969,"Yuri Maslov","2026-08-04 10:11:45",197.0,1,yurimaslov
7120,16658635,"Deepak Kumar ","2026-08-05 02:38:29",196.9,2,deepak2026ml
7121,16662630,"M.mohamed Muhasir","2026-08-05 18:25:39",195.8,2,mmohamedmuhasir
7122,16683577,"Ankush Kumar M","2026-08-07 13:19:05",195.5,2,ankushkumarm
7123,16659036,"Mohammed Kaif","2026-08-04 10:41:22",195.3,2,mkaif001
7124,16793392,"reda elkrouchni","2026-09-02 16:16:05",195.3,2,redaelkrouchni2
7125,16674390,yangluo1,"2026-08-08 01:31:08",195.1,2,yangluo1
7126,16662099,"The Algorithmist","2026-08-04 23:41:59",194.9,2,riyagheewala
7127,16784431,"Régis Meyssonnier","2026-08-28 14:47:27",194.8,1,rgismeyssonnier
7128,16718139,"shah jatin","2026-09-03 18:10:07",194.2,2,shahjatin
7129,16752120,"Görkem Tuğ","2026-08-24 10:45:35",193.8,2,grkemtu
7130,16770096,Program,"2026-09-01 19:36:25",193.7,2,panagiotapanora
7131,16632418,"Bretokce 3amich","2026-08-07 12:18:26",193.5,2,bretokce3amich
7132,16661500,"yagnit sutariya","2026-08-04 15:34:39",193.5,1,yagnitsutariya
7133,16639615,rickzai,"2026-09-01 05:37:21",192.7,2,rickzai
7134,16664875,SaiSujitPunukollu,"2026-08-05 05:46:11",192.4,1,saisujitpunukollu
7135,16714589,xinsu9898,"2026-08-16 22:26:49",192.3,1,xinsu9898
7136,16729148,"Marco M","2026-08-16 22:51:36",192.3,1,marcoms1000
7137,16743630,TRP,"2026-09-01 17:06:48",192.3,2,tejratanpaulrocky
7138,16797025,"Jonathan Glinton","2026-09-02 00:01:32",192.2,2,jonathanglinton
7139,16670777,"Aman Yitbark","2026-08-13 05:43:27",191.9,1,amanyitbark
7140,16730380,"FOKRUL ISLAM LECTURER","2026-08-19 01:56:28",191.7,2,fokrulislamlecturer
7141,16680419,"Tech Changer","2026-08-17 12:31:58",191.6,1,johnbibin
7142,16662083,ihabkaggle,"2026-08-07 00:42:33",191.4,2,ihabkaggle
7143,16632111,"Arda Çiftçi","2026-08-04 20:03:37",190.9,2,ardaciftci
7144,16669142,"Jaclyn Agee","2026-08-07 15:21:06",190.6,2,jaclynagee
7145,16653906,swaroop41,"2026-08-04 05:53:29",190.5,2,swaroop41
7146,16729010,"karan sankhe","2026-08-16 15:15:45",189.9,2,karansankhe1356
7147,16658522,"Amna khanii23","2026-08-07 05:15:47",189.7,2,amnakhanii23
7148,16630725,"vaibhav vyas","2026-08-06 10:56:52",189.6,2,vaibhavvyas0
7149,16706557,"Nurullah Gundogdu","2026-08-11 17:52:07",189.6,2,nurullahgundogdu
7150,16691502,"DILANE FOGUE KAMGA","2026-08-08 15:20:05",189.5,1,dilanekamga
7151,16657462,"CROP CODERS","2026-08-10 18:00:28",189.4,2,"dhanvanthraj,raghavan9944,shanmugam666,sitha2345,sumaiyahibrahim"
7152,16662557,"Naman Sudershan","2026-08-05 13:21:08",189.4,2,namansudershan
7153,16625043,"Ivan Litvak","2026-08-27 21:14:45",189.0,2,trydotatwo
7154,16662859,"Mohamed Zahran","2026-08-05 04:41:56",188.8,1,zrnking2012
7155,16680858,"Harshul Gupta","2026-08-21 04:40:05",188.8,2,harshulgupta77
7156,16658693,leehuilong,"2026-08-06 12:49:22",188.6,2,leehuilong
7157,16629426,"Abdullah Qureshi","2026-07-31 10:00:44",188.6,2,abdullahqureshi120
7158,16641277,Zenieverse,"2026-08-30 05:09:04",188.5,2,zenieverse
7159,16692568,"Muhammed Gulfam Toor","2026-08-13 19:04:32",188.1,2,gultoor
7160,16654124,"Aditya Kumar Singh","2026-08-05 09:57:29",188.0,2,adityq121608
7161,16655573,"Probablyaphilosopher ","2026-08-16 00:01:40",187.8,2,probablyaphilosopher
7162,16775493,"JOE DEVA JERRY D ","2026-08-26 15:41:55",187.7,1,joedevajerryd
7163,16663265,"Darlington Ayakazi","2026-08-04 20:26:08",187.7,1,darlingtonayakazi
7164,16722089,"Saidjon Ramazonov","2026-08-16 05:51:50",187.4,2,saidjonramazonov
7165,16668495,Herisitraka,"2026-08-05 17:16:28",187.3,2,herisitraka
7166,16686834,Kaabbil,"2026-08-09 16:14:49",187.3,2,"dr3aking,kaabbil"
7167,16671232,"sms tcil","2026-08-07 13:03:30",187.3,1,smstcil
7168,16630041,"Devi prashad tripathi","2026-08-03 17:56:58",187.2,1,deviprashadtripathi
7169,16624973,"Mrunmayee Kulkarni","2026-07-31 06:16:46",186.6,1,kulmrun
7170,16670462,"Talha Kayar","2026-08-15 15:24:03",186.4,2,talhakayar
7171,16654098,"Mohd Zaki","2026-08-26 01:46:45",186.1,2,mdzaki08
7172,16725990,"Parth Tomar","2026-08-24 12:35:45",185.8,2,parthtomar193
7173,16713002,"Adithya M","2026-08-13 15:42:17",185.8,2,adithya3907
7174,16677403,bababoy,"2026-08-15 14:55:17",185.6,2,adrienrenard
7175,16633003,"K Mukhiya ","2026-08-01 12:09:51",185.3,2,kmukhiya
7176,16734901,Breaking1800,"2026-08-22 10:59:10",185.2,2,breaking1800
7177,16666706,baijiachang,"2026-08-05 11:04:21",185.0,1,baijiachang
7178,16715354,"Alyssa Clark","2026-08-14 02:52:26",185.0,2,a1yssaclark
7179,16737641,"PATIL ATHARV VIJAYKUMAR","2026-09-01 18:05:10",185.0,2,"atharv095022,patilsarthakvilas,sonuretusharsuresh"
7180,16677081,"Brandon Gaston","2026-08-12 23:49:58",184.6,1,mushmon
7181,16665223,"Sawon Mitra","2026-08-07 11:11:17",184.6,2,sawonmitra
7182,16757671,xxxxc47,"2026-08-22 08:25:52",184.6,1,xxxxc47
7183,16823341,"Agnieszka Sobala","2026-09-03 20:15:55",184.5,1,agnieszkasobala
7184,16663945,anyasri,"2026-08-18 03:52:31",184.4,2,anyasri
7185,16697466,"hunain shahid","2026-08-11 06:12:38",184.4,2,hunainshahid230
7186,16690199,"Lavkush Yadav","2026-08-08 10:20:55",184.3,1,lavkushyadavcse
7187,16712562,"Sagar Singh","2026-08-17 09:28:26",184.3,2,acrejzz
7188,16752481,"Thanh Toan","2026-08-21 08:33:13",183.7,2,tonnglthnh
7189,16705360,Elahi,"2026-08-18 05:49:00",183.4,2,mmelahi
7190,16663334,"sameer mughal","2026-08-29 20:12:57",183.3,2,sameermughal109
7191,16688288,"Ojo Oluwadamilare","2026-08-08 01:43:30",183.3,2,ojooluwadamilare
7192,16662662,"Joaquim Jose1","2026-08-04 17:57:03",183.0,1,joaquimjose1
7193,16657344,"Ombayo fredrick","2026-08-04 14:04:04",182.6,2,ombayofredrick
7194,16659247,cindrella_18,"2026-09-02 06:43:32",182.3,2,"ankithraj30,neharaj1518"
7195,16640468,"Sohangkumar Patel","2026-08-26 15:00:44",182.0,2,samsamurai
7196,16662803,"Ashish Gawade","2026-08-04 19:11:19",181.7,2,ashishgawade
7197,16633551,"Subarno Sen","2026-08-25 04:42:35",181.7,2,lordfiftyfive
7198,16676026,"Bedashree Swarupa Das","2026-08-06 14:14:21",181.3,1,ashokkumardasbedashr
7199,16685093,"Huzaifa Inam","2026-08-07 13:47:15",181.0,2,huzaifainam
7200,16681895,Akshar,"2026-08-07 06:16:19",181.0,2,aks0625
7201,16658362,MHaurel,"2026-08-09 15:32:45",180.8,1,hetax17
7202,16667231,bettsy,"2026-08-05 12:12:35",180.8,2,bettsy
7203,16697339,"Muhammad Safwan Ahmad Saffi","2026-08-15 00:28:21",180.7,2,safwanahmadsaffi
7204,16664458,"Prantik Chandra","2026-08-05 05:47:10",180.6,1,prantikchandra
7205,16690112,"Ayush Tripathi","2026-08-17 09:03:03",180.6,2,ayushtripathi112
7206,16669311,Schoki,"2026-08-17 22:26:49",180.5,2,jensdnisch
7207,16658033,"sanjay Ghalagi","2026-08-27 15:29:34",180.5,2,sanjayghalagi
7208,16659929,"MAMADOU LY (LY BOUSSO 45)","2026-08-13 11:43:25",180.4,2,mamadoulylybousso45
7209,16660285,"Sawan Kohli","2026-08-06 13:11:44",180.3,2,sawankohli
7210,16658440,"Gloria Lourelynn S","2026-08-04 15:16:09",180.3,1,glorialourelynn
7211,16659870,"Tien N.","2026-09-03 06:58:23",180.3,2,tientrum
7212,16657227,"Anusha Marla","2026-08-04 07:05:53",180.2,2,anushamarla
7213,16698164,"Ruizhang Zhi","2026-08-27 14:51:13",180.2,2,ruizhangzhi
7214,16657306,"Krunal Chavda","2026-08-07 21:38:11",179.9,2,krunalchavda21
7215,16732355,"Nagesh gite","2026-09-03 08:34:28",179.9,2,"kuberb,nageshgite,vasugupta1121"
7216,16785398,"Vitória Freitas","2026-08-28 20:07:12",179.9,1,vitoriafreitas13
7217,16755664,"Shivam Rajdev","2026-08-21 17:52:04",179.7,1,shivamrajdev
7218,16633190,Gigrise,"2026-09-02 04:57:09",179.6,2,gigrais
7219,16780986,Azizbek,"2026-09-01 14:26:45",179.6,2,miracle88
7220,16769595,Rudra,"2026-09-03 02:18:39",179.5,1,rudrabhaskar
7221,16659062,"MOHAMMAD SUBHAN PASHA","2026-08-17 07:14:09",179.4,1,mohammadsubhanpasha
7222,16634761,"CHARHBILI Moad","2026-08-07 13:44:23",179.3,1,charhbilimoad
7223,16632458,"RAMAN BANSAL","2026-08-24 04:35:56",178.8,1,ramanbansal
7224,16661447,"Sibel Özbek","2026-08-04 20:50:27",178.6,1,sibelzbek
7225,16777407,"Fahrur Rozzi","2026-08-26 23:01:52",178.6,1,frozzi18
7226,16698307,AnasAl7,"2026-08-10 13:08:08",178.3,2,anasal7
7227,16657892,"Boonanan namna","2026-08-17 04:36:04",177.9,1,boonanannamna
7228,16690433,"Amar Amar Gupta","2026-08-15 10:08:37",177.8,2,amaramargupta
7229,16701106,moshito,"2026-08-10 14:13:58",177.8,2,"danamaulana123,moshito,naufaldhiaulhaq01"
7230,16656278,"Bhuvaneshwari Rebba","2026-08-04 09:20:36",177.8,1,bhuvaneshwarirebba
7231,16629441,Sofia_Gilka,"2026-08-01 07:45:58",177.8,2,sofiagilka
7232,16690195,"Manshi Shukla","2026-08-08 10:12:24",177.7,2,manshishukla
7233,16697540,"Jared Floersch","2026-09-02 14:34:06",177.3,2,jaredfloersch
7234,16721941,"Rita Ohabuenyi","2026-08-14 12:57:37",177.3,2,ritaohabuenyi
7235,16659271,Hamish,"2026-08-12 12:48:51",177.2,2,hamishdickson
7236,16695951,"Gleb Makarenko","2026-08-09 18:21:25",177.1,2,gleny48
7237,16664586,"Owen Lim","2026-08-05 05:42:25",177.0,2,owenlim45
7238,16756875,"Meryem Kevser Keskin","2026-09-01 21:30:35",176.6,2,meryemkevserkeskin
7239,16791131,"Maria Carolina BRAY","2026-09-03 19:43:47",176.5,2,mariacarolinabray
7240,16657578,raushancoursework,"2026-08-05 06:54:51",176.3,1,raushancoursework
7241,16712406,"L Sangeetha","2026-08-18 01:56:24",176.0,2,lsangeetha
7242,16656164,"Justin Schomer","2026-08-09 09:05:59",175.6,2,fathersecurity
7243,16654384,"Alladi Sai Kalyan Raman 24BCE1509","2026-08-30 09:33:11",174.5,2,alladisaikalyanraman
7244,16683903,Saju,"2026-08-17 11:31:45",174.1,1,sajutr
7245,16656954,"Marwan Elmetwally","2026-08-04 05:56:29",174.0,2,marwanelmetwally
7246,16802035,"sanchit atre","2026-09-01 09:31:07",173.9,2,sanchitatre
7247,16625029,Hilarus,"2026-08-01 15:59:02",173.8,2,hilagbag
7248,16740144,Salmon,"2026-08-21 12:55:13",173.3,2,shin3110
7249,16713896,"Quantum Fusion","2026-08-14 12:12:34",173.2,1,gugurobotics
7250,16784932,"Shefali Pradhan","2026-08-29 10:03:30",172.9,2,shefalipradhan
7251,16734896,pattikamo,"2026-08-27 10:52:28",172.6,2,pattikamo
7252,16667886,"Ubaid ur rehman 0345","2026-08-05 15:23:12",172.5,2,ubaidurrehman0345
7253,16723289,"Caio Saboia","2026-08-28 18:24:29",172.1,1,caiosaboia
7254,16741243,"Yasin Mert Şahin","2026-08-19 08:02:12",171.9,2,ymertsahin
7255,16670662,"Gina Lee","2026-08-11 22:45:21",171.7,2,ginaleegdm
7256,16802348,Shergill_17,"2026-09-01 11:17:15",170.3,2,shergill17
7257,16763255,"I P Tharun Gowda","2026-08-31 16:07:06",169.0,2,iptharungowda
7258,16794281,"adilio freitas","2026-08-30 22:25:36",168.3,1,adiliofreitas
7259,16623563,"Jocelyn Dumlao","2026-09-01 02:35:54",168.2,2,jocelyndumlao
7260,16712568,"Tanvi Dobariya","2026-08-14 17:39:52",167.6,1,tanvidobariya
7261,16754111,"Kalpana Patki","2026-08-22 16:05:10",167.1,1,kalpanapatki
7262,16662334,"Andres Beltran","2026-08-04 22:58:11",166.4,2,andresbeltran05
7263,16717094,geoperate,"2026-08-13 12:30:26",166.2,1,geoperate
7264,16647390,"guoqin gu","2026-08-11 08:54:59",165.9,1,guoqingu
7265,16662933,"Marcelo Pereira","2026-08-19 01:14:40",165.8,2,marcekkusrp
7266,16793648,Sarda___,"2026-08-30 16:51:21",165.7,2,brainnotfound3
7267,16739102,"Mithulya Kumarapeli","2026-08-30 03:53:39",165.5,1,sandalim
7268,16653934,"Ayomide Abdulrahmon","2026-08-03 19:22:32",165.3,2,ayomideabdulrahmon
7269,16640323,"KOUSHIK KUMAR DINDA","2026-08-29 01:55:31",163.4,2,koushikkumardinda
7270,16660342,"Adapa Gopireddy","2026-08-04 12:49:43",163.2,1,adapagopireddy
7271,16755329,SBedrosian123@,"2026-08-21 15:07:41",162.8,1,sbedrosian123
7272,16717600,"Collistus Kibe","2026-08-21 22:13:38",162.6,2,collistuskibe
7273,16785085,"THEEPAN S.S","2026-08-28 16:35:39",162.4,2,theepanss
7274,16672322,"khalil ur Rehman","2026-08-13 05:10:03",161.0,2,khalilurehman
7275,16807373,"junxing peng","2026-09-03 01:56:28",160.4,1,junxingpeng
7276,16737040,"Joseph Djian","2026-08-30 21:18:34",159.4,2,djian55
7277,16680165,"Radwa ALkalifa","2026-08-23 08:39:37",159.0,2,radwahamada
7278,16681056,"Aryan Jhingan","2026-08-11 18:53:48",158.9,2,aryanjhingan
7279,16765566,DIYANSH_JAIN7,"2026-09-03 10:56:38",158.9,1,diyanshjain7
7280,16771841,"Panagiotis Alimisis","2026-08-25 18:00:11",158.7,1,palimisis6
7281,16656815,"Atharva S. Naladkar","2026-08-06 06:46:40",158.5,2,atharvasnaladkar
7282,16674774,"Dine ALASSANE","2026-08-07 05:53:28",158.1,2,dinealassane
7283,16683808,RuggedBones,"2026-09-03 02:08:03",158.1,2,ruggedbones
7284,16634016,"Adrien Thomas","2026-08-19 17:15:08",157.8,1,adrienthomas
7285,16756264,query_stop,"2026-08-27 00:24:14",156.8,2,jaared
7286,16697716,ZEO,"2026-08-09 19:43:41",156.8,1,anuppatil29
7287,16690188,Anurag,"2026-08-08 10:20:42",156.5,2,kumaranu2007
7288,16661160,"Roobhasridevi P","2026-08-04 14:31:22",156.1,1,roobhasridevi
7289,16707146,kaganou,"2026-08-11 13:19:53",154.3,1,kaganou
7290,16733121,saturnliu,"2026-09-02 07:34:54",153.4,2,saturnliu
7291,16662123,hannhu40022,"2026-08-04 18:45:07",153.2,2,hannhu40022
7292,16626159,"Cảnh Đinh Tiến","2026-08-02 09:17:36",153.2,2,tourist110406
7293,16756344,"Pasindu Perera","2026-08-21 19:21:11",152.9,1,amavinperera
7294,16705490,"KASTHURI DEVI M","2026-08-13 10:42:42",152.7,2,kasthuridevim
7295,16778908,"PATIL ADITYA PANDURANG","2026-09-01 17:34:33",152.3,1,"jagdalepranavsagar,patiladityapandurang,pavankadam7005"
7296,16814946,"Bekama Regasa Negewo","2026-09-03 07:30:36",152.2,1,bekamaregasanegewo
7297,16623660,"Taylor S. Amarel","2026-07-31 23:36:48",151.6,1,taylorsamarel
7298,16750391,"Batuhan Yerebasmaz","2026-08-20 18:34:21",151.4,2,batuhanyerebasmaz
7299,16679979,Pranav6657,"2026-08-07 02:40:48",150.5,1,pranav6657
7300,16656235,"Zain Ul Abideen Samo","2026-08-06 15:22:02",150.1,2,zainulabideensamo
7301,16636855,"Wynn Koo","2026-08-01 14:03:04",150.0,1,yongfenggg
7302,16654556,anjipoo,"2026-08-05 15:33:04",149.0,2,anjana0812
7303,16713435,"Visruti Patidar","2026-08-16 11:18:23",148.7,2,visrutipatidar
7304,16683220,Kongali,"2026-08-10 01:24:37",147.7,2,kongali
7305,16621770,"Rudraksh Zodage","2026-07-30 20:07:49",146.3,2,rudrakshzodage
7306,16716402,"Shashvat Singham","2026-08-13 10:56:39",146.3,1,shashvatsingham
7307,16659582,"Srikanth Adivanna","2026-08-04 11:25:45",146.2,1,srikanthadivanna
7308,16690499,SuperAI@2615,"2026-08-11 16:42:48",145.9,2,superai2615
7309,16658189,"Zale John","2026-08-26 00:48:24",145.8,2,zalejohn
7310,16679847,"Julio Contreras","2026-08-21 20:29:09",145.7,2,juliocontreras
7311,16664199,SomyaSingh_07,"2026-09-01 07:03:52",145.7,2,somyasingh07
7312,16799001,"Trịnh Quang Minh","2026-09-01 05:16:32",145.3,1,trnhquangminh140
7313,16719809,"Milanto FR","2026-08-14 05:37:48",145.1,2,milantofr
7314,16661969,"Raja T","2026-09-03 14:40:02",144.9,2,rajathiagaraj
7315,16748612,"Priyadharshini B","2026-08-24 12:06:18",144.9,1,priyadh29
7316,16743241,"Adhvaith KS","2026-09-02 14:30:35",144.3,1,adhvaithks
7317,16656240,"SACHIN KUMAR","2026-08-10 03:13:24",144.2,2,sackm123
7318,16621565,"salih chindo","2026-08-12 19:45:58",143.9,1,salihchindo
7319,16659871,"Abel Kpoton","2026-08-04 20:41:20",143.2,2,abelkpoton
7320,16670547,"Maduako Prince","2026-08-05 22:53:03",142.5,2,maduakoprince
7321,16660340,"pawan sondhiya","2026-08-07 06:22:38",142.2,2,pawansondhiya
7322,16731986,Vugar3,"2026-08-17 10:51:29",142.1,2,vuqarxudvrdyev001342
7323,16730745,"Aymerou Yaya Koné","2026-09-02 04:33:04",142.0,2,aymerouyayakon
7324,16662809,"Chukwu Excellent","2026-08-08 22:06:34",141.7,2,chukwuexcellent
7325,16674328,daniel,"2026-08-06 09:34:23",141.4,1,dkamgamegasoft
7326,16654363,"NIKHIL YADAV","2026-08-17 21:20:32",140.8,2,nikhilyadav232223
7327,16657486,"Turhan TAS","2026-08-10 09:21:40",140.8,1,turhantas
7328,16723068,"Clara Lima Silva","2026-08-21 21:39:57",140.6,1,claralimasilva
7329,16659881,SantosR,"2026-09-02 12:37:43",140.2,2,santosr
7330,16782192,"Marcelo Correa","2026-08-28 04:15:07",139.0,1,mvcorrea
7331,16662295,"benja cooper","2026-08-04 17:41:28",138.1,2,benjacooper
7332,16659840,"Dasari Giri Gabrelu","2026-08-05 13:41:11",138.0,2,giridasari
7333,16656643,"Willetta Dettore","2026-08-05 15:33:52",137.5,2,willettadettore
7334,16770924,rohit,"2026-09-01 15:55:43",137.2,2,rohitsrinivasan31
7335,16623953,"Denuwan Wijesinghe","2026-08-01 07:57:04",137.2,2,denuwanwijesinghe
7336,16662230,"Angus Mc Gregor","2026-08-13 21:25:46",137.0,2,angusmcgregor
7337,16744618,"Roberth Douglas UFC","2026-08-27 16:33:10",134.9,2,roberthdouglasufc
7338,16725070,"Mehak Iftikhar","2026-08-15 13:21:30",134.3,2,mehakiftikhar
7339,16743822,Surya,"2026-08-19 16:21:21",134.0,1,suryapandian
7340,16676977,"Akash Babu","2026-08-28 06:26:25",133.6,2,akashbabu17
7341,16659451,anero98,"2026-08-22 20:47:29",132.9,2,anero98
7342,16661098,"Muhammad aufa azmi","2026-08-04 15:18:35",132.4,2,muhammadaufaazmi
7343,16662714,"Amilcar Rodriguez","2026-09-01 04:22:39",132.0,2,amilcarskt
7344,16657303,"Tejas Tiwari","2026-08-04 07:32:17",130.9,1,tejaat
7345,16809022,CheeseFunction,"2026-09-03 13:13:22",130.6,2,cheesefunction
7346,16726311,"Prince Diwakar","2026-08-16 12:55:18",130.3,2,princediwaker
7347,16658297,"Charishma Pillapalem","2026-08-11 12:46:56",130.0,2,charishmapillapalem
7348,16633511,"joshan gladston","2026-08-01 01:19:57",129.9,2,joshangladston
7349,16727876,"Harrison Wachira","2026-08-16 08:50:03",129.8,1,harrisonwachira254
7350,16662547,"hiteshsinh solanki","2026-08-05 07:59:16",129.7,2,hiteshsinhsolanki2
7351,16775483,"Parv Malav","2026-08-26 16:20:27",128.9,2,parvmalav
7352,16723091,"Naiely Silva","2026-08-28 00:53:34",128.7,1,naielysilva
7353,16778545,Mizunooo,"2026-09-03 09:43:34",128.0,1,mizunooo
7354,16626218,"Srishti Gauraha","2026-08-08 05:40:23",127.7,1,srishtigauraha
7355,16670552,"Harsh Chaudhary ml","2026-08-05 22:16:25",127.6,1,harshchaudharyml
7356,16677441,"ERREGUI YOUSSEF","2026-08-06 18:02:39",126.8,2,erreguiyoussef
7357,16659097,noril09,"2026-08-04 11:56:35",126.5,2,noril09
7358,16691542,Tushar_SVC,"2026-08-11 04:12:09",126.3,2,tusharsvc
7359,16654559,"Kerem Ali AVCIOĞLU","2026-08-03 19:28:49",126.2,2,keremaliavciolu
7360,16656685,"Shravani Hibare","2026-08-05 10:15:36",125.8,2,shrahib4725
7361,16746655,"Charan Reddy321","2026-08-25 06:27:38",125.4,1,charanreddy321
7362,16735237,"YASH CHIMAN","2026-08-18 04:20:24",125.3,1,yashchiman
7363,16659308,Attaerabi,"2026-08-05 07:52:52",123.2,2,attaerabi
7364,16662142,"Adnan Khan","2026-08-30 06:22:52",122.9,2,iamadnankhan313
7365,16657561,Roshdibenrojo83,"2026-08-04 07:19:05",122.8,2,roshdibenrojo83
7366,16662455,"Nenavath Shashi","2026-08-04 18:04:52",122.5,2,nenavathshashi
7367,16670368,"Gary Gitton","2026-08-19 17:03:04",121.4,2,garygitton
7368,16762458,"Promise Matorofa","2026-08-24 10:00:04",120.9,2,promisematorofa
7369,16658695,"Muskan Zahid","2026-08-04 14:14:02",120.8,2,artificial52
7370,16687628,ruchit,"2026-08-28 11:22:16",120.0,1,ruchitkhade
7371,16769234,"Akshar #2","2026-09-03 09:38:13",119.5,2,aksharzala
7372,16823229,aper,"2026-09-03 19:34:16",119.3,1,todaya
7373,16621519,Ᏸ𐍂Ꭷ,"2026-07-30 17:30:30",117.7,2,dheerajkannaujiya
7374,16658666,"VMax Agents","2026-08-04 10:57:49",116.8,1,"akhiildheep,mithun5353"
7375,16623094,"Claudia Arias Gonzalez","2026-09-02 20:56:53",116.6,2,claudiaariasgonzalez
7376,16655748,revathip,"2026-08-06 06:00:14",115.4,2,revathiprakash
7377,16700316,"Pranav Waghmare","2026-08-11 16:29:05",115.1,1,waghmarepranav6
7378,16668691,BeltusTebid,"2026-08-05 16:01:45",114.4,1,beltustebid
7379,16662243,"Cepeda Braxton","2026-08-04 19:31:54",113.8,2,cepedabraxton
7380,16794173,"Kamran Arshad","2026-08-31 07:19:49",113.2,2,kamranarshad
7381,16665345,saurabh10june,"2026-08-05 11:53:47",112.7,2,saurabh10june
7382,16654509,"Shruti Kondabathula","2026-08-07 18:17:56",112.0,2,shrutikondabathula
7383,16667489,"Cornol Lieto","2026-08-05 12:31:14",111.8,1,lietocornol
7384,16659041,"uma mahesh23","2026-08-04 11:50:03",111.3,2,umamahesh23
7385,16731873,"Abhishek Singh Solanki","2026-08-19 07:24:47",111.1,1,realabhi5hek
7386,16691729,"ADOLF FAUSTINE","2026-08-18 02:42:39",110.9,2,adolffaustine
7387,16808545,"Qinyong Wang","2026-09-02 11:53:03",110.5,2,magicwqy
7388,16665079,"Maguluri Keerthi","2026-08-05 06:16:03",110.2,2,magulurikeerthi
7389,16661419,"Shivansh Soni","2026-08-04 15:08:01",109.8,2,shivanshsonii
7390,16707468,"SBJ 2205","2026-08-12 09:59:33",109.6,1,sbj2205
7391,16693819,"Hossein Shad Manaman","2026-08-12 03:14:58",109.5,2,hosseinshadmanaman
7392,16658898,"SRI shiva","2026-08-07 17:21:07",109.5,2,srishiva
7393,16666072,Abinash,"2026-08-05 15:07:52",107.5,2,abinashsinha1726
7394,16806568,"Mumtaz Ahmad Maitla","2026-09-02 06:08:22",107.3,2,mumtazahmadmaitla
7395,16755807,PokeTrader,"2026-08-23 14:59:36",104.8,2,poketrader
7396,16735064,"Harshada Thorat 129","2026-08-18 03:58:34",104.0,1,harshadathorat129
7397,16678283,"Ajinkya Digurkar","2026-08-21 10:56:03",102.3,2,"ajinkyadigurkar,sakshiagrawal8818"
7398,16790678,Pujolaras,"2026-09-03 14:45:14",102.3,1,pujolaras
7399,16736939,"Flandre 29","2026-08-26 08:23:01",100.5,2,flandre29
7400,16735323,"Souvik Routh","2026-08-18 04:30:21",100.1,1,souvikrouth
7401,16730708,ysakuragi,"2026-08-19 01:30:12",99.7,1,ysakuragi
7402,16698958,"Shanjaya SK","2026-08-28 15:25:11",99.6,1,"payuu03,shanjayask"
7403,16641109,zzgtylors,"2026-08-06 06:21:50",98.7,2,zzgtylors
7404,16663161,"Pial Mahmud","2026-08-17 10:38:21",97.2,2,pialgroup
7405,16657055,RedKiwi,"2026-08-05 05:57:34",96.5,2,tnmthai
7406,16658577,farmercode261,"2026-08-20 07:15:35",96.0,2,hifnikhakim
7407,16654087,Gabriela_Fernandes4,"2026-08-04 19:12:33",95.3,1,gabrielafernandes4
7408,16654711,"Rupam Bhattacharjee1","2026-08-14 16:43:07",95.3,1,rupambhattacharjee1
7409,16663406,"Elshan Kazim","2026-08-16 08:38:43",94.7,1,elsnkazm
7410,16663897,jayaBhavagan,"2026-08-05 19:34:36",94.6,1,jayabhavagan
7411,16659675,"M.Athallah Rafif Aldera","2026-08-06 12:40:14",94.6,2,mathallahrafifaldera
7412,16660886,"Dr.Eldirdiri Fadol ","2026-08-05 05:30:48",94.5,2,dreldirdirifadol
7413,16803074,"fumihito mori","2026-09-01 14:00:16",94.2,1,fumihitomori
7414,16656777,"Salam Alqerem","2026-08-31 10:59:33",93.7,2,salamalqerem
7415,16658100,"Nanda Riansyah","2026-08-04 08:55:54",92.5,2,nandariansyah
7416,16666273,"Wondu Zerihun","2026-09-01 06:43:22",90.9,1,zerihun369
7417,16633018,purelilyth,"2026-08-20 19:43:09",90.2,2,purelilyth
7418,16728931,Sathwik2006,"2026-08-16 14:25:36",89.4,2,sathwik2006
7419,16668599,"Hafsa Anwaar","2026-08-05 17:43:21",89.2,2,hafsaanwaar
7420,16789546,"lsm jii","2026-08-29 08:48:51",89.0,2,lsmjii
7421,16731524,"Tsyrenov Mergen","2026-08-17 09:42:39",85.9,1,tsyrenovmergen
7422,16663277,"Mariana Mejía","2026-08-24 23:58:54",85.8,2,marianameja
7423,16667773,ShashankJha,"2026-08-11 15:41:47",85.2,2,shankinfy
7424,16680428,"Surabhi veda","2026-08-07 01:49:35",82.5,1,surabhiveda
7425,16785053,"Rinosh Bethala","2026-08-28 17:52:26",81.9,1,rinoshbethala
7426,16666836,"Emir Ayvaz","2026-08-07 05:57:00",80.6,2,emirayvaz
7427,16767147,"Hacker Trinity","2026-08-25 11:21:37",79.9,2,hackertrinity
7428,16798631,dzlabs,"2026-09-01 09:57:10",78.7,2,dzlabs
7429,16658299,"Bakar Prabowo!","2026-09-02 04:20:00",77.4,2,"galihrattn,kingki19,ranggacarkawan"
7430,16644474,"Vihaan Ahluwalia","2026-08-05 13:16:21",76.9,2,vihaanahluwalia
7431,16739908,"Asfam Parvez Kawser","2026-08-18 22:25:36",75.1,2,asfamparvezkawser
7432,16710773,Openaiskrip,"2026-08-12 07:54:38",75.0,2,openaiskrip
7433,16785477,"ASHMIL P URK25CS7129","2026-08-28 18:26:11",74.9,1,ashmilpurk25cs7129
7434,16679410,"Leke Glean","2026-08-07 17:29:04",73.5,2,lekeglean
7435,16640594,Win2207,"2026-08-07 12:05:07",72.1,2,win2207
7436,16661711,"Wild Star217","2026-08-30 18:00:18",70.8,2,wildstar217
7437,16719441,Gatranova,"2026-08-14 04:11:54",70.7,2,rafiabiyyuairlangga
7438,16673372,"Hadyan Adira","2026-08-14 03:16:30",69.0,2,hadyanadira
7439,16632413,"Varun Patil","2026-07-31 18:41:34",68.8,1,varunpatil262005
7440,16665139,"Siddharaj Kulkarni","2026-08-16 05:23:21",68.6,2,siddharajkulkarni
7441,16698953,Locked_in_hell,"2026-08-13 18:31:55",68.0,2,stealthknight
7442,16675209,lavica,"2026-08-11 13:23:03",66.7,2,lavica
7443,16624064,"Hemant Ahlawat","2026-07-31 15:52:56",66.4,2,happyahlawat
7444,16778494,"Agda Niya","2026-08-28 06:43:07",64.1,2,agdaniya
7445,16684847,"M.Harshavardhan Raju","2026-08-09 16:15:49",63.9,2,mharshavardhanraju
7446,16724806,rin2401,"2026-08-15 09:39:51",60.8,1,rin2401
7447,16716079,shaurya_pandey@19,"2026-08-13 09:27:49",59.7,2,shauryapandey19
7448,16738778,"DILIP BAVISKAR","2026-08-27 09:44:22",58.6,2,dilipbdilipb
7449,16808566,"contemporary dance","2026-09-02 22:44:14",56.2,2,shigeria
7450,16656753,"TAMAL SINGHA ROY","2026-08-05 07:57:48",55.8,2,tamalsingharoy
7451,16716562,"Ananya Maurya","2026-08-13 10:01:25",55.8,2,ananyamaurya
7452,16761007,"Pankaj Nakhat","2026-08-23 11:48:21",54.7,2,pankajnakhat
7453,16784650,LukasM1,"2026-08-28 14:15:24",54.1,1,lukasm1
7454,16633932,omikbop,"2026-08-02 12:36:52",53.9,2,omikbop
7455,16742172,"Felisitas Mellania","2026-08-25 18:57:18",53.1,2,felisitasmellania
7456,16714192,"Nishanth Palugula","2026-08-14 06:51:09",50.2,2,nishanthpalugula
7457,16675819,RohitS001,"2026-08-11 18:05:54",49.9,2,rohits001
7458,16708290,"Hrishikesh Thakare","2026-08-12 14:45:08",48.0,1,hrishikeshthakare
7459,16662721,"Manish Sharma","2026-08-12 17:44:16",47.7,2,themihirsharma
7460,16768100,Nathael,"2026-08-25 10:58:51",47.6,2,nathaeldias
7461,16696104,"Harshit Meesari","2026-08-09 14:31:00",46.9,1,harshitmeesari
7462,16676428,wayzhengong27,"2026-08-08 06:34:59",46.6,2,"kkkuek,wayzhengong27"
7463,16761521,"Artificial Silicon","2026-08-29 10:17:46",46.4,1,artificialsilicon
7464,16721495,"404 Crop Not Found","2026-09-01 08:45:29",44.4,2,"aiprojector,boazx15"
7465,16669011,"Siddiqui Rehan Ahmed Furqan","2026-08-07 05:24:38",43.5,2,siddiquirehanahmed
7466,16705637,"Vedant Ghodekar","2026-08-11 05:28:57",36.5,1,vedantghodekar
7467,16667339,"Victor Chege","2026-09-01 13:56:51",36.3,2,victorchege0
7468,16633250,Myst19,"2026-08-03 13:25:15",34.9,2,jakeschweikhart
7469,16689555,"kelvin waruingi","2026-08-09 22:45:23",29.3,2,kelvinwaruingi
7470,16624553,"Abiram Bharathi S.A","2026-08-22 05:13:32",22.8,2,abirambharathisa
7471,16661152,"Dr.Abdulbaset Musleh","2026-08-19 20:09:26",22.5,2,drabdulbasetaledresi
7472,16654026,"joju shaji","2026-08-09 16:36:43",21.3,2,jojushaji
7473,16664822,"Prateek Singh","2026-08-05 05:30:22",20.1,2,pra73ek
7474,16780027,rotto,"2026-09-01 13:18:33",15.5,2,pirotototo4023
7475,16771156,"Ronald Ayamba","2026-08-25 19:16:26",14.2,1,ronaldayamba
7476,16673732,"Async Null","2026-08-06 16:55:26",13.8,1,asyncnull
7477,16644519,"Shambhu Shekhar Sinha","2026-08-12 18:55:43",13.7,2,shambhushekharsinha
7478,16658745,"Shabby farms 2.0","2026-08-16 03:10:28",13.5,2,rahulk5418
7479,16794292,"Taylor Clark","2026-09-02 03:15:03",12.5,2,taylorclark637
7480,16632708,__Taichicchi__,"2026-08-31 17:07:08",9.7,2,hutch1221
7481,16657568,"Manpreet Singh","2026-08-08 13:45:41",6.6,2,manpreet1994
7482,16659501,Duckey,"2026-08-04 13:02:16",4.1,2,bokangletsapo
7483,16792531,"subash jayakumar","2026-08-30 20:14:56",2.0,2,subashjayakumar
7484,16720136,"Roaring Cotton","2026-08-20 07:33:15",0.5,2,daviddavidelijah
7485,16674526,"Imdadul hasan hamim","2026-08-13 07:32:37",0.5,1,imdadulhasanhamim
7486,16676890,luciferingstar256,"2026-08-20 15:40:55",-0.5,1,luciferingstar256
7487,16654404,"Madhan Sidmal","2026-08-11 21:28:45",-2.5,2,madhansidmal
7488,16644439," علي ساجد","2026-08-02 21:40:07",-3.5,2,jdvdjdv97171ushd
7489,16809774,farmci,"2026-09-02 16:59:50",-4.7,1,ermismel
7490,16805234,Ryuzaki2325,"2026-09-01 19:44:54",-14.0,1,ryuzaki2325
7491,16689681,"Prakash Rajan","2026-08-09 16:37:56",-14.2,2,prakashai
7492,16624666,"Avik Das","2026-08-21 08:57:10",-15.7,2,avikdas567
7493,16659057,"Jolvin James","2026-08-07 08:04:22",-16.1,2,jolvinjames
7494,16780318,"Piyush Darinda","2026-08-27 17:28:07",-19.7,2,piyushdarinda
7495,16732320,"Malik Muhammad Arbaz","2026-08-18 13:05:51",-19.8,1,malikmuhammadarbaz
7496,16755427,"Daksh Jain","2026-08-21 15:18:57",-26.3,1,dakshu081
7497,16735078,"SUDHANSHU PATIL","2026-08-18 04:37:33",-26.6,2,sudhanshupatil10
7498,16679250,srskat,"2026-08-16 08:26:30",-30.0,2,srskat
7499,16663728,"Al'Humairah Ali","2026-08-10 17:28:01",-44.9,1,alhumairahali
7500,16731488,"James Kimani","2026-08-27 13:18:20",-45.4,1,jaykim122
7501,16758417,AthulJenson,"2026-08-22 14:21:26",-54.4,1,athuljenson
7502,16685888,LeulYT,"2026-08-10 05:35:44",-54.8,2,leulyt
7503,16683041,Abhishektyagi649,"2026-08-07 08:37:09",-63.3,2,abhishektyagi649
7504,16662922,BrandonDucar,"2026-08-05 16:38:12",-67.5,2,brandonducar
7505,16622991,"Fedor Grigorev","2026-08-27 15:30:57",-67.6,1,fedorgrigorev
7506,16629006,ymym_tymblack,"2026-08-22 09:44:39",-68.4,2,ymymtymblack
7507,16713011,"Tasmayu Swain","2026-08-14 15:49:35",-76.8,1,tasmayuswain
7508,16710428,"Mansi Aggarwal","2026-08-31 18:21:35",-82.6,2,mansiaggarwal88
7509,16675801,"Neeraj Jha","2026-08-06 13:43:18",-83.7,1,neerajjha1996
7510,16657035,"Christvin Mathew","2026-08-04 08:55:56",-87.9,2,christvinmathew
7511,16731829,"Alexandra Tricia","2026-08-19 07:03:33",-89.8,2,alexandratricia
7512,16794008,HyperPlanz,"2026-08-31 13:08:38",-106.9,2,domiandr000
7513,16719181,SaltyCode,"2026-08-16 04:56:22",-114.8,1,saltycode
7514,16659864,"Twin Titans","2026-08-08 07:50:33",-157.6,2,"sivahokage,solaisararaju"
7515,16728276,"ROHAAN ASIF","2026-08-16 11:20:59",-159.6,2,ordinarydev007
7516,16665495,"sai chand Boppudi","2026-08-07 04:19:58",-161.0,2,saichandboppudi
7517,16695221,"Muhammad Daud Abbas","2026-08-12 20:04:32",-164.3,2,muhammaddaudabbas
7518,16660261,"YO_ONE CHAUHAN","2026-08-08 23:49:54",-165.1,2,yoonechauhan
7519,16668701,"Nihal Jamadar","2026-08-09 04:28:26",-166.5,2,nihaljamadar313
7520,16692837,"Sai Uttam Gite","2026-08-09 11:36:32",-174.3,1,saiuttamgite
7521,16717416,"Timofey Kalyak","2026-08-20 07:04:06",-174.3,1,timofeytweaky
