Rank,TeamId,TeamName,LastSubmissionDate,Score,SubmissionCount,TeamMemberUserNames
1,16714457,"Crop Dusta","2026-09-01 02:01:06",2926.0,2,rishigottumukkala
2,16698308,Yuan800,"2026-09-02 09:49:58",2925.2,2,yuan800
3,16660209,"Whyme Labs","2026-09-02 07:18:18",2911.6,2,whymelabs
4,16723620,3정훈,"2026-09-02 06:32:42",2899.1,2,az05192000gmailcom
5,16695664,Bantam,"2026-09-02 06:51:24",2884.1,2,bantam
6,16651244,"Knight of Favonius","2026-09-02 11:19:44",2857.4,2,ladyfaye
7,16756764,"Alperen Aydın","2026-09-02 08:45:18",2836.9,2,alperen5252525
8,16735094,RngRng,"2026-09-01 21:50:22",2834.9,2,rngrng
9,16632715,cmasch,"2026-09-02 08:54:55",2820.5,2,cmasch
10,16762735,"Zenith Ye","2026-09-02 02:25:46",2811.1,2,zenithye
11,16675063,"King Tian","2026-09-02 09:51:32",2810.7,2,tianwang1210
12,16689748,cheesytoasts,"2026-09-02 10:09:59",2806.7,2,cheesinnn
13,16623716,tetsuya,"2026-08-31 02:24:44",2802.6,2,tetsuya3510
14,16665809,"Saravanan Jaichandaran","2026-09-02 01:56:56",2799.1,2,saranchandar
15,16641169,boatlee,"2026-09-02 12:45:49",2766.7,2,boatlee
16,16656514,"Miku Dayo","2026-09-02 13:24:04",2765.2,2,praveensahukari
17,16741542,Jiro2,"2026-09-02 08:19:29",2764.5,2,amonkizawa
18,16631421,cg,"2026-09-02 10:56:17",2757.0,2,chaitanyagarg2
19,16762019,yukino,"2026-09-01 12:28:37",2757.0,2,"jifengjianhao666,mqingcs"
20,16723379,local,"2026-09-02 08:33:02",2753.5,2,matteo123383iend
21,16727103,sword3522,"2026-09-02 03:19:57",2743.4,2,"qinyanqiu,sword3522"
22,16721382,"Milan Leonard","2026-09-02 05:38:57",2737.3,2,milanleonard
23,16713262,"Seyit kaan Gunes","2026-09-02 11:37:57",2726.9,2,seyitkaangunes
24,16731186,Naru041104,"2026-09-02 11:05:51",2725.0,2,naru041104
25,16749520,"Andrey Tikhomirov","2026-09-01 09:25:32",2724.1,2,andreytikhomirov
26,16704466,"QQ Farming","2026-08-31 14:47:21",2718.7,2,"dzjiann,hdhsjdjd,mitubant,ngyzly"
27,16654068,"Renoir Vieira","2026-09-02 11:17:07",2713.8,2,renoirvieira0
28,16749061,"Wang H2O","2026-09-02 09:13:34",2705.5,2,wangh2o
29,16748733,"Driz Lo","2026-08-31 13:52:29",2703.1,2,drizlo
30,16622459,"Munal Singh","2026-09-02 13:14:32",2700.9,2,munalsingh
31,16621063,"Aikyatan Sinha","2026-09-02 11:27:34",2700.6,2,"aikyatansinha,vamshikrishnaemmadi"
32,16730676,ActiveMusyoku,"2026-09-02 10:14:21",2695.7,2,"daiki0381,kohei0okazaki,noriyukimori,ryonatori,seipon"
33,16626732,islet,"2026-09-02 02:05:51",2693.6,2,kojimar
34,16781279,zhyphirus,"2026-09-02 05:19:10",2689.6,2,zhyphirus
35,16663867,"Stephen Schott","2026-09-02 04:51:28",2688.1,2,steve421471
36,16621315,"Reyhan Ksatria","2026-09-02 11:17:19",2678.3,2,reyhanksatria
37,16671150,Mc10nys0n,"2026-09-01 22:45:55",2674.5,2,rattanunt
38,16761293,cha7ura,"2026-09-02 09:37:46",2671.5,2,cha7ura
39,16655520,"kaggle Osaka","2026-09-02 02:01:37",2668.9,2,toshiyukitanaka
40,16680144,AM,"2026-09-02 06:56:22",2665.6,2,adammekky
41,16697089,"aghbalou Anass","2026-09-01 17:07:22",2662.9,2,aghbalouanass
42,16655150,"Benjamin H Pepper","2026-09-02 04:56:49",2661.7,2,bhpepper
43,16712863,ominteam,"2026-09-02 09:30:22",2658.5,2,"luantony,suruikk"
44,16755705,"Semyon Epanov","2026-09-02 02:30:47",2649.9,2,semyonepanov
45,16764546,Thirst,"2026-09-01 13:34:19",2639.9,2,wahidakram
46,16702754,"ИТМОНИ AI B2B 67 SaaS","2026-09-02 09:09:40",2639.1,2,"borismatsakov,kirya1"
47,16674949,"Lev Neganov","2026-09-02 01:56:46",2639.0,2,levoel
48,16792542,RB25det,"2026-09-01 01:05:39",2630.8,2,rb25det
49,16734914,bharat,"2026-09-02 11:17:12",2629.7,2,bharatmohan
50,16670032,Kenjo1209,"2026-09-01 19:57:18",2624.2,2,kenjo1209
51,16682932,"Iulian Curte","2026-09-02 10:41:35",2616.9,2,iuliancurte
52,16662883,OceanMix,"2026-09-02 06:39:47",2612.7,2,"cggonzalezsc,fierus,liesvyvalladares"
53,16768043,cygn,"2026-08-31 22:04:18",2612.7,2,tfriedel
54,16622898,"sbol ball","2026-09-02 11:39:35",2611.1,2,"linearbasis,maksimkostritsya"
55,16693534,HireMe,"2026-09-02 02:05:12",2610.5,2,junta1104
56,16676114,Gekkotron,"2026-09-01 09:05:08",2610.2,2,gekkotron
57,16641751,Hikari_30,"2026-08-31 18:44:42",2606.9,2,hikari30
58,16657785,"Himanshu Kumar","2026-09-02 04:21:37",2606.7,2,himanshujha2812
59,16623990,senkin13,"2026-09-02 11:14:49",2606.4,2,senkin13
60,16738424,Yunioshi,"2026-09-01 14:51:54",2606.2,2,yunioshi
61,16664788,rian,"2026-09-02 05:39:12",2604.3,2,rian55
62,16622349,"Mengfei Li","2026-09-01 18:36:32",2602.2,2,meli19
63,16663649,"Akhil Chinta","2026-09-02 05:54:47",2601.3,2,akhilchinta1505
64,16621500,"Reinforcement Larping","2026-09-01 15:56:45",2591.8,2,egortkachenko
65,16740507,"PP kawada","2026-09-01 05:23:30",2590.4,2,pptakehirokawada
66,16768603,Kinance,"2026-09-01 23:18:30",2589.6,2,kinance
67,16779388,"Mohammad Alnajdawi","2026-09-02 12:12:12",2586.0,2,mohammadalnajdawi
68,16668783,Zyy7390,"2026-09-02 08:42:39",2584.7,2,"tigerrrrrr,zyy7390"
69,16661768,"Lợi Trần Bảo","2026-09-02 07:15:57",2584.4,2,litrnbo
70,16623382,diamond_hoe,"2026-09-02 08:18:46",2584.4,2,bbrage
71,16777767,"Miyanogawa Yuya","2026-09-02 11:41:19",2583.6,2,veritalogos
72,16778340,NayuNayu,"2026-09-02 04:57:54",2582.4,2,nayunayu1005
73,16665746,Chiranjieev,"2026-09-02 13:23:37",2579.4,2,"abhirajhiwale,amitambhore27,himanshu2605"
74,16655098,"Brotron Carbide","2026-09-02 02:17:23",2572.3,2,brotroncarbide
75,16665416,"zeyu lau","2026-09-02 08:22:52",2568.4,2,zeyulau
76,16774712,icelemon2004,"2026-09-02 12:09:30",2566.5,2,"guanghuchen,icelemon2004,mustard64"
77,16688787,Fih,"2026-09-02 08:01:59",2565.3,2,vencerlanz09
78,16790585,wzyxp_123,"2026-09-02 09:08:51",2564.5,2,cloudssdut
79,16781166,Ant,"2026-09-02 00:04:20",2564.1,2,anthonytrevino
80,16763897,BackFiring,"2026-09-01 23:41:48",2564.0,2,backfiring
81,16709068,Vib,"2026-09-01 04:44:16",2563.4,2,viblal
82,16644724,"Yiheng Wang","2026-09-02 11:52:37",2562.7,2,yiheng
83,16677337,"xi luo","2026-09-02 03:11:11",2562.3,2,xiluo00
84,16798172,"Dmytro Maliarenko","2026-09-02 10:39:15",2561.2,2,arxitekton
85,16623400,Less,"2026-09-02 06:58:00",2558.5,2,jiaoyouzhang
86,16778946,yuki0731,"2026-08-31 00:00:21",2557.5,2,yuki0731
87,16671767,Kaileh57,"2026-09-02 07:18:18",2556.7,2,kaileh57
88,16685763,"koren sabag","2026-09-02 10:51:50",2555.9,2,korensabag
89,16634580,akmr,"2026-09-02 03:49:24",2553.6,2,akimaru
90,16633790,curiosity,"2026-09-02 12:45:51",2552.2,2,chmffwn1
91,16675684,washamba_bots,"2026-09-01 22:23:46",2550.6,2,"billygmwangi,futurecentaur,peterkibetspidey,stephanenjoki"
92,16697229,"Masashi Nishimoto","2026-09-02 11:39:38",2549.6,2,masashinishimoto
93,16737650,sime_saba,"2026-09-02 10:09:05",2547.3,2,watarukawashima
94,16712258,Yizhou,"2026-09-02 06:59:03",2546.3,2,yaphellee
95,16682879,"Ace Team","2026-09-02 12:05:51",2545.5,2,drpatrickchan
96,16732748,"revenge pokekaggler","2026-09-02 12:34:17",2545.0,2,denden12
97,16780141,"One Zero001","2026-08-31 15:50:37",2544.3,2,onezero001
98,16716078,WENJIE_Wang,"2026-09-01 17:08:17",2539.5,2,"jenzenhuang,luwyeb,wafflebear,wenjiewangdev"
99,16744979,"Ahmed Alhassan","2026-08-31 21:33:16",2539.0,2,ahmed55
100,16711752,"Atakan Aldemir","2026-09-02 10:09:31",2536.2,2,atakanaldemir
101,16731678,ShadowT_T,"2026-09-01 21:18:29",2531.9,2,shadowtt
102,16677568,yarneo,"2026-09-02 07:09:06",2531.7,2,yarneo
103,16667604,L7n,"2026-09-02 13:38:27",2529.4,2,znwe342
104,16730761,ElephtAI,"2026-09-02 10:06:23",2527.4,2,yuchengj
105,16780279,"N Divij","2026-09-02 07:51:59",2526.2,2,divijio
106,16707915,MGöksu,"2026-09-01 15:00:15",2522.3,2,mgoksu
107,16659920,vkhydras,"2026-09-01 08:06:06",2520.8,2,vickimar
108,16799934,auhulu,"2026-09-02 10:32:59",2518.6,2,auhulu
109,16720316,"Hưng Trần","2026-09-02 12:02:27",2509.9,2,hungtrabiz
110,16671017,"Pablo César Ruíz","2026-09-01 11:36:39",2508.3,2,pcruiher08
111,16630752,motemen,"2026-09-02 07:49:42",2508.1,2,motemen
112,16632593,skomuro,"2026-09-01 12:43:55",2507.9,2,skomuro
113,16716475,"dong & shen","2026-09-02 07:08:31",2501.4,2,"dongcookies,muyouqian4"
114,16790091,ChengxuGu,"2026-08-30 12:52:07",2500.6,2,chengxugu
115,16743392,tellurium_rrr,"2026-09-02 06:01:27",2498.3,2,telluriumrrr
116,16623458,datnt114,"2026-09-02 13:27:52",2497.5,2,kingkong153
117,16665233,"Akash Deep","2026-09-02 08:50:29",2497.0,2,akashdeepo
118,16637987,Xander,"2026-09-02 11:43:33",2496.6,2,canqiang
119,16734979,NiuLAI,"2026-09-02 08:00:03",2492.2,2,"chunsingyu,chunyinhui,jaminmei"
120,16727171,yfy,"2026-09-01 19:30:22",2490.3,2,qwidndbdjss
121,16740996,ikevayansky,"2026-08-31 21:19:03",2490.2,2,ikevayansky
122,16783173,"Michael Shihong Zhang","2026-09-01 20:05:26",2489.0,2,"excelexx,festyve"
123,16698688,JeremiahMannings,"2026-09-02 05:55:35",2488.8,2,jmannings
124,16802039,"Anna Currie","2026-09-01 17:53:02",2487.5,2,hcnfgxsghvbkhbty
125,16655190,"Will Rice","2026-09-02 08:03:17",2487.5,2,willrice
126,16786102,"Anay Garodia","2026-09-02 07:51:17",2487.4,2,anaygarodia
127,16784056,"anh nông dân may mắn","2026-09-02 12:05:29",2486.9,2,nguyen1tri
128,16797251,"Nguyễn Mạnh Niên","2026-09-02 06:19:44",2486.0,2,jacobrichard312
129,16805370,"Gaiar Baimuratov","2026-09-02 09:36:52",2485.5,2,baimuratov
130,16731686,SaiKushal185,"2026-09-01 17:14:31",2485.5,2,saikushal185
131,16665134,edteoh,"2026-09-02 08:51:18",2483.8,2,edteoh
132,16786517,"TongYi Hong_HENU","2026-09-01 06:00:20",2483.5,2,"hongtongyi,lizhe125,ypeng1234"
133,16634704,"Maham Haroon","2026-09-01 16:43:40",2481.1,2,mahamhc
134,16701258,ln,"2026-09-01 19:08:51",2479.2,2,nazarov
135,16670948,wally0593,"2026-09-02 08:31:29",2479.0,2,wally0593
136,16719123,"Thomas Tschinkel","2026-09-02 11:20:56",2478.6,2,thomastschinkel
137,16634149,"Hozuma ITOBAYASHI","2026-08-31 22:48:33",2478.4,2,hozumaitobayashi
138,16734551,"junseok lee","2026-09-02 04:04:01",2476.8,2,jaslee2
139,16710499,sukeke,"2026-09-02 08:08:46",2474.2,2,sukeke
140,16773964,trung,"2026-09-02 04:17:34",2473.5,2,trung2006
141,16768236,Baligh,"2026-09-01 11:15:18",2472.6,2,balighmehrez
142,16769836,weense,"2026-09-02 13:37:52",2470.1,2,weense
143,16796937,Alan,"2026-09-02 11:40:01",2464.4,2,amunsentom
144,16685634,"Syed Asad Ali","2026-09-02 07:56:48",2464.1,2,syed3000
145,16705390,"Subramanya N","2026-08-25 16:45:45",2464.0,2,subramanya1997
146,16773041,Lixin73,"2026-09-01 08:42:09",2463.4,2,lixin73
147,16635351,AAAMIKASA,"2026-09-01 14:07:27",2463.3,2,aaamikasa
148,16658343,aisamhottman,"2026-09-02 07:19:21",2461.6,2,heuingttiang
149,16731415,BOB,"2026-09-02 04:44:03",2459.6,2,hotpotbro
150,16732578,nao.kwmr,"2026-09-02 01:01:01",2456.5,2,naokwmr
151,16691270,"Piyal Chowdhury","2026-09-02 10:42:52",2456.5,2,piyalchowdhury
152,16730707,"James Michael","2026-09-02 12:46:20",2455.8,2,ingenio
153,16733766,Paarthpowa,"2026-09-02 07:47:39",2455.0,2,paarthpowa
154,16718033,TheMightiestMan,"2026-09-01 14:13:04",2454.3,2,themightiestman
155,16785483,xiongrui666,"2026-09-02 00:53:16",2451.3,2,xiongrui666
156,16636079,"Pawan Rama Mali","2026-09-02 12:19:02",2451.3,2,pawanmali
157,16696999,"HD h Joratos","2026-09-02 13:21:21",2446.6,2,hdhjoratos
158,16736427,KouFu,"2026-09-02 09:58:52",2444.0,2,kouheif
159,16784561,"Rodrigo Ramón","2026-08-31 14:28:55",2441.3,2,rodrigoramn
160,16656776,ShaoCharles,"2026-09-02 06:49:25",2440.7,2,shaocharles
161,16681744,team_fn,"2026-09-02 08:29:02",2440.3,2,fjklmn
162,16790432,"Field General","2026-09-01 01:53:02",2440.0,2,kevinarvai
163,16762957,邪悪な暁山瑞希、ジャガイモを量産してフライドポテト市場を独占,"2026-09-01 17:04:35",2436.9,2,yinzimike
164,16806195,unreal,"2026-09-02 12:35:10",2436.6,2,gauravgs1007
165,16768385,neibyr,"2026-09-02 07:55:29",2436.1,2,neibyr
166,16684045,zekenoe,"2026-09-02 06:47:21",2435.5,2,"yizhewong,zekenos"
167,16674102,没落者,"2026-09-01 16:03:45",2433.6,2,needless090
168,16783721,"LI Mufeng","2026-09-02 03:44:42",2432.7,2,"alkaidchen,limufeng"
169,16732878,modelcollapse,"2026-09-01 10:23:20",2432.0,2,modelcollapse
170,16749205,"Wish Coding Guy","2026-09-02 10:33:15",2430.8,2,tommycyd
171,16799832,"Maman Salto","2026-09-02 06:33:51",2429.0,2,saddamaditya
172,16696743,"wennan cao","2026-09-02 00:34:12",2428.4,2,wennancao
173,16633340,"Tim Zagrebelny","2026-09-02 10:23:31",2427.9,2,timzagrebelny
174,16792109,rogerrogerroger3r,"2026-09-01 10:06:36",2427.0,2,rogerrogerroger3r
175,16655912,sssskilo,"2026-09-01 23:48:09",2426.0,2,wellkilo
176,16659550,"Sai Syam","2026-09-01 06:56:47",2426.0,2,saisyam
177,16692845,"Yassine Ben Zekri","2026-09-01 12:05:28",2425.5,2,yassinebenzekri
178,16745569,kitchs,"2026-09-02 11:32:08",2424.5,2,kitchs
179,16742684,Inzilbêth,"2026-09-02 07:21:30",2422.6,2,inzilbth
180,16654158,"Md. Hamid Hosen","2026-09-01 08:31:35",2421.5,2,"esfersami50,foysalemonshanto,hosen42"
181,16699741,Tom3,"2026-09-01 19:55:33",2421.4,2,tomohiroaz
182,16740405,ibyyue,"2026-09-02 02:57:01",2420.9,2,ibyyue
183,16802322,HongchenDai,"2026-09-01 10:08:03",2420.8,2,hongchendai
184,16624921,"sky machine","2026-09-01 03:15:04",2420.3,2,"gunhcolab,hweowe"
185,16722705,我的AI是豆包,"2026-09-02 10:24:44",2419.9,2,"carrotliang,haoxuanjng,kaoqiangzhang,rainhuang0220"
186,16714134,"Raul Tinajero","2026-09-01 06:37:03",2419.2,2,raultinajeroo
187,16656496,"Vaibhav Gupta","2026-08-31 13:38:56",2418.9,2,vaihero
188,16665829,Shadowfishes,"2026-09-02 00:51:49",2418.6,2,"boandme,ronitagarwal1,shauryasahdev2"
189,16709176,Efnutrrionpy,"2026-09-01 22:41:29",2417.5,2,efnutrrionpy
190,16768104,"Ivan Aleksandrov","2026-09-01 22:41:16",2417.4,2,ivanblch
191,16670879,"old macdonald","2026-09-01 15:55:31",2417.2,2,djschmit
192,16740851,Zefirrr,"2026-09-01 16:46:15",2416.5,2,zefirrrr
193,16663264,Adarsh,"2026-09-01 13:51:29",2413.9,2,madarshbb
194,16738852,ZJUwlm,"2026-09-01 02:44:23",2412.0,2,zjuwlm
195,16632423,goh,"2026-09-02 03:27:12",2411.5,2,bungohatayama
196,16707144,Kirderf,"2026-09-02 12:06:43",2410.8,2,kirderf
197,16663783,WBF_USA_NYC,"2026-09-01 15:42:41",2410.7,2,wbfranci
198,16627600,"NiA Farms","2026-09-01 20:26:24",2410.7,2,"adriaft,natliablascoandreo"
199,16730675,"SOUTA Sakurai","2026-09-02 12:59:35",2409.0,2,soutasakurai
200,16797063,Nianhua1,"2026-09-02 06:48:12",2405.3,2,nianhua1
201,16763375,Alex75,"2026-09-01 19:06:00",2405.3,2,alexmartinez75
202,16711398,Claude我崇拜你啊,"2026-09-02 10:09:09",2405.0,1,chenxizhao21
203,16737237,"Ayodeji Adesegun","2026-09-02 12:09:57",2405.0,2,ayodejiadesegun
204,16623877,Chikuwabu,"2026-09-02 10:56:07",2404.0,2,prgckwb
205,16732292,takaygiiiiiiii,"2026-09-01 23:31:46",2402.7,2,takaygiiiiiiii
206,16722995,July,"2026-09-02 09:58:07",2402.2,2,julyzseven
207,16628951,"Hiro Nomo","2026-09-02 12:05:55",2401.9,2,morinokuma3
208,16626191,"kevin park","2026-09-01 17:57:55",2401.3,2,k3v1npark
209,16791924,magu1234,"2026-09-01 06:35:21",2400.6,2,magu1234
210,16743858,kawauso9n,"2026-09-02 11:17:49",2400.4,2,kawauso9n
211,16743639,Hanserong,"2026-09-02 10:05:46",2398.8,2,"ronghedragon,rufus666"
212,16775286,DanilAbdullin,"2026-09-02 05:42:51",2397.8,2,danilabdullin
213,16663247,Ak,"2026-09-01 10:35:43",2396.8,2,abisheksrivastav
214,16641138,"Bharath Varma","2026-09-01 10:05:09",2396.4,2,bharath111l
215,16634179,daoviet,"2026-09-01 04:19:33",2395.2,2,daoviet
216,16738822,shakedamo0w0,"2026-09-01 18:52:50",2395.0,2,shakedamo0w0
217,16634312,"Linh Le","2026-09-01 14:42:47",2394.9,2,linhlethuy
218,16806053,hisatarosu,"2026-09-02 03:04:34",2393.9,2,tomako4390
219,16664969,"wuliao luis","2026-09-02 10:17:30",2392.6,2,wuliaoluis
220,16662833,"umair zia","2026-09-02 03:25:54",2392.3,2,aimerscoding
221,16654403,"Skibidi Six Seven","2026-09-01 21:28:31",2388.9,2,iam4722202468
222,16727544,"Mostafa H","2026-09-01 10:03:53",2388.0,2,mostafahaghiri68
223,16751152,"Andrew Reed","2026-09-02 12:13:25",2387.8,2,andrewreed
224,16806006,2,"2026-09-02 08:48:35",2386.8,2,smallvv
225,16725899,Zhenghongshuang,"2026-09-02 01:44:40",2385.7,2,zhenghongshuang
226,16794730,Fanch,"2026-09-02 09:04:33",2385.5,2,fanch123
227,16661607,choqui62,"2026-09-01 13:56:18",2385.3,2,choqui62
228,16670384,"Gordeev Max","2026-09-02 06:22:58",2385.0,2,gordeevmax
229,16713281,SirShifu,"2026-08-31 09:19:51",2384.7,2,sirshifu
230,16669490,hinemos,"2026-09-02 00:49:03",2383.7,2,hinemos
231,16688896,"JianYuan Deng","2026-09-01 11:14:38",2383.6,2,jianyuandeng
232,16635067,"Berat Egemen Gök","2026-09-02 06:10:06",2383.1,2,berategemengk
233,16721501,αίνιγμα,"2026-09-01 18:22:08",2381.9,2,"muditnagori09,shahidnadaf001"
234,16741096,"Yohanes Lengkong","2026-09-01 11:41:31",2381.7,2,yohanesfc
235,16681405,"Yusuke Hayashi","2026-09-02 13:18:24",2379.6,2,yhay81
236,16644481,Liquidus,"2026-09-02 01:29:04",2379.2,2,liquidus
237,16735353,我是刘大聪,"2026-09-01 20:44:08",2379.1,2,smartorz
238,16633226,test_money,"2026-09-01 03:56:40",2378.4,2,michaelsemenoff
239,16717794,souldrive,"2026-09-01 00:28:30",2378.2,2,souldrive
240,16763669,cm391,"2026-09-01 13:00:53",2378.2,2,mccocoful
241,16635745,DataRockstar,"2026-09-02 09:55:14",2377.2,2,"amaropeter,jvlegend"
242,16637255,"Peter Parker","2026-09-02 06:26:58",2376.4,2,superallen001
243,16743647,bono,"2026-09-02 10:13:33",2376.2,2,kjoonha
244,16741819,"Paritosh Kumar Tripathi","2026-08-31 17:24:32",2375.8,2,paritoshtripathi5
245,16630804,"Emre Cirak","2026-09-01 07:49:27",2373.8,2,biohack44
246,16670276,"Egor Trushin","2026-09-01 22:05:01",2373.7,2,egortrushin
247,16679688,"Sathwik Chinthakayala","2026-09-02 12:19:01",2373.6,2,sathwikchinthakayala
248,16774727,"Dannya AbdulHadi","2026-09-02 06:00:08",2372.4,2,dannyaabdulhadi
249,16676885,"Riva Kajangu","2026-09-02 03:42:28",2371.5,2,rivakajangu
250,16802630,takotakosan,"2026-09-02 02:49:46",2371.0,2,takotakosan
251,16652710,Ryutogrrr,"2026-09-01 08:02:58",2369.7,2,ryutogrrr
252,16734803,guoziyi123456,"2026-09-01 02:05:21",2369.0,2,"ax1lec,guoziyi123456,linhexlu,xuanzhechen"
253,16626462,mango,"2026-09-02 00:56:25",2368.6,2,mango789
254,16661118,"Sirui Zeng","2026-09-02 13:36:34",2367.3,2,siruizeng
255,16639625,"Dr Chandrasen Pandey","2026-09-01 03:02:40",2367.0,2,devchandra
256,16623488,"Kevin E R MILLE","2026-09-02 05:54:32",2366.7,2,kevinermille
257,16630675,"Lucien de Rubempre","2026-08-30 17:20:05",2366.4,2,lucienderubempre
258,16753567,Davics,"2026-09-02 03:13:14",2366.3,2,davics
259,16705659,"srijan k.r keshri","2026-09-02 06:15:51",2364.4,2,srijankrkeshri
260,16731194,"Neglected Turtle","2026-09-02 12:50:15",2363.6,2,pleaselike
261,16658300,"Thành Toàn Vương","2026-09-01 13:22:01",2363.2,2,thnhtonvng
262,16746599,Borrun,"2026-09-01 18:13:09",2362.8,2,borrun
263,16632245,u,"2026-09-02 00:45:30",2362.3,2,"apostoloskontarinis,curbotron13,halzweiman,josephmcgonaglebrown,shreyanshpoddar"
264,16740010,"Kobe BRYANT","2026-09-01 17:52:13",2361.9,2,kobebryantjohn
265,16730223,Ojaswy,"2026-09-01 22:11:59",2360.0,2,ojaswy
266,16733851,tangaii,"2026-09-02 09:31:11",2359.7,2,tangai1
267,16623635,HiroyukiSasaki,"2026-09-02 06:29:45",2359.0,2,hiroyukisasaki815
268,16752740,BorisV,"2026-09-02 12:19:20",2356.4,2,bvoskresenskii
269,16662492,"Lester Leong","2026-09-01 09:17:42",2355.9,2,lesterleong
270,16673303,"Samuel Sundararaman ","2026-09-02 06:16:43",2355.7,2,neopok919
271,16674174,"Ramesh Arvind","2026-08-31 03:25:39",2355.4,2,rameshln
272,16738503,dddmd,"2026-09-01 14:31:12",2355.3,2,dddmdd
273,16693965,ra5anchor,"2026-09-01 12:12:05",2355.2,2,junmitsui
274,16622420,RuiFSPinto,"2026-09-01 19:46:40",2354.5,2,ruifspinto
275,16651695,"Abnormal Guys","2026-09-02 13:25:42",2354.2,2,"gwey1025,koushikrudra"
276,16674385,"qr farm","2026-09-02 12:12:24",2353.2,2,qrz1201
277,16702975,RicardoLópez,"2026-09-01 14:59:08",2352.2,2,richi2489
278,16630548,"YJ Wee 2807","2026-09-02 09:20:04",2351.9,2,yjwee2807
279,16626093,"Pilkwang Kim","2026-09-02 09:00:59",2351.5,2,pilkwang
280,16763505,"Sai Reddy Pothireddy","2026-09-01 18:23:06",2348.6,2,saireddypothireddy
281,16658677,大山,"2026-09-01 23:51:08",2346.9,2,mapodoufu
282,16637546,Forrest,"2026-09-01 09:53:41",2345.9,2,yinxiaogang
283,16684748,"nailong alpha","2026-09-02 04:15:02",2345.6,2,"dejavucry,weiyun22021,yoruet"
284,16775474,ERS,"2026-09-01 11:18:15",2345.6,2,shingo257
285,16659957,"Jaydon J P","2026-09-02 04:45:33",2344.8,2,jaydonjp
286,16806394,Flowers,"2026-09-02 04:03:16",2343.8,1,oliver34
287,16789946,"Oriol Pi Morell","2026-09-02 04:01:41",2343.6,2,oriolpi
288,16716821,めめっち,"2026-09-02 12:21:28",2342.8,2,mechi22
289,16636536,tetsu2131,"2026-09-01 13:46:29",2341.2,2,tetsutani
290,16623398,"Kaggle Agent","2026-09-02 13:26:34",2340.0,2,"jiweiliu,tonylica"
291,16718480,PLReddy23,"2026-09-01 12:43:11",2338.5,2,plreddy23
292,16734715,史永刚,"2026-09-02 06:35:46",2335.3,2,shizehao
293,16627032,"Kaito Fukami","2026-09-02 08:23:15",2334.6,2,kaitofukami
294,16740815,Remielle,"2026-09-02 06:56:30",2332.9,2,remielle
295,16736124,GIN,"2026-09-01 10:01:59",2331.2,2,runjinzhang
296,16661708,"Stanley Honkpehedji","2026-09-01 23:02:42",2330.5,2,stanleyhonkpehedji
297,16783459,LKQ669,"2026-09-01 16:35:10",2328.7,2,lkq669
298,16688217,"The Grower","2026-09-01 15:35:50",2328.3,2,vigneshsankar1962
299,16741500,weichy7,"2026-09-02 07:15:59",2327.3,2,weichy7
300,16656432,"CornHub Premium","2026-09-01 22:19:59",2326.9,2,nihilisticneuralnet
301,16795853,GaoKui,"2026-09-01 06:25:53",2325.6,2,gaokui
302,16732221,ringbearer,"2026-08-30 09:45:04",2325.3,2,mehmetbarankrat
303,16681927,"Dariush Afshar","2026-09-01 23:50:46",2325.0,2,dariushafshar
304,16754112,"rhythm master","2026-09-02 02:01:23",2323.5,2,lukaswong
305,16697893,YWehbe,"2026-09-02 07:09:03",2322.3,2,youssefwehbe
306,16746025,Hamachi,"2026-09-02 10:16:19",2322.2,2,hamatz
307,16764605,"Bandito Gangesterito","2026-09-02 07:29:14",2321.8,2,"mrtrueteller,restovrator"
308,16697767,"Teddy Tennant","2026-09-02 12:34:58",2321.0,2,thtennant
309,16622198,"THUNDER THUNDER","2026-09-01 12:42:15",2320.4,2,thunderthunder
310,16775242,"Timothee Henry","2026-09-02 01:46:56",2320.3,2,timhenry
311,16722888,GarrieD,"2026-09-01 22:30:01",2318.2,2,garried
312,16623974,Canon,"2026-09-02 02:35:38",2317.8,2,sotakurihara1
313,16795798,"Refrain 1","2026-09-01 09:36:19",2316.9,2,"chisatoy,refrain1"
314,16797154,"Elvern Neylmav Tanny","2026-09-02 05:06:41",2316.7,2,elvernneylmavtanny
315,16674919,yukiZ,"2026-09-02 00:40:52",2315.7,2,hideyukizushi
316,16655789,"wen chong yu","2026-09-02 03:00:11",2315.1,2,wenchongyu
317,16802410,"Aleksandr  Larko","2026-09-02 13:34:26",2312.3,2,alexxanderlarko
318,16645426,Jun_value,"2026-09-02 01:41:13",2311.8,2,junvalue
319,16635062,DL,"2026-09-01 15:45:44",2309.6,2,distiller
320,16683936,Cyrus,"2026-09-01 17:14:17",2309.5,2,jamalsaeedi
321,16692185,"Xu Suyi","2026-09-01 11:32:05",2308.1,2,xuyuhaosuyi
322,16668157,"vineet dairashri","2026-09-01 17:46:14",2307.2,2,vineetdairashri
323,16642570,"Mathurin Ache","2026-09-02 06:17:18",2305.3,2,mathurinache
324,16624040,kumk,"2026-09-02 11:26:15",2305.2,2,kknagoya
325,16804859,DevashishSoni123,"2026-09-02 08:18:03",2305.0,2,devashishsoni123
326,16802745,"Fuat Çakıcı","2026-09-02 12:04:20",2303.8,2,fuatcakiicii
327,16659555,"Joseph Adamski","2026-09-01 18:25:44",2303.5,2,josephadamski91
328,16730076,SJY321,"2026-09-02 09:04:22",2303.0,2,sjy321
329,16746395,Levin,"2026-09-02 06:17:02",2302.8,2,"sophiexs,zhengliwen"
330,16624056,Raggriculture,"2026-09-02 10:45:09",2301.9,2,ravi123a321at
331,16662318,"Bardia Bahadori","2026-09-01 17:40:12",2301.0,2,bardiabahadori
332,16707562,Snipine,"2026-09-02 09:00:20",2299.8,2,boluosnow
333,16697898,"Yin Li","2026-09-02 04:34:48",2298.2,2,kevin250304
334,16739633,kwa,"2026-09-02 05:24:22",2295.2,2,ikaroskaggle
335,16796600,skyShenzi5822,"2026-09-02 08:11:18",2294.3,2,skyshenzi
336,16679694,"Yaro Perventsev","2026-09-01 15:52:28",2294.2,2,yaroslavperventsev
337,16717448,getalife();,"2026-09-01 21:03:47",2292.5,2,"byteknight28,dhairyapandya24,rounakagrwl"
338,16785321,HaoChi,"2026-09-02 08:32:17",2292.3,2,"lishi321,moxi21"
339,16684093,"fog flower","2026-09-02 12:55:34",2292.1,2,fogflower
340,16631460,Kosuke.T,"2026-09-02 06:08:27",2290.5,2,kosuke1992
341,16701051,"Komi ShouKo","2026-09-02 12:49:00",2289.8,2,asdwswdxd
342,16745949,"Miaohua Zhang","2026-09-02 12:57:23",2289.3,2,miaohuazhang
343,16658149,X,"2026-09-01 18:38:30",2287.3,2,lohithhb
344,16688568,Sophie555,"2026-09-01 12:38:15",2287.2,2,sophie555
345,16775571,Gaurav06520,"2026-09-02 12:00:14",2286.5,2,gaurav06520
346,16665311,"huayang sun","2026-09-02 09:02:22",2285.4,2,okami001
347,16806376,pardival,"2026-09-02 10:31:01",2285.1,2,pardival
348,16786595,"dbvz sbsbs","2026-09-02 09:40:48",2284.7,2,dbvzsbsbs
349,16779957,养了一群扫福瑞,"2026-09-02 12:13:01",2283.7,2,whq0q7
350,16624919,"Juste Me (●'◡'●)","2026-09-01 12:00:52",2282.5,2,degnonguidi
351,16772109,Yashvs56,"2026-09-02 03:15:48",2280.7,2,yashvs56
352,16633944,Toru59er,"2026-09-02 12:50:42",2280.0,2,toru59er
353,16658830,"Farhat Pachisa","2026-09-01 12:21:28",2279.2,2,farhatpachisa
354,16758954,shenjj02,"2026-09-02 02:13:36",2279.0,2,shenjj26
355,16622842,Will,"2026-09-01 10:21:09",2278.6,2,wguesdon
356,16657316,SCNU,"2026-09-02 08:58:16",2277.8,2,jasonxusk
357,16743582,ShunkiKyoya,"2026-09-02 03:49:36",2277.5,2,shunkikyoya
358,16725195,易研学社,"2026-09-02 12:03:20",2277.2,2,"chency17,fengwann,mingyingxin,sjojasdq,tbtbbb"
359,16750416,G!vIOne,"2026-08-31 05:37:40",2277.2,2,gvione
360,16784416,tatt:)ch,"2026-09-02 08:19:42",2276.1,2,tattch
361,16796238,"Zhongyi Dai","2026-09-01 09:19:24",2275.9,2,zhongyidai
362,16639871,"Aura Farming","2026-08-31 18:01:31",2273.8,2,gauthieravite
363,16732521,redblackbst,"2026-09-02 10:52:15",2273.5,2,redblackbst
364,16661570,"sissoko cheick","2026-09-02 09:17:40",2273.3,2,sissokocheick
365,16755099,"Aleksandr Ulianin","2026-09-01 15:07:42",2269.7,2,aleksandrulianin
366,16684402,vn1111,"2026-09-02 10:22:31",2269.2,2,vn1111
367,16634952,"Igor Zharov","2026-09-02 12:07:34",2266.0,2,flexonafft
368,16682494,Phi,"2026-09-02 04:05:44",2265.9,2,ajinomoto132
369,16767360,"Sinh Nguyễn Đức","2026-09-02 12:29:18",2265.1,2,sinhnguync
370,16742159,mimi！,"2026-09-02 09:43:12",2263.5,2,"morongzhu,we111135"
371,16743836,"Auto Fermers","2026-09-02 03:25:34",2262.7,2,"artemboltaev,dmitriigluzdov"
372,16775684,ketterking,"2026-09-01 12:16:58",2262.2,2,"ketterwang,wwppyywwww"
373,16637597,venks,"2026-09-02 02:34:57",2262.1,2,vterli
374,16662628,AbhiniveshSharma5354,"2026-09-02 04:24:07",2261.1,2,abhiniveshsharma5354
375,16670537,Silhouette,"2026-09-02 03:07:16",2260.1,2,jamessargsyan
376,16765884,洛希边际,"2026-09-02 03:50:52",2260.0,2,bxz2003
377,16684954,"Suneeth reddy","2026-09-02 10:07:39",2258.8,2,suneethreddy
378,16735628,perrodawn,"2026-08-31 15:22:50",2257.3,2,perrodawn
379,16656011,"Jiashun Tan","2026-09-02 07:55:59",2256.3,2,jiashuntan
380,16742183,alessandrozonta,"2026-09-02 11:07:56",2255.4,2,azonta
381,16767215,keiz,"2026-09-02 07:58:55",2255.0,2,keizkeiz
382,16625798,grifth,"2026-09-01 01:10:39",2253.4,2,grifth
383,16752019,"Kaipeng Zheng","2026-09-02 12:44:55",2250.9,2,kaipengzheng
384,16743484,"薄和叶 Lv.INF","2026-09-01 22:35:56",2250.5,2,lumine01
385,16777406,"Toheeb Ogunade","2026-09-02 10:53:37",2249.0,1,toheebogunade
386,16784217,MMN0222,"2026-09-02 04:45:24",2248.6,2,mmn0222
387,16623608,"Dmitry Larko","2026-09-01 21:09:59",2248.2,2,dmitrylarko
388,16665700,张广麒,"2026-08-31 08:41:33",2247.6,2,zzggqq
389,16764349,Solo,"2026-09-01 15:13:54",2246.5,2,solosolo
390,16659961,faahh,"2026-09-02 10:14:47",2244.9,2,shivam98saini
391,16777394,antadam127,"2026-09-02 09:36:25",2244.1,2,antadam127
392,16793895,"Moh Notif","2026-09-02 09:44:28",2243.5,2,mohnotif
393,16731966,ねねね,"2026-09-01 00:02:16",2243.2,2,napier1550
394,16624979,"Mohamed abdelrazik","2026-09-02 06:19:46",2242.8,2,mohamed3abdelrazik
395,16641077,lucaskna,"2026-08-31 16:59:06",2242.8,2,lucaskna
396,16738759,YJR,"2026-09-02 11:13:13",2241.3,2,misakamikoto66
397,16730735,YUK,"2026-09-02 08:23:26",2239.1,2,yu0307
398,16732210,tanadai,"2026-09-02 05:57:28",2239.0,2,da0516
399,16793474,"Liu Classmate","2026-09-02 03:50:31",2237.4,2,liuclassmate
400,16688460,lllleeeo,"2026-09-02 06:37:32",2237.3,2,lllleeeo
401,16732055,DASH村,"2026-09-02 01:43:26",2236.0,2,sobameshi
402,16739543,"Akshay #2","2026-08-31 15:39:22",2234.7,2,theakshay
403,16689430,"Terry Luo","2026-09-02 10:05:48",2232.4,2,eimhluo1764
404,16644145,"Mehdi Azouz","2026-08-31 10:03:12",2232.3,2,mehdiazouz
405,16622509,Ali,"2026-09-01 18:56:34",2231.9,2,asalhi
406,16734580,shyjin,"2026-09-02 12:14:49",2231.8,2,shyjin
407,16658732,Olympus,"2026-09-02 09:22:15",2231.7,2,jiseungwoo
408,16684202,Ignat,"2026-09-02 09:29:49",2229.0,2,ignatgotin
409,16735837,yaki-imo,"2026-09-02 05:06:46",2227.3,2,taichiakiyama
410,16736874,mhiro2,"2026-09-01 22:24:43",2226.3,2,mhiro2
411,16783642,base_camp_2002,"2026-09-02 00:22:12",2226.2,2,basecamp2002
412,16672136,chupaletas,"2026-09-02 11:37:50",2226.1,2,urvesh
413,16621585,"Rokaiya Somapti","2026-09-01 12:16:52",2225.1,2,rokaiyasomapti
414,16623799,"Akhilesh godugu","2026-09-02 05:21:22",2223.8,2,"akhileshgodugu,ashokgodugu"
415,16655277,GUAM,"2026-09-02 12:56:28",2221.7,2,"analyticaobscura,jeongminlee92,kmmmvs,wnmgrn"
416,16740892,"yuki matsumori","2026-09-02 00:02:34",2221.2,2,yukimatsumori
417,16806014,"weihao huang2004","2026-09-02 09:33:34",2218.1,2,weihaohuang2004
418,16624893,"GURU Prasaatha S","2026-09-02 12:14:54",2218.1,2,guruprasaathas111
419,16675671,"MMM Abbie","2026-09-01 22:14:49",2217.4,2,kchuang
420,16712121,"Hai Dang","2026-08-30 08:06:26",2214.3,2,haidang2405
421,16779831,地里偷偷尿尿,"2026-09-02 04:17:57",2213.7,2,jjsdfd22
422,16769411,Beyond,"2026-09-02 10:53:38",2212.3,2,themanysh
423,16709435,"Artyom Lyan","2026-09-02 12:43:34",2211.6,2,arli2016
424,16745006,UjjwalPardeshi,"2026-08-31 14:59:07",2209.2,2,ujjwalpardeshi
425,16696738,rekhasri,"2026-09-02 04:52:33",2207.4,2,rekhasri
426,16760490,"nir afek","2026-08-30 21:08:22",2206.2,2,nirafek
427,16798694,"Young Uk Song","2026-09-02 10:34:09",2206.1,2,nintendojoa
428,16632566,maco-macoo,"2026-09-01 12:51:49",2204.9,2,macomacoo
429,16760244,"Alex Paul","2026-09-02 07:00:50",2204.5,2,alexazander
430,16660483,TIM,"2026-09-02 13:11:06",2204.3,2,daynoryamil
431,16676321,"tao wu11","2026-09-02 08:17:18",2202.5,2,"taowu11,xujchill"
432,16623451,Ueddy,"2026-08-30 08:11:25",2201.8,2,ku0807
433,16624276,Zejun_,"2026-09-02 05:43:11",2201.1,2,zejunfool
434,16664609,Re2lawd,"2026-08-31 05:42:43",2200.6,2,re2lawd
435,16714057,"T0m0t0m0 W","2026-08-30 07:55:00",2199.6,2,t0m0t0m0w
436,16734447,"Ali Bauyrzhan","2026-08-31 17:00:42",2199.6,2,alibauyrzhan
437,16659395,HyperX,"2026-09-01 15:04:00",2198.6,2,"diversedharun,harishinkaggle"
438,16785523,Doranap,"2026-09-02 08:57:03",2196.8,2,doranap
439,16761641,Diavolo,"2026-08-30 18:32:16",2195.4,2,jeanmarcbah
440,16626332,"MD. Nazmus Sakib Anik","2026-09-02 12:02:29",2193.5,2,beyondlogic
441,16654881,Freddy,"2026-09-01 06:36:42",2192.6,2,twoxding
442,16634156,"Hiroyasu Okuno","2026-09-01 11:32:30",2192.6,2,hiroyasuokuno
443,16711376,"Arman Tuganbaev","2026-09-02 11:55:09",2192.3,2,armantuganbaev
444,16657877,zigiella,"2026-09-02 11:35:22",2191.9,2,zigiella
445,16694186,souju00,"2026-09-01 09:06:28",2191.2,2,souju00
446,16705139,gogogo,"2026-09-02 09:50:21",2190.8,2,huzech
447,16686918,JustinLee,"2026-09-02 00:11:47",2190.8,2,justin2061
448,16665294,"Thái Văn Tài","2026-09-02 10:02:36",2189.6,2,thivnti
449,16662121,One-For-All,"2026-09-01 20:59:39",2189.5,2,indarkarhana
450,16669856,StrugglerK,"2026-09-01 19:01:24",2188.1,2,muhammedkaanlker
451,16657657,ArnabKarmakar,"2026-09-02 07:01:56",2185.6,2,arnabkarmakar
452,16721384,Hackoholics,"2026-09-02 02:00:49",2183.6,2,"limyenhui,richierx"
453,16625220,thisray,"2026-09-01 07:55:59",2181.6,2,thisray
454,16691867,huyang111,"2026-09-02 05:46:41",2180.0,2,huyang111
455,16695931,"Kers Aoyagi","2026-09-02 11:26:56",2180.0,2,kersaoyagi
456,16730946,"Bohannn Wang","2026-08-31 10:41:10",2179.3,2,bohannnwang
457,16665357,XW,"2026-08-31 14:08:45",2179.1,2,xuewei
458,16624934,"Haramball forever!","2026-09-02 09:18:08",2177.8,2,envyy23120093
459,16659870,"Tien N.","2026-09-02 06:18:34",2177.5,2,tientrum
460,16640472,"Vsevolod Rakita","2026-08-31 10:13:51",2177.3,2,vsevolodrakita
461,16639565,yasu,"2026-08-31 06:23:59",2177.1,2,yasutakababa
462,16664640,"Tiannan Zhang","2026-08-30 23:01:01",2174.5,2,underestimated
463,16694016,"Prajwal M","2026-08-30 15:37:07",2174.2,2,estrick
464,16653044,"Bửu Phạm Quốc","2026-08-29 02:02:46",2173.6,2,"buphmquc,hainguyenthien"
465,16623746,Juyong,"2026-09-02 08:47:38",2170.5,2,kimdoong
466,16794536,HirokiTaniai,"2026-09-02 03:26:23",2170.5,2,nyokinyoki
467,16660726,分比我低就受着,"2026-09-02 11:49:32",2170.0,2,gengsr
468,16746796,kaguramena,"2026-09-01 09:53:07",2168.9,2,kaguramena
469,16796840,ezalbxx,"2026-09-01 05:58:50",2168.0,2,ezalbxx
470,16668227,Yusuraume,"2026-09-02 13:13:04",2167.5,2,sugitatomohiko
471,16673870,"Yuxiao Wang","2026-09-01 23:47:26",2167.4,2,yuxiaowangx
472,16698136,"David Estevez","2026-09-02 13:24:13",2166.7,2,destbreso
473,16731630,SatoshiN04,"2026-09-01 04:36:53",2166.6,2,satoshinakamura04
474,16722487,Zotar,"2026-08-30 19:24:43",2166.4,2,chunhinma
475,16749034,digitalChaos,"2026-08-31 14:50:30",2165.6,2,digitalchaos666
476,16681601,Hanaro,"2026-09-02 06:57:34",2163.4,2,lucas040
477,16734822,Zcy,"2026-08-30 15:01:54",2162.5,2,laura831
478,16803930,"Farrukh Ismoilov","2026-09-02 11:30:29",2162.3,2,fismoilo
479,16727536,lelelove1225,"2026-08-31 21:51:00",2162.2,2,lelelove1225
480,16730719,Xiaowenhao404,"2026-09-02 13:10:41",2161.4,2,xiaowenhao404
481,16728996,autowin,"2026-09-02 05:39:42",2160.7,2,atharvjairath
482,16721980,pend_ts19,"2026-09-01 06:15:45",2160.5,2,pendts19
483,16742139,ALLAI,"2026-09-02 02:02:10",2160.0,2,glorysing
484,16696720,"JAZ COLD HORN","2026-09-02 07:08:34",2156.9,2,"evanmaksud,jazivxt,maulikgajera,niazmohaimanabtahi,victorhorn"
485,16731834,Kamma,"2026-09-02 02:35:42",2156.5,2,"cheliu0307,makerfly"
486,16785924,Abhinav_26104,"2026-08-31 15:17:41",2155.7,2,abhinav26104
487,16696997,coolin666,"2026-09-02 11:27:39",2153.7,2,coolin666
488,16739419,danilka200300,"2026-08-31 12:47:04",2151.0,2,daniilsergeevda
489,16793427,wuwuwu,"2026-08-31 12:11:37",2150.3,2,wu1570
490,16730495,joinus,"2026-08-31 22:49:08",2149.8,2,joinus2003
491,16702429,iamlonely,"2026-08-30 14:58:21",2149.5,2,iamlonely
492,16668737,"Abish Pius","2026-09-01 19:02:11",2148.5,2,abishpius
493,16687649,track,"2026-08-31 11:08:57",2146.5,2,"ahmedberatozer,omerlleez"
494,16655296,"peeta pit","2026-09-02 12:57:59",2145.8,2,peetapit
495,16730247,DOM-VASCONCELOS,"2026-09-02 04:15:41",2145.7,2,domcreator
496,16640873,"Takumu Hata","2026-08-31 09:40:42",2145.3,2,takumuhata
497,16658962,"Fabian Friedland","2026-09-01 02:35:18",2144.4,2,fabotelli
498,16660987,AdrianWang2003,"2026-09-02 10:11:16",2144.1,2,"adrianwang2003,benlou04"
499,16652750,"Bahadir Selim Bakla ","2026-09-02 11:21:09",2143.9,2,bahadirselimbakla
500,16669911,"Batuhan Ustun","2026-09-02 11:38:43",2143.8,2,batustun
501,16718138,Haalandspring,"2026-09-02 08:32:01",2143.0,2,haalandspring
502,16731270,"Arthurs Torres24","2026-08-31 07:25:17",2141.7,2,arthurstorres24
503,16763767,"Carson Zhang","2026-08-30 07:05:07",2141.1,2,zmcddn
504,16705830,"Grim Reaper","2026-09-01 17:29:18",2140.6,2,fathomable
505,16663175,Anaconda,"2026-09-02 02:39:15",2137.7,2,anaconda
506,16726559,william,"2026-09-02 02:50:48",2137.1,2,hiricodev
507,16623449,"Ryo Takaki","2026-08-30 06:59:19",2136.3,2,ryotakaki
508,16732530,可抽奖的冰棒,"2026-09-01 13:00:28",2135.1,2,daniel1547
509,16769990,delai50,"2026-09-01 13:57:23",2134.0,2,delai50
510,16753646,J,"2026-09-02 05:50:15",2132.2,2,junlinliunv
511,16738534,"Sakito Horie","2026-09-01 06:19:36",2132.2,2,sakitohorie
512,16769059,"Shaw Sebastian","2026-09-02 02:12:18",2130.3,2,shawsebastian
513,16642128,"MAC SAHO","2026-09-02 03:11:46",2129.1,2,macsaho
514,16658665,ChandramouliNagasundaram,"2026-09-02 08:56:11",2127.8,2,"enginegeneral,mouliindian"
515,16795062,"Satoshi Nguyen","2026-09-02 08:41:56",2127.8,2,satoshinguyenai
516,16691512,"Hongxin Su","2026-08-30 12:14:25",2127.5,2,hongxinsu
517,16778388,"straw hats","2026-09-02 10:26:28",2127.4,2,rushikeshgaonkar
518,16771558,"Vitalie Cervinschi","2026-09-01 00:08:11",2127.1,2,vitaliecervinschi
519,16783517,"dongdong zhang","2026-09-02 08:44:29",2125.8,2,mcdongdongzhang
520,16633552,Unkn0wn,"2026-08-31 21:04:39",2124.3,2,"harnadshilpa,nagendraadisesha"
521,16632783,chocolat,"2026-09-02 04:59:50",2123.8,2,chocolatnya999
522,16622567,"Georgy Mamarin","2026-09-02 05:26:06",2122.7,2,georgymamarin
523,16692432,"Les 2 oies","2026-09-01 16:55:09",2122.5,2,"sanarceate,youyoucrf"
524,16775076,hiros,"2026-08-31 04:17:23",2122.3,2,hiroshige1
525,16629685,mikelou1,"2026-08-30 10:12:39",2121.9,2,mikelou1
526,16651792,LX,"2026-09-02 10:29:49",2121.7,2,sunnylx
527,16623805,"Howon Kang","2026-09-02 04:40:01",2121.6,2,howonkang
528,16630689,yw8837,"2026-09-01 04:12:24",2121.1,2,yw8837
529,16668370,"Matthew Labrador","2026-08-31 03:08:15",2119.4,2,m4tyuuu
530,16771456,"Tianrun Liao","2026-09-02 04:47:42",2119.1,2,tianrunliao1
531,16667767,t3l3k3n3sis,"2026-08-30 21:11:34",2116.3,2,"daffafariq,hashmatzamaryali,malsabbagh05"
532,16683567,supr3mum,"2026-08-31 17:58:38",2116.1,2,friklez
533,16779564,oycr,"2026-09-01 09:54:58",2116.0,2,"oyxiaobai159,wdt124"
534,16763706,断罪の孤高の神・大宇宙草莓覇皇,"2026-09-02 00:52:36",2115.7,2,qilejiang76
535,16748866,masayoshi,"2026-09-01 11:16:36",2115.2,2,masayoshi64
536,16725856,"Abhi Datta","2026-08-31 17:40:35",2115.0,2,abhidatta87
537,16798174,"Jan Bartos","2026-09-01 21:31:27",2113.9,2,janbartos
538,16623897,satoooh,"2026-08-30 23:16:07",2113.0,2,satoooh
539,16664392,AdamHsieh,"2026-09-02 08:46:40",2112.4,2,adamhsieh
540,16670371,rkd,"2026-09-02 06:34:59",2111.8,2,ryookd
541,16662914,"Apollo's cattles","2026-08-31 20:56:27",2111.6,2,"icr007,kennethlie16,romanrozen"
542,16730473,Kyohei,"2026-09-01 10:37:11",2111.5,2,kyohei3
543,16693904,DeeperNet,"2026-09-02 09:14:44",2110.9,2,deepernet
544,16766498,"Castian Hans","2026-08-31 15:49:17",2109.6,2,castianhans
545,16705523,"Brian Chua","2026-09-02 06:33:24",2108.7,2,chuazhengweibrian
546,16736198,JetJetGo,"2026-09-01 09:24:36",2108.6,2,psykrishna
547,16759501,BaconT,"2026-09-01 22:47:21",2106.5,2,bacont
548,16758882,mtmr_s1,"2026-08-31 15:14:10",2106.4,2,mtmrs1
549,16718956,hassan,"2026-09-01 16:14:25",2104.8,2,hasankhhan
550,16659103,Arin,"2026-09-01 16:15:10",2104.6,2,skarin
551,16689863,yukichi0403,"2026-08-30 16:10:08",2103.7,2,yukitake93
552,16736120,"Ricky #2","2026-09-02 06:23:54",2103.0,2,rickyds97
553,16686424,"Thần Thoại","2026-09-01 09:12:44",2101.3,2,thanthoai
554,16716263,"Ugnė Miklovaitė","2026-09-02 09:18:01",2101.1,2,ugnmiklovait
555,16674508,"Giulio Ravasio","2026-09-02 13:16:16",2098.5,2,giuliorav
556,16730524,"THIRD FARM CLUB","2026-09-02 10:37:58",2096.8,2,"bowwowforeach,mooegi,shunrcn,simann"
557,16693488,HarvestZero,"2026-08-31 21:48:42",2096.5,2,bernardboatey
558,16660255,"Revanth Tambisetty","2026-09-02 12:04:40",2096.3,2,revanthtambisetty
559,16778792,"Karthik #2","2026-09-01 11:26:55",2096.2,2,karg14
560,16715235,l1aF,"2026-09-02 11:05:45",2095.3,2,hhhoang
561,16757635,"Sridip Basu","2026-08-30 14:10:40",2093.9,2,sridipbasu
562,16717113,"Dovydas Ruokis","2026-09-01 18:30:35",2093.8,2,dovydasruokis
563,16671163,"Suyash Verma","2026-08-30 12:01:20",2092.4,2,suyashdiamond1
564,16667951,KoRo2_JP,"2026-08-31 05:47:23",2092.4,2,koro2jp
565,16652272,"nadhir hasan","2026-09-02 09:46:26",2091.7,2,nadhirhasan
566,16713543,"Rustam Bazarbayev","2026-08-31 18:28:57",2091.2,2,rustambazarbayev
567,16625060,"Subin An","2026-09-01 21:41:30",2091.2,2,subinium
568,16633178,"Cow Boy","2026-09-02 12:59:20",2089.8,2,shanzhong8
569,16727266,ebisu_ya,"2026-08-30 21:57:25",2088.5,2,ebisuya
570,16659215,"Zhizhou Sha","2026-08-31 12:43:52",2086.7,2,zhizhousha
571,16750314,Captainuknow,"2026-09-01 03:27:57",2086.7,2,captainuknow
572,16661667,"Wufang Hong","2026-08-31 03:16:22",2086.5,2,wufanghong
573,16634239,"Radhakrishnan Guhan","2026-09-01 10:31:57",2082.9,2,rmsgrk
574,16734225,"Vijay athithya ","2026-09-02 07:06:29",2080.6,2,vijay09
575,16770089,ouga,"2026-08-30 07:52:29",2075.8,2,ouga1shizawa
576,16712329,"Andrej Carpenter","2026-09-02 07:07:24",2075.1,2,andrejcarpenter
577,16716566,"Junliang Ye","2026-09-02 11:15:25",2074.7,2,junliangye
578,16709967,Matsu,"2026-09-01 13:40:31",2074.1,2,matsuzawahayato
579,16760515,"Kazuo Watanabe","2026-08-31 20:59:30",2073.5,2,watanabekazuo
580,16791254,"Prashant Bhattarai093","2026-09-02 04:03:35",2072.2,2,prashantbhattarai093
581,16744983,Gappy,"2026-09-02 11:51:24",2071.2,2,takahirohigasa
582,16652175,"Lucas Boesen","2026-08-31 17:11:04",2070.7,2,lucasboesen
583,16679987,"Said Mohamed Omary","2026-09-02 13:06:24",2070.1,2,saidmohamedomary
584,16797393,lingmingzi,"2026-09-02 08:05:39",2068.7,2,lingmingzi
585,16731803,JYShane,"2026-09-01 04:55:55",2068.1,2,jyshane
586,16795041,"Denis Revenko","2026-09-01 13:02:36",2067.2,2,denizzko
587,16728262,wakawakayu,"2026-09-01 02:48:50",2066.4,2,wakawakayu
588,16655610,GPTatoes,"2026-08-31 13:13:44",2066.0,2,"angran,kaixuanosmas"
589,16771200,DeeSaa,"2026-09-01 15:51:42",2062.2,2,deesaa
590,16779652,cheezyp,"2026-08-31 06:26:25",2061.8,2,cheezyp
591,16754823,"tiki tiki tiki","2026-09-02 12:39:13",2061.5,2,slangitup
592,16657100,"Jacky Chan","2026-08-31 02:56:30",2060.2,2,jhkchan
593,16659295,snaykey,"2026-09-01 10:18:21",2060.0,2,snaykey
594,16693976,rererenore,"2026-09-01 08:29:27",2059.0,2,rererenore
595,16768323,thuvuduy16,"2026-08-31 18:59:54",2058.1,2,thuvuduy16
596,16756591,"Hamed Vakili","2026-09-02 05:26:44",2058.0,2,"hamedvakilit0,maryam7713"
597,16732727,brightest66,"2026-08-31 03:04:51",2056.0,2,brightest66
598,16662204,SM_30,"2026-09-01 08:55:29",2055.5,2,sagarmane104
599,16713335,"Muhammad Imran","2026-08-30 08:37:34",2055.1,2,muhammadimranchitral
600,16767929,Timbydude,"2026-09-01 18:47:59",2052.8,2,timbydude
601,16754022,Pico,"2026-09-01 17:21:49",2052.5,2,charithgr
602,16728492,ほのぼの牧場,"2026-09-01 13:14:15",2052.3,2,masatoshitaniguchi
603,16632172,Ayodeji,"2026-08-31 09:17:22",2050.9,2,ayodejiibrahimlateef
604,16757064,"coke lu","2026-09-02 07:48:03",2049.3,2,cokelu
605,16782954,"Team Dajiang","2026-09-02 12:18:53",2049.0,2,"jihuaye,toolazyhhh123"
606,16712189,"Kostiantyn Isaienkov","2026-09-02 12:59:00",2048.3,2,isaienkov
607,16719884,ykhnkf,"2026-09-02 12:47:32",2047.5,2,ykhnkf
608,16661558,안녕하세요이세입니다잘부탁드립니다,"2026-09-02 10:53:43",2047.5,2,"moonswalk,municef1"
609,16793344,zyichi,"2026-09-02 06:41:30",2047.0,2,zyichi
610,16695046,"Farmers Is All You Need","2026-09-02 09:25:12",2047.0,2,"aurax7,coolinlai,davidsarrat,pseree,zongzishuang"
611,16632867,"Rayk Kretzschmar","2026-08-31 18:26:11",2046.5,2,raykkretzschmar
612,16715733,peikopon,"2026-09-02 13:12:26",2046.5,2,peikopon
613,16688732,tully_boss,"2026-09-02 01:21:17",2046.5,2,"gnux1408,tanakaai24"
614,16720797,"Vibe Farmer","2026-09-02 05:22:31",2046.3,2,pulakkantibhowmick
615,16672549,"ReinFARMent Learning?","2026-09-02 03:19:58",2044.5,2,arksey
616,16623643,LiXingtao,"2026-08-31 13:16:17",2042.2,2,lixingtao123
617,16661039,Abracadabra,"2026-09-01 22:12:16",2041.8,2,giovannicr
618,16767960,"Yuvraj Bhati","2026-09-02 12:42:38",2041.5,2,avioon
619,16669686,"Mert Bayraktar","2026-09-02 11:21:45",2039.4,2,mertbayraktar
620,16777961,qiwaki,"2026-08-30 10:24:55",2038.7,2,resonayu
621,16655129,"Morylov Yehor","2026-09-01 11:54:17",2036.6,2,morylov
622,16665196,"Pratham Jain","2026-09-02 03:38:52",2035.7,2,kindasomethin
623,16795134,"jiawei li","2026-09-01 15:26:21",2033.9,2,jiaweiaaa
624,16676278,"Om Sangwan","2026-09-01 19:10:22",2033.3,2,omsangwan
625,16677847,ShiviWhivi,"2026-09-02 11:09:59",2033.2,2,blackpearls1
626,16654669,"Jordi Corbilla","2026-08-31 07:00:59",2032.8,2,jordicorbilla
627,16798317,"Baran Akyıldız","2026-09-02 08:33:23",2031.6,2,baranakyldz
628,16715828,samg,"2026-08-31 02:43:01",2031.3,2,samgreen2046
629,16775353,"YK Pan","2026-09-01 16:15:43",2031.1,2,vansher
630,16740420,Laplacenvmv,"2026-09-02 10:54:42",2030.9,2,laplacenvmv
631,16661846,"Jeffrey Pike","2026-09-02 11:35:46",2030.8,2,jeffreypikeai
632,16806249,CLJY_2026,"2026-09-02 09:57:54",2026.9,2,cljy2026
633,16634104,FarmGoose,"2026-09-01 05:32:20",2026.7,2,yizhanglou
634,16642036,enddl22,"2026-09-02 02:27:08",2025.0,2,enddl22
635,16656659,"James Y","2026-08-31 09:51:47",2024.9,2,redoctopusk
636,16693439,"Ankit Hemant Lade","2026-09-02 02:29:17",2024.9,2,"ankitlade12,jsaikrishna"
637,16623371,MoZayed,"2026-09-01 20:31:54",2022.4,2,mohamedzayedahmed
638,16654027,shiv,"2026-08-30 23:28:51",2022.2,2,shivaurora
639,16644255,Rister,"2026-09-02 09:26:15",2021.3,2,rister101
640,16668564,"Rikito Kanda","2026-08-30 07:12:30",2020.2,2,rikitokanda
641,16654585,"David Pedersen","2026-08-31 12:34:23",2019.5,2,semalytics
642,16755229,theearthcheng,"2026-09-02 12:36:02",2019.4,2,theearthcheng
643,16764228,"Kaixi Zha","2026-08-31 03:32:32",2018.0,2,"huadutry,kaixizha"
644,16635340,"zhuo wamg","2026-08-30 09:35:25",2017.2,2,zhuowamg
645,16743074,LumenLiquidity,"2026-08-30 21:32:22",2015.5,2,giovannibaldon
646,16773125,kuroko1t,"2026-09-02 06:55:37",2015.0,2,kuroko1t
647,16658287,ArturoSirvent,"2026-09-02 05:07:04",2014.8,2,arturosirvent
648,16793600,mogura2.0,"2026-09-02 09:36:54",2014.7,2,mogura20
649,16785753,"Mizero Lucky Gall","2026-09-01 19:58:38",2014.4,2,mizeroluckygall
650,16655633,johnny,"2026-08-31 04:55:56",2011.6,2,jonykarki
651,16677597,InformaBook2,"2026-09-01 01:34:10",2009.8,2,informabook2
652,16779254,MaxZhuCHN,"2026-09-02 11:17:58",2009.0,2,maxzhuchn
653,16644480,"Umut Keltek","2026-09-01 14:34:19",2008.1,2,umutkeltek
654,16743427,Under遊具,"2026-09-02 02:10:18",2008.0,2,andayougui
655,16761418,"Piggy Piggy","2026-08-31 15:36:35",2007.7,2,txgg123
656,16804863,JezzLynn,"2026-09-02 08:20:07",2007.2,1,jezzlin
657,16686483,"all in kaggle","2026-09-01 10:36:39",2007.0,2,leonstew
658,16655686,Kyle,"2026-09-01 13:47:44",2006.2,2,kylezhouzhou
659,16657576,"SUBHASH B","2026-08-30 05:05:15",2005.8,2,"rishikrish1,subhashb21022"
660,16750575,Gronk,"2026-09-01 02:31:53",2005.0,2,jianyicai
661,16791943,tamref,"2026-09-02 02:06:11",2004.1,2,tamreff3290
662,16671306,Yeswanthperni,"2026-09-02 03:00:19",2003.8,2,"tanvicaaa,yeswanthperni"
663,16623875,"Pavlo Ivanin","2026-08-29 22:54:19",2003.2,2,pavloivanin
664,16793396,...,"2026-09-02 11:12:27",2001.9,2,shackles6966
665,16728069,Taisei7,"2026-09-02 02:19:41",1999.9,2,taisei7
666,16634426,ertu,"2026-08-30 00:00:09",1999.7,2,ozertuu
667,16779519,"Xiangsong Tian","2026-09-02 06:06:16",1997.8,2,xiangsongtian25
668,16641710,yjshyfy,"2026-09-02 09:12:47",1997.7,2,yjshyfy
669,16778072,oonumberone,"2026-08-30 02:54:33",1996.1,2,oonumberone
670,16693215,"Izzoudine Mohamed KANTA","2026-08-31 13:24:43",1995.1,2,izzoudeenkanta
671,16660485,"Colin Gaffney","2026-09-02 03:57:34",1993.0,2,colingaffney1
672,16777134,Tom&Jerry,"2026-09-01 17:54:50",1991.6,2,tomjerry101
673,16762769,"Jacques Buis","2026-08-31 21:34:04",1991.2,2,jacquesbuis
674,16660488,tehyoni,"2026-08-30 12:25:15",1991.1,2,"gooberdambi,sidcat,suaeng,tehyoni"
675,16772723,"Zhou Haonan","2026-08-30 10:40:14",1989.3,2,hatsuseizuna
676,16659160,"Dmitry Bardonov","2026-08-31 11:03:29",1988.4,2,bdesim
677,16621154,Zain96,"2026-09-02 02:08:28",1988.4,2,zain96
678,16682514,"Pavel Pavlov","2026-08-30 07:31:48",1988.2,2,akakii
679,16749576,heralces,"2026-08-30 09:34:49",1987.7,2,heralces
680,16670967,xnryxd,"2026-08-31 20:41:19",1986.3,2,al55522me
681,16721688,"Hi Im Ryo","2026-08-30 02:14:22",1985.7,2,loto610
682,16777107,Pipiripipap,"2026-09-02 08:09:46",1984.3,2,yohalf
683,16765327,master_ssx,"2026-08-30 10:01:34",1982.8,2,masterssx
684,16682210,Boiled-Sweet-Potato,"2026-08-30 04:26:47",1982.6,2,boiledsweetpotato
685,16644565,Suda,"2026-08-31 16:19:38",1980.8,2,chaneyma
686,16757809,dasfds,"2026-09-02 10:28:55",1980.0,2,dasfds
687,16700510,"Shadow Recon","2026-08-31 13:10:58",1979.0,2,gaurav065
688,16657594,"Wojciech Krasowski","2026-09-01 12:50:03",1979.0,2,ci3l4k
689,16782203,"rui xiong","2026-09-02 13:11:59",1977.8,2,xiongruihumingyu
690,16751411,"lamb Liu","2026-09-01 05:04:42",1977.5,2,liuxiaohua72
691,16700634,"Alperen Söylen","2026-09-01 22:38:48",1977.3,2,alperensylen
692,16698999,Odyssey,"2026-09-02 03:25:13",1977.3,2,a1spirit
693,16738492,"Follow Me Gradient","2026-08-31 14:03:13",1976.5,2,farukece
694,16782564,"Chris Tu","2026-09-02 02:58:00",1976.2,2,christu831004
695,16653927,"Fernando GH H","2026-09-01 19:22:12",1974.5,2,fernandoghh2
696,16655505,Debmalya,"2026-09-02 12:43:52",1974.4,2,debmalya84
697,16666188,"XueFeng Chen","2026-09-02 09:27:35",1974.4,2,chxfmcs
698,16631640,SpeedSci,"2026-09-02 06:10:41",1973.5,2,caoyupeng
699,16621075,"Octavi Grau","2026-09-01 21:13:22",1972.7,2,octaviograu
700,16641536,"Michael Timbs","2026-08-27 07:30:56",1972.2,2,michaeltimbs
701,16737937,xamad,"2026-09-01 13:19:27",1972.0,2,giannicerrato
702,16659464,"Héctor Valverde","2026-09-02 12:35:00",1971.1,2,hvpareja
703,16769967,"Bill Fan","2026-09-02 08:23:52",1971.0,2,billfan88
704,16797543,Tarang222,"2026-09-02 02:41:43",1969.2,2,tarang222
705,16657825,MilanJoshi,"2026-09-01 12:04:31",1969.1,2,mlnjsh
706,16635663,"Pascal Pfeiffer","2026-08-31 08:47:35",1967.0,2,ilu000
707,16795391,MECHINE,"2026-09-01 03:05:47",1964.2,2,nainglinwai
708,16716317,yzyhello,"2026-09-02 08:46:26",1964.2,2,yzyhello
709,16622919,Waffle,"2026-08-30 16:56:06",1963.3,2,waffle3z
710,16793287,"Kim Jinseo","2026-08-30 13:47:02",1962.5,2,kimjinseo1
711,16655169,Musliadi,"2026-08-31 05:51:39",1961.4,2,timscientia
712,16775350,"Sourabh Nirwanevht","2026-09-02 09:30:20",1961.0,2,sourabhnirwanevht
713,16679812,"Xiang Li","2026-08-30 17:13:30",1960.9,2,xianglipee
714,16672241,dupakdungking,"2026-08-31 07:26:32",1960.5,2,primarizki
715,16684716,kumanomi,"2026-09-02 12:27:06",1959.6,2,kkkggg
716,16696762,SOSyuki,"2026-08-31 15:37:09",1957.4,2,sosyuki
717,16723955,chunsuri,"2026-09-02 09:47:56",1956.4,2,chunsuri
718,16746275,LittleScottyy,"2026-09-01 18:12:37",1955.6,2,fongwaiyong
719,16667922,JungHwan,"2026-09-02 12:55:06",1955.4,2,najunghwan
720,16721805,kavunidze,"2026-08-30 16:04:50",1953.9,2,kartu72
721,16637973,StephenNedumpally,"2026-08-30 08:30:08",1953.9,2,stephennedumpally
722,16764342,malone001,"2026-08-30 13:45:22",1953.0,2,malone001
723,16655478,Bruce,"2026-08-31 12:21:40",1952.5,2,bruceqdu
724,16630825,"Black Mamba Farm","2026-09-02 06:00:47",1951.4,2,"asherjyd,qizhiran,yukundu231100"
725,16673205,"Arda Ceylan","2026-09-02 11:41:34",1950.6,2,ardacey
726,16748941,"Farmer Shuang","2026-08-31 03:59:28",1950.2,2,shuangxue
727,16799598,RameshG888,"2026-09-01 05:20:53",1949.9,2,ramesh888
728,16735744,老乡,"2026-08-30 15:26:51",1949.3,2,hboyang
729,16663485,"Jacob Alstrup","2026-08-31 15:36:13",1948.2,2,jacobalstrup
730,16657032,"Ayaan Ghosh","2026-09-02 09:33:53",1947.8,2,ayan9001
731,16707057,tamo,"2026-08-31 11:37:06",1946.9,2,ryotakasuya
732,16721248,"Raef Guizani","2026-09-02 12:28:40",1945.5,2,raefguizani
733,16644287,"Ryo Hasegawa","2026-08-19 04:08:02",1945.1,2,ryohasegawa926
734,16732879,daulettoibazar,"2026-09-02 12:26:47",1945.1,2,daulettoibazar
735,16675344,Azelearn,"2026-08-30 14:00:06",1944.1,2,"androidss,keitookamoto"
736,16684128,NIklitaCheporev,"2026-09-01 11:32:08",1942.4,2,niklitacheporev
737,16731074,UmutUygurr,"2026-08-31 17:00:52",1942.0,2,umuttuygurr
738,16749466,"The Wolf of Wheat Street","2026-08-31 01:58:48",1939.7,2,"lijuantang19,yuemengzheng01"
739,16654995,"Artem Voronov","2026-09-02 12:35:40",1939.4,2,artemyvoronov
740,16658248,Aaweg,"2026-08-31 12:28:56",1939.1,2,aawegbhaladhare
741,16621616,insuperabilehart,"2026-08-30 06:36:07",1938.2,2,insuperabile
742,16764089,UtaAzu,"2026-08-30 01:54:46",1937.9,2,utaazu
743,16738820,"Ying Li","2026-09-01 16:33:10",1936.4,2,lyee919
744,16621595,OverfitOracle,"2026-08-31 12:03:26",1936.3,2,alisalmanrana
745,16798544,esprit,"2026-08-31 23:47:56",1935.6,1,takuji
746,16762248,KongKongDe,"2026-08-30 07:11:45",1935.1,2,kongkongde
747,16805609,Gleb,"2026-09-01 22:11:48",1934.4,1,korelin
748,16641183,"Team Name Pending","2026-08-30 15:18:19",1933.6,2,"abdaathaillahhadyan,oliverspiby"
749,16633853,Alan_Nasibullin,"2026-08-31 23:03:42",1933.2,2,alannasibullin
750,16722399,"Meta learners","2026-08-30 22:01:59",1932.6,2,aditya2909rb
751,16655519,CurveCowboy,"2026-09-02 09:13:38",1930.7,2,curvecowboy
752,16735253,银龙,"2026-08-31 15:05:30",1930.3,2,boyanyanbo
753,16623603,"Renji Starfall","2026-08-31 12:09:57",1928.6,2,renjistarfall
754,16647192,"Sailor Ren","2026-09-02 13:28:42",1928.2,2,sailorren
755,16699165,lime0001,"2026-09-02 12:48:30",1927.1,2,lime0001
756,16774823,fan2goa1,"2026-08-31 18:43:21",1927.1,2,zfun0926
757,16757621,Kurokawa,"2026-09-02 12:49:54",1926.7,2,hiroshikurokawa
758,16730881,hank0123,"2026-09-01 00:01:30",1924.1,2,hank0123
759,16672128,Cliffton,"2026-09-02 13:01:26",1923.7,2,rieltzx
760,16742369,"Ömer Faruk Yüce","2026-08-30 20:00:25",1923.6,2,merfarukyce
761,16654266,古德拜吃,"2026-09-02 07:56:20",1923.5,2,nosaewang
762,16731501,"Shiv Satyam","2026-09-01 19:17:59",1923.4,2,shivsatyam
763,16780455,wadigongren,"2026-08-31 00:43:19",1920.8,2,wadigongren
764,16716613,Arvin,"2026-09-01 07:49:12",1920.5,2,chesterx
765,16760158,"apple farmer","2026-08-30 01:15:01",1918.3,2,gustavoknudsen
766,16766128,"Oleksandr Parfionov","2026-09-02 13:17:12",1918.3,2,parfyon
767,16727110,yemaoye,"2026-09-01 03:50:23",1918.2,2,yemaoye
768,16657796,"parv goyal2","2026-09-02 03:18:09",1917.7,2,parvgoyal2
769,16794841,thisArmin,"2026-08-31 04:29:30",1917.1,1,thisarmin
770,16626655,"Surya milenial","2026-08-30 08:21:22",1916.0,2,suryamilenial
771,16675351,-Beterraba,"2026-09-01 00:34:34",1915.1,2,"afonsoo,miguelottoni"
772,16663626,"yvn kaggriculture","2026-08-30 20:03:11",1912.6,2,"garnikdavtyan,mikayelgr"
773,16630312,beijijun,"2026-08-30 08:53:44",1910.4,2,beijijun
774,16662684,"Harshini Reddy","2026-09-02 01:00:45",1910.0,2,luffyh04
775,16707467,kay.liechtenstein,"2026-09-01 23:04:49",1910.0,2,kayliechtenstein
776,16670453,141,"2026-09-01 20:43:16",1908.2,2,"muhammadmustafaxo,siddiqshah"
777,16709126,"Jamie Nojek","2026-09-02 07:53:20",1907.6,2,jamienojek
778,16730344,lvisdd,"2026-09-02 13:27:21",1906.7,2,lvisdd
779,16634432,KARGI,"2026-08-31 14:10:51",1905.7,2,learningkin
780,16701638,"John Stupid","2026-08-30 09:28:55",1905.6,2,bryxosmmm
781,16769435,"Nguyễn Mạnh","2026-08-30 10:34:31",1905.4,2,nguyenmanh97
782,16790931,100rabh,"2026-09-02 05:43:02",1905.4,2,saurabhkumar234
783,16623890,"rapika rosalia","2026-09-01 17:40:24",1904.5,2,rapikarosalia
784,16738487,"Andrey Shpigar","2026-09-01 08:06:47",1904.0,2,andreyshpigar
785,16623691,KevlarZanderChi,"2026-08-31 17:19:02",1903.8,2,kevlarzanderchi
786,16658038,Khanh,"2026-09-02 08:45:59",1903.8,2,khanhp142
787,16677810,"Maksim Borisov","2026-09-02 08:30:35",1903.6,2,ma4ypic4y
788,16674312,yuxuan,"2026-08-30 16:04:30",1902.3,2,yuxuan1221
789,16629873,UncleWKTK,"2026-08-29 01:15:07",1902.1,2,unclewktk
790,16740431,yuikag,"2026-09-01 13:58:04",1901.2,1,yuikag
791,16661393,"razab Bawa","2026-09-02 06:35:02",1900.9,2,razabbawa
792,16764068,"Chika Komari","2026-09-02 11:18:48",1900.7,2,gothamjocker
793,16693050,Shoko,"2026-09-02 10:12:39",1899.8,2,abreyton
794,16792681,MorS,"2026-08-30 12:33:42",1899.6,2,mors1337
795,16756630,Shreyas,"2026-08-30 09:58:08",1897.6,2,shreyasdongre25
796,16668262,spbforce,"2026-08-31 21:43:10",1897.5,2,spbforce
797,16668406,"VAP RF5","2026-08-30 14:45:00",1896.1,2,vaprf5
798,16725177,misaka12435,"2026-09-01 05:06:54",1896.1,2,misaka12435
799,16699856,yukio,"2026-09-02 04:56:20",1894.9,2,yukioseki
800,16732735,MMMMMMMMMMMM,"2026-09-02 08:54:06",1894.0,2,hyh273279
801,16658946,theredbluepill,"2026-09-01 03:10:33",1893.9,2,poonszesen
802,16717186,"Roumak Das","2026-08-31 06:08:03",1893.5,2,roumak77
803,16756633,TheDanKing,"2026-08-31 05:49:23",1893.4,2,thedanking
804,16641524,AkiraIshikawa,"2026-09-02 02:04:33",1893.3,2,akiraishikawa
805,16725410,LE4VES,"2026-09-01 14:40:14",1892.5,2,le4ves
806,16655654,Cacinie,"2026-09-01 14:05:58",1890.0,2,cacinie
807,16623530,khursani,"2026-09-02 00:58:59",1889.9,2,khursani8
808,16707547,Lin,"2026-08-31 09:51:08",1888.7,2,linjianrong
809,16784164,Yaojinming,"2026-08-30 12:22:07",1888.5,2,yjm0905
810,16706442,tipstar0125,"2026-09-02 04:29:32",1888.4,2,dragonty
811,16803448,jiatu.l,"2026-09-01 14:42:47",1886.4,1,jiatul
812,16752104,WYSSR1225,"2026-09-02 07:47:34",1885.5,2,wyssr1225
813,16717114,uninhibited-scholar,"2026-09-01 16:50:44",1884.9,2,uninhibitedscholar
814,16714365,meryol,"2026-09-02 07:39:40",1884.9,2,meryol
815,16655311,"Plant City Planter","2026-09-02 11:02:17",1884.8,2,michaellombard
816,16694149,maxout,"2026-09-02 08:48:20",1884.8,2,"aadijoshi19,kavyabhand"
817,16779321,HarryP12,"2026-08-30 00:57:22",1884.2,2,harryp12
818,16668215,renta.k,"2026-09-02 00:10:15",1884.1,2,renta0426
819,16644808,"Rotation Theory","2026-09-02 07:55:41",1883.8,1,mikhsank
820,16740644,Terence0914,"2026-08-31 23:55:50",1882.7,2,terence0914
821,16773026,アルモンド,"2026-09-01 00:34:11",1880.0,2,almondman0707
822,16710140,Lynxx,"2026-09-02 06:31:41",1879.3,2,lynnsakurai
823,16808396,Dr_F,"2026-09-02 10:02:09",1878.0,1,algebraictopology
824,16745761,mitomeat823,"2026-08-30 08:06:38",1876.7,2,mitomeat823
825,16675873,"Zhu Liang","2026-09-01 09:30:47",1876.6,2,paradite
826,16639979,naphthalene,"2026-09-01 10:40:26",1874.4,2,"aaa0342,leehyungjoon,minjek,trv449"
827,16658221,"Roshan Roy","2026-09-02 13:25:34",1873.4,2,"adhilvt,mohamedarifj,roshanroy333"
828,16775378,TK256,"2026-09-02 11:03:10",1871.1,2,tk256ailab
829,16778019,Mr.Frundles,"2026-09-01 03:06:59",1869.7,2,watehell
830,16659776,"Ben Hamilton","2026-09-02 07:15:34",1868.6,2,kineticaxisstudio
831,16719451,"Syed Toubur","2026-09-02 07:58:35",1868.0,2,syedtoubur
832,16701728,"katya barzova","2026-08-31 17:23:15",1867.2,2,"nipah1,sigmaborov"
833,16667964,Shuiys,"2026-09-02 12:47:23",1865.0,2,ysshui
834,16663946,"Hello San Francisco","2026-08-29 16:48:21",1863.3,2,"circiumaru,dulgherustefan,radugoga"
835,16733016,Quillbolt,"2026-09-02 04:49:03",1862.2,2,tunminhhunh
836,16759913,"Peter Cnudde","2026-08-31 14:53:21",1861.7,2,petercnudde
837,16806048,duck_raccooon,"2026-09-02 07:31:53",1861.7,2,duckraccooon
838,16644229,"Amy Yuan","2026-08-31 17:16:07",1861.5,2,cozytato
839,16794527,linyifangzhenshuai,"2026-09-02 07:32:25",1861.4,2,linyifangzhenshuai
840,16789561,"Rohan Kishibe","2026-09-02 12:41:27",1860.4,2,anbianluban1
841,16725851,hetspookjee,"2026-08-31 19:44:01",1859.2,2,hetspookjee
842,16756153,INV,"2026-09-01 04:48:03",1859.1,2,yutomuroshima
843,16751899,peggy,"2026-09-02 06:50:35",1857.1,2,refrigerator21
844,16774475,LoveB4Sunrise,"2026-09-01 04:42:09",1855.5,2,demacia1314
845,16660020,"Gaddam Shiva Teja","2026-08-31 17:27:25",1854.0,2,shivateja005
846,16760480,yat0i811,"2026-09-02 13:25:15",1850.8,2,yat0i811
847,16640540,QYQ1693,"2026-09-02 11:52:45",1850.2,2,qyq1693
848,16671088,jasonstillchasin,"2026-08-28 13:02:54",1849.0,2,jasonstillchasin
849,16735252,LagrangianLocomotive,"2026-08-31 06:44:10",1848.8,2,lagrangianlocomotive
850,16660121,10pi,"2026-09-02 01:21:07",1847.9,2,meredith10pi
851,16743788,"Emmanuel Lo","2026-09-01 00:56:59",1847.5,2,emmanuello
852,16751820,yy,"2026-09-01 01:09:45",1846.6,2,hirokiyamazaki
853,16728071,AI是我的豆包,"2026-09-02 13:35:12",1846.0,2,"blht2026,wocenmma"
854,16726889,stnick,"2026-09-01 13:01:48",1844.6,2,stnick
855,16667020,SCLim2022080004,"2026-08-30 16:02:10",1844.1,2,sclim2022080004
856,16784401,east,"2026-08-30 16:37:03",1843.3,2,eastxe
857,16633950,"Matt Motoki","2026-09-01 14:01:55",1842.3,2,mmotoki
858,16791828,Ling,"2026-08-30 03:32:21",1842.2,2,lingbia
859,16768016,JohnBlake,"2026-09-02 06:59:37",1841.0,2,jaybeeja
860,16659843,"Amer Alkhalili","2026-09-02 09:58:48",1834.9,2,ameralkhalili
861,16672251,"Kavinkumar M","2026-09-02 09:13:11",1834.3,2,kavinkumarrkm
862,16741965,Ryuichi,"2026-09-02 07:32:12",1832.1,2,ryuichigt
863,16669843,"hikaru kitagawa","2026-09-01 17:42:05",1831.9,2,hikarukitagawa
864,16735794,宗宗没有英文名,"2026-09-02 03:36:31",1829.8,2,iver666
865,16665402,PrasadChopade213,"2026-09-01 10:11:45",1829.5,2,prasadchopade213
866,16717536,c0nrad,"2026-09-02 11:59:20",1828.7,2,stuartlarsen
867,16790765,Aristotle.Chen,"2026-09-02 10:29:35",1822.7,2,aristotlechen
868,16702590,"Aashka Kapadia","2026-09-01 09:20:26",1822.6,2,aashka
869,16633688,Ryo,"2026-08-29 07:58:06",1820.7,2,ryosukekurakami
870,16753974,"David Goldrajch","2026-09-02 13:13:52",1818.8,2,elie2003
871,16748187,"Violet Notes","2026-09-02 08:35:28",1817.7,2,dominicjamil
872,16769849,"Shuwen(Shawn) Ge","2026-08-28 06:05:36",1817.0,2,shuwenshawnge
873,16783124,Logorhythms,"2026-08-31 17:00:42",1815.8,2,mohammadsaidulislam
874,16791752,bayachay,"2026-09-01 04:47:52",1815.6,2,bayachay
875,16747408,すずき,"2026-08-29 21:27:31",1815.5,2,shumpeace
876,16748511,HarshPandey-yt-auto,"2026-09-02 08:58:44",1814.9,2,harshpandeyytauto
877,16765484,smsxgz,"2026-08-28 06:36:48",1814.9,2,smsxgz
878,16658382,vladee,"2026-09-02 11:39:29",1813.6,2,vladee
879,16701685,shawloong,"2026-09-02 10:11:23",1813.3,2,shawloong
880,16781110,yqz,"2026-09-01 22:49:45",1812.7,2,yuqizheng
881,16673370,JeovaAnderson,"2026-09-01 22:39:52",1812.1,2,jeovaanderson
882,16625339,kazusw,"2026-09-02 10:13:45",1810.3,2,kazusw
883,16667242,"Gleb Tumanov","2026-09-02 09:34:59",1808.8,2,crachton
884,16731264,kiduna1228,"2026-09-02 07:36:28",1808.0,2,kiduna
885,16659081,"JALKARNA GAUTAM","2026-08-27 11:53:22",1806.7,2,jalkarnagautam
886,16629033,"Igor V","2026-08-30 19:41:37",1805.5,2,rostigor
887,16655381,"Varshith K","2026-09-02 07:13:47",1805.4,2,var3604
888,16764431,"William Diment","2026-09-01 02:33:07",1803.8,2,williamdiment
889,16639520,"Cary Jin","2026-09-02 09:43:50",1803.6,2,strigiformes
890,16671520,sci-shi,"2026-08-29 01:10:54",1802.3,2,scishi
891,16759058,Miz,"2026-08-31 02:14:38",1800.9,2,ryota040
892,16671012,"Sean Zhang","2026-09-02 10:53:32",1800.5,2,seanzhang2445
893,16765154,dreamcxy,"2026-08-31 03:54:16",1800.4,2,dreamcxy
894,16621153,"Addison Howard (ineligible)","2026-09-02 11:22:48",1798.0,2,addisonhoward
895,16784725,prairieee,"2026-08-28 14:23:36",1797.3,2,"haideptry,prairieee"
896,16654196,"Aryaman Chokhani","2026-08-31 06:30:01",1796.8,2,"aryamanchokhani,pranrocky"
897,16724801,Noir,"2026-09-02 00:16:00",1795.3,2,nuitnoir
898,16631752,"Junichiro Morita","2026-08-31 13:33:29",1793.0,2,junichiromorita
899,16728109,"Sidharth Hulyalkar","2026-09-02 07:04:22",1788.1,2,sidharthhulyalkar21
900,16704818,probably6767,"2026-08-28 13:03:16",1787.4,2,probably6767
901,16645705,wataru420,"2026-09-01 21:17:05",1786.7,2,wataru420
902,16657941,"Nick Styles","2026-08-31 21:15:49",1786.1,2,styles
903,16747069,l'rug,"2026-08-28 16:36:20",1784.9,2,sdfsfsfsdf
904,16630274,yutoAb,"2026-09-01 01:08:37",1783.8,2,yutoab
905,16773020,HyperNeonByte,"2026-09-01 21:07:13",1783.4,2,hyperneonbyte
906,16623577,"Jiayi Tang","2026-09-02 06:12:43",1783.0,2,mannguo
907,16633850,Pascal,"2026-09-01 21:53:38",1780.4,2,pascalledesma
908,16662338,jaepyeocho,"2026-09-02 06:30:32",1779.7,2,jaepyeocho
909,16762926,"Ricky RTG","2026-09-01 14:48:46",1778.5,2,rickyrtg
910,16653260,"Kadouci Abdelhak","2026-08-29 00:16:50",1776.9,2,kadouciabdelhak
911,16786109,"Thomas Deng","2026-09-01 03:02:00",1775.8,2,tdeng24
912,16657449,Timass,"2026-08-27 14:25:38",1775.2,2,timmass2
913,16683435,CoorDi,"2026-09-01 07:10:19",1774.6,2,bxy0125
914,16730049,"r2d2 Dasari","2026-09-02 12:17:08",1774.3,2,r2d2dasari
915,16755049,gamesu7107,"2026-08-31 03:11:27",1774.1,2,gamesu7107
916,16759632,"Rifqi Haikal","2026-08-31 00:10:15",1772.9,2,rifqihaikal
917,16688642,"Natalia Mawyin","2026-08-29 20:28:24",1771.5,2,nmawyin
918,16686444,"Syakirin Pahimi","2026-08-31 01:45:58",1771.2,2,syakirinpahimi
919,16758381,"Yang Kuang Ou","2026-08-31 00:26:04",1771.0,2,yangkuangou
920,16783630,"fan yanbing","2026-08-30 11:33:12",1771.0,2,jackpudding
921,16793106,"Пал Лаич","2026-08-30 12:45:34",1771.0,1,skypunkaudiowalker
922,16710466,"Charles Backman on LinkedIn","2026-08-31 23:46:50",1769.8,2,charlesbackman
923,16686827,Kronki,"2026-08-26 12:41:40",1769.0,2,kronki
924,16662696,"Cengizhan Tümer","2026-08-31 20:54:21",1767.3,2,cengizhantmer
925,16662222,MinerUNLEASHED,"2026-08-24 16:28:40",1766.5,2,minerunleashed
926,16795131,XuanxuChem,"2026-09-02 11:36:50",1765.7,2,zhaonoah
927,16726547,"Ezra Kho","2026-08-28 04:04:46",1765.3,2,ezrakho
928,16772119,Workybara.ai,"2026-09-02 09:16:10",1765.0,2,workybaraai
929,16651332,"Le Viet","2026-09-01 10:35:03",1763.7,2,sleepyssr
930,16773607,sky1,"2026-09-01 14:13:15",1763.6,2,skyk1jn
931,16707453,"Kaan Dınız","2026-08-28 09:11:10",1760.7,2,kaandnz
932,16678534,"Filip Strzałka","2026-08-28 18:42:16",1760.5,2,snufkin77
933,16715358,wuy1hao,"2026-09-02 07:12:49",1760.4,2,wuy1hao
934,16717440,那个男人,"2026-08-27 16:27:08",1759.6,2,muran169633
935,16659670,MeeMee,"2026-08-29 09:22:18",1759.5,2,yagi46
936,16773170,"yy li","2026-08-28 07:05:37",1759.0,2,yangyili11
937,16655758,patience,"2026-08-29 08:20:22",1757.4,2,"weirdocurry,wenjunkai124"
938,16638781,itsuki-data,"2026-08-31 11:06:29",1757.3,2,itsuki89
939,16732552,RyutoKeshi,"2026-09-01 17:47:22",1756.3,2,ryutokeshi
940,16689154,CrossEngineered,"2026-08-28 19:01:41",1756.1,2,"danyalsahin1,gkenurk"
941,16777137,Bernardus,"2026-08-31 18:30:43",1755.6,2,bernubritz
942,16661665,"Leonardo Viola10","2026-09-01 18:16:04",1755.3,2,leonardoviola10
943,16765834,Oakzen,"2026-08-31 12:25:21",1754.9,2,gyx517120273
944,16763200,"Alexander Nord","2026-08-28 19:47:12",1754.3,2,"alexandernord123,pizza987"
945,16671741,Excluding,"2026-08-24 11:37:13",1754.2,2,excluding
946,16775443,NoName,"2026-08-28 21:11:20",1753.9,2,thesonalsingh
947,16713457,"Poor farmer","2026-09-01 12:30:05",1753.8,2,trnhip
948,16633773,copasta,"2026-09-01 14:16:08",1753.3,2,copasta
949,16724755,K.nosaka,"2026-08-28 04:55:49",1752.8,2,kenseinosaka
950,16764901,"Han Chen","2026-08-27 20:00:09",1752.3,2,puffohan
951,16671476,"Mingkang YAN","2026-08-26 08:13:57",1751.4,2,mingkangyan
952,16639731,williamrawling,"2026-08-31 20:24:33",1750.0,2,williamrawling
953,16780317,jrcjrcjrc,"2026-09-02 09:18:57",1749.2,2,jrcjrcjrc
954,16632558,"Made a Beautiful Bouquet","2026-09-02 03:49:52",1748.9,2,zaiwubian
955,16708546,"Blue Rain","2026-08-27 17:44:12",1748.6,2,bluefeather386
956,16739019,quzhihang,"2026-08-30 10:12:25",1747.7,2,quzhihang
957,16639550,"HIDEYO CHIBA","2026-08-26 17:10:15",1747.5,2,hideyochiba
958,16622422,ss,"2026-08-31 14:23:59",1747.1,2,forest2026
959,16790391,"Kevin Cao","2026-08-29 13:38:03",1747.0,1,kevincao2
960,16666805,Kaggs,"2026-08-30 04:15:17",1746.9,2,ayush21042004
961,16685950,"Planned Economy","2026-09-02 12:28:01",1746.7,2,alturutin
962,16732714,Mforg,"2026-08-27 10:28:07",1746.4,2,mforg74911
963,16755328,"yang zhang","2026-09-02 06:28:10",1745.9,2,zhang1221ai
964,16665224,tyz123456,"2026-08-25 16:52:50",1745.2,2,tyz123456
965,16797457,Aamod06,"2026-09-01 06:26:53",1745.2,2,aamod06
966,16775803,Robson,"2026-08-30 17:27:12",1744.0,2,robsonsan
967,16771361,"It's Ratcha","2026-08-28 09:23:00",1744.0,2,itsratcha
968,16621481,"zero waste","2026-08-30 10:50:27",1742.6,2,chinnaphatkhun
969,16677565,"Avish Sinha","2026-08-28 19:30:34",1742.2,2,avish006
970,16669403,mrgrishninsb,"2026-08-30 07:38:50",1742.1,2,mrgrishninsb
971,16762537,Controlvector,"2026-08-25 08:28:11",1739.4,2,"controlvector,yxdu01"
972,16763001,Eb3lss,"2026-08-26 00:25:53",1738.3,2,eb3lss
973,16669810,CREART,"2026-08-29 16:06:18",1736.5,2,gustardust
974,16748647,"Adar Cohen","2026-08-24 21:27:43",1736.2,2,adarcohen
975,16635314,"Aurora wy","2026-08-28 06:16:06",1735.8,2,aurorawy
976,16655477,Aurora,"2026-09-01 22:53:16",1735.5,2,"niteshranjansingh,themeghajoshi"
977,16746191,だれかっち,"2026-08-31 05:25:39",1734.9,2,drktti
978,16632757,taopy2,"2026-09-01 23:19:23",1733.1,2,taopy2
979,16745416,yamato035073,"2026-08-30 22:24:34",1733.0,2,yamato035073
980,16766941,"S Kim","2026-08-31 16:22:19",1732.7,2,sunnyk92
981,16715066,akahane,"2026-08-30 00:31:26",1731.9,2,shuheiakahane
982,16623399,Kendamarron,"2026-08-24 11:25:26",1731.7,2,kazuhirokuriyama
983,16778358,"Lê Nguyễn Việt Cường","2026-08-28 03:46:51",1731.6,2,lengvietcuong
984,16748000,"Rohit Raj Singh","2026-09-01 11:08:18",1731.2,2,rohitrajsingh555
985,16623466,len8487,"2026-08-27 01:41:01",1731.1,2,len8487
986,16734699,PangMinShih,"2026-08-28 08:39:27",1730.4,2,shihbonbon
987,16771080,"Ricky Shao","2026-08-31 10:59:44",1729.9,2,rickyshao
988,16750268,"Harris Bashir","2026-09-02 10:36:07",1728.8,2,harrisbashir
989,16755414,Danzzzl,"2026-08-30 12:53:27",1728.0,2,okunevda
990,16712714,MiMi,"2026-08-31 08:39:16",1726.2,2,"frank0921,rickytsou"
991,16732857,Rojiomote,"2026-09-02 04:24:00",1724.1,2,rojiomote
992,16635029,"Oleg Melnik","2026-08-31 05:24:36",1723.1,2,olegmelnik
993,16736542,YuRuiZe,"2026-08-28 16:32:39",1722.8,2,ruoyuruize
994,16781506,un0o7,"2026-08-28 11:47:12",1722.8,2,hjhsdsdww
995,16678061,"Sushanth Tiruvaipati","2026-09-02 10:01:36",1722.3,2,sushanthtiruvaipati
996,16632377,"Legend Brothers","2026-08-31 13:16:58",1721.9,2,"holeguma,shunhirota"
997,16631115,prvsiyan,"2026-09-02 08:54:42",1721.5,2,prvsiyan
998,16682183,lihaha.36,"2026-08-29 21:46:34",1721.3,2,lihaha36
999,16728084,iwance,"2026-08-24 12:23:07",1720.6,2,iwance
1000,16656500,我的豆包是AI,"2026-09-02 13:04:51",1720.5,2,"a982295350,bertmacutata,blencanierice,dangzhiyuan,imoxzm"
1001,16752121,adhsdrtjh,"2026-08-23 15:02:25",1720.3,2,adhsdrtjh
1002,16703045,ReCurSiON,"2026-08-14 14:14:52",1720.2,2,ashok205
1003,16630015,星之海,"2026-08-29 18:19:34",1720.0,2,web3cainiao
1004,16713797,CrazyDave111,"2026-08-31 16:22:36",1719.3,2,crazydave111
1005,16674948,habe.sq,"2026-08-26 11:48:32",1718.8,2,habesq
1006,16777359,"Dmitriy Ulybin","2026-09-01 14:41:21",1718.7,2,dmitriyulybin
1007,16701024,Selene,"2026-09-01 00:58:10",1718.6,2,ejlthomas
1008,16748382,shiiin9,"2026-08-29 15:30:13",1718.3,2,shiiin9
1009,16672202,HealthStone,"2026-08-29 21:04:07",1716.8,2,healthstone
1010,16639507,Homii_N,"2026-08-24 21:14:01",1716.4,2,homeshwarrao
1011,16671454,Shadow,"2026-08-28 11:54:28",1716.0,2,uziahmd
1012,16654526,"Jin Niu","2026-08-26 18:25:33",1716.0,2,gufanmingmie
1013,16676455,"Sarthak Sharma ","2026-08-29 20:41:53",1715.7,2,sarthaksharma14
1014,16780995,"Silver Surfer","2026-08-29 06:37:04",1715.6,2,hausch11
1015,16664537,"Lenin Goud","2026-08-27 01:07:37",1715.2,2,leningoud
1016,16729102,"Bruce Zheng","2026-09-02 12:41:00",1714.3,2,brucezheng666
1017,16728229,twomoon,"2026-08-27 12:35:54",1713.3,2,twomoon036
1018,16752733,zjukop1,"2026-08-25 03:29:28",1713.3,2,zjukop1
1019,16730323,fufufukakaka,"2026-08-31 01:45:53",1713.0,2,fufufukakaka
1020,16657931,t-enstar,"2026-08-26 11:57:02",1713.0,2,tstustatama
1021,16734966,kigasudayooo,"2026-09-02 10:04:38",1712.9,2,argon1215
1022,16768065,"Gradient Grazing","2026-08-31 21:17:50",1712.0,2,adamhusein
1023,16668761,"Lorenzo Regalado","2026-09-01 20:57:46",1711.9,2,lregaladohdez
1024,16748765,"A. R. SEKKAT","2026-08-25 20:36:41",1711.6,2,arsekkat
1025,16762302,OxFFFs,"2026-08-24 13:49:44",1710.6,1,oxfffs
1026,16654490,"Furious Monk","2026-09-02 08:52:34",1710.3,2,furiousmonk
1027,16662819,THeLAB,"2026-08-17 18:55:16",1710.0,2,feuorme
1028,16790658,lxymmd,"2026-09-01 14:29:03",1710.0,2,lxymmd
1029,16778489,dataWr3cker,"2026-08-28 20:40:52",1709.3,2,gourabr0y555
1030,16712432,hengck23,"2026-08-25 17:58:30",1708.8,2,hengck23
1031,16741639,kirito83,"2026-09-02 04:15:29",1708.7,2,lishsh83
1032,16685450,Nadeem,"2026-08-25 09:21:14",1708.6,2,nadeembinshajahan
1033,16770927,kaptaan45,"2026-08-28 08:06:32",1708.5,2,kaptaan45
1034,16738626,李BCDEFGA,"2026-08-25 06:55:39",1708.3,2,bcdefga
1035,16641982,ZotAZaw3,"2026-08-28 09:43:47",1707.8,2,zotazaw3
1036,16730065,Blu3s,"2026-08-29 22:33:42",1707.1,2,atteincueo
1037,16758791,"qw yi123","2026-09-02 13:27:26",1706.7,2,qwyi123
1038,16762139,AltriaE,"2026-08-25 15:27:52",1706.5,2,altriae
1039,16668748,"Harrison Interactive","2026-09-01 21:10:50",1706.1,2,nosiru
1040,16719578,blueblue222,"2026-09-02 10:34:50",1705.2,2,blueblue222
1041,16782193,nal_nh906,"2026-09-02 01:42:32",1705.0,2,hhan09
1042,16654914,Nozprod,"2026-08-27 18:44:09",1704.8,2,nozprod
1043,16627799,"navazsh fathi","2026-08-26 17:10:17",1703.9,2,navazshfathi
1044,16689741,shinamonmon,"2026-08-24 03:05:45",1703.8,2,shinamonmon
1045,16729906,"Krzysztof Madziar","2026-08-28 05:05:13",1703.7,2,krzysztofmadziar
1046,16626582,"Omer Faruk Merey","2026-09-02 10:38:00",1703.0,2,omerfarukmerey
1047,16641884,Blacklions.,"2026-08-26 14:05:59",1703.0,2,blacklions
1048,16760656,CharTFboy,"2026-08-24 09:19:37",1702.4,2,chartfboy
1049,16639771,"DK Armada","2026-08-30 14:43:29",1702.2,2,dkarmada
1050,16748907,EdwardHwang@123,"2026-08-24 15:32:00",1701.6,2,edwardhwang123
1051,16661325,"Max Fofanov","2026-08-26 14:28:28",1701.2,2,maxfofanov
1052,16674451,NycteacoBa,"2026-08-28 23:49:23",1701.1,2,nycteaowl
1053,16728076,uuu,"2026-08-24 10:02:45",1700.7,2,vovafinogenov
1054,16701768,darasty,"2026-09-02 10:06:05",1700.7,2,darasty
1055,16744503,"Jun AKita","2026-08-26 13:20:13",1700.5,2,junakita
1056,16672456,hangglider5,"2026-08-26 08:39:29",1700.4,2,hangglider5
1057,16765763,latter0206,"2026-08-27 13:53:01",1700.0,2,shoheiyamanaka
1058,16744837,JuliaGastellu,"2026-08-29 17:55:01",1699.5,2,juliagastellu
1059,16770397,Ryu,"2026-08-30 19:53:50",1699.4,2,bexultanashenov
1060,16627472,CloverFarm,"2026-09-02 07:48:13",1699.2,2,ljs2546
1061,16664836,"Adnan Zaman","2026-08-27 13:57:50",1699.0,2,adnanzamanniloy
1062,16684994,"Katasonov Evgeny","2026-08-30 01:39:34",1698.3,2,katasonoveugene
1063,16724298,Orig_lab,"2026-08-23 18:39:17",1697.2,2,chengxixixi
1064,16755921,"Natnael Yerga","2026-08-24 16:43:22",1697.1,2,natnaelyerga
1065,16671412,Xman,"2026-08-31 16:00:27",1696.5,2,xuanzhang001
1066,16764738,Lucasty,"2026-08-25 07:04:36",1696.4,2,lucaswty
1067,16632516,"Jiachen Li","2026-08-25 08:16:42",1696.1,2,llccqq624
1068,16774410,"Rishabh Roy","2026-08-26 09:01:38",1695.9,1,rishabhr0y
1069,16733932,"Jasper Turnidge","2026-08-24 06:36:23",1695.0,2,jasperturnidge
1070,16710546,"Russlan Ramdowar","2026-08-28 03:27:30",1691.9,2,russlan
1071,16666977,"Tagir Analyzes","2026-08-29 00:10:35",1691.9,2,tagirkhairutdinov
1072,16743656,Deskbo,"2026-08-26 16:14:12",1691.6,2,deskbo
1073,16768676,Doit,"2026-08-25 02:09:47",1691.4,1,aifccnb
1074,16630331,"Mohamed El-Nageeb","2026-09-01 19:05:56",1690.6,2,thelastsmilodon
1075,16732670,minoneru,"2026-09-02 09:31:12",1690.1,2,kotaminoshima
1076,16633132,"Kaggledew Valley","2026-08-25 16:39:59",1690.1,2,yanzhou06
1077,16667147,"Daksh Bhalala","2026-08-26 06:41:04",1689.8,2,dakshbhalala
1078,16660601,"Rabbiya affan","2026-08-31 10:14:45",1688.4,2,rabbiyaaffan
1079,16778334,"Onkar Belure","2026-09-01 00:20:13",1688.1,2,onkarbelure
1080,16682843,underline12311,"2026-08-29 09:12:45",1688.1,2,underline12311
1081,16656312,"retiring to farm","2026-08-23 17:04:44",1687.7,2,"avnermlim,belati,hilariusjeremy,matthewpramana,nicholasarditirta"
1082,16666468,"J Penman","2026-08-29 11:53:02",1687.3,2,jpenman
1083,16764206,yanjixiang,"2026-08-25 11:37:34",1687.2,2,yanjixiang
1084,16623199,"Jesse Ferguson","2026-08-31 15:33:09",1686.4,2,jesseferguson
1085,16688294,"hft farming","2026-08-29 17:14:26",1685.9,2,markslavin
1086,16799304,"Rlug mb","2026-09-02 12:54:27",1685.3,2,"minhtrph,rlugmb"
1087,16689569,JovanaLab,"2026-08-27 22:43:51",1685.2,2,"choonesenlu,joxitsai"
1088,16731776,ASH,"2026-09-01 06:05:15",1685.1,2,pentannnn
1089,16689274,Anyeson,"2026-08-30 09:24:43",1684.9,2,anyeson
1090,16742267,chandora,"2026-09-02 11:20:41",1683.6,2,chandora
1091,16678693,"Maher el Ouahabi","2026-09-01 13:02:29",1683.3,2,maherelouahabi
1092,16754974,BurntPotato,"2026-08-25 08:25:24",1683.2,2,burntpotato
1093,16727214,"Jaivardhan Raahi","2026-09-02 08:50:18",1682.7,2,jaivardhanraahi
1094,16654704,mandgeee,"2026-09-02 08:15:11",1681.1,2,mandgeee
1095,16632327,midnq,"2026-08-25 18:36:32",1681.1,2,midnqly
1096,16738279,zhangshuosc,"2026-08-26 05:11:57",1681.0,2,zhangshuosc
1097,16759250,"Harsh Jain","2026-08-28 06:55:29",1680.9,2,harshjain123
1098,16753125,"Rudransh Singh Rathore","2026-08-26 03:10:23",1680.5,2,rudranshsinghrathore
1099,16682195,celefefwefwe1,"2026-08-29 21:46:54",1678.2,2,celefefwefwe1
1100,16676762,"Tomas Escobar Rivera","2026-08-27 23:25:05",1677.4,2,tomasescobarrivera
1101,16687294,"Madiyar Khamzanov","2026-08-29 20:07:26",1677.0,2,mkhamzanov
1102,16731926,"Pardheev Krishna","2026-08-28 23:30:04",1676.2,2,"anandkumar0901,ayushjiwatramani,nidhibsh,nitindatanylatics,pardheev"
1103,16701633,"Jacob Davis","2026-08-23 15:06:50",1675.7,2,jacobtdavis
1104,16626272,"ömer kiraz","2026-08-29 19:24:10",1675.5,2,merkiraz
1105,16676739,"Jonathan Zheng Jiahao","2026-08-28 03:22:42",1674.9,2,jonathanzhengjiahao
1106,16770998,ket,"2026-08-31 22:14:53",1674.6,2,kentken
1107,16746632,tingyu516,"2026-08-24 06:05:33",1674.2,2,tingyu516
1108,16720056,"Heads or Tails","2026-08-29 15:06:32",1673.4,2,headsortails
1109,16753194,"Saicharan Ramineni","2026-08-26 19:33:02",1673.4,2,godlydonuts
1110,16666195,"Yihan Guo","2026-08-28 08:44:06",1673.0,2,yihanguo
1111,16666393,saikyo,"2026-08-22 16:09:23",1672.5,2,kyosaikyo
1112,16794740,"Alexander R Luz","2026-09-01 00:58:47",1672.3,2,alexanderrluz
1113,16659419,"Chahat Mehra","2026-08-31 12:35:51",1671.9,2,chahatmehra
1114,16660988,"AI After Hours","2026-09-01 16:43:31",1671.9,2,"akshaythammana,mmehersaipreetam"
1115,16709115,"PARK HYUNSIK","2026-08-26 01:51:31",1671.6,2,hyunsikpark
1116,16725833,milkcoffeen,"2026-08-27 12:21:31",1671.6,2,milkcoffeen
1117,16761788,"Corenthin Buffard","2026-08-26 13:16:28",1671.2,2,cbuffard
1118,16749257,rsraki,"2026-09-01 13:56:02",1670.4,2,rsraki
1119,16698340,"Yanxi Jiang","2026-08-26 03:24:55",1669.9,2,yanxijiang
1120,16791712,"xiang W","2026-09-02 11:34:30",1669.7,2,"dekonsu,xiangwaaaaa"
1121,16769885,kurushun,"2026-09-02 02:02:01",1668.9,2,kurushun
1122,16784611,sardarkhanyadav,"2026-08-28 16:45:33",1668.8,2,sardarkhanyadav
1123,16654710,"Ray Brothers","2026-08-31 21:16:18",1668.5,2,"madhurjyaray,vibekodr"
1124,16633100,"Emile Andrieu","2026-08-27 15:36:35",1668.2,2,emileandrieu
1125,16692443,xmkevin2004,"2026-08-30 02:44:13",1668.1,2,xmkevin2004
1126,16739925,nofreewill42,"2026-08-24 06:41:31",1668.1,2,nofreewill
1127,16778808,"Candace Dudleson","2026-08-31 23:19:12",1667.7,2,candacedudleson
1128,16693342,takemo,"2026-09-01 23:17:29",1667.6,2,takemoriyuto
1129,16700771,"Disuru Coba Ama Jaki","2026-08-31 09:50:50",1667.3,2,reiiihel
1130,16790233,"prateek chandra","2026-08-30 15:55:55",1665.8,2,prateekchandra7005
1131,16744342,"glupez ","2026-08-31 19:07:18",1665.8,2,glupez
1132,16695695,"Siva Kumar","2026-09-02 08:55:35",1665.7,2,sivapnlr80
1133,16716533,wiffany,"2026-08-30 06:27:14",1665.5,2,wiffany
1134,16761019,"yiwen hou","2026-08-25 14:48:43",1665.4,2,hevenhina
1135,16771010,42X,"2026-08-28 15:45:11",1665.0,2,infcyx
1136,16706576,王一凡,"2026-08-20 02:24:40",1663.9,2,"liuziyang1016,mikakohinata68"
1137,16655255,MalelizarazoP,"2026-08-26 13:34:53",1663.4,2,malelizarazop
1138,16634519,"Darshan Makwana","2026-08-24 04:10:09",1663.3,2,ellipticaloranges
1139,16679389,"JOMIN URK21CS1077","2026-08-31 20:51:25",1663.1,2,jominurk21cs1077
1140,16630516,"Seb (allegedly)","2026-09-02 11:38:59",1662.6,2,sebmallia
1141,16681125,"M & M & P & Q","2026-08-29 22:33:48",1662.1,2,"morimo,msd0110,piiiiiiiii,qistripute"
1142,16704603,Tmaxxer,"2026-08-28 14:45:38",1661.8,2,tmaxxer
1143,16621497,"Victor @ Tufa Labs","2026-08-26 20:41:50",1661.5,2,vmerckle
1144,16755244,SZU蓝心,"2026-09-01 11:50:45",1661.3,2,jiazhanliu
1145,16779067,fishwg,"2026-08-28 09:12:54",1660.7,2,fishwg
1146,16634153,AnpAn_Men,"2026-08-29 19:47:31",1660.2,2,anpanmen
1147,16682867,sneaky6767,"2026-08-28 13:03:35",1659.7,2,sneaky6767
1148,16639746,"Kyle Wang","2026-09-01 02:17:00",1659.4,2,ky1ewan9
1149,16621515,"Alexander Gremyakov","2026-08-31 21:09:58",1658.6,2,alexandergremyakov
1150,16796980,ChenyuBaii,"2026-09-01 21:22:16",1658.1,2,chenyubaii
1151,16691572,"Lord Momo","2026-08-23 11:54:53",1656.6,2,stevenleehans
1152,16691247,"Aneesh Rao","2026-08-27 17:11:07",1655.7,2,sidrao2006
1153,16665337,BHackers,"2026-08-26 17:13:11",1655.6,2,clarencepagaduan
1154,16733839,"Fabian Ruiz","2026-09-01 15:26:07",1655.4,2,fabianruiz3
1155,16665753,"Mansour A. S. Ataa","2026-08-26 10:28:34",1655.3,2,profmansoor
1156,16777894,"Matthew Neba","2026-08-31 15:59:03",1655.2,2,matthewneba
1157,16764545,ArX,"2026-08-24 09:44:45",1654.5,2,arx1993
1158,16665077,"Mohit Babel","2026-08-31 22:56:51",1654.4,2,mohitbabel
1159,16725793,Krilin,"2026-09-02 12:31:11",1654.3,2,krilin
1160,16706523,"Aussie lover","2026-08-30 21:08:39",1653.7,2,aussielover
1161,16669935,"Roman Svet","2026-09-02 08:18:37",1653.3,2,romansvet
1162,16770055,"san yin26","2026-08-31 15:03:52",1653.0,2,"amadeusan,sanyin26"
1163,16655704,heinado,"2026-08-25 13:29:15",1652.9,2,heinado
1164,16732129,"payne yam","2026-09-02 01:23:13",1652.7,2,payneyam
1165,16632224,"牧瀬 紅莉栖","2026-09-02 13:20:46",1652.3,2,yamakawanin
1166,16774674,"Perminov Matvey","2026-08-30 20:28:06",1651.9,2,mperminiov
1167,16760509,"gnanadeepika karanam","2026-08-29 03:35:25",1651.8,2,gnanadeepikakaranam
1168,16759508,george-nigmatulin,"2026-09-01 08:28:06",1651.3,2,georgenigmatulin
1169,16734435,"Jai Kamal","2026-08-31 19:27:36",1650.2,2,jtheyogi
1170,16735341,Ryui68925,"2026-08-24 16:22:30",1649.3,2,ryui68925
1171,16723991,"James Holland","2026-08-17 01:40:17",1649.3,2,jkhollandjr
1172,16706227,"Wise Fancy","2026-08-24 06:35:55",1649.1,2,wisefancy
1173,16773098,Apa,"2026-09-02 04:01:03",1648.2,2,yasso1
1174,16670883,G*Sim,"2026-08-28 07:55:59",1647.6,2,guillaumesimiand
1175,16638804,"Anhad Mahajan","2026-08-26 12:44:36",1645.6,2,anhadmahajan06
1176,16770299,"أحمد فهد الربيش","2026-08-25 09:55:13",1645.1,2,ghr111
1177,16740392,"Amey Thakur","2026-08-25 12:01:41",1644.9,2,ameythakur20
1178,16758279,"GO HIROSHIMA 2","2026-08-29 02:51:47",1644.9,2,gohiroshima2
1179,16654511,"Syed Shayan Ali Shah","2026-08-27 14:26:19",1644.3,2,dsshayan
1180,16801995,"XD tsui","2026-09-02 07:37:22",1644.1,2,xdtsui
1181,16682753,"Cam-Luan Truong","2026-08-28 04:28:48",1642.6,2,luantruong
1182,16752082,"Tian hao Qing Nano7ko","2026-08-25 05:25:19",1642.5,2,tianhaoqingnano7ko
1183,16763437,"⸻AgentZZ ⸻","2026-08-23 20:47:44",1641.7,1,agentzz
1184,16742825,"Ritwik Raha","2026-08-27 20:20:34",1640.6,2,ritzraha
1185,16624484,"Tomoki Hirose","2026-08-25 16:05:44",1640.3,2,tomokihirose
1186,16635504,"Datta Dhebe","2026-08-30 01:52:44",1639.2,2,dattadhebe
1187,16771457,"HK Fama","2026-09-01 12:58:53",1638.6,2,kenho211
1188,16727404,Yichi,"2026-08-27 16:06:01",1638.5,2,yichi02
1189,16669191,"Mohammed Nomaan","2026-08-28 18:14:25",1638.3,2,nomaanz
1190,16762289,NineThree,"2026-09-02 12:32:56",1638.1,2,xiaoazuzong
1191,16677252,カワシギ,"2026-08-25 12:30:04",1637.8,2,kawashigi
1192,16655083,ktyser,"2026-08-22 21:44:20",1636.6,2,keithtyser
1193,16684401,WQAAAA,"2026-08-28 14:40:13",1636.6,2,wqaaaa
1194,16796235,"Keside Onyeocha","2026-08-31 20:04:15",1635.7,2,kesideonyeocha
1195,16769082,"Little Xi","2026-08-26 03:31:32",1635.7,2,littlexi0
1196,16624571,"Baidalin Adilzhan [dsml.kz]","2026-08-25 08:52:17",1635.3,2,baidalinadilzhan
1197,16738721,"Luan Kunyu","2026-08-21 14:42:27",1634.8,2,luankunyu
1198,16764459,chaojiwudiwujie,"2026-08-24 04:10:59",1634.0,1,chaojiwudiwujie
1199,16659715,masb,"2026-09-02 08:28:31",1633.2,2,affansaied
1200,16760569,"Otter Vibe","2026-09-02 04:53:35",1633.2,2,gyuminsong
1201,16800775,SunSeeker染汐,"2026-09-01 16:47:33",1632.6,2,sunseekerrx
1202,16668721,"Efe Can Celiksoy","2026-08-13 22:00:41",1631.5,2,efecnc
1203,16743356,"Azat Akhtyamov","2026-08-29 23:42:45",1631.2,2,azakhtyamov
1204,16710128,"KeHao Liu","2026-08-14 01:52:29",1630.8,2,kehaoliu
1205,16715244,uri_kkyhr,"2026-08-15 04:53:37",1630.4,2,urikkyhr
1206,16758817,Ruwawa,"2026-08-30 18:23:19",1629.9,2,ruwawa
1207,16758074,"mountain Lee111","2026-08-22 09:12:30",1628.7,2,BNBUDINGSHANLee21
1208,16661701,premjampuram,"2026-08-20 18:36:21",1628.6,2,"aasthasinha9,anji2705,premjampuram,sheetallodhi"
1209,16732586,Juniex,"2026-08-29 00:11:02",1628.2,2,juniex
1210,16747982,"Affriza Wildan Fauzan","2026-09-02 06:15:25",1628.0,2,affrizawildanfauzan
1211,16759705,2nod,"2026-08-23 03:42:04",1627.6,2,tsunoten
1212,16660492,"Deven Bagul","2026-08-29 11:56:30",1627.6,2,devenbagul
1213,16668071,"Ali Eren Oğuztaş","2026-08-31 19:52:03",1627.3,2,alierenouzta
1214,16683808,RuggedBones,"2026-08-28 17:12:10",1626.8,2,ruggedbones
1215,16660220,tomo11111,"2026-08-30 22:52:41",1626.8,2,tomo11111
1216,16763274,vinceybb,"2026-08-31 09:53:49",1626.1,2,vinceybb
1217,16670999,Maksonch1k,"2026-08-28 23:01:42",1625.6,2,maksonch1k
1218,16659771,DieByTheSword,"2026-08-27 06:19:29",1625.4,2,przemysawstroiws
1219,16623459,"Peng Wang","2026-08-24 03:17:52",1624.4,2,pengwang91
1220,16693663,"YoungCheol Son","2026-08-27 00:51:34",1622.8,2,sonyc5720
1221,16745499,"lurs lurs","2026-08-29 02:02:15",1622.0,2,lurslurs
1222,16732381,Raphdraft,"2026-09-01 01:37:37",1621.9,2,raphdraft
1223,16744914,"El Mehdi EL JAIR","2026-08-25 10:47:01",1621.6,2,elmehdieljair
1224,16623630,noobanot,"2026-08-25 01:46:38",1620.9,2,noobanot
1225,16767625,"Saurabh Yadav","2026-08-24 17:56:22",1620.3,1,saurabhyadav1305
1226,16670569,Ezzzzzekki,"2026-08-27 16:49:31",1620.3,2,abdullahelzeki
1227,16741826,StackKnight,"2026-08-28 02:12:12",1620.0,2,stackknight
1228,16677107,gagacrow,"2026-09-02 08:23:18",1619.9,2,gagacrow
1229,16633445,Wal8800,"2026-08-26 05:25:48",1619.3,2,wal8800
1230,16771337,titako0000,"2026-09-01 15:15:47",1619.0,2,titako0000
1231,16732851,chenry2003,"2026-08-24 02:27:53",1618.8,2,chenry2003
1232,16759402,Capitaalgain,"2026-08-25 05:11:47",1618.3,2,capitaalgain
1233,16757418,Janus,"2026-09-02 06:43:16",1617.6,2,khaled1alhasan
1234,16693431,Jonewang,"2026-08-30 06:38:15",1617.3,2,jone520
1235,16806000,wyz0210,"2026-09-02 13:31:03",1615.2,2,weiyouzhen
1236,16632493,"oni chan arigato","2026-08-31 20:05:59",1614.8,2,nabidnur
1237,16758634,Ernnnn4u,"2026-08-24 17:00:46",1614.4,2,ernnnn4u
1238,16706185,"Bab Kek","2026-08-25 21:04:53",1614.3,2,babkek
1239,16768047,アメリカ農業研究会,"2026-08-25 17:19:10",1613.5,2,flnkhome
1240,16667479,"Leon Christians","2026-09-02 12:07:40",1612.6,2,leonchristians
1241,16716549,notoverkil,"2026-08-28 08:16:38",1612.3,2,notoverkil
1242,16685548,"Erfan Eshratifar","2026-09-01 14:30:59",1612.1,2,erfaneshrati
1243,16682353,"counter puncher","2026-08-27 19:00:05",1611.7,2,ahmadabdoumalickdiop
1244,16757320,Jingxiang,"2026-08-28 09:15:03",1610.7,2,jingxiango
1245,16753515,"Yosif EL-Rammaal","2026-08-25 16:57:09",1610.4,2,yosifelrammaal
1246,16733708,RyanHo,"2026-08-29 03:59:12",1610.1,2,ryanrx
1247,16680065,Vishodhan,"2026-08-14 23:46:15",1609.9,2,vishodhan
1248,16740159,CY,"2026-08-30 03:27:33",1609.1,2,aimeny
1249,16756902,"Matt Palmer","2026-09-02 02:35:26",1608.9,2,palmsey
1250,16671659,Jiang,"2026-08-28 05:29:29",1608.4,2,jncq2006
1251,16661772,R3ddrag0n,"2026-08-24 17:46:00",1606.5,2,r3ddrag0n
1252,16660268,"Sébastien Mametz (Pixs)","2026-08-14 09:08:39",1606.4,2,sbastienmametzpixs
1253,16658349,lingxiaojun,"2026-08-26 10:26:35",1606.1,2,lingxiaojun
1254,16724228,LSS0334,"2026-08-26 00:15:54",1606.1,2,lss0334
1255,16727182,FinalSunFlower,"2026-08-26 12:57:56",1606.0,2,finalsunflower
1256,16765313,Hosuke,"2026-09-01 04:19:31",1605.5,1,hosuke
1257,16683193,Paami,"2026-08-24 01:21:00",1605.2,2,coldpaami
1258,16726545,whm8016,"2026-08-26 06:51:55",1605.2,2,whm8016
1259,16654752,Agrofitting,"2026-09-02 06:33:28",1604.9,2,"evvfebruary,vinch97"
1260,16732051,Jeryos,"2026-09-01 11:20:39",1603.9,2,joulskaf
1261,16696593,bplyc15,"2026-09-02 07:42:03",1603.1,2,bplyc15
1262,16630323,kaggricultureomnidimensionalut,"2026-08-28 10:51:28",1602.9,2,kumarandatascientist
1263,16654091,webmaking,"2026-08-19 05:28:56",1602.2,2,webmaking
1264,16717572,kiyomiya-k,"2026-08-27 09:30:13",1602.1,2,kiyomiyak
1265,16708880,yotsutose,"2026-08-31 03:20:51",1601.6,2,yotsutose
1266,16723528,"Singaraj B","2026-09-01 06:57:12",1600.6,2,singarajb
1267,16782196,"jingyang tu","2026-09-01 01:49:08",1600.3,2,jingyangtu
1268,16770979,"Paulo Martins","2026-08-30 05:28:35",1600.3,2,paulomartins87
1269,16633173,"Saulo Quiñones Góngora","2026-08-26 06:08:31",1598.4,2,sauloquionesgngora
1270,16728774,あなまか,"2026-08-30 17:15:37",1598.3,2,arakish
1271,16693549,別班,"2026-08-15 06:47:38",1597.9,2,"kusurizuke,pepushi,tomokiaki"
1272,16640048,"extra eclaire","2026-08-20 05:41:57",1597.4,2,extraeclaire
1273,16630711,"Aleks Lviv","2026-08-30 11:46:50",1596.9,2,alekslviv
1274,16632214,roomer,"2026-08-29 08:47:48",1596.8,2,"matsuphy,mqme526,yasunamiura"
1275,16702547,Dean0016,"2026-08-13 17:56:10",1596.0,2,dean0016
1276,16668260,"Yangle Ma","2026-08-30 04:29:01",1595.7,2,yanglema
1277,16678609,quantcrypto3,"2026-09-01 19:19:00",1592.0,2,quantcrypto3
1278,16768543,caas_sicca,"2026-08-31 10:25:30",1591.5,2,caassicca
1279,16692744,"VAIBHAV RASTOGI 90","2026-08-29 19:13:31",1591.3,2,vaibhavrastogi90
1280,16748933,Lixrixy,"2026-08-26 06:11:03",1591.2,2,lixrixy
1281,16801457,"Who Stole My Vegetables?","2026-09-02 12:54:15",1590.7,2,subaru486
1282,16716081,"dunky su","2026-08-23 06:36:50",1590.3,2,dunkysu
1283,16762195,eliasruntime,"2026-08-31 22:34:30",1589.8,2,eliasruntime
1284,16766320,vp_mass,"2026-08-25 20:19:08",1589.7,2,vpmass
1285,16708965,"Witold Dziurdz","2026-08-23 16:33:47",1589.6,2,witolddziurdz
1286,16622937,"Sheep 🐑","2026-08-20 03:02:38",1588.9,2,kabilrh
1287,16633507,"Ivan Vorfolomeev","2026-08-20 12:54:05",1588.0,2,ivanvorfolomeev
1288,16765135,neuro168,"2026-08-26 05:02:01",1587.6,1,lordmc
1289,16663569,XYZ,"2026-09-02 07:11:12",1586.7,2,h249748fkv7lyhik897
1290,16740464,"Jorrawar Grewal","2026-08-21 05:30:14",1586.5,2,jorrawargrewal
1291,16669666,RhoenSprudel,"2026-08-24 21:05:02",1586.2,2,rhoensprudel
1292,16740404,BarrelAged,"2026-08-31 03:14:48",1585.7,2,johnhosack
1293,16623559,DECEM,"2026-08-24 17:50:06",1585.2,2,zy1343930734
1294,16691154,UnknownRobi,"2026-08-31 22:50:27",1585.0,2,canrobichaud
1295,16757123,"Sripad Modali","2026-08-25 11:28:18",1584.5,2,sripadmodali
1296,16708315,beeyan,"2026-08-21 13:40:53",1584.4,2,beeyan0821
1297,16664002,"Guilherme Zanini de Sá","2026-09-02 11:24:10",1584.4,2,guilhermezaninides
1298,16735232,"Johnson Chishimba","2026-09-02 03:21:17",1584.3,2,johnsonchishimba
1299,16693193,"Efrain Garay","2026-08-28 00:36:49",1584.3,2,efraingaray7
1300,16781550,Lumberjacks,"2026-09-01 23:20:56",1583.9,2,jamesmcgarryiv
1301,16626814,"Vu Tran Hoang","2026-08-27 09:46:58",1583.9,2,hoangvux
1302,16664566,"Lormann ","2026-08-23 06:24:29",1583.2,2,lormann
1303,16621165,"xisheng feng","2026-09-02 04:40:18",1583.1,2,xishengfeng
1304,16704580,"Yunho Hwang","2026-08-25 06:50:17",1582.8,2,yunhohwang
1305,16808178,qianyuatkaggle,"2026-09-02 09:36:34",1582.8,1,qianyuatkaggle
1306,16677592,keniii,"2026-08-25 00:29:31",1582.7,2,kartheeswaran28
1307,16775190,bianfu,"2026-08-26 13:37:21",1581.8,2,bianfu
1308,16795086,Leroll,"2026-09-01 01:54:12",1581.4,2,leroll
1309,16666165,ChrisLeiteScha,"2026-08-24 15:20:36",1580.8,2,chrisleitescha
1310,16697139,Stocks152,"2026-08-23 15:00:19",1580.5,2,stocks152
1311,16672709,"RS Turley","2026-08-28 22:21:12",1578.6,2,rturley
1312,16668152,ksew364,"2026-08-24 14:39:18",1577.8,2,ksew364
1313,16651672,"Xiaolei Lian","2026-08-19 03:18:04",1576.8,2,xiaoleilian
1314,16717665,"Christoffer Thimsen","2026-08-29 17:38:39",1576.6,2,lowasitgoes
1315,16759578,Randy,"2026-08-25 02:02:25",1576.5,2,rvndyerwin
1316,16670297,"Gebreab K. Zewdie","2026-08-26 00:22:15",1576.4,2,gzewdie
1317,16692725,"Zhen Li","2026-08-29 13:41:00",1575.9,2,zhenlisak
1318,16623736,Garigariyong,"2026-09-01 04:31:17",1575.7,2,garigariyong
1319,16769028,"Rishabh Yadav","2026-09-02 08:49:36",1575.5,2,riishabhhh
1320,16743904,minamoto,"2026-08-25 16:53:16",1575.1,2,usermina
1321,16709203,Ayush_Patel,"2026-08-25 03:34:12",1574.8,2,ayushpatel1305
1322,16661050,Master_S1ave,"2026-08-31 22:45:16",1574.6,2,masters1ave
1323,16662651,CoatiAI,"2026-08-29 22:23:39",1574.5,2,gjhordan
1324,16711608,"Thomas Greissler","2026-08-24 00:01:46",1573.2,2,thomasg22202020
1325,16707561,"Nick Rom111","2026-09-02 12:36:48",1572.7,2,nickrom111
1326,16736138,Anand,"2026-08-21 06:00:12",1572.6,2,gazzal
1327,16683755,"Meng Di","2026-09-02 12:15:33",1571.9,2,hughshaoqz
1328,16715933,Scomics,"2026-08-20 07:33:14",1571.8,2,"bruceche7797,dongyiqun,jyxxxx"
1329,16665641,"Alexander Shahramanyan","2026-08-31 17:01:03",1571.7,2,alexshah
1330,16657229,"Adam Li","2026-09-02 13:12:03",1571.3,2,lizhiiii
1331,16665214,Epiphany_Thu,"2026-08-21 12:06:53",1570.6,2,epiphanythu
1332,16698223,"Feng Jiahui","2026-08-18 08:35:04",1570.6,2,junipersky
1333,16756925,"Dread Development","2026-09-01 19:04:20",1570.3,2,"dreaddevelopment,seanornberg"
1334,16691946,"Hassan Algizani","2026-08-13 20:20:09",1570.2,2,hassanalgizani
1335,16664751,"Cindy Meng90","2026-08-26 01:10:52",1569.5,2,cindymeng90
1336,16726011,"Dawid Fleischer","2026-08-25 18:37:25",1568.0,2,dawidfleischer
1337,16709950,"Ryan Myers","2026-08-23 17:57:55",1568.0,2,ryanmyers03
1338,16654076,"Son Pham","2026-08-22 18:32:36",1567.9,2,sonphamorg
1339,16666057,StopPlantingStartGameTheorying,"2026-08-27 03:13:02",1567.2,2,mymelodyenjoyer
1340,16741683,"Lance Wu","2026-08-24 09:40:14",1567.1,1,lancewu722
1341,16753618,mushichou4,"2026-08-22 10:20:51",1566.3,2,mushichou4
1342,16658245,ziliangCok,"2026-08-28 16:08:13",1565.9,2,ziliangcok
1343,16743172,moonzfxs,"2026-09-01 11:38:05",1565.2,2,moonzfxs
1344,16753925,"Tyler Durden","2026-08-28 13:44:04",1565.1,2,jeedimetlacharan213
1345,16699455,vijaikm,"2026-09-01 07:36:00",1564.8,2,vijaikm
1346,16663748,Calmracer,"2026-09-02 02:25:08",1564.8,2,ethanhall123
1347,16661362,BEETRiX🦋,"2026-08-11 14:42:28",1563.9,2,johannaleighdeley
1348,16710094,winwinwin,"2026-08-23 06:16:53",1563.6,2,"ouyangruize,teecemackenieo"
1349,16697395,darktetradgod,"2026-08-22 18:26:00",1563.5,2,darktetradgod
1350,16682318,Bibek,"2026-08-19 08:41:54",1563.0,2,bibek777
1351,16713007,"Jerry Hwa","2026-08-23 12:20:13",1562.8,2,jerryhwa
1352,16728160,Ozi,"2026-09-02 03:39:26",1562.5,2,muhammaduzair21
1353,16719262,sadjeen00,"2026-08-14 02:15:50",1562.0,1,sadjeen00
1354,16722619,vlavlalva,"2026-08-23 00:37:53",1561.8,2,cppcph
1355,16794205,"kiwi apple","2026-09-01 18:56:25",1561.6,2,kiwiapple
1356,16739898,"solo levelling","2026-08-18 21:08:16",1560.8,2,munibmemon
1357,16651806,shawnYiB,"2026-09-01 03:20:32",1560.7,2,shawnyib
1358,16667843,"durgesh dere","2026-08-21 16:10:13",1559.8,2,durgeshdere08
1359,16725304,"Alexandru A","2026-08-29 07:34:25",1559.5,2,alexandrua01
1360,16731911,"liu bo","2026-08-25 11:19:02",1559.3,2,liuboo45586
1361,16666665,Team-Veraxion,"2026-08-31 08:24:24",1559.1,2,"anuragvelekat,ayushiitomar,faizmemon,hariharigandikota"
1362,16691038,"animal crossing","2026-08-25 00:43:44",1558.6,2,hoonchoonc
1363,16771394,"ZHIRUI ZHAO","2026-08-29 06:27:03",1557.7,2,zhiruizhao
1364,16654662,"2/3 rounded to two decimals","2026-08-22 00:36:50",1557.6,2,rnold2
1365,16696098,Valmorlee,"2026-08-23 19:40:07",1557.6,2,valmorlee
1366,16726816,"Games Jadley","2026-09-01 18:32:04",1557.6,2,gamesjadley
1367,16623463,porply,"2026-08-27 09:16:10",1557.3,2,porply
1368,16750364,Tangruichen,"2026-08-26 17:38:42",1557.2,2,device666kunkun
1369,16779275,XuetingWang,"2026-09-01 08:50:53",1557.2,2,snoopy262
1370,16689183,Hawksartelier,"2026-08-29 20:24:38",1556.5,2,satyapb2002
1371,16745312,"Alexie Huynh","2026-08-22 08:27:27",1556.4,1,alexiehuynh
1372,16680172,TTANE,"2026-08-25 23:30:24",1556.4,2,otmaneelmahdaouy
1373,16642139,"Arnav Goel","2026-08-29 07:24:09",1556.4,2,arnavgoel17
1374,16679560,LEET,"2026-08-15 00:45:52",1556.3,2,soufianelasfar
1375,16765215,"arlenjim ","2026-08-24 19:32:48",1555.4,2,arlenjim
1376,16730357,"t fuku","2026-09-01 22:23:56",1554.5,2,"jjinho,ttyn4519"
1377,16738745,"Anh Quân","2026-08-24 13:41:30",1553.9,2,qunanh
1378,16655501,Savko,"2026-08-21 00:33:21",1553.7,2,savchenko
1379,16779780,SiVitr2fDrXS.2N,"2026-08-30 15:06:17",1553.4,2,sivitr2fdrxs2n
1380,16726994,bird,"2026-08-23 05:00:19",1553.2,2,whitebird
1381,16726281,rperez04,"2026-08-22 23:15:13",1553.2,2,rperez04
1382,16724452,Jay,"2026-08-20 00:34:34",1553.2,2,jayshimada
1383,16727784,Baen,"2026-08-24 06:44:33",1552.4,2,cairh22
1384,16793229,"Waseem Mushtaq","2026-08-30 13:38:14",1552.3,1,waseemmushtaq045
1385,16674878,KirillKlem,"2026-08-13 17:41:24",1552.2,2,kirillklem
1386,16667724,"Masashi Onda","2026-09-02 12:43:58",1551.0,2,masashionda
1387,16656394,"Pushkar K.G","2026-08-18 09:29:08",1550.8,2,dejokz
1388,16759699,"Mason Cao","2026-08-22 17:47:14",1550.7,1,mzcao7
1389,16743016,"MD Zeeshan","2026-08-20 18:13:32",1550.7,2,makrovh
1390,16692272,Ddere008,"2026-08-21 18:43:56",1550.2,2,ddere008
1391,16669715,housssaamos,"2026-08-16 19:54:39",1550.2,2,housssaamos
1392,16730834,TomoyaM,"2026-08-31 15:44:11",1550.1,2,tomoyamiyaake
1393,16730301,wonder777,"2026-09-02 05:43:42",1549.5,2,wonder777
1394,16755203,TY0912,"2026-08-31 15:25:47",1549.4,2,samejimatink0
1395,16687363,"elegantangel (628700)","2026-08-24 09:58:52",1549.3,2,elegantangel
1396,16754560,Kam,"2026-08-21 14:02:39",1549.3,1,kamting
1397,16759075,"Michael Day","2026-08-24 10:38:52",1548.7,2,michaelday99
1398,16718937,62326368,"2026-08-23 17:28:44",1548.5,2,mooniim
1399,16653805,mohsen2050,"2026-08-23 12:36:20",1548.1,2,mohsen2050
1400,16662949,"Will English","2026-08-18 17:13:22",1547.7,2,dubascudes
1401,16740399,"Lynn Pigott","2026-08-24 03:32:08",1547.7,2,lynnpigott
1402,16664379,N_Matsumoto24,"2026-09-02 08:17:44",1546.9,2,nmatsumoto24
1403,16675960,"Audric LOKO","2026-08-31 15:38:30",1546.4,2,audricloko
1404,16707193,"radji kraim","2026-08-26 11:53:17",1546.3,2,radjikraim
1405,16663767,"Tommy Mancino","2026-08-31 23:03:57",1546.2,2,tommymancino
1406,16763813,Sydney,"2026-09-01 17:48:07",1546.1,2,n3yan7
1407,16684641,t.me/aetheranime,"2026-08-25 17:49:10",1545.6,2,yfrite
1408,16706897,"Akshay Mathur","2026-08-30 20:38:59",1545.4,2,akshaymathur777
1409,16664128,"Michael Todd Overdorf","2026-08-17 00:32:51",1545.4,2,michaeltoddoverdorf
1410,16732813,Soomana1z,"2026-09-02 09:39:06",1545.4,2,soshionodera
1411,16744905,"Nator X","2026-08-26 22:15:29",1545.2,2,natorx
1412,16726287,BBaRRel.,"2026-08-22 08:29:00",1544.6,2,yujinkk0609
1413,16689186,NCK,"2026-08-24 09:44:38",1544.0,2,drnchaitanyakumar
1414,16644578,"Team Name","2026-08-23 03:25:05",1543.6,2,baytree1238
1415,16659942,"Abdoulaye DIAW","2026-08-21 09:57:06",1543.6,2,abdoulayediaw25
1416,16674310,"Ayaz Ahmed Kazi","2026-08-29 18:49:13",1543.5,2,ayazahmedkazi
1417,16745351,ChrisXie,"2026-08-20 01:56:24",1543.5,2,chrisstan
1418,16688907,青烟,"2026-08-24 12:39:28",1543.3,2,"imagine4391,mortal4416"
1419,16730142,static,"2026-08-28 10:43:31",1543.2,2,huangshunhao
1420,16719536,"Mandy Lin","2026-08-14 03:18:29",1542.9,2,ydnamlin
1421,16664573,AdhithyaRokhith,"2026-08-22 20:34:38",1542.9,2,adhithyarokhith
1422,16732446,"Nuri DUDAK","2026-08-29 09:00:59",1542.7,2,nuridudak
1423,16621628,pupen_o,"2026-08-22 19:12:01",1542.6,2,pupeno
1424,16621590,Yaroslav,"2026-09-02 07:19:25",1541.9,2,yaroslavrogoza
1425,16743216,xerkey,"2026-08-31 08:05:19",1541.6,2,xerkey
1426,16780130,与君作田,"2026-08-29 14:01:35",1541.4,2,zhaoxi1244
1427,16716431,m&m,"2026-08-16 16:21:07",1540.6,2,ntrlmt
1428,16728914,d0gied,"2026-08-17 15:12:08",1540.2,2,d0gied
1429,16621741,"Andrey Naymushin","2026-08-24 09:46:41",1540.0,2,andrewsokolovsky
1430,16737843,"Muhammad Shoaib Memon","2026-08-23 19:52:52",1539.9,2,muhammadshoaibmemon
1431,16798724,"junfan shen","2026-09-02 01:47:39",1539.8,2,junfanshen
1432,16756477,Ender,"2026-08-26 03:00:12",1539.6,2,eamonnkashyap
1433,16784133,"HASNAIN HAIDER","2026-09-01 17:02:27",1539.4,2,techzero
1434,16734199,Iliamna,"2026-09-02 03:11:56",1538.6,2,decotoj
1435,16730320,Rosebuddychomp,"2026-08-25 14:51:40",1538.4,2,rishabhshetye
1436,16675610,"Srikar Medisetti","2026-08-30 12:06:25",1537.2,2,deathaunter
1437,16754086,Beenvvv,"2026-08-25 05:57:29",1537.2,2,beenvvv
1438,16669148,"Syed Muhammad Gillani","2026-08-29 13:44:59",1536.6,2,syedmuhammadgillani
1439,16762208,"The Great Alliance","2026-09-01 18:54:38",1535.6,2,sorcererbi
1440,16758152,MiguelLFCG,"2026-08-30 11:20:49",1535.4,2,miguellfcg
1441,16655383,MtN,"2026-09-02 12:41:44",1535.3,2,mariotrsn
1442,16736079,Maxy5illion,"2026-08-26 14:33:39",1533.9,2,maxy5illion
1443,16709101,"Djaafar Lecheheb DL","2026-08-27 23:25:05",1533.5,2,djaafarlechehebdl
1444,16702275,Joyal,"2026-08-31 15:54:17",1533.4,2,joyalseejo
1445,16741672,张菠,"2026-08-28 09:28:25",1533.4,2,ysqdababa
1446,16668700,"Pranshu Ghori","2026-08-17 22:02:35",1532.2,2,pranshughori
1447,16746112,"Jonathan Martschinke","2026-08-24 08:52:51",1532.2,2,jonathanmartschinke
1448,16750457,"Adrian Ricardo da Silva","2026-08-25 11:21:43",1531.8,2,adrianricardodasilva
1449,16743342,"Артём Свинобоев","2026-08-23 13:06:19",1531.6,2,ssstelmah
1450,16672003,carlscamt,"2026-08-14 17:19:42",1531.5,2,carlscamt
1451,16669269,"yash bhaskar","2026-08-25 19:44:32",1531.2,2,yash9439
1452,16709824,pizzahut,"2026-09-02 12:32:57",1531.2,2,csalazoltntams
1453,16637329,Rucbic,"2026-08-19 17:32:21",1530.8,2,rucbic
1454,16717253,Sybery_AI,"2026-08-31 20:38:45",1530.5,2,syberyai
1455,16664477,"The T-MAN","2026-08-26 18:51:40",1530.2,2,otmaneelmahda
1456,16643693,"Kerem çelik","2026-08-19 10:12:47",1529.6,2,keremelik
1457,16709246,"Tariku Mehdi","2026-09-02 06:14:21",1529.5,2,tarikumehdi
1458,16666434,"JOSHNA ACSHA S 21CS","2026-09-02 13:05:15",1529.4,2,joshnaacshas21cs
1459,16756510,tongmian1314,"2026-09-02 04:12:39",1529.4,2,tongmian1314
1460,16664132,kojingbo,"2026-08-22 19:11:23",1529.3,2,kojingbo
1461,16641548,"Indium AI Labs","2026-08-24 15:01:50",1528.6,2,"devaanshpa,wolframbopp"
1462,16675161,iVl44d,"2026-08-19 22:50:26",1528.2,2,ivl44d
1463,16756750,Charu,"2026-08-22 00:45:03",1527.6,2,charu13a
1464,16654193,fvong,"2026-08-30 00:02:24",1527.4,2,fvong35963
1465,16657623,Restart:),"2026-08-20 08:35:50",1526.3,2,wayne127
1466,16685342,"Kanth Da","2026-09-01 14:13:32",1526.2,2,"kanthda,riteeshreddybysani"
1467,16622934,"Ümit Anık","2026-08-21 04:46:16",1525.7,2,mitank
1468,16731990,Karl0106,"2026-08-23 17:21:38",1525.5,2,karl0106
1469,16779110,markastra,"2026-09-02 04:34:05",1525.5,2,markastra
1470,16798989,"Harvest Sun","2026-09-01 02:30:57",1524.4,2,zaoooo29
1471,16732792,amaotone,"2026-08-20 14:27:36",1524.1,2,amaotone
1472,16769769,"Artur Shafiev","2026-08-29 05:29:31",1524.1,2,arturshafiev
1473,16769795,"Edi Marian","2026-08-25 11:01:09",1523.9,2,edimarian
1474,16778627,LXZ538,"2026-09-02 13:17:56",1523.8,2,lxz538
1475,16762319,"郑诗籍 ZhengShiJi","2026-08-25 03:48:33",1523.7,2,zhengshiji
1476,16664487,houlidai-jiekiulai,"2026-08-21 11:02:07",1523.1,2,houlidaijiekiulai
1477,16726461,mocatti,"2026-09-02 01:32:15",1523.1,2,mocatti
1478,16736250,Yizhi,"2026-08-31 06:03:48",1523.0,2,yizhitao
1479,16665543,"Charan Manthena","2026-08-24 15:32:19",1523.0,2,charanmanthena
1480,16729640,"Наталья Скляр","2026-08-21 18:11:07",1522.8,2,natsklyar
1481,16719733,CleoCantCompete,"2026-08-25 02:27:27",1522.0,2,cleocantcompete
1482,16738899,Grayden_Lee,"2026-08-21 11:42:07",1522.0,2,haozelii
1483,16671376,Lebxgue.,"2026-08-18 04:40:25",1521.3,2,yukieja
1484,16726064,"sana slama","2026-08-15 17:01:13",1521.3,1,sanaslamamm
1485,16715319,ocha_heaven,"2026-08-19 13:10:14",1521.3,2,ochaheaven
1486,16782227,"chen yue li","2026-08-29 08:49:30",1521.2,2,yueelc
1487,16675503,"Jeff Marc E. Cadet","2026-08-30 17:56:07",1520.3,2,jeffmarcecadet
1488,16752018,三浦桂基,"2026-08-30 04:00:30",1520.0,2,keikipc
1489,16662653,"Jordan Schaeffer","2026-09-02 12:36:55",1519.7,2,jordanmschaeffer
1490,16746010,"Khoi Tuan Nguyen","2026-09-01 16:14:53",1519.4,2,khoingt
1491,16720841,liuhc1017,"2026-09-02 09:17:45",1519.3,2,liuhc1017
1492,16778744,"Shunsuke Hayashi","2026-08-28 02:48:54",1518.7,2,shunsukehayashi1993
1493,16725441,lemon1219,"2026-08-21 15:37:35",1518.6,2,lemon1219
1494,16768955,Hunedjekdsfkd,"2026-08-25 03:56:30",1518.3,1,hunedjekdsfkd
1495,16755071,"Varun Rao","2026-08-26 18:46:59",1517.8,2,varunraosfanlkan
1496,16696099,moss,"2026-08-20 15:52:48",1517.6,2,kenyashimizu
1497,16786139,Trezerg,"2026-09-02 08:07:16",1517.6,2,progtrollwarrior16
1498,16689601,"Prathmesh Adsod","2026-08-18 03:55:13",1517.4,2,prathmeshadsod
1499,16763444,"crazy achiever","2026-08-28 18:51:13",1516.9,2,crazyachiever
1500,16651088,ych~sun,"2026-09-02 06:53:21",1516.8,2,ychsun
1501,16623515,fishcat,"2026-08-26 01:20:04",1516.4,2,fishcat37
1502,16632612,Farmville,"2026-08-24 02:12:45",1516.3,2,rafaelfigueiredo13
1503,16746317,xingyun_byto,"2026-09-01 16:16:59",1515.6,2,xingyunbyto
1504,16720720,道海孤舟,"2026-08-21 06:59:41",1514.8,2,unseenanch
1505,16725342,little_d1d1,"2026-08-16 04:24:39",1514.4,2,littled1d1
1506,16638177,stpete_ishii,"2026-08-30 05:35:41",1514.1,2,stpeteishii
1507,16717901,"Ahmed Hazem Abdeltawab","2026-08-29 22:18:39",1513.6,2,ahmedhazem23
1508,16655718,eveyxy,"2026-08-31 13:57:52",1513.5,2,eveyxy
1509,16732654,Goated_Farmers,"2026-08-23 17:09:50",1512.5,2,"mugundhjb,srinathduvvuri"
1510,16651939,"Yogesh Jadhav","2026-08-24 05:50:52",1511.6,2,dynamo14324
1511,16786341,"Farmula One","2026-08-29 09:24:08",1510.9,2,"joesland,mer4yyy,ricaaaovo,zhangxingzhe"
1512,16742228,"bangqun ZHAO","2026-08-27 05:20:56",1510.9,2,bangqunzhao
1513,16640785,"syouya tobita","2026-08-27 07:07:31",1510.5,2,syouyatobita
1514,16736969,"york li13","2026-08-19 01:07:02",1510.5,2,yorkli13
1515,16722731,"E&M Pioneer","2026-08-30 11:18:55",1510.4,2,hzq2004
1516,16729192,1m0ke,"2026-08-18 09:25:53",1509.5,2,smokelate
1517,16723967,dk2lone,"2026-08-20 05:00:59",1509.2,2,dk2lone
1518,16747036,Illusion,"2026-08-31 15:25:11",1508.7,2,briankimtaikab
1519,16733297,sohasoha42,"2026-08-18 17:50:51",1507.9,2,sohasoha42
1520,16644303,"kevin zhou","2026-08-20 04:00:36",1507.6,2,kevinzhou66
1521,16786255,OceFFFF,"2026-09-02 12:50:49",1507.6,2,oceanfujimoto
1522,16782520,Durian,"2026-09-02 11:36:30",1507.5,2,rainyjin
1523,16628897,"Kyoungwon Jeong","2026-09-02 05:31:31",1507.1,2,kyoungwonjeong
1524,16632262,Milkomeda,"2026-08-19 13:45:02",1505.5,2,milkomeda74583
1525,16728067,"Chenzhao Li","2026-08-18 08:04:21",1505.3,2,heartquest
1526,16730728,"Le Trong Hieu","2026-08-18 01:04:19",1504.5,2,backtracking
1527,16791549,"Eugenio Schiavoni","2026-08-31 19:14:40",1504.2,2,eugeniokukes
1528,16729280,"Ryoya Tsuruoka","2026-09-02 13:28:52",1504.1,2,"irohasorange,mrooto,rahaia"
1529,16623470,rurumi,"2026-09-02 05:21:15",1503.5,2,rurururumi
1530,16681369,GanadorPlusUltra,"2026-09-01 04:11:17",1503.5,2,ganadorplusultra
1531,16730688,zy,"2026-08-27 07:25:40",1503.3,2,justforwin
1532,16728708,"Rishi Jain","2026-08-18 07:27:14",1503.3,2,rishijain07
1533,16662051,"Salem Ali","2026-08-26 07:57:33",1503.2,2,salemali7
1534,16712185,"Vishal Khomane","2026-08-20 14:06:18",1502.4,2,vishal567
1535,16736435,Dieter,"2026-09-02 11:57:32",1502.2,2,"arc144,christofhenkel,crodoc"
1536,16737041,presucc,"2026-08-24 15:36:32",1502.2,2,presucc
1537,16744127,Faiz,"2026-08-21 20:33:33",1502.1,2,souraditya26
1538,16685074,"Emir Can","2026-08-30 20:16:36",1501.8,2,aerospacer
1539,16646679,tong00,"2026-08-17 12:02:11",1501.4,2,tong00
1540,16675905,HydFarms,"2026-08-30 11:22:11",1501.4,2,"kumaramar,ronithjaju,shiveshcgatech,vidhishah115"
1541,16661073,PyJa,"2026-08-22 12:31:53",1501.4,2,pixiux
1542,16664490,llllllc666,"2026-09-02 08:24:49",1501.3,2,llllllc666
1543,16622319,"Roman Tamrazov 52","2026-08-21 07:51:48",1501.1,2,romantamrazov
1544,16654379,"Sebastian Mateus","2026-08-25 00:49:27",1500.7,2,sebastianmateus
1545,16690401,Skyspace,"2026-08-21 12:50:09",1500.6,2,empireblue
1546,16763551,"PRASHANT SHUKLA91","2026-08-30 15:03:15",1500.5,2,prashantshukla91
1547,16628664,"Anton Tikhonov","2026-08-17 16:05:18",1500.4,2,itwastony
1548,16654742,"Aastik Rajan15","2026-08-22 23:25:10",1500.2,2,aastikrajan15
1549,16687479,kowalskii,"2026-08-23 19:42:49",1500.1,2,anirudhkumaraheer
1550,16739488,Restodecoca,"2026-08-19 16:42:34",1499.3,2,restodecoca
1551,16698294,"John Doe","2026-08-22 11:05:36",1499.0,2,johndoe90843
1552,16740207,"As Long As You Love Me","2026-09-02 13:04:13",1498.5,2,theunforgiven7
1553,16714498,Zubekanov,"2026-08-18 01:14:49",1498.5,2,zubekanov
1554,16791999,"Dashi Tsybikzhapov","2026-09-01 07:13:57",1498.5,2,dashitsybikzhapov
1555,16632777,"Alexandrine Cakpo","2026-08-20 10:20:22",1498.1,2,alexandrinecakpo
1556,16700068,"My Little Pony","2026-08-17 13:41:17",1497.6,1,"buxiangzaoqi66,juliezhang131,yaoyilv"
1557,16681049,"SiLin “Can SiLin” Can","2026-09-01 10:45:53",1497.5,2,"k3rn3l,silincansilincan"
1558,16679214,alban,"2026-08-27 22:36:43",1497.4,2,albantiacoh
1559,16741131,"Adarsh Balanolla","2026-08-23 19:09:08",1496.9,2,adarshreddyb
1560,16726660,"Prime Leo","2026-08-23 14:21:53",1496.7,2,primeleo
1561,16674684,next-best-agent,"2026-08-17 15:28:53",1496.7,2,"minhduy13ly,tdtu981"
1562,16725947,SamarthRawat18,"2026-08-22 13:31:06",1496.6,2,samarthrawat18
1563,16712535,"Benjamin Beaujard","2026-08-18 11:03:03",1496.2,2,benjaminbeaujard
1564,16719563,"GPT-5.6 Sol🏆","2026-09-02 12:11:02",1495.4,2,"ctfxiao,gaoruihua,otherworldly777,wennaliu2007,xgentle"
1565,16676336,lemon13418,"2026-08-18 07:34:03",1494.7,2,lemon13418
1566,16738657,Mactorr,"2026-08-29 16:46:12",1494.4,2,mactorr
1567,16638557,"Araik Tamazian","2026-08-26 13:27:28",1494.1,2,atamazian
1568,16685047,Yvonne.,"2026-08-28 05:48:42",1493.7,2,zdawer250
1569,16727191,"Alexander Kokshenin","2026-08-20 02:08:15",1493.2,2,kokshenin
1570,16641372,ShoaibSSM,"2026-08-29 10:18:25",1493.1,2,"naveenlx111249971939,shoaibssm"
1571,16714474,"Glenn Dalbey","2026-08-22 20:44:17",1492.5,2,glenndalbey
1572,16724584,"Jinx JK","2026-08-18 09:08:26",1492.5,2,jinxjk
1573,16713540,Anruan,"2026-08-25 17:34:49",1492.4,2,xiaowanshen
1574,16706395,"Kunal Desale","2026-08-17 15:49:39",1492.0,2,kunaldesale2408
1575,16663445,"ali dzaki","2026-08-30 15:57:51",1491.6,2,alidzaki
1576,16659763,clarkzhang1031,"2026-08-13 12:27:10",1491.4,2,"clarkzhang1031,huafeihuang"
1577,16625856,takai380,"2026-09-01 02:34:05",1491.4,2,takai380
1578,16741551,"Vedant Tiwari","2026-09-01 23:19:01",1491.3,2,vedant7312
1579,16679393,"Anvith Pothula","2026-08-30 00:28:58",1490.9,2,anvithpothula
1580,16623368,"Evgeniy Veselkov","2026-08-18 05:26:04",1490.8,2,evgeniyveselkov
1581,16696304,"Utkarsh #2","2026-08-26 08:46:02",1490.6,2,n0va007
1582,16758895,daphne,"2026-08-25 15:25:44",1490.5,2,daphne4sg
1583,16735582,"Tumaini Makena","2026-08-18 06:01:09",1489.9,1,tumainimakena
1584,16782984,crinoid,"2026-09-02 10:59:06",1488.7,2,takemi
1585,16683813,WangQrkkk,"2026-08-17 06:54:07",1488.6,2,wangqrkkk
1586,16677855,Mehrdad_LU,"2026-08-28 17:40:25",1487.9,2,mehrdadal2023
1587,16722319,"༺ANIS YT༻","2026-08-19 13:08:47",1487.8,2,anisyt
1588,16630839,steubk,"2026-08-21 21:55:39",1487.4,2,steubk
1589,16632304,"Masataka Suzuki","2026-08-31 12:30:27",1487.4,2,masatakasuzuki
1590,16624969,tf,"2026-08-24 12:08:56",1487.1,2,tfukuhara
1591,16657637,"Ronnie Atuhaire","2026-09-02 05:56:17",1486.1,2,ronnieatuhaire
1592,16731275,carbonapi,"2026-08-24 21:08:43",1485.9,2,nonempty
1593,16639800,"Yong Ming-Jia","2026-08-21 11:23:07",1485.6,2,ymingj
1594,16665352,"Paul Nassiri","2026-08-22 20:15:33",1485.3,2,laszlolevray
1595,16696607,"Manish modak","2026-08-16 07:37:54",1484.9,2,manishmodak
1596,16677149,"Umataro Tenma","2026-09-02 05:36:41",1484.9,2,umatarotenma
1597,16658203,Lan_Sky,"2026-09-01 15:04:56",1484.8,2,lansky6
1598,16716697,"Habil Tobi","2026-08-28 20:57:52",1484.4,2,habiltobi
1599,16675486,"SALAH ELDIN ELNABARAWY","2026-08-18 21:17:22",1483.8,2,salaheldinelnabarawy
1600,16707383,chizhu,"2026-08-19 13:40:03",1483.0,2,chizhu2018
1601,16632164,"Tim Shini","2026-08-30 18:04:29",1483.0,2,timshini
1602,16709930,llRX,"2026-08-25 05:33:21",1483.0,2,"bankkobe,leojeel,ruikaihong"
1603,16770884,VegetabledogNeo,"2026-08-31 01:23:25",1482.1,2,vegetabledogneo
1604,16677938,"Hajime Tamura","2026-08-21 13:52:44",1482.1,2,thajime
1605,16721070,LiuChen1350,"2026-08-26 05:30:30",1481.8,2,liuchen1350
1606,16783328,AggriTrader,"2026-08-28 14:37:10",1481.4,2,leoluo
1607,16732763,"Raihan Ramadistra","2026-08-18 13:59:22",1481.3,1,raihanramadistra
1608,16729691,YinuoChen271,"2026-08-17 15:42:51",1480.9,2,yinuochen271
1609,16660281,"xiy lin","2026-08-30 06:02:31",1480.6,2,xiylin
1610,16727350,"T Hansda","2026-08-19 14:57:55",1480.6,2,hansda
1611,16689844,"Hồ Tuấn Khôi","2026-08-22 15:27:41",1480.5,2,htunkhi
1612,16724351,"Luxshan Thavarasa","2026-08-24 09:58:38",1479.7,2,luxluxshan
1613,16790548,"Francesco Del Sesto","2026-08-31 10:47:27",1478.5,2,francescodelsesto
1614,16668430,"john inan","2026-08-17 18:44:07",1478.3,2,johninan
1615,16682032,"Satkar sarvankar","2026-08-27 07:19:02",1478.1,2,satkar003
1616,16721383,"Emon xu","2026-08-21 16:14:05",1477.8,2,emon0xuyym
1617,16745995,"Guido Tapia","2026-09-01 03:26:20",1477.6,2,guidotapia
1618,16687159,Max64738CB,"2026-08-30 18:22:51",1477.4,2,max64738cb
1619,16655877,"Harish K","2026-08-25 19:09:49",1477.0,2,harishk2209
1620,16729273,"Munib Ur Rehman Memon","2026-08-24 20:48:08",1477.0,2,muniburrehmanmemon
1621,16799362,"James Weatherhead","2026-09-01 05:30:54",1476.9,2,jamesweatherhead
1622,16632735,"No Free Lunch, Only Melons","2026-08-22 03:09:45",1476.6,2,kawaharataishi
1623,16694710,ponsuk,"2026-08-17 19:01:09",1476.5,2,ponsuk
1624,16741932,"Michael Chen","2026-08-31 06:08:41",1476.0,2,fuqiangchen
1625,16691506,Dipak_ISM,"2026-08-29 13:07:18",1475.4,2,dipakism
1626,16665336,"maoyuan ma","2026-08-18 11:41:09",1475.2,2,maoyuanma
1627,16728238,ubcict232,"2026-08-24 11:17:08",1475.1,2,ubcict232
1628,16695242,"Utkarsh Prakash Srivastava","2026-08-25 19:22:39",1474.8,2,utkarshps
1629,16659328,"Muhammed Ashiq Abdul Khader","2026-08-26 06:32:42",1474.6,2,ashiqabdulkhader
1630,16621163,john,"2026-08-16 14:06:25",1474.2,2,jaejohn
1631,16662735,"Kurian George","2026-08-23 18:16:30",1474.1,2,kuriangeorge
1632,16696703,"Aleksei Churashev","2026-08-20 17:02:01",1473.9,2,alekseic
1633,16765233,Shun,"2026-09-02 07:20:26",1473.6,2,shunchan0677
1634,16666442,"SHALWIN SANJU","2026-09-02 13:05:38",1473.4,2,shalwinsanju
1635,16690923,"Maqsoud Tawaliou","2026-08-23 20:52:18",1471.8,2,maqsoudtawaliou
1636,16685160,Yura,"2026-08-17 07:27:50",1471.7,2,yuratrubitsyn
1637,16666578,STRAF,"2026-08-23 23:07:25",1471.4,2,nikosstraf
1638,16713267,"yq l68135","2026-08-21 21:35:52",1471.4,2,yql68135
1639,16655195,Pirhosseinlou,"2026-08-24 18:17:43",1471.3,2,pirhosseinlou
1640,16690970,"Raoul Biagioni","2026-08-22 06:37:40",1471.1,2,raoulbiagioni
1641,16725996,MatheusPSorancoDeCarvalho,"2026-08-17 22:12:37",1471.0,2,matheussoranco
1642,16690612,"Mina Gayid","2026-08-16 12:59:16",1470.3,2,minagayid
1643,16710389,GuerillaMoon,"2026-08-19 22:33:46",1470.2,2,guerillamoon
1644,16661784,"XU XUXIANG","2026-08-27 12:57:06",1470.1,2,"mikeaaaa14,xuxuxiang"
1645,16699947,HKmgikao,"2026-08-22 05:24:13",1469.7,2,hitoshikmgai
1646,16661575,skw1990,"2026-08-27 06:49:03",1469.5,2,skw1990
1647,16655109,"Tia He","2026-08-14 19:58:44",1469.3,2,altheahe
1648,16651804,"Bocen Li","2026-08-29 06:20:37",1469.0,2,bocenli
1649,16654841,"ABHIRUP DAS","2026-08-28 04:51:44",1468.5,2,abhirupdas10
1650,16665927,"bhavya shah","2026-08-17 11:06:22",1468.4,2,bhavyashah007
1651,16736404,¡olé!,"2026-08-19 03:30:32",1468.2,2,hjx1024
1652,16623580,matsu997,"2026-08-21 16:16:52",1468.2,2,mastu997
1653,16769116,qiuqiu,"2026-09-02 12:37:29",1468.1,2,qiuqiuh
1654,16639732,"Junbeom Lee23","2026-08-15 02:45:23",1468.1,2,junbeomlee23
1655,16791163,woldy,"2026-09-02 05:57:00",1468.0,2,woldywei
1656,16707990,Snorlax,"2026-08-25 01:32:23",1467.7,1,pku1400010735
1657,16741720,MarKoz,"2026-08-20 15:31:09",1467.1,2,sirgauda
1658,16744043,Take,"2026-08-23 14:17:27",1467.0,2,takeuchidaisuke2001
1659,16715579,Uvais,"2026-08-24 00:58:56",1467.0,2,joshuaedwinjacobv24f
1660,16662810,HarshitSama,"2026-08-16 12:54:17",1466.1,2,harshitsama
1661,16760241,"Collin Christensen","2026-09-02 07:10:42",1466.0,2,cchristens
1662,16725335,"Chris #2","2026-08-29 15:32:47",1465.9,2,kagglecompetechris
1663,16671425,"Gajenddra Raj","2026-08-20 16:52:03",1465.7,2,gajenddra
1664,16709214,"Ariel Suntasig","2026-08-17 19:46:09",1465.6,2,arielsuntasig2001
1665,16728901,dqvide,"2026-08-17 19:53:39",1465.4,2,dqvide
1666,16623152,"agentic warriors","2026-08-21 08:59:44",1465.2,2,"ibadia,isabellawoo01"
1667,16724353,PrathamGupta,"2026-08-17 02:04:38",1464.8,2,prathamguptaaaaaaa
1668,16675807,cubreto,"2026-08-26 15:00:34",1464.6,2,cubreto
1669,16635668,"Mirza Yasir Abdullah Baig","2026-08-21 14:13:17",1464.5,2,myab07
1670,16680524,Nealdarkdarkdark,"2026-08-26 15:13:50",1464.1,2,wklyb1
1671,16744842,juisajdiasd,"2026-08-30 04:51:42",1464.1,2,juisajdiasd
1672,16742048,SuperGiantLam,"2026-08-25 02:08:17",1464.0,2,zptpsz
1673,16761875,eugenn,"2026-08-26 10:24:53",1463.9,2,eugennekhai
1674,16717289,JackChenghao,"2026-08-22 12:07:06",1463.6,2,jackchenghao
1675,16804549,Feidudu,"2026-09-02 03:25:44",1463.2,2,zenanshao
1676,16727842,"Iadh Jarray","2026-08-17 13:45:11",1462.6,2,iadhjarray
1677,16729554,"JingSong Yang","2026-08-28 05:33:55",1462.5,2,jingsongyang
1678,16655379,Ikeda0516,"2026-08-27 08:52:18",1462.3,2,ikeda0516
1679,16647324,GG-bond,"2026-08-24 03:14:55",1462.2,2,wyhwyh123
1680,16723096,Shabuuu,"2026-09-01 18:44:54",1462.1,2,shabuuu
1681,16664232,"Eddy Despradel","2026-09-01 23:58:35",1461.1,2,eddydespradel
1682,16697922,TingyuanLi277,"2026-08-21 03:39:03",1460.7,2,tingyuanli277
1683,16701612,Kiki,"2026-08-17 08:54:03",1460.2,2,rouiou
1684,16654373,thwaitsusa2,"2026-08-26 23:19:40",1459.8,2,thwaitsusa2
1685,16768143,KingDellaFarm,"2026-09-02 12:49:02",1459.8,2,"alessandrodestasi,disteroas"
1686,16715506,"Moo Point","2026-08-17 21:44:26",1459.3,2,"gnarlycow,tianmeiwang"
1687,16727379,"Nicholas Chua","2026-08-20 16:28:44",1459.1,2,nickckb
1688,16654021,"Swachhith B","2026-08-24 08:40:04",1458.4,2,swachhithb
1689,16630380,JM,"2026-08-27 00:39:05",1458.0,2,julianmukaj
1690,16741178,guruguru000,"2026-08-21 08:43:29",1457.7,2,guruguru000
1691,16688450,SpiralTip,"2026-09-01 13:18:26",1457.6,2,spiraltip
1692,16654548,DataSluts,"2026-08-28 07:00:12",1457.3,2,"rahulmedida,siddarthnayak50,sivasu07"
1693,16733576,"Ojas Aklecha","2026-08-17 18:34:02",1457.2,2,ojasaklecha
1694,16748559,GodofThunder2407,"2026-08-21 10:30:22",1456.8,2,godofthunder2407
1695,16734492,Orynx,"2026-08-19 08:01:33",1456.6,2,"inderj1,jayveersingh6"
1696,16721079,"six seven swag","2026-08-23 09:08:28",1456.6,2,polinababiichuk
1697,16725081,ZhouYongqi,"2026-08-27 08:47:02",1456.5,2,xy0v0zhang
1698,16778417,"TANG BUDU 19SD195","2026-08-30 02:41:39",1456.4,2,tangbudu19sd195
1699,16715187,maker2026,"2026-08-28 07:13:03",1456.2,2,maker2026
1700,16724060,"Mạnh Linh Hoàng","2026-08-15 15:54:52",1456.2,2,manhlinh1501
1701,16737057,Wiz,"2026-08-24 03:15:13",1456.2,2,williamzhou001
1702,16681116,Kagamihara,"2026-09-02 13:10:00",1456.2,2,kagamihara
1703,16633222,maxingkong733,"2026-08-18 23:32:58",1455.9,2,maxingkong733
1704,16729054,"Shantanu Kesarkar","2026-08-27 05:50:23",1455.9,2,shantanukesarkar
1705,16735075,"Ronchen Luo","2026-08-18 04:29:47",1455.8,2,ronchenluo
1706,16732666,"Stefano Blando","2026-08-30 17:43:12",1455.2,2,stefanoblando
1707,16719414,SahilKumarTolani,"2026-09-01 19:45:22",1454.6,2,sahilkumartolani
1708,16673234,MACvengers,"2026-08-19 16:34:04",1454.2,2,"astrojaswanthkumar,ikpikp"
1709,16658931,"somewhere after","2026-08-19 08:16:29",1453.4,2,amaterasuuuuu
1710,16701362,"Papa Annan","2026-08-20 21:26:39",1453.4,2,papaannan
1711,16698576,monnu,"2026-08-19 05:55:01",1453.3,1,fuumin621
1712,16661622,"Ergin Akın","2026-08-20 16:45:19",1453.2,2,erginakin
1713,16660477,SeaGoat,"2026-09-02 00:01:49",1453.0,2,vbandaru
1714,16639796,rmizuta,"2026-08-28 15:07:43",1451.9,2,rmizuta
1715,16721237,phoenixai0,"2026-08-19 06:22:13",1451.7,2,phoenixultra
1716,16677945,"Quân Trần","2026-08-25 06:43:39",1451.7,2,wuntrn
1717,16687068,digiliwigili,"2026-08-22 12:49:07",1451.6,2,kukchyievervin
1718,16756557,"Marius Heuser","2026-08-24 21:41:31",1451.5,2,mariusheuser
1719,16736685,kentaro_kato,"2026-08-24 00:36:31",1450.8,2,kentarokato
1720,16653379,"Asakawa Ruriko","2026-08-30 00:31:08",1450.3,2,asakawaruriko
1721,16661352,"Porch Goose","2026-08-21 02:52:24",1450.2,2,jaclyndeem
1722,16742439,"Shangshang Zhang","2026-08-19 10:40:01",1450.0,2,msvzss
1723,16664762,"John Marinton","2026-08-25 12:10:10",1448.4,2,marintonjohn
1724,16623445,"Hasin Raihan Dhrubo","2026-08-16 09:28:12",1448.4,1,hasinraihandhrubo
1725,16671361,"Hangyu Yu","2026-08-15 13:46:57",1447.9,2,cqupthangyuyu
1726,16730810,mgoto51004,"2026-08-23 02:46:30",1447.9,2,mgoto51004
1727,16732685,Tanmay,"2026-08-23 18:16:07",1447.5,2,blankkz
1728,16640077,larry54321zhao,"2026-08-25 16:20:29",1446.8,2,larry54321zhao
1729,16801797,Tv,"2026-09-02 00:59:42",1446.5,2,linyeah
1730,16698439,"Pournami Prakash","2026-08-25 17:44:57",1446.1,2,pprakas
1731,16697891,KuziJA,"2026-08-20 20:35:43",1446.1,2,kuzija
1732,16640510,SpaTaro,"2026-09-02 13:20:00",1445.7,2,tarosqrd2
1733,16725346,sokoranohimazin,"2026-08-18 19:39:07",1445.4,2,sokoranohimazin
1734,16714902,HunterBlue,"2026-08-13 18:54:47",1445.2,2,marianacodebase
1735,16639250,"Hamed Seyed-allaei","2026-08-21 19:11:09",1445.2,2,pinocchio
1736,16634128,ZechHuang,"2026-08-20 05:07:33",1444.9,2,zechhuang
1737,16653129,"Prashanth Reddy Biyyani","2026-08-20 13:53:37",1444.9,2,"prashanthbiyyani,shivagurrala,sumu1526"
1738,16672315,CemBas,"2026-09-02 05:46:40",1444.6,2,cembas
1739,16727147,"Alan Smith","2026-08-27 03:44:28",1444.6,2,acorncupcake
1740,16716991,XristosFilip,"2026-08-18 16:43:34",1443.9,2,xristosfilip
1741,16741516,"Anh Tu","2026-08-28 05:10:34",1443.4,2,natcs98
1742,16739298,"ricardo assaad","2026-08-18 19:03:22",1443.2,2,ricardoassaad
1743,16699745,"Norbert Szolnoki","2026-08-18 11:39:55",1442.9,2,norbertszolnoki
1744,16636094,Hax2456,"2026-08-15 10:05:01",1442.7,2,hax2456
1745,16710141,htatsumi,"2026-08-15 01:07:11",1442.5,1,tatsumihasebe
1746,16670791,Hugelidus,"2026-08-25 03:43:18",1442.4,2,hugelidus
1747,16735066,"Saber #2","2026-09-02 13:36:38",1441.8,2,yzheng21
1748,16765953,"Muhammad Ahmed","2026-08-26 13:46:48",1441.5,2,muhammad4hmed
1749,16719100,"Abhiraj Singh","2026-08-14 12:02:33",1441.2,2,cyberdrago
1750,16719006,bouiboui,"2026-08-20 18:55:02",1441.0,2,bouiboui
1751,16757384,straw_Yu,"2026-09-02 02:37:45",1440.4,2,strawyu
1752,16748476,sam_the_rice_cake,"2026-09-01 07:28:54",1440.3,2,"hash548,wliilamsam"
1753,16749079,mraz1006,"2026-08-26 09:32:57",1440.1,2,mraz1006
1754,16638375,"Tran H Hoang","2026-08-14 17:01:27",1440.1,2,tranhhoang
1755,16759813,tyf_scu,"2026-08-23 17:11:18",1439.4,2,tyfscu
1756,16729372,"Gaspard Plt","2026-08-17 21:58:55",1438.4,2,gaspardplt
1757,16725403,tabetai28,"2026-08-18 14:38:57",1438.3,2,taichiabewaseda
1758,16698930,MrKiwi,"2026-08-19 09:34:31",1438.2,2,mrkiwi
1759,16658474,huyimin517517,"2026-08-18 06:19:04",1438.1,2,"huyimin517517,touyouzhaji,wumingshi2006"
1760,16672468,ComposeMage,"2026-09-01 20:09:53",1438.0,2,composemage
1761,16690113,m0chi1216,"2026-08-16 15:07:24",1437.0,2,m0chi1216
1762,16643125,"CARLOS CAADA ROSTRO","2026-08-21 19:23:34",1436.9,2,carloscaadarostro
1763,16667324,"Muhammed selim Bilic","2026-08-26 17:02:17",1436.9,2,muhammedselimbilic
1764,16682471,Soumya2003,"2026-08-25 17:58:29",1436.8,2,soumya2003uyvv755
1765,16730634,Priestess,"2026-08-21 14:10:31",1435.7,2,kalypheus
1766,16680967,Tyooughtul,"2026-08-16 00:58:06",1435.3,2,yooughtul
1767,16719002,Astraeus,"2026-08-31 10:48:21",1435.1,2,astraeusdotdev
1768,16708624,"Aboubacar HEMA","2026-08-19 14:24:02",1435.0,2,"aboubacarhema,marcmare,wilfredkouadjo"
1769,16697936,"Sami Cakiral","2026-08-15 19:43:40",1434.9,2,samicakiral
1770,16662940,"The Coder Geek Squad Leader","2026-08-17 09:23:58",1434.7,2,soulemaneisissifou
1771,16757903,"Om Singh","2026-08-27 07:05:06",1434.5,1,spoilyfrog
1772,16670118,"Álvaro Benítez","2026-08-29 15:46:04",1434.5,2,lvarobentezlvarez
1773,16651833,"Hồ Khánh Duy","2026-08-14 17:52:23",1434.3,2,hkhnhduy
1774,16667734,SuroRitch,"2026-08-15 16:23:52",1433.9,2,suroritch
1775,16678462,"Eric Han Wang","2026-09-02 00:19:56",1433.7,2,ericwang03
1776,16674831,"nk for work","2026-08-29 02:31:21",1433.7,2,nkforwork
1777,16664120,SaiDuttaAbhishekDash,"2026-08-21 20:30:01",1433.6,2,saiduttaabhishekdash
1778,16730462,"Xiang Tang","2026-08-28 15:11:51",1433.3,2,flyonthewater
1779,16663590,"Jakub Dolének","2026-08-13 13:08:32",1433.0,2,dolenek
1780,16702691,"Zengyi Mei","2026-08-28 17:01:51",1432.9,2,sfkmzy
1781,16701868,AJ,"2026-08-24 23:56:36",1432.5,2,abduljabbarcalica
1782,16675655,TrebolNoir_,"2026-09-01 12:59:42",1432.5,2,trebolnoir
1783,16750344,Vaasu0501,"2026-08-28 16:49:39",1432.3,2,vaasu0501
1784,16697458,"Lissandra Kruse Fuganti","2026-09-01 15:19:00",1431.9,2,lissandrakruse
1785,16695615,Celinao,"2026-08-14 08:02:47",1431.8,2,celinao
1786,16708185,XiaoYan12,"2026-08-30 15:57:47",1431.6,2,xiaoyan12
1787,16656931,pns,"2026-08-15 09:45:46",1431.2,2,"nikhilkasyap07,premsivasai,saranboddu"
1788,16654715,"Aqib Raza","2026-08-17 13:12:36",1431.1,2,aqibrazadev
1789,16659711,williams,"2026-08-31 16:37:57",1431.0,2,williams
1790,16674683,"Ali Esam","2026-08-14 18:13:12",1431.0,2,zyxsu0
1791,16721453,"Random Mambo","2026-09-01 09:41:19",1430.9,2,beaten67
1792,16668622,"Michael McGrain","2026-09-02 04:02:40",1430.9,2,michaelmcgrain
1793,16738278,yansf677,"2026-09-01 12:24:29",1430.6,2,yansf677
1794,16657276,"Пётр П","2026-09-02 01:36:40",1430.5,2,petrinvest
1795,16709304,"Aleksey SCHUKIN","2026-09-01 19:31:11",1430.3,2,alekseyschukin
1796,16690867,HowardLeeTW,"2026-08-15 09:14:17",1430.1,2,howardleetw
1797,16655368,"Mohammed Maqsood L","2026-08-19 10:40:17",1430.1,2,mohammedmaqsoodl
1798,16692923,"Pavel Kazlou","2026-08-31 16:10:22",1429.4,2,paulik
1799,16625241,"Mutoy Choi","2026-09-01 07:42:20",1428.9,2,mutoy1
1800,16631595,CuteClaw,"2026-08-14 01:25:52",1428.4,2,bloodmoonwq
1801,16724262,"Obu obu","2026-08-15 10:48:05",1428.4,2,obuobu
1802,16666939,20237208_黄奕恺,"2026-08-22 12:53:27",1427.8,2,mrhuangyy
1803,16664293,"Adam Lloyd","2026-08-17 07:09:50",1427.7,2,alloyd256
1804,16698214,Juandix,"2026-08-18 03:35:51",1427.6,2,juandix
1805,16678346,"Farhan Abid","2026-08-16 08:41:15",1426.6,2,farhanabidtech786
1806,16660041,"Hoàng Quốc Việt ","2026-08-27 10:39:10",1426.6,2,viethwang3i
1807,16708226,asi1024,"2026-08-16 13:14:53",1426.3,2,asi1024
1808,16709295,"Isaac Owomugisha","2026-08-20 16:22:52",1426.2,2,cmplxxyttmt
1809,16623370,kenmatsu4,"2026-08-14 09:03:08",1425.8,2,kenmatsu4
1810,16660250,Moshel,"2026-08-24 12:36:19",1425.2,2,moshel
1811,16683865,Shin7jp,"2026-08-14 09:51:13",1425.2,2,shin7jp
1812,16663240,"Rilen T. L.","2026-08-18 13:45:46",1425.1,2,"jairosilvabastos,rilentl"
1813,16759625,gkg223,"2026-08-23 19:00:17",1424.7,2,gkg223
1814,16716698,gisgisgis,"2026-08-15 05:35:47",1424.7,2,gisgisgis
1815,16721947,groots,"2026-08-16 06:32:40",1424.3,2,muhammadismail433
1816,16720088,"Oiti Roy","2026-08-14 06:26:04",1424.1,1,oitiroy
1817,16641893,"Kashyapsinh gohil","2026-08-15 16:10:05",1424.0,2,kashyapsinhgohil
1818,16781170,"Ulugbek Salohiddinov","2026-08-28 02:38:15",1423.7,2,ulugbeksalohiddinov
1819,16671694,evananann,"2026-08-19 07:46:36",1423.6,2,evananann
1820,16644643,today,"2026-08-20 14:09:31",1423.6,2,today55
1821,16771677,"hedy huangyuheng","2026-08-27 02:13:28",1423.5,2,hedyhuangyuheng
1822,16748421,lulzx,"2026-08-20 17:52:11",1423.2,2,lulzxy
1823,16718649,"Zakaria Aala","2026-08-17 01:03:30",1423.1,2,zlordgrim
1824,16655766,前衛,"2026-08-15 00:17:53",1422.8,2,"atharvranjan,shreyasgandhe,siddharth9077"
1825,16678872,ibrahim,"2026-08-17 19:30:32",1422.7,2,skyfish77
1826,16644702,cracker_1_war,"2026-08-23 18:26:39",1422.6,2,cracker1war
1827,16722303,JohannPongratz,"2026-08-30 20:34:30",1422.6,2,johannpongratz
1828,16653311,"Stanislav Tsepa","2026-09-01 23:50:06",1422.5,2,mrtsepa
1829,16672997,"Francesco Montone","2026-09-02 08:21:54",1422.5,2,francescomontone
1830,16712134,cf696666,"2026-08-31 01:35:15",1422.5,2,cf33333
1831,16659210,HASHP100D,"2026-09-01 03:52:29",1422.3,2,hashp100d
1832,16634166,Yuki.O,"2026-08-19 01:38:42",1422.1,2,yukiohkawa
1833,16710661,"Pengyi Peng1","2026-08-22 02:06:40",1421.8,2,pengyipeng1
1834,16655500,"Zhao Liying","2026-08-16 02:50:53",1421.7,2,yeohzhonghanervin
1835,16722112,nyori,"2026-08-18 10:35:38",1421.1,2,nyoriworks
1836,16771277,zhaowenyi7,"2026-08-31 09:18:04",1421.0,2,zhaowenyi7
1837,16678172,"Eishkaran Singh","2026-08-19 19:12:02",1420.8,2,eishkaran
1838,16693934,evnchn,"2026-08-23 15:41:50",1420.7,2,evnchn
1839,16672199,Vachan,"2026-08-20 07:33:48",1420.4,2,vachanpadival
1840,16745294,"Ahmed Ehab Fathi","2026-08-20 17:15:31",1420.2,2,ahmedehabfathi
1841,16635818,F.A.Nina,"2026-08-16 20:15:06",1420.1,2,nina2025
1842,16760295,"Luke Hurt","2026-08-24 01:03:42",1419.0,2,lukehurt
1843,16719238,"Rômulo Siqueira","2026-08-20 00:15:16",1419.0,2,romulosiqueira
1844,16672530,GUGUGAGA,"2026-08-14 04:33:54",1418.5,2,"ruiyangzhang23,taoguo079"
1845,16656296,Fususu,"2026-08-25 03:03:04",1418.4,2,phuongncn
1846,16654783,quantara.cv,"2026-08-29 07:26:16",1418.4,2,goth55
1847,16668162,AlejandroAlvarez,"2026-08-26 12:31:45",1418.3,2,theworm
1848,16729421,Oblivix,"2026-09-02 04:16:25",1418.3,2,"aradhyatiwariii,oblivix"
1849,16658554,Pai,"2026-08-31 07:45:14",1418.0,2,rajathrpai
1850,16663252,"MD Concepcion","2026-08-31 22:28:33",1417.2,2,mikedconcepcion
1851,16653890,YUKRUB,"2026-08-20 07:37:27",1417.1,2,yukrub
1852,16713743,oliver,"2026-08-22 16:48:18",1416.9,2,ollibolli
1853,16686583,techtech69,"2026-08-22 16:19:05",1416.7,2,techtech69
1854,16749347,Shibungi,"2026-09-01 06:52:21",1416.6,2,shibungi
1855,16718745,"Vishwamitra Mishra","2026-09-02 00:23:18",1416.5,2,vishwa007
1856,16716012,LaiCxm,"2026-09-02 01:11:05",1416.0,2,laicxm
1857,16717756,Dominick,"2026-09-01 04:34:10",1415.9,2,kcinimod
1858,16744355,"Sameera T","2026-08-22 10:13:47",1415.8,2,sameeramaq
1859,16621294,dpquoc,"2026-08-31 04:22:00",1415.4,2,dpquoc
1860,16694091,"Nan Leng","2026-08-23 07:41:41",1414.8,2,nleng66ca
1861,16722818,"Mukesh R","2026-08-16 13:07:44",1414.7,2,mukeshr06
1862,16727019,uitsnf,"2026-08-23 15:45:22",1414.5,2,uitsnf
1863,16727090,"Deep Blue Pasture","2026-08-17 02:28:34",1414.4,2,shamanah
1864,16635317,"KAKA Minishijie","2026-08-26 04:36:55",1413.5,2,kakaminishijie
1865,16670524,"Nat Bel ML Fun","2026-08-15 21:04:02",1412.8,2,natbel4ml
1866,16658150,Gravity-x73d,"2026-08-17 09:16:29",1412.7,2,gravityx73d
1867,16698884,VVVoyager,"2026-08-14 03:55:10",1412.5,2,"haoxuanshan,hengnui"
1868,16722120,nekoha,"2026-08-15 15:01:16",1412.4,2,nekoha
1869,16663851,"Harshith revuru","2026-08-21 22:15:33",1412.3,2,harshithrevuru
1870,16661034,"Devesh Mehta","2026-08-30 23:55:02",1411.4,2,deveshmehtaaie
1871,16764422,"ong bee","2026-08-28 06:07:55",1411.2,2,ongbee
1872,16705499,byncpy,"2026-08-17 17:18:47",1410.8,1,jinliangbi
1873,16759652,Fnoa,"2026-08-23 12:26:39",1410.7,2,trasibulo
1874,16658345,Ficu∞$,"2026-08-28 08:43:18",1410.5,2,mikeintokyo
1875,16655335,Justus,"2026-08-19 14:18:38",1410.2,2,justus0
1876,16713127,Felis,"2026-08-25 20:07:16",1410.2,2,ilyaafanasenko
1877,16701897,"Alejandro Lavandeira Casais","2026-08-14 12:56:12",1409.8,2,alejandrolavandeira
1878,16683488,"Ripudaman Parmar","2026-08-23 12:06:07",1409.3,2,"ktkgpt,ripudamanparmar"
1879,16758709,dk07dk,"2026-08-26 08:45:35",1409.3,2,dk07dk
1880,16731432,sieradni,"2026-09-01 06:12:00",1409.0,2,sieradni
1881,16672033,"Mohan Prasath P","2026-08-21 10:08:16",1408.7,2,mohanprasath21
1882,16668069,jackhsia,"2026-08-23 15:56:13",1408.7,2,jackhsia
1883,16758982,Boredom,"2026-09-02 13:14:20",1408.2,2,cudacoding
1884,16630963,"Multi-Head Farmers","2026-09-02 13:10:56",1408.1,2,horizen12
1885,16693942,"Lisan al-Gaib","2026-08-31 12:31:42",1407.3,2,azrihasin
1886,16651402,"Mille Initiate","2026-08-31 04:04:11",1407.3,2,milleinitiate
1887,16629624,"Sayandeep Ghosh","2026-09-02 07:06:58",1407.1,2,sayandeepghosh
1888,16659614,"Heikki Leskelä","2026-08-22 16:35:42",1406.9,2,heikkileskela
1889,16622242,"Robert Koval","2026-08-15 07:02:17",1406.8,2,robertkoval
1890,16656399,CROW,"2026-08-14 04:59:30",1406.4,2,"aaayangxh,hanifnoerrofiq"
1891,16656584,Spintronic,"2026-08-19 15:24:17",1406.0,2,spintronic
1892,16682557,"Soumalya Mandal","2026-08-14 14:57:29",1405.6,2,mrcyberhunter
1893,16737561,"Raj Aryan Singh","2026-08-18 11:50:54",1405.3,2,kratos14raj
1894,16691987,0xalgos,"2026-08-17 09:35:28",1405.0,2,anandvashishtha5362
1895,16621219,"Inna Campo","2026-08-15 09:08:23",1404.7,2,innacampo
1896,16682892,"Alvaro Llamojha","2026-09-01 20:19:19",1404.4,2,alvarollamojha
1897,16675777,"Ml BOY","2026-08-26 13:49:50",1404.4,2,mlboy1
1898,16730180,zshandy,"2026-08-19 22:29:48",1404.2,2,zshandy
1899,16691976,"Harini Panigrahi","2026-08-14 16:57:32",1404.1,1,harinipanigrahi
1900,16691830,"Nikita Lugovoy","2026-08-15 03:39:17",1403.7,2,nikital7
1901,16703300,"Fahd EL ANSARI","2026-08-15 23:47:17",1403.6,2,fahdelansari
1902,16719083,"Justin Mai 16","2026-08-24 06:06:16",1403.6,2,justinmai16
1903,16736838,アナコンダ,"2026-08-24 08:29:45",1403.3,2,"ei1333,unosss"
1904,16762935,"ibr mo sal","2026-09-02 10:07:17",1403.1,2,ibrmosal
1905,16729488,"Bala vighnesh Reddy","2026-08-26 07:35:49",1403.0,2,balavighneshreddy
1906,16669897,"Tahsan Ferdous","2026-08-14 19:30:09",1402.7,2,tahsanferdous
1907,16664759,OrGanAIc,"2026-08-14 22:58:18",1401.3,2,arghyaranjandas
1908,16632006,"Adwait Tagalpallewar","2026-08-16 08:44:12",1400.7,2,adwaittagalpallewar
1909,16670504,Shirabe,"2026-09-02 11:49:47",1400.3,2,carlmakt
1910,16654791,"Dev Rath","2026-09-02 12:52:27",1400.1,2,devbratrath
1911,16669643,"Athenix Kaggriculture","2026-08-24 18:23:54",1399.9,2,sdafdsfsdfgdsg
1912,16661743,"Sergey Kutepov","2026-08-22 13:56:01",1399.4,2,natsyst
1913,16666301,"James Felipe","2026-09-01 04:14:58",1398.5,2,jamesfelipe
1914,16663818,"Mike Mordetsky","2026-08-18 11:49:58",1398.3,2,mikemordetsky
1915,16682306,岸本湧士郎,"2026-08-31 01:59:46",1398.2,2,yushiro20021111
1916,16713178,Funno,"2026-08-19 17:32:54",1397.7,2,yes711
1917,16724795,yangqi1234,"2026-08-23 08:26:23",1397.4,2,yangqi1234
1918,16661509,JSON_Voorhees,"2026-09-02 12:41:39",1397.3,2,michaelgreenhut
1919,16709339,"Mohammad Javad Dianat","2026-09-01 17:56:49",1397.1,2,dianatofficial
1920,16793261,Von_Feynman,"2026-08-30 13:35:43",1396.9,1,terrenceluo1017
1921,16634238,SoWwe,"2026-08-29 18:17:46",1396.9,2,sowwe4
1922,16622367,mg,"2026-08-23 17:49:21",1396.8,2,"egorkashpar,sashaboriskin,smooky"
1923,16688313,"Gnosys Labs","2026-08-30 00:29:34",1396.7,2,gnosyslabs
1924,16622531,"musya lyusya team","2026-08-19 11:22:46",1396.6,2,vswz2nqp
1925,16715628,Dian,"2026-08-17 01:57:33",1395.2,2,clas233
1926,16628295,qwertykeypadapple,"2026-08-13 19:05:04",1395.1,2,qwertykeypadapple
1927,16621683,Shivangoudaa,"2026-08-26 11:45:55",1395.0,2,ishivapatil
1928,16726232,"sayed rafi","2026-08-18 21:13:00",1394.9,2,sayedrafi
1929,16666884,"Antonio Stanciu","2026-08-15 14:33:52",1394.4,2,stanciuantonio
1930,16724947,teacherli0,"2026-08-16 03:09:09",1393.3,2,teacherli0
1931,16694138,Alex,"2026-09-01 18:56:13",1393.3,2,alex789
1932,16649313,"Jiajun HAN","2026-08-14 07:13:57",1393.3,2,jiajun1
1933,16717792,han10086,"2026-08-13 15:05:21",1393.1,2,han10086
1934,16726071,"PDF ULTRA","2026-08-20 19:36:33",1393.0,2,"alengevorgyan,gab0yan"
1935,16671738,Exposed,"2026-08-22 07:02:02",1392.9,2,erickeller2
1936,16652764,hikahika,"2026-08-16 00:35:31",1392.9,2,naganohikaru
1937,16633096,anvai_agents,"2026-08-20 05:50:45",1392.6,2,"anandgaikwad7781,vaidehidhamnikar"
1938,16632291,"alex chilton","2026-08-31 12:18:09",1392.3,2,alexchilton
1939,16691702,kss,"2026-08-13 19:30:20",1392.2,2,l0glikelihood
1940,16630315,janson,"2026-08-19 10:54:37",1391.8,2,johnjanson
1941,16682885,风沙星辰,"2026-08-23 03:28:27",1391.6,2,"duoliya,linyeping,sereinovov,wangying2026"
1942,16723941,teraSurfer40141,"2026-08-16 01:16:49",1389.9,2,r00tt00r
1943,16679443,albu,"2026-08-15 19:22:12",1389.8,2,albuslaev
1944,16712459,松原琉喜,"2026-08-14 14:54:47",1389.7,2,ryuki12kyo
1945,16664164,"Elzandi Irfan Zikra","2026-08-15 15:53:21",1389.7,2,"dyahayuretnoningsih2,zangetsufuin"
1946,16664860,ANUJPUROHIT18,"2026-09-01 05:03:07",1389.6,2,anujpurohit05
1947,16688130,"Lujia Liang","2026-08-24 09:15:27",1389.1,2,lujialiang123
1948,16666054,Ani,"2026-08-28 04:10:27",1388.8,2,anirudhk333
1949,16725354,"Swaroop piduguralla","2026-08-19 14:23:28",1388.7,2,pnsaimanitejaswaroop
1950,16713155,AdarshAleti,"2026-08-18 05:39:57",1387.9,2,adarsh1077
1951,16621355,Raiden.B,"2026-08-12 05:49:42",1387.9,2,raidenb
1952,16757689,YanXiaohan666,"2026-09-01 15:57:45",1387.7,2,yanxiaohan666
1953,16634093,gezi,"2026-08-27 12:56:56",1387.3,2,goldenlock
1954,16659972,"Pelamovic ","2026-08-25 18:03:34",1386.3,2,pelamovic
1955,16696561,"Ali Ramazanov","2026-09-02 06:12:30",1386.2,2,aliramazanov
1956,16765601,"Dinesh Makireddy 7389","2026-08-31 04:30:54",1385.9,2,dineshmakireddy7389
1957,16774237,"Dennis SH Lai","2026-08-30 17:21:31",1385.8,2,dshihlai
1958,16750477,"Tapabrata Biswas","2026-08-25 13:11:13",1385.7,2,"dumbakaash,ishanhira"
1959,16697540,"Jared Floersch","2026-09-01 08:50:37",1385.7,2,jaredfloersch
1960,16759037,Yuyannnn,"2026-08-29 15:36:43",1385.5,2,yuyannnn
1961,16785505,"Rishiraj Acharya","2026-08-29 03:10:09",1385.5,1,rishirajacharya
1962,16761593,"stsa asts","2026-08-30 04:43:06",1385.4,2,stsaasts
1963,16707598,Kamazarashi,"2026-08-18 05:40:15",1383.8,2,kamazarashi
1964,16718572,MLarpers,"2026-08-22 14:06:48",1383.5,2,"koteikachannel,mrhornetik"
1965,16710421,SZ_00_zyz,"2026-08-20 02:54:53",1382.5,2,sz00zyz
1966,16667998,Speril,"2026-08-16 09:13:41",1380.7,2,speril
1967,16676904,researchstudio.site,"2026-09-01 02:40:44",1380.2,2,fistyee
1968,16714162,MarvinTMB,"2026-09-01 05:45:37",1380.1,2,marvintmb
1969,16770648,"Yoshitaka Nozaki","2026-08-26 00:38:06",1379.5,1,yoshitakanozaki
1970,16687596,AjPrem,"2026-08-21 02:37:39",1379.5,2,"ajprem,jefferysingh,neelcasula"
1971,16671588,Keisuke,"2026-08-26 20:02:19",1379.2,2,keisukeueda
1972,16665125,"David Schindler15","2026-08-14 04:58:39",1378.5,2,"davidschindler15,mz3207"
1973,16729828,spunkrock,"2026-08-16 20:08:06",1377.7,1,spunkrock
1974,16796544,"Xiaonan FU","2026-09-02 08:23:49",1376.9,2,xiaonanfu999
1975,16653982,"Arul Prasad S P","2026-09-02 13:04:51",1376.9,2,arulprasadsp
1976,16634246,just_calculate,"2026-08-20 08:22:38",1376.7,2,justcalculate
1977,16711725,meatori-nu,"2026-08-16 19:28:03",1376.6,2,meatorinu
1978,16685850,K,"2026-08-14 06:37:41",1376.0,2,kolci017
1979,16640368,"Nkosi Ndwandwe","2026-08-22 05:40:06",1375.9,2,nkosindwandwe
1980,16659123,sd,"2026-08-18 17:46:56",1375.9,2,siddharthadevkota
1981,16669494,"Abdullah Razi","2026-08-20 17:41:24",1375.8,2,abdullahroninrazi
1982,16749352,"Ian Virchenko","2026-08-25 17:36:35",1375.6,2,yvainr
1983,16632444,"Issac “Izreal” Davis","2026-08-13 20:42:03",1375.1,2,issacizrealdavis
1984,16739939,crescent_star,"2026-08-24 15:50:25",1374.9,2,cenzop
1985,16657228,"Vladimir Babin","2026-08-30 02:28:50",1374.6,2,vovababin
1986,16623836,awarse,"2026-08-14 06:00:45",1373.1,2,awarse
1987,16794207,AlekseiProvorov,"2026-08-31 09:59:52",1373.0,2,leoprovorov
1988,16667787,"Daryl Brach","2026-08-17 09:41:51",1372.7,2,dbrach
1989,16644877,lu_fish,"2026-08-16 14:13:53",1372.5,2,thefish114514
1990,16802775," SonSheungmin","2026-09-02 12:51:39",1372.3,1,sonsheungmin
1991,16676034,"Songyot P","2026-08-18 15:56:07",1371.8,2,songyotpi
1992,16697223,"Azizii Gill","2026-08-29 20:38:00",1371.1,2,aziziigill
1993,16728571,hasibirok0,"2026-09-02 13:06:51",1371.1,2,hasibirok0
1994,16623226,"Hafida Belayd","2026-08-28 12:41:48",1370.5,2,hafidabelayd
1995,16774141,Evelyn3976,"2026-08-31 01:13:23",1370.0,2,evelyn3976
1996,16722986,"Abhiram 9803","2026-08-15 18:43:09",1369.0,2,abhiram9803
1997,16668788,ConnieCodes,"2026-08-17 13:40:25",1368.9,2,conniecodes
1998,16743737,"Joanna C.","2026-08-20 23:07:09",1368.9,2,joannaciesielski
1999,16696631,"saya akan lawan!","2026-08-21 18:42:23",1368.4,2,nurhadibudhy
2000,16726115,helloworld311,"2026-08-17 05:52:20",1368.0,2,helloworld311
2001,16624339,"Дворкин Евгений Владимирович","2026-09-02 13:33:12",1367.8,2,evgendvorkin
2002,16807038,mitsuki,"2026-09-02 08:06:26",1367.8,2,mk00000
2003,16697689,"Pavel Pakhmutov","2026-08-12 23:11:23",1367.1,2,pavelpakhmutov
2004,16705176,"Ruslan Raupov","2026-08-20 09:10:24",1367.0,2,ruslanraupoff
2005,16656519,"Chris Laska","2026-08-25 19:45:39",1366.5,2,chrislaska
2006,16634143,"manual player","2026-08-14 00:41:13",1365.0,2,prospal
2007,16655179,"I Need an Internship","2026-08-15 02:39:23",1364.7,2,dimasibnumuthi
2008,16658081,ando,"2026-08-20 01:52:23",1362.8,2,andoshunsuke
2009,16696983,"JKM Ventures","2026-08-17 22:58:03",1361.8,2,jeffreydrew
2010,16635969,"Omkar Kadam","2026-08-31 15:22:20",1361.3,2,"itzzomkar,khanayanayub,princypaonam"
2011,16675088,"Andrei Chulkov","2026-08-15 19:43:12",1361.2,2,andreichulkov
2012,16695685,"kwon yong deuk","2026-09-02 13:03:40",1360.6,2,kwonyongdeuk
2013,16693272,ush,"2026-08-16 12:44:31",1359.9,2,kusuha
2014,16723132,Bridgeport,"2026-08-21 20:25:32",1359.2,2,bridgeport
2015,16670755,"Amine zeDDouk","2026-08-18 09:37:41",1359.1,2,aminezeddouk
2016,16725642,"Arav Sharma","2026-08-17 03:51:14",1359.0,2,aravsharma26
2017,16786092,Shiru2,"2026-08-29 02:15:44",1358.0,2,shiru2
2018,16743790,"yuji y","2026-08-28 10:53:06",1357.7,2,yujiyyy
2019,16700995,"Maram Ali","2026-08-15 09:13:15",1357.4,2,msama01
2020,16655305,"Junior Sohou","2026-08-14 00:15:42",1357.1,2,juniorsohou
2021,16624896,"Akmal Azzam o'g'li","2026-08-18 06:03:51",1356.9,1,akmalmir
2022,16657803,"Arya Mazloomi","2026-08-14 00:17:11",1356.8,2,aryamazloomi
2023,16655688,"Ryan Shan","2026-08-13 02:43:38",1356.8,2,codegold
2024,16674479,"Alan Rosston","2026-08-14 08:20:49",1356.4,2,alanrosston
2025,16655263,rishavsaigal,"2026-08-29 17:52:32",1356.1,2,rishavsaigal
2026,16634691,bot-farmer,"2026-08-19 06:16:19",1356.1,2,shauryam25
2027,16726948,Stitch,"2026-08-29 03:58:50",1356.0,2,mitsuaccessjam
2028,16766640,watana,"2026-08-30 07:55:08",1355.8,2,yukiwat
2029,16775473,LuanHengYu,"2026-08-31 04:20:45",1355.7,2,apexml
2030,16698069,k_4821,"2026-08-12 06:43:09",1355.3,2,edgarondoodevilclub
2031,16666018,"H vv sathwik","2026-08-26 06:49:10",1354.5,2,hvvsathwik
2032,16700204,"ZHOU HONGYI","2026-08-21 12:47:28",1354.3,2,zhouhyz
2033,16634650,UnfriendlyAI,"2026-08-24 11:44:47",1353.2,2,unfriendlyai
2034,16698256,Mint,"2026-08-17 18:39:08",1352.5,2,rorandangerous
2035,16751140,onick_man,"2026-08-31 19:42:43",1351.5,2,ftakahas
2036,16671424,cicen1139,"2026-08-22 09:37:51",1351.0,2,cicen1139
2037,16623408,shiggriculture,"2026-09-02 13:00:25",1350.7,2,shimishige
2038,16773244,"Yudai Ueno","2026-09-02 10:45:04",1350.6,2,yudaiueno
2039,16726431,Manav,"2026-08-16 17:51:03",1350.6,2,manavsangwan
2040,16661304,"Jonathan Roy","2026-08-31 20:50:55",1350.5,2,jonathanroy7
2041,16740320,NguyenAn27,"2026-08-20 00:46:32",1350.1,2,nguyenan27
2042,16803103,hugghngkai,"2026-09-02 09:38:14",1350.0,2,hugghngkai
2043,16672168,"Justin Rutkowski","2026-08-14 17:34:37",1349.7,2,justinrutkowski
2044,16728723,"Ronith Rashmikara","2026-08-18 03:28:52",1349.5,2,ronithrr
2045,16735238,DHKim0324,"2026-08-25 08:49:34",1349.4,2,dhkim0324
2046,16657610,"H Bharath","2026-08-31 18:54:57",1348.7,2,hbharath
2047,16770149,rikutokuwayama,"2026-08-27 10:40:56",1348.6,2,rikutokuwayama
2048,16658777,"Jiarui (Jerry) Cao","2026-08-15 03:44:07",1348.5,2,jiaruicao7
2049,16764476,daviddnd,"2026-08-31 15:11:13",1348.5,2,daviddnd
2050,16747577,"Nolan BONHOMME","2026-08-26 13:24:58",1347.5,2,nolanbonhomme
2051,16640264,DhanaLakshmiMalla,"2026-08-21 09:38:58",1347.0,2,dhanalakshmimalla
2052,16701969,旧楚狂人,"2026-08-15 14:20:59",1346.9,2,jiuchukuangren
2053,16735125,mtskggle,"2026-08-22 04:50:43",1346.7,2,matsusakaggle
2054,16633179,infamemconculcemus,"2026-09-02 07:32:27",1346.6,2,jcgweb
2055,16719090,CHSTO,"2026-08-16 23:43:52",1346.4,1,haotianqi
2056,16681893,morality0707,"2026-08-31 06:50:24",1346.1,2,morality0707
2057,16624303,seven,"2026-08-31 05:21:16",1346.1,2,morikawatakeshi
2058,16689881,"yuki #2","2026-09-02 12:25:29",1345.5,2,hosikusa
2059,16748246,"Eric S","2026-08-26 12:50:54",1345.3,2,ericsangberg
2060,16692851,ichnixhelle,"2026-08-12 22:20:24",1344.9,2,ichnixhelle
2061,16668647,"THIRUPATHI KANNAN K","2026-08-27 15:40:29",1344.8,2,thirupathikannank
2062,16716930,"Direc M","2026-08-31 04:54:06",1344.0,2,direcm
2063,16661423,"Rishavendra Sharma","2026-08-31 08:38:23",1343.2,2,rishavendrasharma
2064,16730334,EUGENEYEUNG,"2026-08-22 13:03:33",1343.1,2,eugeneyeung
2065,16664334,"Satishvaran Ragu","2026-08-28 03:07:19",1342.9,2,satishvaranragu
2066,16763418,overwhelmer,"2026-08-25 08:22:55",1342.7,2,overwhelmer
2067,16728272,"Daris Dzakwan Hoesien","2026-08-16 10:48:22",1342.6,1,darisdzakwanhoesien2
2068,16715024,"Ömer Özbek","2026-08-22 13:50:34",1342.2,2,omerozb
2069,16691524,"Martim Nascimento","2026-09-02 02:25:53",1341.7,2,martimnascimento
2070,16769866,"Suzuki Riki","2026-08-25 12:11:09",1341.6,2,suzukiriki
2071,16721259,Qsj,"2026-08-28 09:20:10",1341.1,2,qiaoshiji
2072,16706207,Wonderwall,"2026-08-21 07:04:04",1341.0,2,yuxiang328
2073,16664761,"Udit Jain #2","2026-08-19 14:15:29",1340.9,2,iamudit
2074,16650372,Greed,"2026-08-12 17:18:47",1340.5,2,greedshen
2075,16689447,"Ivan Berrutto","2026-08-13 04:14:38",1340.3,2,ivanberrutto
2076,16778206,yuanlao153,"2026-08-28 15:00:04",1340.0,2,yuanlao153
2077,16649314,"Yuka,Ota","2026-08-17 03:42:23",1340.0,2,yukaika
2078,16738895,SangGold,"2026-08-18 15:48:23",1340.0,1,sanggold
2079,16678618,"Manu Nicholas Jacob","2026-08-23 23:03:35",1339.7,2,manunicholasjacob
2080,16651623,"Sarvesh Talele","2026-08-28 05:18:58",1339.6,2,sarveshtalele
2081,16725242,chinchilla,"2026-08-19 10:53:07",1338.8,2,tgwstr
2082,16738825,RishabhSpark,"2026-08-28 05:11:27",1338.2,2,rishabhspark
2083,16722902,"Grigorii IU","2026-08-22 01:54:09",1337.5,2,grigorii220
2084,16671821,donglee,"2026-08-13 09:13:09",1337.1,1,dongleeovo
2085,16734450,"Ian Teigen","2026-08-18 00:04:38",1336.7,2,ianteigen
2086,16786603,"Shutong Hou","2026-09-02 05:39:04",1336.6,2,praxel123
2087,16732428,"Darren Amadeus Martin","2026-08-19 00:48:02",1336.2,2,darrenamadeusmartin
2088,16685626,"Livingstone Selassie","2026-08-16 00:26:50",1336.1,2,"hackerx019,livingstoneselassie"
2089,16665596,chunhu666,"2026-08-30 07:05:40",1335.7,2,chunhu666
2090,16656340,InfiHeart,"2026-08-17 10:02:11",1335.2,1,infiheart
2091,16730903,noynkmr,"2026-08-25 05:47:01",1334.6,1,noynkmr
2092,16672653,Cultuurstelsel,"2026-08-13 16:59:47",1334.5,2,ryuorlandotamin
2093,16778410,"uriel villegas govea","2026-08-28 00:25:47",1334.4,2,urielvillegasgovea
2094,16658409,AlexMasip,"2026-09-01 14:37:26",1334.2,2,alexmasip
2095,16779451,kibuna,"2026-08-27 12:00:58",1334.2,2,kibuna
2096,16735102,"Zhiqi Liu","2026-08-31 02:57:12",1333.1,2,crazyqiqi
2097,16775412,"moo moo","2026-08-30 15:18:26",1332.2,2,"amrof122,yassinamr11"
2098,16740103,Adjakou,"2026-08-24 07:31:02",1332.1,2,adjakou
2099,16756399,"old Ryne Mac had a farm","2026-08-21 19:44:11",1331.7,1,rynemac
2100,16658290,rrishavrraj,"2026-08-22 11:00:34",1331.5,2,"rrishavrraj,shubhamkumar9812"
2101,16695691,neural-canvas,"2026-08-12 20:46:37",1331.1,2,mrsanap
2102,16622939,"Kamal Das","2026-08-27 12:47:13",1330.3,2,kmldas
2103,16623791,rakumo,"2026-08-19 23:46:04",1330.2,2,sirakumo
2104,16770715,"Vicens Gaitan","2026-09-01 16:11:46",1330.1,2,vicensgaitan
2105,16666853,"Bisola Olasehinde","2026-08-31 13:08:21",1330.0,1,bizzyvinci
2106,16651257,PursueML,"2026-08-20 14:19:46",1330.0,2,pursueml
2107,16671940,LJazya,"2026-09-02 06:10:00",1329.8,2,jihanelek
2108,16693962,"Changyuan Chen","2026-08-17 14:18:21",1329.7,2,changyuanchenmit
2109,16765065,"Rohith T R","2026-08-26 13:28:38",1329.7,2,rohithtrgod
2110,16693557,"Ifeoluwa Adewumi","2026-08-19 17:00:37",1329.1,2,ifeadewumi
2111,16656948,"alexander kern","2026-08-24 18:02:17",1328.7,2,alexanderkern
2112,16699082,Sakthei,"2026-09-02 10:42:18",1328.3,2,sakthei
2113,16655582,"Yang Jinneng","2026-08-29 13:01:07",1328.2,2,adurey
2114,16723988,yuyinghuang,"2026-09-01 23:51:29",1328.1,2,yuyinghuang
2115,16624047,GUOHAOYANG,"2026-08-12 22:23:02",1328.0,2,pkuszboi
2116,16623708,"Chekhlov Dmitrii","2026-08-18 10:11:47",1327.6,2,zoli800
2117,16714058,"Ahmet Erdem Pamuk","2026-08-12 18:59:18",1327.4,2,ahmeterdempamuk
2118,16695093,"Ryota Murai","2026-08-27 15:28:04",1327.4,2,rmuraix
2119,16663969,"Aarush Kute","2026-08-19 22:06:48",1327.4,2,aarushkute
2120,16655844,MAFIN,"2026-08-13 01:53:06",1327.0,2,moneyman91
2121,16657728,"T Soo","2026-08-13 06:36:25",1326.8,1,ttgrcgrc
2122,16781516,"Hongbin Guokaggle","2026-08-29 04:16:00",1326.7,2,hongbinguokaggle
2123,16733547,"Mark Grayson","2026-08-17 18:53:21",1326.6,2,flyingsinclair
2124,16661648,"Vân Nguyễn","2026-08-26 18:34:06",1326.4,2,vunnguyen
2125,16723893,iring58,"2026-08-22 04:43:36",1325.3,2,iring58
2126,16736050,SuperZero11,"2026-09-01 16:15:49",1325.0,2,anandaverma
2127,16677832,"Maryam Tahir","2026-08-25 15:07:42",1324.9,2,maryamtahir09
2128,16728460,oh-Artistburger-AHA-TastyMeat!,"2026-08-16 11:54:46",1324.7,1,akikukeo1
2129,16655567,Heisnotanimposter,"2026-08-25 00:47:27",1324.5,2,test013
2130,16688153,"Panchajanya Banerjee (Pancham)","2026-08-16 20:28:27",1324.2,2,delayedkarma
2131,16774228,"Anggit Maulana Abdi","2026-08-28 14:37:01",1323.3,2,anggitmaulanaabdi
2132,16672243,"Fazil Putra","2026-08-14 01:24:17",1323.3,2,fazilputra
2133,16633580,Vinymo,"2026-08-23 15:32:23",1323.3,2,vinymo
2134,16656990,"NALLA SUMANG","2026-08-30 03:15:46",1323.2,2,sumangnalla
2135,16714980,Chenaters,"2026-08-16 08:41:10",1323.1,2,chenaters
2136,16621407,Kh0a,"2026-08-27 11:25:28",1322.5,1,llkh0a
2137,16658618,"philip georgiev","2026-08-29 21:47:04",1322.2,2,philipgeorgiev
2138,16717630,Amer,"2026-08-13 21:23:41",1321.9,2,amerhu
2139,16673881,"Sebastian Johansson","2026-08-27 08:39:07",1321.7,2,sebbejohansson
2140,16766982,"Sir Dona ","2026-08-25 15:54:46",1321.6,2,sirdona
2141,16630713,"Grzegorz Sionkowski","2026-08-16 16:31:57",1321.6,2,sionek
2142,16691012,"Sanzhar Almasuly","2026-08-29 07:28:34",1321.4,2,sanzharalmasuly
2143,16756415,"Mihai Balan","2026-08-31 06:39:25",1321.3,2,mihaibalan
2144,16640552,"rupsa roy","2026-08-31 16:11:57",1321.2,2,rupsarroy
2145,16663229,kakuteki,"2026-08-28 04:08:43",1321.0,2,kakuteki
2146,16663694,"Dimitri ZABRE","2026-08-12 21:00:12",1320.8,2,dimitrizabre
2147,16772993,"dirty farmers","2026-08-26 06:33:12",1320.8,2,jamesgui2007
2148,16748717,mt,"2026-08-20 13:09:12",1320.5,1,mtanakaslgfreak
2149,16743528,JunWenZhu_1314,"2026-09-02 04:13:32",1320.4,2,junwenzhu1314
2150,16665050,"Praneeth Palugula","2026-08-14 06:28:56",1320.3,2,praneethpalugula
2151,16770832,"Harish Yadav","2026-08-27 06:18:09",1320.0,2,harishyadav0506
2152,16655632,"Dmitry Kozlov","2026-08-28 10:06:54",1320.0,2,dkozlov
2153,16731836,"Theo Venturian","2026-09-01 21:33:41",1319.9,2,theodorraulventurian
2154,16623749,Tejas,"2026-08-17 09:52:29",1319.8,2,tejuuss
2155,16675704,reeemii,"2026-08-26 08:51:15",1319.8,2,reeemii
2156,16680931,"Rattan Singh","2026-08-16 04:23:37",1319.7,2,rattans
2157,16779171,Xunden,"2026-08-27 09:14:10",1319.7,1,xunden
2158,16773559,"Abhishek Mahto","2026-08-26 06:40:07",1319.7,1,abhishek3115
2159,16675512,Corgi-Samoyed,"2026-09-02 13:31:10",1319.6,2,corgisamoyed
2160,16707303,meTeam,"2026-08-23 15:01:49",1319.6,2,aaronzribi
2161,16634654,unknown,"2026-08-13 02:11:22",1319.5,2,abdullahshafi2021
2162,16730288,matsurih,"2026-08-22 12:03:05",1319.4,1,matsurihime
2163,16728135,sukirman,"2026-08-17 12:24:20",1319.3,1,rakbidb
2164,16766796,panda__MB__maximus,"2026-08-25 12:54:58",1319.0,1,tanishmohokar09
2165,16688368,"Lam Vo","2026-08-15 16:39:23",1318.9,2,nhatlam
2166,16671504,Agentmaster,"2026-08-28 06:33:07",1318.8,2,"kinjaza,shawnno"
2167,16770282,colt,"2026-08-25 09:55:29",1318.4,1,xiaomaguo
2168,16805244,nari,"2026-09-01 19:34:04",1318.3,1,shoheiyoshinari
2169,16755808,"Van-Phuc Huynh","2026-08-22 10:43:46",1318.3,1,hvanphucs112
2170,16668049,"Masayoshi Kurihara","2026-08-14 06:20:21",1318.2,2,masayoshikurihara
2171,16692548,"Rockstar Farmer","2026-08-19 05:15:37",1317.7,2,yuhaili
2172,16632788,"Bright O.H.","2026-08-23 03:45:36",1317.7,2,brightoh
2173,16662615,"Anurag irawit","2026-09-01 14:16:49",1317.5,2,anuragirawit
2174,16714059,Yentür,"2026-08-12 18:47:44",1317.1,1,meryentr
2175,16622034,"Aryan Yadav","2026-08-15 18:49:17",1317.1,2,simplexcomplex
2176,16743741,Arooran,"2026-08-24 13:37:47",1317.0,2,arooransivakarunai
2177,16662023,"Vikas Kumar","2026-08-26 16:42:14",1317.0,2,vikshit104
2178,16726512,shash,"2026-08-15 19:41:18",1316.7,1,zshashz
2179,16622032,"Raunak Dey","2026-08-13 17:22:49",1316.6,2,raunakdey07
2180,16773266,newbyy,"2026-08-26 05:21:47",1316.5,1,newbyy
2181,16747161,wqlun06,"2026-08-20 08:02:11",1316.0,2,wqlun06
2182,16679004,"Kevin Zhao","2026-08-23 10:45:26",1315.7,2,kevinzhao666
2183,16652904,TonightIsOver,"2026-09-02 08:52:16",1315.7,2,tonightisover
2184,16711910,"Artem Zapara","2026-08-18 16:48:51",1315.5,2,artemzapara
2185,16701759,xycai,"2026-08-14 17:23:35",1315.4,2,xycaipku
2186,16639230,Rylan,"2026-08-15 13:15:45",1315.3,2,"liuruihan333,wangxiaodundun"
2187,16731243,"[Deleted] dab36be1-9992-4710-95f4-39a9f7a2cd3c","2026-08-24 15:13:27",1315.1,2,del=fd92954ed0c92f1a
2188,16654381,"Dmitry Belan","2026-08-30 17:16:29",1314.7,2,dimong4
2189,16758839,"Yusuf Murtaza","2026-08-23 04:08:43",1314.3,2,yusufmurtaza01
2190,16623020,Muhandro,"2026-08-20 16:29:57",1314.2,2,muhandro
2191,16623806,黒田彩人,"2026-08-17 04:05:34",1313.6,2,ayato0705
2192,16727745,auouer,"2026-08-16 08:20:31",1313.2,2,"auouer,guriken,hkamna,insightfulthinking"
2193,16663284,"Aman Prakash","2026-08-12 20:58:28",1313.0,2,amanprakash777
2194,16663759,🔥🦫📿🗽,"2026-08-26 06:37:41",1312.8,2,datafad
2195,16786013,sakarush,"2026-09-02 13:17:42",1312.7,2,sakarush
2196,16625219,MJVinay,"2026-08-21 09:37:02",1312.7,2,mallajayanthvinay
2197,16793656,王子铖,"2026-09-02 12:52:53",1312.7,2,aurantium
2198,16784485,betterme,"2026-08-28 13:39:45",1312.4,2,betterme12345
2199,16775386,kaggler,"2026-08-31 09:29:41",1312.2,1,deepkim
2200,16712888,Vux,"2026-08-20 14:32:16",1312.2,2,weiyu85
2201,16751358,Cristiano,"2026-08-24 15:04:54",1312.1,2,zhuangbility
2202,16765526,"Kotala Kishan Reddy","2026-08-24 08:56:22",1311.5,1,kotalakishanreddy
2203,16632294,"Rajan Nagarajan","2026-09-01 14:22:29",1311.0,2,narajan
2204,16750843,jammings,"2026-08-25 14:15:33",1310.9,1,jammings
2205,16707036,"Just a Farmer","2026-09-01 11:52:57",1310.6,2,gunianxue
2206,16709793,"Victor Hotz","2026-08-13 18:48:06",1310.4,2,victorhotz
2207,16655631,"Djamila Benchikh","2026-09-01 19:45:35",1310.0,2,djamilabenchikh
2208,16769419,dylanaki,"2026-08-26 13:30:43",1310.0,2,dylanaki
2209,16624651,"Zihao Zeng","2026-08-21 11:58:35",1310.0,2,zihaozeng0021
2210,16625214,Malla,"2026-08-21 09:55:13",1310.0,2,mallaphalguni
2211,16663929,"Erman Man","2026-08-18 03:47:58",1309.5,2,ermanman
2212,16722378,waticson,"2026-08-26 14:39:35",1309.4,2,yutodennou
2213,16677342,Fedor,"2026-08-20 10:31:48",1308.9,1,fedorchuprakov
2214,16659314,Sandeep063,"2026-08-25 12:44:22",1308.8,2,sandeep063
2215,16662314,"Hanh Tran","2026-08-13 12:29:31",1308.5,1,honghanhhh
2216,16710587,durgasai,"2026-09-01 13:14:36",1308.3,2,dsainvg
2217,16783265,"Xiangjiang Zhou","2026-08-28 06:33:05",1308.1,1,xiangjiangzhou
2218,16700737,HechtJP,"2026-08-13 11:12:06",1307.9,2,hechtjp
2219,16766905,Antigone_duckduck,"2026-08-24 16:38:37",1307.7,2,antigonexzh
2220,16726870,"Svanik Kolli","2026-08-16 00:11:14",1307.6,1,svanikkolli
2221,16699610,"Sneha ","2026-08-17 01:00:34",1306.7,2,kharya3
2222,16623988,"Charismatic Pizza Party🍕","2026-08-30 03:55:06",1306.5,2,debugendless
2223,16629292,"Syed Saad Hasan Emad","2026-08-17 06:14:38",1306.1,1,syedsaadhasanemad
2224,16621687,ropeadope,"2026-08-25 10:36:05",1306.0,1,silkross
2225,16652631,"Panagiotis Anagnostou","2026-08-31 14:16:41",1306.0,2,panosanag
2226,16639570,"Vishesh Banna","2026-08-25 04:24:34",1306.0,2,visheshbanna
2227,16653199,Koba,"2026-08-26 21:43:41",1305.8,2,zone0906
2228,16722330,"Jean-Louis Roy","2026-08-31 07:44:08",1305.4,2,jeanjean111
2229,16760523,"Joseph Ayanda","2026-08-28 15:35:54",1305.3,2,josephayanda
2230,16667080,King-damon,"2026-09-02 12:20:33",1305.0,2,kingdamon
2231,16636909,"wking edewd","2026-08-21 11:21:57",1305.0,1,wkingedewd
2232,16772450,"Muneeba Badar","2026-08-25 21:19:13",1304.9,2,muneebabadar
2233,16736670,"Mark Astrid","2026-09-01 13:06:24",1304.7,2,markastrid
2234,16665838,wenbodai,"2026-09-01 12:41:51",1304.5,2,wenbodai
2235,16732462,"Aji Samudra","2026-08-24 09:05:21",1304.5,2,ajisamudra
2236,16753985,"Narenthira Balaji","2026-08-21 10:54:17",1304.1,1,narenthirabalaji
2237,16730578,IsThereAnyCode,"2026-08-31 23:40:25",1303.4,2,"isthereanycode,lynnkim0"
2238,16622820,"Sergey Nefedov","2026-08-25 10:52:44",1303.2,2,sergionefedov
2239,16750614,"Shivansh Chaudhary","2026-08-22 14:22:57",1302.6,2,shivanshchoo
2240,16709462,"KK #2","2026-08-14 09:06:37",1302.6,2,kk2909
2241,16729484,"Sankalp Nagineni","2026-08-16 17:35:31",1302.5,2,sankalpnagineni
2242,16671133,Kazeneko,"2026-08-22 00:18:50",1302.4,2,kazeneko77
2243,16685556,binghua_123,"2026-09-02 12:05:50",1302.3,2,binghua123
2244,16732754,ikeuchy,"2026-08-29 04:10:41",1302.2,2,ikeuchy
2245,16763120,"Shivam Singh #2","2026-08-23 16:56:35",1302.0,1,shivamsingh17072001
2246,16759864,exaucedossou,"2026-08-22 17:56:40",1301.5,2,exaucdossou
2247,16669089,YujieXing10,"2026-09-01 11:59:45",1301.4,2,yujiexing10
2248,16651052,lty,"2026-08-18 02:33:01",1301.3,2,linwei9
2249,16622251,"Moroz Roman","2026-08-20 06:22:05",1301.0,2,crissyro
2250,16634824,yuki16,"2026-08-27 02:55:04",1301.0,2,yuki16
2251,16628456,kiro,"2026-09-01 10:06:31",1300.9,2,kirosamurai
2252,16758893,"Sercan Yeşilöz","2026-08-28 19:16:26",1300.8,2,sercanyesiloz
2253,16690020,shantaitichu,"2026-08-17 09:40:30",1300.7,2,shantaitichu
2254,16658803,"Rahul Jiwane","2026-08-21 06:19:57",1300.1,2,rahuljiwane
2255,16724533,"Yusei Ito","2026-08-22 19:18:19",1300.0,2,yuseiito
2256,16625611,"Karl Smile","2026-08-28 16:42:46",1299.9,2,karlsmile
2257,16757566,"Ankit Kumar","2026-08-23 12:03:53",1299.2,2,imankit57
2258,16695229,X1a0Ch3n,"2026-08-12 18:04:39",1299.1,2,xiaochen20236673
2259,16731605,datatuu,"2026-09-02 12:23:44",1299.1,2,yaoguang516
2260,16770952,"Satyajeet Kumar","2026-08-25 20:42:40",1298.3,2,m4rcuseryx
2261,16774250,"C R Suthikshn Kumar","2026-08-26 08:22:03",1298.0,1,crsuthikshnkumar
2262,16691714,"Wesley Juraschek","2026-08-19 06:07:37",1297.4,2,wesleyjuraschek1
2263,16750317,"ELhamdaoui AM","2026-08-30 19:29:43",1297.4,2,elhamdaouiabdelmajid
2264,16696887,kt-Kitayama,"2026-09-01 13:23:49",1297.4,2,ktkitayama
2265,16709501,Galaxantic,"2026-08-23 05:11:17",1297.2,2,neel21yt
2266,16623753,HZM,"2026-08-21 07:14:11",1296.8,2,leehann
2267,16635747,"Jeki Wan Taufik","2026-09-02 00:24:39",1296.3,2,jek1wantaufik
2268,16766840,"Andrey ","2026-08-24 14:27:38",1295.9,1,anti1111
2269,16689488,"Ming Fong","2026-08-27 01:41:31",1295.7,2,evilpegasus
2270,16763978,"Swayam Gode","2026-08-30 13:49:27",1295.7,2,swayamgode2
2271,16749342,crasal,"2026-08-29 13:19:54",1295.2,2,crasal
2272,16655682,"Azamat Sadikov","2026-08-30 23:56:28",1294.9,2,azamatsadikov
2273,16667839,Viet-Tien,"2026-08-22 19:46:21",1294.8,2,tiena2cva
2274,16722849,"Dhruv Bansal","2026-08-28 08:01:42",1294.3,2,dhruvb2028
2275,16770302,stardxx,"2026-08-26 02:21:35",1294.1,2,stardxx
2276,16663313,onlysmrtsumx,"2026-08-12 01:29:30",1293.7,2,onlysmrtsumx
2277,16802578,Yuuki4543,"2026-09-01 16:35:56",1293.6,2,yuuki4543
2278,16633709,"kitory Yeah やきとり","2026-08-15 22:30:08",1293.4,2,kitoryyeah
2279,16748330,Okan,"2026-08-21 11:15:17",1291.4,2,okanzkaya
2280,16673013,TTT,"2026-08-27 06:40:10",1291.3,2,tadahiroasami
2281,16630418,butterchicken,"2026-08-28 16:45:23",1291.3,2,"ritanshuprasad,sriramlingavel01"
2282,16808914,slfmmm,"2026-09-02 11:50:26",1290.0,1,slfmmm
2283,16764850,"cy zhang","2026-08-27 11:08:45",1289.6,2,zcy20051117
2284,16748524,TongY26,"2026-08-21 08:33:16",1289.3,2,tongy26
2285,16656807,Yoganjaneyulu,"2026-08-13 09:20:17",1288.6,2,yoganjaneyulu
2286,16771843,"Surekha Ramireddy","2026-09-01 15:34:18",1287.5,2,surekharamireddy
2287,16769277,卡心农场,"2026-09-02 06:45:03",1287.1,2,"hkd2333,hsiaosuan"
2288,16753710,tax_free,"2026-08-25 03:16:23",1286.6,2,taxfreepython
2289,16627796,tizawa3,"2026-08-19 00:28:23",1286.6,2,tizawa
2290,16768022,"Miles Oberting","2026-08-31 23:48:39",1286.3,2,milesoberting
2291,16747273,ra1nac1d,"2026-08-22 19:00:23",1286.2,2,ra1nac1d
2292,16740700,"Vyas Senthilkumar","2026-08-19 04:26:42",1285.8,2,vyassenthilkumar
2293,16791862,"Emmanuel Mireku","2026-08-31 19:35:19",1285.4,2,eldermireku
2294,16734578,"Pascal Andreas","2026-08-26 17:42:14",1285.3,2,pascalandreas
2295,16718947,"Dani Ortega","2026-08-25 07:07:35",1284.8,2,daniortega99
2296,16749618,Fon1as,"2026-08-21 09:36:42",1284.3,2,fon1as
2297,16655559,"Fajri Yanuar Shiddiq Juanda","2026-08-13 01:40:20",1283.3,2,fajriyanuar
2298,16681007,AkiraOnojp,"2026-09-02 13:01:48",1283.0,2,akiraonojp
2299,16739537,"Bina Salama","2026-09-02 01:45:52",1282.6,2,binasalama
2300,16724109,"small fry in the underworld","2026-08-26 11:00:37",1281.5,2,wwwwhitley
2301,16768647,vaultguard,"2026-09-02 04:04:17",1281.3,2,vaultguard
2302,16663352,"Avnish Sharma","2026-08-31 14:42:23",1281.1,2,kewlaz
2303,16689952,"Lazarus Ogero","2026-08-11 16:44:08",1281.0,2,lazarusogero
2304,16761849,viber3221,"2026-08-24 13:38:59",1280.3,2,viber3221
2305,16663992,小陈同学,"2026-08-18 07:26:54",1280.0,1,czastu
2306,16726915,"인공저능연구소( Artificial Idiocy Lab )","2026-09-02 07:00:43",1277.3,2,megayak
2307,16644160,"Saravana Rajan B","2026-08-23 14:50:39",1277.0,2,saravanarajanb
2308,16675780,susutem,"2026-08-21 04:03:32",1277.0,2,susutem
2309,16663241,"Kris Adamatzky","2026-08-13 09:49:19",1275.7,2,krisadamatzky
2310,16665919,"Labmem Tang","2026-08-31 03:06:37",1275.1,2,labmemtang
2311,16751267,Guojun1,"2026-08-21 01:57:23",1274.3,1,guojun1
2312,16744658,Shree85,"2026-08-29 12:38:55",1273.9,2,shree85
2313,16761652,"Dhruv #2","2026-09-02 12:37:22",1272.7,2,dhruvrama
2314,16634172,"Mario Cicala","2026-09-02 02:20:17",1272.5,2,mariocicala
2315,16677423,songling,"2026-09-02 01:45:08",1272.3,2,"lvbingrong,oralia"
2316,16674586,"Stanislav Ilin","2026-08-17 06:45:46",1271.9,2,stanislavilin2026ai
2317,16690763,chungkuangwen,"2026-08-19 20:27:55",1270.3,2,chungkuangwen
2318,16727893,mmwstudy,"2026-08-25 10:25:36",1270.2,2,mmwstudy
2319,16649108,"Steve AVOMO","2026-08-17 03:12:41",1270.2,2,aurelsteve77
2320,16623856,aowhite,"2026-08-30 12:18:44",1269.9,2,brandnewyork
2321,16689389,Chukunder,"2026-08-16 02:25:12",1269.2,2,"farbricated,sarikajivrajika"
2322,16709744,"Emre Bayram","2026-08-14 09:04:57",1268.9,2,emrebayram
2323,16706321,lumen,"2026-09-02 05:44:20",1267.9,2,lumenyuto
2324,16667052,"Dandan Li","2026-08-15 18:07:17",1267.4,2,clcll532x
2325,16718819,Majkel1337,"2026-09-01 18:49:40",1267.0,2,majkel1337
2326,16731751,"Nikita Pudovkin","2026-08-17 09:15:54",1266.9,1,nickpudovkin
2327,16653955,"tanmay singhal","2026-08-29 12:00:53",1265.4,2,anexperiencedidiot
2328,16675739,"Jithendra Maddala","2026-09-01 16:28:46",1264.8,2,jithendramaddala
2329,16643554,"Arnie Jimenez","2026-08-20 16:48:24",1264.6,2,arniejimenez
2330,16657494,Trex,"2026-08-12 14:00:14",1264.1,2,trexzone
2331,16716468,"Sakhawat Hossen","2026-08-15 03:28:07",1263.0,2,sakhawathossen
2332,16632743,"Krizsó Gergely","2026-08-31 23:07:09",1262.8,2,lucifer19
2333,16708296,LUCKY2,"2026-09-02 10:24:32",1261.7,2,carolezountangni
2334,16767528,"Umut Toygar Göz","2026-08-30 13:01:54",1258.5,2,umuttoygargoz
2335,16767164,"yuhan wu","2026-08-26 09:37:53",1257.6,2,yuhanwu487
2336,16622454,automatylicza,"2026-09-02 13:25:52",1257.5,2,automatylicza
2337,16761728,"Vybhav Nath C A","2026-08-30 12:19:48",1257.3,2,shadowfax2000
2338,16657857,hust_xll,"2026-08-12 05:38:12",1256.5,2,hustxll
2339,16624682,FrederikZ,"2026-09-02 10:17:51",1256.4,1,zkirederf
2340,16673230,saitamad,"2026-08-12 04:20:31",1256.2,2,saitamad
2341,16658801,"Thuc Nguyen Dang 111","2026-08-28 19:45:47",1256.1,2,thucnguyendang111
2342,16639844,MaxChen303,"2026-08-13 02:25:24",1253.7,2,maxchen303
2343,16658014,Bharath,"2026-08-30 13:40:49",1253.7,2,pes2ug23cs121
2344,16738467,EnriFermi,"2026-08-26 23:51:18",1253.2,2,enrifermi
2345,16693159,"Zonglin Han","2026-08-13 17:10:08",1252.0,2,zonglinhan
2346,16688436,Zuu3scode,"2026-08-12 15:19:16",1251.0,2,zuu3scode
2347,16744573,"Oleksandr Kovalchuk","2026-08-31 23:19:22",1250.7,2,oleksandrkovalchuk
2348,16695964,"JiMing Feng","2026-08-17 10:56:45",1249.7,2,jimingfeng
2349,16679767,Salut!,"2026-08-12 21:56:55",1249.5,2,denismekhanikov
2350,16695608,"Elie Elias","2026-08-12 14:14:48",1249.2,2,elieelias
2351,16652536,Satoshi_SsSs,"2026-09-01 02:34:16",1247.4,2,satoshissss
2352,16700314,Giallar,"2026-08-14 16:45:53",1246.2,2,andreykrotkikh
2353,16673250,Prashant,"2026-08-12 05:06:08",1245.9,2,"kajalsinghrajpoot,prashantxo"
2354,16656731,"Muhammad Ali","2026-08-14 06:47:06",1245.6,2,sardaralimaqsood
2355,16805980,Kifine,"2026-09-02 05:25:41",1245.4,2,liaoyingxi
2356,16621799,"🌽 High Frequency Farming 🌽","2026-08-30 15:26:12",1244.3,2,veshkinartem
2357,16757987,maverick_ss_26,"2026-09-01 14:07:17",1243.8,2,maverickss26
2358,16685014,"Vishal Kishore","2026-08-29 14:37:26",1243.7,2,kishorevishal
2359,16621735,VN-Orion,"2026-08-21 11:42:27",1243.1,2,fastthanh78
2360,16705790,clora,"2026-08-31 22:55:37",1242.9,2,clora16
2361,16695501,brocade,"2026-08-15 00:01:12",1242.3,2,brocade
2362,16674649,寿!,"2026-08-12 06:45:37",1242.1,1,taka3776toshi
2363,16667729,"Daniel Wu","2026-08-15 14:35:27",1241.6,2,danielwuu
2364,16673110,"Sri Jayavel K","2026-08-20 08:18:31",1241.5,2,srijayavelk
2365,16692164,Abdulrahman.su10,"2026-08-11 20:35:39",1240.7,1,abdulrahmansu10
2366,16729227,Marjao,"2026-08-16 16:49:12",1240.3,2,muniburrehman2020
2367,16664072,"victor aguilera","2026-09-02 00:46:28",1240.3,2,viaguilera
2368,16693058,"Yuvraj singh","2026-08-13 14:03:24",1240.3,2,yuvrajsingh789
2369,16703099,GansPiro,"2026-08-13 18:34:26",1240.1,2,ganspiro
2370,16671607,"Chanhyuk Han","2026-09-02 13:04:02",1239.2,2,chanhyukhan
2371,16660735,"Bassel Elbahnasy","2026-09-02 13:09:13",1237.8,2,basselashraf
2372,16730705,chris,"2026-09-02 04:09:47",1237.3,2,chris62
2373,16640394,"MOHAMMADJAFAR ZAMANI","2026-09-02 13:40:17",1236.9,2,mohammadjafarzamani
2374,16697024,"Jiri Prudky","2026-08-20 20:58:26",1236.7,2,jiprud
2375,16645596,Yugoawawa,"2026-09-02 13:09:33",1236.2,2,yugoawawa
2376,16789509,"Yang Wei Hao","2026-08-29 08:39:19",1235.7,1,aichangeworld
2377,16671666,showtree,"2026-09-02 01:53:55",1234.8,2,showtree
2378,16625615,"Mobeen Fatima","2026-08-28 16:47:17",1234.6,2,mobeenfatimah
2379,16682303,"Kapadiya Nirav Kumar","2026-08-18 06:24:30",1234.4,2,kapadiyaniravkumar
2380,16705370,TS2333,"2026-08-11 03:40:40",1234.2,2,ts2333
2381,16664111,"John Park","2026-09-02 13:16:08",1234.1,2,sigint
2382,16660711,ricardo,"2026-08-15 22:34:26",1232.8,2,magania
2383,16806886,dreamtear,"2026-09-02 05:55:56",1232.7,1,mohanzeng
2384,16692090,sans,"2026-08-12 03:14:55",1232.6,2,sans6262q
2385,16697249,"Sudharsana Rajasekaran","2026-08-13 06:25:58",1231.4,2,sudhan03
2386,16792586,dodoshark,"2026-09-02 03:05:56",1231.2,2,dodoshark
2387,16655826,KKY,"2026-08-11 20:29:38",1230.7,2,evilpsycho42
2388,16695176,"Zakaria Settar","2026-08-16 21:52:31",1230.6,2,zakariasettar
2389,16645712,"Changye Li","2026-08-24 06:23:33",1230.2,2,antoinegg1
2390,16669256,Shivam_2212,"2026-08-11 09:59:19",1230.0,2,shivam2212
2391,16710672,"Yasemin Koç","2026-08-14 05:52:52",1229.8,2,yaseminmkoc
2392,16705584,"Adil Munawar","2026-08-29 21:18:33",1229.7,2,adilmunawar
2393,16681275,"CUG HeQiao","2026-08-12 09:06:14",1228.6,2,cugheqiao
2394,16684163,MohamedFD,"2026-08-13 12:32:47",1228.2,2,mohamedfd
2395,16682936,"Latifa Riziki","2026-08-12 09:38:13",1228.0,2,latifariziki
2396,16663999,"Colton Martin","2026-08-28 15:48:27",1228.0,2,coltonmartinnn
2397,16697675,"Isaac Grossman","2026-08-30 23:21:35",1227.8,2,kingisaac
2398,16632021,istinetz,"2026-09-01 14:55:53",1227.6,2,istinetz
2399,16692110,"Ahmed Khudair","2026-08-11 22:33:06",1227.4,1,ahmedkhudair121
2400,16670433,"Mohammad Osamah Atif","2026-08-19 08:46:32",1227.4,2,osamatif
2401,16697021,Vaishnavi22052006,"2026-08-11 18:43:08",1227.1,2,vaishnavi22052006
2402,16763383,"Alexandru Sitaru","2026-08-25 07:05:06",1226.6,2,sitaru
2403,16688808,"Niranjan Nakkala","2026-08-11 12:26:14",1226.4,1,niranjanmudhiraj
2404,16699659,"Dimas Pasha Akrilian","2026-09-01 01:59:59",1225.1,2,dimaspashaakrilian
2405,16803913,"SUJIB BARMAN","2026-09-01 16:42:07",1224.5,1,cardata
2406,16712943,"Cesar Marcondes","2026-09-02 13:03:59",1224.3,2,cmarcond
2407,16729650,"Tapiwa Makandigona - Zimbabwe21","2026-08-31 11:36:48",1224.3,2,mukanya1994
2408,16683441,Eura73,"2026-08-21 08:07:47",1224.0,2,eura73
2409,16699722,Dicere,"2026-08-13 08:00:17",1223.7,2,thedark735
2410,16659467,AlexMoura2026,"2026-09-01 09:49:30",1222.5,2,alexmoura2023
2411,16700116,Goldian,"2026-08-21 16:13:40",1221.5,2,goldian
2412,16764394,haseryooooo,"2026-09-02 10:08:39",1221.5,2,haseryooooo
2413,16733748,"Ashutosh Agarwal","2026-09-02 06:43:29",1221.3,2,ashutoshagarwal088
2414,16707584,sadatch,"2026-08-13 05:18:28",1221.0,2,sadatch
2415,16709468,"Andrey Chankin","2026-09-01 18:33:15",1220.9,2,bluepill
2416,16678638,Loshtradz,"2026-08-26 18:40:35",1220.1,2,loshtradz
2417,16702774,FilipJ,"2026-08-16 18:34:05",1219.8,2,filipjarmua
2418,16690065,JiangWenfeng1,"2026-08-12 01:25:29",1218.6,2,jiangwenfeng1
2419,16681749,"rohith vinice","2026-08-11 23:55:16",1218.5,2,rohithvinice
2420,16623381,cocoaAI,"2026-08-21 06:03:38",1217.3,2,cocoaai
2421,16627400,"Krasnov Daniil","2026-08-11 06:04:48",1216.7,2,daniilkrasnovvv
2422,16650485,nasu726,"2026-08-13 13:51:20",1216.2,2,nasu726
2423,16664217,Shushantw,"2026-09-02 02:59:33",1216.0,2,shushantw
2424,16706283,haogood666,"2026-08-11 08:25:40",1215.6,1,haogood666
2425,16654042,B.Pushpanjali,"2026-08-25 11:04:54",1215.5,2,"bpushpanjali,vinithwade"
2426,16635973,"Code by Nadiia","2026-08-31 13:09:44",1215.3,2,codebynadiia
2427,16660233,ko9ma,"2026-08-26 02:43:46",1214.6,2,kohojung
2428,16677217,Panos,"2026-08-30 08:37:11",1214.3,2,panosc
2429,16771703,"Moomin and his farm","2026-08-29 15:04:40",1214.1,1,ataraxyyeah
2430,16660911,"Animesh Ratna","2026-08-23 22:01:35",1213.5,2,animeshratna
2431,16632579,ZZfancy,"2026-08-11 12:04:42",1213.3,2,zzfancy
2432,16681620,wanwanuil,"2026-08-13 12:43:19",1213.2,2,wanwanuil
2433,16659803,nRuaif,"2026-08-22 02:47:10",1212.4,2,phngdoan
2434,16692457,t2better,"2026-08-12 11:56:41",1212.4,2,t2better
2435,16706315,"Desert Fox88","2026-08-11 12:02:03",1211.1,2,desertfox88
2436,16754838,"Berkay Özkan","2026-08-30 12:51:07",1210.7,2,berkayzkan
2437,16656691,"Sahaj Deep Singh","2026-08-12 01:39:36",1210.5,2,sahajdeepsingh9877
2438,16663919,hnhyhj,"2026-08-13 04:05:56",1210.0,2,hnhyhj
2439,16662166,duy,"2026-08-31 08:50:51",1210.0,2,hduynguyen
2440,16662380,"Brandon Calderon-Morales","2026-09-02 04:01:50",1209.8,2,bmoe640
2441,16701573,"Haggai Musoda","2026-08-17 20:04:00",1209.5,2,haggismusoda
2442,16635280,"Narendra Sirvi","2026-08-12 06:43:07",1209.3,2,narendras78
2443,16659692,"Hùng Nguyễn Huy (Hiirooo)","2026-08-11 03:47:45",1209.2,2,hngnguynhuy
2444,16708573,Benser,"2026-08-15 14:41:24",1209.1,2,benser
2445,16632675,"Baran Kucuk","2026-08-11 15:09:58",1207.1,2,barankucuk
2446,16666733,"Alberto MV","2026-08-10 23:06:33",1207.0,2,albertomv
2447,16636004,"Ragunath Ravi","2026-08-11 10:59:07",1206.7,2,ragunathravi
2448,16680690,MYOUCER,"2026-09-01 01:20:04",1206.6,2,myoucer
2449,16662846,"Kerem Ercin","2026-08-27 05:44:23",1206.6,2,keremercin
2450,16692138,"Bishwa Thakur","2026-08-21 11:44:03",1206.4,2,bishwathakur
2451,16784691,"Emre Kurubaş","2026-09-02 02:03:27",1206.2,2,emrekuruba
2452,16641230,"An V1","2026-09-02 03:23:15",1205.9,2,barakuga
2453,16676356,"Wander waal","2026-08-11 02:48:56",1204.5,2,wanderwaal
2454,16660333,"Deanos Crew","2026-08-11 13:10:19",1204.5,2,jamescole0101
2455,16696769,"maximo lorenzo y losada","2026-08-12 13:07:35",1203.5,2,maximolorenzoylosada
2456,16729863,Monkeyzl,"2026-08-22 20:02:21",1203.3,2,monkeyzl
2457,16767431,Nine1Eight,"2026-08-24 16:51:12",1202.7,1,wethepeople918
2458,16627995,"Fire Bird","2026-08-11 20:36:45",1202.7,2,xuanleekaggle
2459,16805778,"Dương Đức Anh","2026-09-02 09:46:53",1202.4,2,dda2k6
2460,16689770,"Abdillah Sagif","2026-08-11 10:11:23",1202.2,2,abdillahsagif
2461,16683199,"Filippo Gombac","2026-08-11 10:04:26",1202.2,2,filippogombac
2462,16709300,炫酷的小克里斯,"2026-08-19 15:54:28",1201.8,2,tinfufans
2463,16672448,"Crisis Liu","2026-08-11 23:49:49",1201.7,2,crisisliu
2464,16676043,"Tejash Rai","2026-08-14 07:16:01",1200.9,2,tejashrai
2465,16655128,"Somasundar V","2026-09-01 15:05:48",1200.6,2,somasundarv
2466,16724779,"Gavin Cao","2026-08-16 09:00:53",1199.9,2,gavinxgcao
2467,16707993,"Sangita Bannore","2026-08-11 14:33:47",1199.8,1,sangitabannore
2468,16687724,Yijue1,"2026-08-11 02:15:05",1199.3,2,yijue1
2469,16657091,raw2clean,"2026-08-12 08:12:12",1199.2,2,raw2clean
2470,16669778,UknesIruka,"2026-08-11 11:13:46",1198.8,2,uknesiruka
2471,16687824,"André Dkw","2026-08-10 17:17:25",1198.5,2,andrdkw
2472,16660678,"Chaitanya Sonaje","2026-08-11 13:30:49",1198.4,2,chaitanya205
2473,16692103,HaniJezo,"2026-08-11 20:32:40",1198.4,1,hanijezo
2474,16679245,"Krzysztof Gonia","2026-08-28 06:42:51",1198.4,2,krzysztofgonia
2475,16708333,"Phạm Vương","2026-08-11 16:17:10",1197.4,2,vuongphamqq
2476,16773069,Grant,"2026-08-29 11:33:24",1197.1,1,leolin05
2477,16660479,"Lakhindar Pal","2026-08-31 13:26:49",1196.8,1,lakhindarpal
2478,16656382,Aevion-Labs,"2026-08-10 14:44:32",1195.7,2,aevionlabs
2479,16709473,"Selahattin Günter","2026-08-23 14:07:42",1194.9,2,selahattingnter
2480,16667731,"Agent 33","2026-08-28 13:20:28",1194.6,2,agent33
2481,16672374,"kelly waldeck","2026-08-11 21:07:30",1194.4,2,kellywaldeck
2482,16698134,Hossein,"2026-08-12 02:56:17",1194.4,2,tomi85
2483,16709069,"James Mcquay","2026-08-14 18:05:40",1194.3,2,jamesmcquay
2484,16707639,Fujinawa,"2026-09-01 21:15:54",1194.3,2,wasshoiwasshoi
2485,16656316,"Richard Tang","2026-08-11 01:09:34",1194.1,2,richardgtang
2486,16802535,"To be happy","2026-09-01 11:08:41",1193.6,1,yaokaixinya123
2487,16639263,Yam,"2026-08-23 15:01:21",1193.2,2,minyam
2488,16659890,"Cu Spoon","2026-08-25 22:02:11",1192.3,2,cuspoon
2489,16692711,Deniz,"2026-08-30 09:23:13",1192.2,2,denizeryilmaz
2490,16633414,"sagar tripathy","2026-08-13 15:57:56",1191.9,2,sagar8trip
2491,16632146,Haker_Sam,"2026-08-27 10:45:31",1191.5,1,hakersam
2492,16627888,atl132,"2026-09-02 07:22:55",1189.9,1,atl132
2493,16688136,"Armanzhan Ayan","2026-08-11 16:49:36",1189.8,2,armanzhanayan
2494,16657646,mountainbob,"2026-09-01 14:36:45",1189.4,2,shongpakmanoon
2495,16653068,"Shuichi Fushimi","2026-08-11 10:55:05",1189.4,2,shuichifushimi
2496,16730375,Floth,"2026-09-01 14:39:47",1189.1,2,suwat513
2497,16693886,spellstriker,"2026-08-12 22:03:20",1188.7,2,spellstriker
2498,16701074,Yan,"2026-08-10 21:29:25",1188.2,1,qujiahui
2499,16681848,Haraguchi-T,"2026-09-01 09:03:21",1187.6,2,haraguchit
2500,16737113,"Sergei Myshianov","2026-08-20 03:24:23",1187.6,2,sergeimyshianov
2501,16657277,"Dude and Destroy","2026-08-31 17:43:38",1186.9,2,raymondbrookman
2502,16679371,ΛYMΞNRH,"2026-08-11 06:43:55",1186.7,2,aymnrh
2503,16634873,shin0000,"2026-08-28 13:16:29",1186.3,1,shin0000
2504,16728959,"no pain no gain","2026-08-26 09:02:31",1185.9,2,ilyayurov2000
2505,16697877,"Sky kun","2026-08-24 12:52:49",1185.7,2,skykun
2506,16687594,"Andrew Markley","2026-08-13 01:19:04",1185.4,2,andrewmarkley1
2507,16660331,A.K.NITHIN,"2026-08-12 12:07:32",1185.3,2,aknithin
2508,16786082,"Noberto Frota","2026-08-29 00:40:42",1185.3,1,nobertofrota
2509,16676154,"Tuan Tran","2026-08-10 16:29:40",1184.9,2,thtuan
2510,16684075,"Tianfang Li","2026-08-13 14:20:13",1184.8,2,tianfangli1
2511,16660371,"José Luis Gómezz","2026-08-13 01:37:42",1184.5,2,josluisgmezz
2512,16667233,EdGy2k,"2026-08-10 10:41:12",1184.3,2,edgy2k
2513,16655952,"Tianfu Wang (王天夫)","2026-08-12 15:08:12",1183.3,2,wangtf96
2514,16728955,"Chris Murphy","2026-08-18 00:02:10",1182.1,2,mur418
2515,16704622,ray,"2026-08-11 16:30:13",1181.5,2,rayenezanned
2516,16633006,Kaiser,"2026-09-01 06:36:38",1181.3,1,kaiserm
2517,16655474,Focus,"2026-08-31 09:10:43",1181.2,1,overvalueawareness
2518,16655715,Chin,"2026-08-12 06:20:32",1181.1,2,qinyukun
2519,16698942,"PRADHAN RS","2026-08-13 18:06:58",1180.1,2,pradhanrs
2520,16662681,"Vernon Campbell","2026-08-12 23:18:18",1179.7,2,vernoncampbell
2521,16692490,"Enes Coşkun","2026-08-11 05:37:38",1179.6,2,enscskn
2522,16651331,"Mohamed Saeed","2026-08-11 18:58:08",1179.5,2,m0sm71
2523,16700630,apoyusiken,"2026-08-12 06:10:52",1177.9,2,umutarpay
2524,16660037,shehai.lrs,"2026-08-11 13:37:32",1177.1,2,shehailrs
2525,16745092,zakihiro,"2026-08-21 07:59:39",1176.9,2,zakihiro
2526,16695137,"Samantha Nicole Bracamonte","2026-08-12 00:35:56",1176.7,2,snrbracamonte
2527,16679519,"Петьо Лазаров","2026-08-10 22:30:35",1176.7,2,pesosz
2528,16663214,"Mathieu W","2026-08-24 14:42:56",1176.0,2,mathieuw
2529,16698726,"Honeey L","2026-09-02 07:41:10",1175.5,2,honeeyl
2530,16624088,Pomiro,"2026-08-11 04:41:24",1175.3,2,pomiro
2531,16736816,LLE,"2026-08-22 16:50:40",1175.2,2,"rajaditya01,saiash"
2532,16661983,"Victor's Team","2026-08-12 12:05:19",1174.4,2,"dlordsjustified,jezrealmomoh,joludare,victorokpe"
2533,16719551,JamesYip7,"2026-08-20 10:24:50",1174.4,2,jamesyip7
2534,16706004,Divyansh,"2026-08-25 16:38:00",1173.7,2,sehgaldivyansh
2535,16804961,explise,"2026-09-02 08:13:03",1172.7,2,explise
2536,16640058,"Justin CH123","2026-08-11 09:15:28",1172.4,2,justinch123
2537,16701466,"HELIOS reasonning","2026-08-11 22:38:55",1172.4,2,heliosreasonning
2538,16704247,WeAreFarmers,"2026-09-02 02:36:52",1172.3,2,gbmorris1
2539,16691591,"Dheeraj Kumar #3","2026-08-12 04:05:32",1171.8,2,kdheeraz
2540,16640869,taijunhao,"2026-08-12 10:26:30",1171.8,2,taijunhao
2541,16652741,"Sergi Bas","2026-08-12 16:05:13",1170.4,2,sergibas
2542,16675240,Leifson1337,"2026-08-30 16:47:49",1168.2,2,leifson1337
2543,16659662,MOHSIN525,"2026-09-01 15:43:49",1167.9,2,mohsin525
2544,16657429,"xiao cat q","2026-08-12 01:41:13",1167.6,2,xiaocatq
2545,16739181,yamu_duck,"2026-08-27 16:28:47",1167.4,2,crazyleg11
2546,16661093,"INDRAJIT SWAIN","2026-08-15 13:23:37",1167.1,2,indrajitswain
2547,16677723,"Trip Meiners","2026-08-11 19:26:55",1167.1,2,tripmeiners
2548,16695376,Garv88,"2026-08-13 12:19:20",1167.0,2,garv88
2549,16666296,A.P.R.I.L,"2026-08-24 09:32:28",1166.6,2,puneeth333
2550,16712651,riicon,"2026-09-01 12:00:17",1165.9,2,risakashiwabara
2551,16633886,mudesteven,"2026-08-16 02:54:25",1165.7,2,fastlight2007
2552,16633212,goosehaaan,"2026-08-31 23:14:19",1165.3,2,goosehaaan
2553,16695903,cerensukaramese,"2026-08-14 09:18:05",1165.2,2,cerensukaramese
2554,16726422,"Praveen Kumar","2026-08-29 11:25:55",1164.1,2,pankajrepswal
2555,16689366,"Cuong Le","2026-08-14 08:16:33",1163.9,2,ad1999
2556,16665237,"get some fries","2026-09-02 12:26:41",1163.6,2,"rainchen0411,richardsilence,tongyuexiao"
2557,16624625,"Harsha Vardhan","2026-08-10 07:33:35",1163.4,2,harshacode101
2558,16684012,ceh,"2026-08-16 04:58:18",1163.3,2,emilhessman
2559,16643319,Jules,"2026-08-30 13:24:53",1163.1,2,julesvanligtenberg
2560,16701221,"Othman Istaiteh","2026-08-10 13:25:38",1163.0,2,istatieh
2561,16660395,ljx59141421,"2026-08-12 01:27:08",1161.7,2,ljx59141421
2562,16704027,"Alan Cai","2026-08-10 22:36:40",1161.6,1,alancai27
2563,16655210,Amon,"2026-08-16 06:09:04",1160.8,2,kingaemon
2564,16658185,"Juwon Kweon","2026-08-25 00:45:16",1159.5,2,juwonkwon
2565,16666410,"Binil George","2026-08-12 10:40:43",1159.4,2,binilg
2566,16652212,"Варим сельский самогон","2026-08-10 16:23:21",1159.2,2,asimandia
2567,16793275,"Biao Cao","2026-08-30 13:44:48",1158.6,1,biaocao398
2568,16702482,"Carlos Navarro","2026-08-14 05:26:26",1158.1,2,navarr0
2569,16687935,"Sardak Pavel","2026-08-24 11:51:58",1157.4,1,bebra3222
2570,16671837,"Ronald K Wilson ","2026-08-28 13:09:38",1157.3,2,ronaldkwilson
2571,16725287,NoahRyan,"2026-09-01 16:43:26",1157.1,2,beginner080
2572,16696608,beanbamboozled,"2026-08-10 10:45:19",1156.7,2,beanbamboozled
2573,16691001,"Mahmoud Abdelshafy","2026-09-02 10:47:38",1156.6,2,mahmoudabdshafy
2574,16675305,"Justin Sabu Sebastian","2026-08-22 23:19:57",1155.0,2,justinsabusebastian
2575,16639476,耶✌,"2026-08-30 19:52:36",1154.5,1,qifeihhh666
2576,16675582,DavidX,"2026-08-11 06:05:18",1154.3,2,davidasx
2577,16746507,Ushimaru,"2026-08-21 09:01:51",1153.5,2,behindkun
2578,16670715,i3,"2026-08-30 03:16:21",1153.4,2,ishijima
2579,16790115,Starumi,"2026-08-31 00:39:22",1153.1,2,starumi
2580,16631777,KiKi,"2026-08-19 16:49:21",1153.0,2,kingkiller2164
2581,16725680,henri66,"2026-08-15 21:09:47",1153.0,2,henri665
2582,16806587,"Dear Shark","2026-09-02 10:20:37",1151.7,2,dearshark
2583,16805699,amrrs,"2026-09-02 02:22:18",1151.4,2,nulldata
2584,16656181,Vishwa,"2026-08-11 05:46:58",1151.3,2,rv1922
2585,16732140,Miaa1526,"2026-08-24 08:58:42",1150.8,2,miaa1526
2586,16768644,Momoko,"2026-08-25 03:22:50",1149.0,1,yangmengyuanmomoko
2587,16688265,"Kyle #2","2026-08-11 01:51:35",1148.8,2,georgeturbo
2588,16673097,"Sonu Kushwaha","2026-09-01 11:10:15",1147.4,2,sonukushwaha124
2589,16697142,Kujaomega,"2026-08-10 22:13:02",1145.7,1,kujaomega
2590,16690019,Around30,"2026-09-01 15:36:11",1145.2,2,"cyanspring,masahiromatsuda,sutesute000012"
2591,16659618,"Jeevan Jolly","2026-08-13 13:51:52",1145.1,2,jeevanjolly
2592,16705192,"John Ogah","2026-08-16 03:54:21",1144.9,2,johnogah
2593,16676275,Scorpi,"2026-08-12 01:34:25",1144.1,2,scorpi
2594,16699586,"Linda Liu","2026-09-02 05:38:13",1143.7,2,lpoint
2595,16729212,lilishyxf,"2026-09-02 07:18:46",1143.7,1,lilishyxf
2596,16674353,"Lakshmanan R","2026-09-02 06:32:53",1143.4,2,lakshmanankumar02
2597,16796370,MioValentine,"2026-09-02 09:48:02",1142.7,2,yuyizhu
2598,16799554,dengddd,"2026-09-02 13:15:35",1142.4,2,dengdgq
2599,16632231,"Samrish B","2026-08-30 16:06:48",1142.2,2,samrishb
2600,16624645,"Closed Loop","2026-09-01 23:00:33",1142.2,2,hobbisttech
2601,16780558,hxrdxk,"2026-08-29 18:36:48",1141.7,2,hxrdxk
2602,16745059,mekduy,"2026-08-29 11:42:07",1141.2,2,mekduy
2603,16633793,adakoda,"2026-08-12 01:49:13",1140.7,2,adakoda
2604,16710469,Qimra1729,"2026-08-13 00:09:57",1140.6,1,qimra1729
2605,16658983,"Titi Huang","2026-08-24 11:38:29",1139.4,2,titihuang
2606,16663603,xsong2020,"2026-09-01 03:17:10",1139.1,2,xstargate
2607,16672075,"Kameron Green","2026-08-11 05:49:32",1138.7,2,hgenix20
2608,16655693,DePie,"2026-08-10 08:01:37",1138.1,2,phucthaiv02
2609,16665058,"Llin Ding","2026-09-01 05:38:32",1137.2,2,llinding
2610,16660594,XIAODOUZI,"2026-08-17 12:06:50",1136.4,2,xiaodouzi666
2611,16711204,"harden james","2026-08-12 08:00:14",1135.9,1,ffusername
2612,16691275,"Muhiminul Islam   Mahim","2026-08-12 10:04:35",1135.6,2,muhiminulislammahim
2613,16729800,"Alchemical Retard.","2026-08-20 07:28:07",1135.6,2,alchemicalretard
2614,16652849,Hejunhui,"2026-08-16 14:15:29",1135.5,2,website98
2615,16658109,edward1503,"2026-08-17 04:22:50",1134.9,2,nguynnc
2616,16662176,"jorge fabian avila","2026-08-10 18:51:13",1132.8,2,jorgefabianavila
2617,16724233,"Rafal Porwol","2026-08-21 18:42:37",1132.5,2,rafalporwol
2618,16690567,"Falih Kaleel","2026-08-29 10:09:06",1131.1,2,alphajet185
2619,16664481,"Siddhu Jaykay","2026-08-12 14:02:29",1130.5,2,siddhujaykay
2620,16731924,CuddleYokai,"2026-08-19 10:57:11",1130.5,2,cuddleyokai
2621,16675752,"Simon Rüba","2026-08-10 14:23:16",1130.1,2,simonrba
2622,16793553,hoon0303,"2026-09-02 13:19:05",1129.9,2,hoon0303
2623,16803141,"Zachariah Zhang","2026-09-02 12:40:32",1129.0,2,xinweizhang003
2624,16643233,"Marco DG","2026-08-11 06:20:14",1128.6,2,marcodg
2625,16668998,WarRusher,"2026-09-02 08:06:02",1127.9,2,warrusher
2626,16668334,Suavemango,"2026-08-12 05:18:03",1126.6,2,suavemango
2627,16697411,VynoDePal,"2026-09-02 10:44:02",1126.1,2,kvynodjo
2628,16672579,"Udbhaw Anand","2026-08-22 13:15:18",1126.1,2,udbhawanand
2629,16672040,"Tom Yim","2026-08-12 05:12:30",1125.3,2,tomyim
2630,16732104,sizumita,"2026-09-02 12:24:50",1122.5,2,sizumita
2631,16731983,Gracie,"2026-08-30 16:53:05",1121.7,2,gracie428
2632,16639236,"Dhavan Shah","2026-08-12 18:20:38",1121.1,2,dhavanshah99
2633,16629165,lingyu07,"2026-09-02 13:21:59",1121.0,2,lingyu07
2634,16654122,"Peter Thompson","2026-08-10 17:59:36",1119.6,2,mightytreefolk
2635,16737482,Lindicaphxag,"2026-08-27 03:41:59",1119.6,2,oblivicore
2636,16723318,グレイラットルーデウス,"2026-09-02 09:07:24",1119.2,2,rudeus666
2637,16663166,Rey4Dan,"2026-09-01 21:32:26",1119.1,2,rey4dan
2638,16749435,SGY2512,"2026-08-28 16:10:11",1118.7,2,sgy2512
2639,16736429,Rudra278,"2026-08-18 12:07:42",1118.3,1,rudra278
2640,16780967,"black hole sun","2026-09-01 02:25:21",1118.0,2,danielefiorino
2641,16659430,"John Keith Weber","2026-08-13 05:18:03",1117.6,2,johnkeithweber
2642,16709504,U023,"2026-08-11 22:04:04",1117.2,1,ryutek
2643,16674347,"pokemon farmer","2026-09-02 13:19:00",1117.1,2,yuanzhezhou
2644,16662712,"Roman Stupin","2026-08-27 23:52:01",1116.1,2,rcnegby
2645,16660137,Densike,"2026-09-02 06:32:33",1116.0,2,densike
2646,16677596,Sere1n,"2026-08-24 06:51:52",1115.9,2,chacc0
2647,16705441,CooperJiang,"2026-08-13 06:57:44",1113.7,2,gingersna
2648,16746592,Harvester,"2026-08-21 13:57:05",1113.5,2,yudhis16
2649,16685743,"Alex Oranov","2026-08-28 19:30:54",1113.0,2,aoranov
2650,16694744,XiaoZhiren,"2026-08-10 13:03:56",1111.6,2,"ruikangan,xiaozhiren"
2651,16630984,TakamaruEX,"2026-08-31 20:42:33",1110.6,2,takamaruex
2652,16653153,Gbining,"2026-08-09 12:21:06",1110.4,2,gbining
2653,16666632,to1_10i,"2026-08-19 20:27:42",1109.7,2,to110i
2654,16635195,my,"2026-08-18 06:01:08",1109.0,2,ryyymy
2655,16730449,"Shinichiro Yoshida","2026-08-29 16:24:21",1108.5,2,sysd00
2656,16739363,kulukkuluu,"2026-09-02 11:37:43",1107.3,2,kulukkuluu
2657,16693374,"Henfry De Los Santos","2026-08-12 11:43:51",1106.8,2,henfrydelossantos
2658,16760101,"Big Moo","2026-08-25 00:52:06",1105.7,2,abdullahramadan1
2659,16633133,"[Deleted] ef4f021b-198c-4d19-9134-3805e9f76f46","2026-08-19 08:49:58",1105.6,2,holeneckles
2660,16666282,"Bang sion","2026-08-22 10:06:06",1105.5,2,bangsioni
2661,16655323,roma,"2026-08-09 19:49:51",1105.2,2,mnroma
2662,16663928,Auxileon,"2026-08-09 16:20:13",1104.5,2,auxileon
2663,16644891,yankang_XZK,"2026-08-12 05:20:35",1104.4,2,yankang233
2664,16713031,"Nahid Hossain Redom","2026-08-13 15:38:30",1103.9,2,nahidhossainredom
2665,16672660,"Straw Hat","2026-08-11 06:14:47",1103.2,2,"anuragugargol,tanishafagare114"
2666,16747306,"Yasasvi Josyula","2026-09-02 05:00:23",1101.7,2,yasasvijosyula
2667,16758767,"Mikhail Karchevskiy","2026-09-02 12:27:09",1101.0,2,suvalex
2668,16698206,"Bark at the Barnyard","2026-08-21 03:21:19",1100.7,2,mming0430
2669,16694346,ywwywww,"2026-08-10 03:34:01",1100.0,2,ywywww
2670,16679810,"Patrick Joël MAIRLOT-MBEZELE","2026-08-12 14:47:54",1098.9,2,pigenesis75
2671,16761975,lixiuqixiaoke,"2026-08-26 09:59:11",1097.3,2,lixiuqixiaoke
2672,16674744,"Burhan Ul Tayyab","2026-08-10 10:55:43",1096.9,2,babychick
2673,16653385,"Vasilii Buzmakov","2026-08-26 09:29:04",1095.7,2,vasiliibuzmakov
2674,16679347,"Youssef EL MSIYAH","2026-08-09 12:07:55",1095.4,2,youssefelmsiyah
2675,16680646,Naym0425,"2026-08-14 04:20:36",1094.7,2,naym0425
2676,16671314,"Robot Farm","2026-08-29 16:54:23",1093.5,2,codearranger
2677,16739578,"Pietro Valocchi","2026-09-02 09:31:38",1093.3,2,pietrovalocchi
2678,16656810,IskanderAkhmetov,"2026-08-11 07:43:50",1092.8,2,iskander2017
2679,16645078,"A Aswanth Raj","2026-08-09 08:57:36",1092.7,2,aaswanthraj
2680,16639583,typeIIIfairy,"2026-08-19 13:09:28",1091.7,2,typeiiifairy
2681,16662718,xlnt,"2026-08-22 12:37:49",1089.6,2,"princebisht,xlnt404"
2682,16760841,KIsXcl,"2026-08-24 14:34:11",1089.0,2,kisxcl
2683,16658044,"Roshan Singh","2026-08-22 08:47:57",1088.9,2,roshanavadheshsingh
2684,16670545,"Mouad AIT HA","2026-08-18 20:03:55",1088.6,2,mo0103
2685,16674881,"Saisree Dhanasekaran","2026-08-20 08:09:07",1088.2,2,saisreedhanasekaran
2686,16698735,Larfii,"2026-08-21 18:01:02",1087.9,2,larfii
2687,16654109,"Mohamed Amine Aichaoui","2026-08-22 13:54:01",1087.2,2,mohamedamineaichaoui
2688,16672247,"Movie Watch2022","2026-08-18 19:48:12",1086.0,2,moviewatch2022
2689,16684852,後藤将斗,"2026-08-24 14:51:20",1085.8,2,masato09
2690,16639969,"Sheep Are All You need","2026-08-29 10:49:33",1085.3,2,aliyelbekov
2691,16654322,"Debatreya Biswas","2026-08-10 02:02:38",1085.2,2,debatreyabiswas
2692,16698467,"Ra'uf Fauzan Rambe","2026-08-10 04:29:13",1085.1,2,rauffauzanrambe
2693,16644378,"hicham bedrani","2026-08-28 11:33:17",1084.1,2,hichambedrani
2694,16659610,gareeb,"2026-08-10 15:46:50",1084.0,2,"arjund29,saqlainsqx,yashawl194"
2695,16684947,Hoaquason,"2026-09-02 09:21:14",1082.6,2,"datnguyen0102,mibombaclat"
2696,16631101,"Muneeb ul Hassan","2026-08-10 09:56:41",1082.2,2,muneeb2405
2697,16699784,nianyu,"2026-08-10 09:46:32",1081.9,2,nianyuc
2698,16756592,"Abdalrahman Eissa","2026-08-23 23:43:11",1081.5,2,abdalrahmaneissa
2699,16672371,Loren-wen,"2026-08-09 13:23:49",1081.3,2,wofusituerte
2700,16694065,zhangwei02,"2026-08-30 09:29:12",1080.4,2,zhangwei02
2701,16661249,Yaohui,"2026-08-26 14:59:02",1079.5,2,yaohui85
2702,16698661,"Albert Wang","2026-08-10 03:51:15",1078.4,1,mianwang1024
2703,16684639,Bru3ll,"2026-08-09 15:50:45",1077.3,2,bru3ll
2704,16696852,MYGEMER,"2026-08-09 15:43:13",1076.9,1,mygemer
2705,16665637,Luvsh81,"2026-09-02 13:32:36",1076.8,2,luvsh81
2706,16663780,"Hamza Kanice","2026-08-09 00:08:11",1076.2,2,hamzakanice
2707,16670202,"Elizabeth Park","2026-08-09 20:33:17",1076.1,2,elizabethpark
2708,16672980,"Thomas Prinz","2026-08-09 13:57:51",1076.1,2,xardiphotography
2709,16713590,"Александр Арутюнян","2026-08-13 05:20:18",1075.6,2,alexarut17
2710,16683439,Goober,"2026-08-10 19:46:41",1075.3,2,kongzhisyuen
2711,16724895,russ,"2026-08-19 08:55:30",1075.0,2,mdevian
2712,16705907,Adrià,"2026-08-29 21:57:05",1074.9,2,adriamb3
2713,16789865,AgroByte-dev,"2026-09-01 13:19:08",1074.1,2,ylyasyylkybayev
2714,16722500,"Mike Murunov","2026-08-16 15:18:17",1072.4,2,mikhailmurunov
2715,16669439,"RL на спорах и мухоморах ZZZZZ","2026-08-23 09:29:37",1072.2,1,egoregors
2716,16657598,"Arun Mallikarjuna","2026-08-10 04:29:14",1072.0,2,arunmallikarjuna
2717,16623461,MightyK,"2026-08-09 05:36:23",1071.3,2,anhhkhoi
2718,16715729,Ajay_Rao_43,"2026-08-17 04:34:13",1070.9,1,ajayrao43
2719,16667124,"Chaotic Era","2026-08-12 01:26:13",1070.3,2,sani84
2720,16657989,"vishnu gopal P","2026-08-08 12:27:56",1070.2,2,vishnugp
2721,16635518,"ROFIQUL ALAM SHEHAB","2026-08-09 11:49:00",1069.5,2,rofiqulalamshehab
2722,16638998,"khalid harouach","2026-09-01 13:49:22",1069.3,2,khalidharouach
2723,16624485,"Nishant Dahal","2026-08-10 02:24:42",1069.0,2,nishantdahal
2724,16669826,Jesse,"2026-08-09 16:12:43",1068.7,2,jesneuman
2725,16695799,Vaycheslav,"2026-08-09 19:44:14",1068.1,2,vaycheslav
2726,16685828,Ztr0,"2026-08-09 05:53:10",1067.6,2,y1amadeus
2727,16661899,AAI,"2026-08-09 14:23:08",1066.5,2,aiolapo
2728,16689471,wenjinyang,"2026-08-11 13:32:09",1065.6,2,wenjinyang
2729,16652214,Zhenrui.Weng,"2026-08-09 06:45:10",1065.1,2,zhenruiweng
2730,16792989,ALKRIS,"2026-08-31 14:35:26",1063.2,2,wasimjbuh
2731,16622376,fmind,"2026-08-21 15:49:18",1063.1,2,freaxmind
2732,16661707,"Rudolf HOUNLETE","2026-08-09 11:41:08",1062.5,2,queystanle
2733,16679848,Nikola010,"2026-08-13 16:29:19",1062.5,2,nikola010
2734,16658875,"Noah Bishop","2026-08-10 09:56:34",1062.3,2,noahbishop1
2735,16657587,PxlPau,"2026-09-02 13:17:04",1061.2,2,studybeetutoring
2736,16670406,"jessica jennifer","2026-08-20 15:55:41",1060.6,2,jessicajennifer
2737,16683036,"Ritesh Thawkar","2026-08-14 08:34:08",1060.3,2,riteshthawkar
2738,16665500,"Madan kumar","2026-08-13 17:31:57",1060.1,2,winklemad
2739,16692038,CodeHacker,"2026-08-09 07:58:52",1060.0,2,junhanzangai
2740,16683982,Kenny,"2026-08-16 19:43:13",1059.9,2,kmonar
2741,16726173,"Aman Bihari","2026-08-23 12:51:05",1059.8,2,amanbihari
2742,16663668,"╰┈➤ˎˊ˗ www.sleepyai.org","2026-08-08 23:49:32",1059.7,2,tahsinarafat
2743,16732679,argon,"2026-08-19 08:32:47",1059.7,2,argonlabs
2744,16668758,"Aman Vishwakarma","2026-08-09 17:33:00",1059.4,2,amanvishwakarma01
2745,16725564,"Kole Duncan Robertson","2026-08-31 01:40:11",1059.0,2,kduncanrobertson
2746,16676038,"Adyanth M","2026-08-09 05:12:40",1057.9,2,adyanthm
2747,16624309,jjamppongmandu,"2026-08-10 01:36:25",1057.2,2,"beckspeca,hihiimj,jjamppongmandu"
2748,16694751,im_justmatthew,"2026-08-10 11:27:00",1056.0,2,imjustmatthew
2749,16665976,"Daksh Goyal","2026-08-08 20:36:06",1056.0,2,dakshgoyal387
2750,16695182,"Ali Haydar Özdağ","2026-08-10 14:29:59",1055.7,2,ahoirg
2751,16660385,"Jose Santiago Echevarria","2026-08-25 12:02:45",1055.7,2,jmsechevarria
2752,16684762,X-xuhui,"2026-08-08 10:07:58",1055.6,2,xxuhui
2753,16639496,"Sai Teja Bandaru","2026-08-11 14:51:49",1055.2,2,saitejabandaruin
2754,16630249,"Aymar Avohoueme","2026-08-20 10:22:33",1055.0,2,aymaravohoueme
2755,16675778,213tubo,"2026-08-28 09:58:57",1053.8,1,tubotubo
2756,16733111,qihuaz,"2026-09-02 10:05:44",1053.6,2,qihuaz
2757,16652827,"Rob C","2026-08-14 03:04:30",1053.3,2,robertcheah
2758,16681986,"Chirantan Bhardwaj","2026-08-07 10:07:52",1053.0,1,chirantanbhardwaj
2759,16661739,"Spandan Mhapsekar","2026-08-08 10:39:41",1052.8,2,spandanmhapsekar
2760,16653984,"Howard Lyu","2026-08-08 18:35:00",1051.8,2,howardlyu
2761,16669038,"Nabeel Shar","2026-08-09 13:29:09",1051.8,2,nabeelshar
2762,16720913,Candidates,"2026-08-23 17:18:05",1051.8,2,"ulyanovmmm,vladimirarchipov"
2763,16738705,"Atilla Y","2026-08-25 06:27:51",1051.7,2,atillay
2764,16678930,"Just a moroccan","2026-08-09 13:45:12",1051.3,2,zbidaamine
2765,16732496,kanno,"2026-08-18 04:16:14",1050.2,2,kannomasaki
2766,16644150,"J.M.Mubasshir Rahman","2026-08-09 17:15:01",1049.9,2,jmmubasshirrahman
2767,16660430,"Hassaan Ibrahim","2026-08-10 12:45:55",1049.7,2,hassaanibrahim
2768,16659585,"Anas Riaz","2026-08-08 20:20:23",1049.5,2,anasriaz
2769,16661100,"Muhammad Junaid","2026-08-17 10:50:45",1048.7,2,junaid512
2770,16771780,Trichoderma,"2026-08-29 01:41:24",1048.1,2,brunoescalhao
2771,16663827,magoemu,"2026-08-14 06:39:32",1047.4,1,magoemu
2772,16623189,"Aditya Mishra","2026-08-09 03:42:06",1047.2,2,adityamishranika
2773,16664179,animelonerboy,"2026-08-09 15:52:55",1046.8,2,adambasa5
2774,16665841,"Mohit Rao","2026-08-09 05:05:31",1046.3,2,vmohitrao
2775,16674839,"hongqian miao","2026-08-08 09:24:03",1046.1,2,hongqianmiao
2776,16690829,JeremyH43,"2026-08-16 00:06:30",1046.0,2,jeremyh43
2777,16660101,Zarathustra,"2026-08-12 02:48:18",1045.6,2,rezkyadytama
2778,16664242,"Alex Lee","2026-08-11 03:43:12",1045.4,2,aiexanderr
2779,16690897,"Ashok Kumar Garain","2026-08-08 13:26:11",1044.9,1,ashokkumargarain
2780,16705242,"Chonghao Peng","2026-08-26 21:16:03",1044.7,2,chonghaopeng
2781,16717671,Jeremy,"2026-09-01 15:58:58",1043.8,2,lukeenness
2782,16749776,DataLover,"2026-08-20 16:34:37",1043.7,1,paulknidler
2783,16635330,tekatoncat,"2026-08-16 23:42:10",1042.5,2,tekatoncat
2784,16683909,"Krzysztof ""Chris"" Karaszewski","2026-08-14 08:41:11",1041.8,2,futureofworkchannel
2785,16665935,eternitywinner,"2026-08-08 14:41:53",1041.3,2,eternitywinner
2786,16629699,radiant-allomancer,"2026-09-02 07:25:14",1041.2,2,radiantallomancer
2787,16634082,"Mikey Marszewski","2026-08-09 00:46:00",1041.0,2,mikeymarszewski
2788,16664409,"Kathi Munishwar","2026-08-09 03:37:05",1041.0,1,kathimunishwar
2789,16686843,"Juraj Zelman","2026-08-09 08:40:09",1040.8,2,jurajzelman
2790,16684568,"[ODS] waniz","2026-08-08 11:04:42",1040.6,1,wanizz
2791,16678506,SireeshLimbu,"2026-08-08 08:39:43",1040.5,2,sireesh
2792,16676193,"Akira Hirohashi","2026-08-07 14:00:23",1039.9,2,akirahirohashi
2793,16625472,"luna is free！","2026-08-29 16:39:51",1039.4,2,simingtan
2794,16634468,"Kun Zhang","2026-09-01 11:38:47",1039.2,2,beicicc
2795,16734498,kazuhiro3381,"2026-09-01 03:44:31",1039.0,2,kazuhiro3381
2796,16692469,neoistheone,"2026-08-08 18:38:13",1038.9,1,neoistheone
2797,16660120,gktdgktdgktd,"2026-08-07 07:50:45",1038.5,2,gktdgktdgktd
2798,16730236,扑晒大街,"2026-09-02 12:32:15",1038.3,2,zihaokang
2799,16669930,"Ilya Klimanov","2026-08-25 13:30:13",1038.2,2,ilyaklimanov
2800,16622487,"Sam kramer_1028","2026-08-18 09:40:58",1038.2,2,samkramer1028
2801,16679683,Aberrchan,"2026-08-08 17:44:32",1038.1,2,aberrchan
2802,16658499,Grifun,"2026-08-09 03:24:51",1037.6,2,msingatullin
2803,16667091,"Nico Feiler","2026-08-07 14:27:47",1037.4,2,nicofeiler
2804,16658278,"Malcolm Durosaye","2026-08-18 20:59:51",1037.0,2,malcolm95
2805,16662592,"Vladislav Yushkevich","2026-08-09 14:54:24",1036.7,2,"crazyflyingsheep,vladislavyushkevich"
2806,16623034,"Vlad Kochetov","2026-08-10 21:43:51",1036.3,2,vladkochetov07
2807,16669711,"Anton Shaniuk","2026-08-09 12:46:11",1036.2,2,antonshaniuk
2808,16655497,cszf_first,"2026-08-09 02:06:46",1035.8,2,cszffirst
2809,16688898,"Sanskar Omar","2026-08-09 11:10:44",1035.3,2,sanskaromar7
2810,16670117,"Raj Aryan","2026-08-07 18:15:04",1035.2,2,rajaryan2503
2811,16694317,"PRITIKA SA","2026-08-09 07:17:19",1034.5,2,pritikasa
2812,16659958,brainpick,"2026-08-24 21:54:50",1034.5,2,prathvirajpalekar
2813,16732667,Doug,"2026-08-26 23:26:49",1034.4,2,dougsgrott
2814,16742442,"Anton Dugin","2026-08-21 09:51:07",1033.9,2,antondugin
2815,16680075,I_luv_magick,"2026-08-07 09:50:30",1033.6,2,iluvmagick
2816,16624003,weedfarmer,"2026-08-08 05:34:16",1033.5,2,aleksanderhan
2817,16653262,"tianwen zhang1","2026-08-08 16:21:18",1033.3,2,tianwenzhang1
2818,16633043,"Ryan Adams","2026-08-27 23:24:08",1032.8,2,ryanadamsai
2819,16692883,coolguy,"2026-08-08 20:56:21",1032.8,1,vihangpagare334
2820,16692677,"Ashish Dubey","2026-08-10 06:17:34",1032.2,2,ashish124536
2821,16688579,"Long Hu","2026-08-09 09:41:04",1031.6,1,longhul
2822,16671372,"Meet Sabhaya","2026-08-08 06:02:13",1031.5,2,meetsabhaya
2823,16671403,"Alex Karpowicz","2026-08-08 18:36:52",1030.7,2,alexkarpowicz
2824,16665015,"laiba razzaq10","2026-08-07 14:21:49",1030.7,2,laibarazzaq10
2825,16630372,Q.qlmmm,"2026-08-24 18:25:02",1030.2,2,qlammi
2826,16687463,"Manolo Chow","2026-08-09 22:56:20",1029.8,2,manolochow
2827,16659730,"Zhang Yingluo","2026-08-10 08:15:53",1029.1,2,zhangyingluo
2828,16662161,"Touhidul Alam Seyam","2026-08-10 12:39:51",1028.9,2,seyamalam
2829,16692970,LakoMoor,"2026-08-09 17:43:25",1028.4,2,lakomoor
2830,16670361,"Saud Saudesen","2026-08-15 22:16:42",1028.2,2,saudsaudesen
2831,16681480,"Kevin Nguyen","2026-08-14 18:16:29",1028.2,2,haidangnguyen1802
2832,16656347,OctahedronBB,"2026-08-07 00:52:27",1028.2,2,octahedronbb
2833,16641535,Tutti,"2026-08-09 12:38:55",1028.1,2,malk271828
2834,16716558,"Evan Tobias","2026-08-31 19:19:50",1028.0,2,evantobias
2835,16807802,嘴爷,"2026-09-02 12:19:38",1027.7,2,zui0711
2836,16662730,Operator-X,"2026-08-08 10:06:04",1027.2,2,"jpexee,lavlinjaisonme23b250"
2837,16663457,Furqan102102,"2026-08-09 12:02:35",1027.0,2,furqan102102
2838,16677399,lyts,"2026-08-23 16:04:08",1026.9,2,lytsyyds
2839,16623485,XtraLearning,"2026-08-09 17:10:36",1025.7,2,xcessivesmash
2840,16640332,"ning gu","2026-08-21 00:01:22",1025.5,2,morninggu
2841,16665353,Sakshamm2587,"2026-08-17 16:50:43",1025.2,2,sakshamm2587
2842,16637919,NoOneAhead,"2026-08-07 05:12:50",1024.5,2,jerrlu
2843,16664827,"Jose Miguel Diez de la Lastra","2026-08-07 16:08:49",1024.4,2,josemigueldiez
2844,16668029,Timbo615,"2026-08-07 11:56:21",1024.1,2,timbo615
2845,16660259,Marcus,"2026-08-08 17:23:34",1024.1,2,marcuseno
2846,16765151,htnhtn,"2026-09-02 08:20:40",1022.9,2,htnhtn
2847,16731259,"Manvik singh rathore","2026-08-30 17:18:55",1022.5,2,manviksinghrathore
2848,16644552,Keanan,"2026-08-08 11:35:17",1022.3,2,citerne
2849,16626203,"Manish Kumar Maurya","2026-08-18 17:01:59",1022.2,2,manishkumarmaurya11
2850,16658789,Zhanpeng.W,"2026-08-08 10:05:26",1021.5,2,zhanpengw
2851,16689084,Tam1m,"2026-08-29 09:56:39",1021.1,2,booleanwolf
2852,16681226,"tingting shen","2026-08-10 09:24:23",1021.0,2,tingtingshen99
2853,16664666,"Rheal Thomas","2026-08-21 19:29:44",1020.7,2,rhealthomas
2854,16667245,"KAIWALYA RAUT","2026-08-09 09:04:25",1020.6,2,kaiwalyaatulraut
2855,16670020,nanare,"2026-08-28 19:08:06",1019.9,2,nanaresudo
2856,16680408,mochogo,"2026-08-07 05:42:33",1019.6,1,mochogo
2857,16671844,I2nfinit3y,"2026-08-07 02:27:10",1019.3,2,i2nfinit3y
2858,16670065,"Artyom Sayapin","2026-08-18 23:40:18",1019.1,2,spielmeister
2859,16664283,"Nguyễn Hữu Công","2026-08-07 05:24:48",1018.9,2,nguynhucng
2860,16654626,bgsszsa,"2026-08-07 12:01:33",1018.7,2,bgsszsa
2861,16622788,Fitzcarraldo,"2026-08-07 14:17:24",1018.4,2,ivankuc
2862,16655763,"Diogo Sena","2026-08-22 17:08:45",1018.2,2,diogodmsena
2863,16666826,"Simone di costanzo","2026-08-07 19:38:11",1017.6,2,simonedicostanzo
2864,16676025,"Csaba József","2026-08-31 19:31:00",1017.0,2,"jcsaba,peterkiss4"
2865,16655156,"Pranjal Ranjan","2026-08-06 23:58:43",1016.4,2,pranjalranjan299
2866,16655076,"Tita Kongolo","2026-08-08 09:08:57",1016.3,2,titakongolo
2867,16683852,"Abhiram Anil","2026-08-08 06:26:11",1016.3,2,abhiramanil
2868,16671174,Alexandre008,"2026-08-09 12:29:49",1015.5,2,alexandre008
2869,16693382,Sandrone,"2026-08-29 07:40:35",1015.3,2,luvgoelo
2870,16643193,"Shoroogh Ahmadi","2026-08-13 10:36:43",1015.1,2,shorooghahmadi
2871,16670221,fle3n,"2026-08-08 19:48:37",1015.1,2,fleongg
2872,16666686,yolo,"2026-08-08 12:08:38",1015.0,2,avin55
2873,16634174,phibkro,"2026-08-07 03:10:52",1014.1,2,phibkro
2874,16630129,"Yi Lu","2026-08-08 05:23:05",1013.2,2,liqiu0224
2875,16631536,kglctf,"2026-09-02 12:16:22",1012.6,2,kglctf
2876,16630441,"yjhv buddies","2026-08-07 09:50:05",1012.5,2,bender1123123
2877,16665529,Venneth,"2026-08-08 12:32:20",1012.3,2,venneth
2878,16663369,csteeve,"2026-08-07 18:44:37",1011.5,2,csteeve
2879,16666358,"GAYATHRI SALINI","2026-08-07 07:55:26",1010.6,2,gayathrisalini09
2880,16748142,"Hikaru Umeda","2026-09-02 09:17:32",1009.7,2,hikarumeda1030
2881,16668034,ggggalaxy,"2026-08-28 04:56:40",1009.2,2,ggggalaxy
2882,16660613,今日洗澡明日香,"2026-08-07 09:58:49",1009.2,2,"jasperkag,ryjiang,timmengzh,yningc"
2883,16658670,EveryJust,"2026-08-07 08:33:35",1008.8,2,"everyjust,zfc666wsnd"
2884,16670378,"Ari Carter","2026-08-08 23:18:02",1008.0,2,aricarter
2885,16667219,"Komil Parmar","2026-08-08 10:00:55",1008.0,2,komilparmar
2886,16673131,"Arfin Mustofa","2026-08-19 01:46:41",1006.9,2,arfinmustofa
2887,16702674,"Varun S G","2026-08-25 12:24:45",1006.7,2,warun7
2888,16690805,"Alejandro Ayestaran","2026-09-02 13:18:16",1006.7,2,alejandroayestaran
2889,16670058,"Dahoui Alex Armel ","2026-08-07 01:02:07",1004.9,2,dahouialexarmel
2890,16685990,VictorAndrew,"2026-08-10 16:39:51",1004.6,2,vicktvr
2891,16657957,"Mounika Kommireddy","2026-08-08 07:57:32",1004.2,2,mounikakommireddy
2892,16623524,"Marcus Vinicius","2026-08-28 13:04:15",1003.1,2,marcux777
2893,16682336,"Çınar Efe Yetişen (Student)","2026-08-19 08:29:20",1002.7,2,narefeyetienstudent
2894,16656118,Mutte1904,"2026-08-07 05:03:56",1002.0,2,mutte1904
2895,16673179,"Muhammad Faraz Aftab","2026-08-09 10:18:58",1002.0,2,muhammadfarazaftab
2896,16685358,"Nuno Ferreira","2026-08-07 13:48:37",1001.9,1,ngcferreira
2897,16673002,xubenzheng,"2026-08-07 15:40:31",1001.3,2,xubenzheng
2898,16665431,"Monojit Nandy","2026-08-06 11:50:38",1001.3,2,vedarthmn
2899,16670671,"TAUIL Abd Elilah","2026-08-11 01:17:39",1001.0,2,tauilabdelilah
2900,16686155,梁圣的恩情还不完,"2026-08-16 15:48:21",1000.5,2,yyyyhhhhwww
2901,16665561,LuoXingda,"2026-08-07 08:22:42",1000.1,2,luoxingda
2902,16736559,"Team Rot-Weiß","2026-08-19 13:22:35",999.8,2,moritzpaal
2903,16640701,momoon,"2026-09-02 11:22:51",999.8,2,nomuraryota
2904,16631665,"jatan sanghvi","2026-08-07 06:10:48",999.3,2,jatansanghvi
2905,16668668,"George Byne","2026-08-25 10:10:36",998.9,2,georgebyne
2906,16671515,ziheng,"2026-08-07 09:47:38",998.9,2,zihengedie
2907,16669491,"Parakh Sharma","2026-08-06 10:59:33",995.8,2,parakh20
2908,16642579,"Desyat IO","2026-08-09 17:31:59",995.4,2,desyatio
2909,16729472,"Boris Pletenev","2026-08-16 17:23:56",995.4,1,borispletenev
2910,16639606,Peach2587,"2026-08-12 03:19:13",995.2,2,momokayoshioka
2911,16675753,Khafidin,"2026-08-12 05:16:26",994.6,2,khafidin
2912,16669273,Parag,"2026-08-07 02:10:29",994.2,2,paragkale
2913,16621802,fgwiebfaoish,"2026-08-13 12:21:54",993.9,2,fgwiebfaoish
2914,16658723,"Waleed Alkhateeb","2026-08-05 13:31:44",993.3,2,waleedalkhateeb
2915,16660537,Furina,"2026-08-08 13:52:01",992.9,2,cjlcjlcjl
2916,16676283,jnurik,"2026-08-07 17:24:01",992.8,2,nurdauletmoldik
2917,16627194,GzmCR632,"2026-08-10 14:31:37",992.6,2,gzmcr632
2918,16665898,chengsongtao,"2026-08-23 00:12:59",992.4,2,cheng618
2919,16653117,"li jiaqi77","2026-08-07 05:32:06",991.4,2,lijiaqi77
2920,16630758,"Keshav Joshi","2026-08-20 18:53:37",991.4,2,keshavjoshi22
2921,16640582,Attension_Seeker,"2026-08-10 06:57:51",991.2,2,aisipu
2922,16658709,"Kaggler Albafica","2026-08-06 10:05:39",990.6,2,kaggleralan
2923,16670040,galaxyhunter,"2026-08-17 19:22:06",990.3,2,pkharkwal
2924,16675027,namanbnsl,"2026-08-06 13:02:52",990.1,2,namanbnsl
2925,16674932,kokinnwakashuu,"2026-08-07 07:20:19",989.4,2,kokinnwakashuu
2926,16690889,"B A S E L #","2026-08-08 14:47:22",989.2,2,basselll
2927,16659000,xjlgg123,"2026-08-08 12:35:10",989.0,2,xjlgg123
2928,16659820,Accayo14,"2026-08-06 14:20:30",989.0,2,accayo14
2929,16676280,agniii,"2026-08-06 17:05:08",988.9,2,agniii
2930,16653208,FabienDaniel,"2026-08-07 10:17:38",988.7,2,fabiendaniel
2931,16676677,"Clark Stéphane","2026-08-07 18:58:45",988.2,2,clarkstphane
2932,16678288,"Speedrun retirement","2026-08-30 18:59:23",988.1,2,"josephkimanikamau,nanducode"
2933,16654832,mohit,"2026-08-07 00:01:08",988.1,2,mohitvarred
2934,16732403,ymg_aq,"2026-09-02 13:24:12",987.4,2,ymgpalaqs
2935,16623920,"Kazuta MIZUTA","2026-08-07 03:22:25",987.2,2,kazutamizuta
2936,16654623,"Asher Goldstein","2026-08-09 17:54:27",987.1,2,ashergoldsteincd21
2937,16690500,Mr.NoT_GaMeR,"2026-09-02 11:39:31",985.6,2,joshdilipkumarpatel
2938,16634078,"yoho kumedayo","2026-08-15 12:48:29",985.5,2,dorachinyastyle
2939,16668545,Ronty00,"2026-08-06 08:24:07",985.5,2,ronty00
2940,16633276,"Nolan Liang","2026-08-09 03:26:47",985.3,2,iamlkn
2941,16635781,wacata,"2026-08-19 14:53:05",985.1,2,wacata
2942,16665129,Doom,"2026-08-18 04:28:35",985.1,2,"mr6436,sanskaarundale"
2943,16653939,"Amr Yasser","2026-08-06 17:56:07",984.5,2,amryasswe
2944,16681065,SYC,"2026-08-07 03:22:25",984.3,1,yichengs
2945,16764081,"Demir Durbakayım","2026-08-29 21:21:56",983.9,2,sixcode
2946,16669971,"Luka Philip","2026-08-08 16:09:32",983.4,2,lukaphilip
2947,16639280,"Faruk Çiftler","2026-08-09 11:27:46",983.1,2,abdullahfaruk
2948,16652900,cjen07,"2026-08-07 23:33:05",983.1,2,cjen07
2949,16621716,harlen,"2026-08-06 08:04:24",981.5,2,harlenka
2950,16664360,"Rohan L","2026-08-28 22:21:41",981.4,2,rohanlopes
2951,16659525,"Dang Khoa Nguyen","2026-08-17 09:51:16",981.2,2,khoadangnguye
2952,16677240,"Jeevan Malla","2026-08-07 07:37:46",980.4,2,jeevanmalla
2953,16673604,"Jiman Kwon","2026-08-21 17:23:47",979.9,2,jimankwon
2954,16654697,KawattaTaido,"2026-09-02 03:27:25",979.3,2,kawattataido
2955,16626979,"Soobin An","2026-08-06 03:34:21",979.3,2,myotterspace
2956,16660555,"Nguyễn Nhật Thanh","2026-08-07 03:45:29",979.1,2,nguynnhtthanhhhhh
2957,16665169,"Rahul Barakoti ITM","2026-08-07 10:58:30",978.9,2,rahulbarakotiitm
2958,16691451,Nakano,"2026-09-02 07:37:11",978.6,2,spicatom0914
2959,16660215,"YoungDSML [dsml.kz]","2026-08-06 16:29:33",978.6,2,"mazgas,nurikw3"
2960,16795448,ultimatum_game,"2026-09-01 14:09:28",978.4,2,ultimatumgame
2961,16669518,Galagala,"2026-08-07 18:35:59",978.2,2,b12705059
2962,16664368,"Ujjwal Reddy","2026-08-10 19:43:26",978.2,2,ujjwalreddyks
2963,16758431,"Mathews Jere","2026-08-26 18:10:25",977.9,2,mathewjere
2964,16706222,"Xiangyu Liu","2026-08-31 12:32:34",977.9,2,xiangyuliu007
2965,16662041,"Thu Nguyen","2026-09-02 11:24:30",977.6,2,thunguyen1510
2966,16673155,"Babar Khilji","2026-08-06 15:55:26",977.5,2,babarkhilji
2967,16782792,"[Deleted] bdc3c175-811b-438f-9c3a-c2d9c80c106a","2026-08-29 07:16:45",977.5,2,del=e8b93c44cf962f9e
2968,16643922,Konstantin03,"2026-08-07 13:37:54",976.8,2,konstantin03
2969,16654726,"James Mancillas","2026-08-07 15:46:12",976.7,2,jamesmancillas
2970,16684470,"Soumi Ghosh","2026-08-11 10:59:07",975.3,2,soumighosh911
2971,16657290,lol-hiker,"2026-08-31 07:57:12",975.3,2,lolhiker
2972,16677675,"Roman Mironov","2026-08-06 17:30:28",974.7,1,helloromiro
2973,16630729,https://how.rl.works/,"2026-08-10 10:29:32",974.6,2,grennwolf
2974,16698071,nixotrix,"2026-09-02 06:35:23",974.5,2,nixotrix
2975,16658025,"Dennis Gioche","2026-08-06 09:08:34",974.2,2,dennisgioche
2976,16668039,NotEnoughTokens,"2026-08-06 13:04:52",974.2,2,"adofai,jonghyun7777,taglink"
2977,16623798,RuiKimura4,"2026-08-27 00:30:45",974.2,2,ruikimura4
2978,16666625,"Nguyen Ngoc Thien","2026-08-07 16:12:04",974.0,2,ngocthienai
2979,16669608,"Jesy Lu","2026-08-13 16:21:53",973.9,2,jesylu
2980,16658384,UwU,"2026-08-10 04:20:44",973.6,2,claudesewitz
2981,16679237,"Danilo Sepúlveda","2026-08-06 21:26:28",973.6,1,daniloseplveda
2982,16667205,"Andrew Lee","2026-08-06 11:16:52",973.3,1,andrewlee23023
2983,16660091,bcTiann,"2026-08-06 05:55:54",972.9,2,bctiann
2984,16665702,"Aman Gupta","2026-08-06 08:09:05",972.1,2,amangupta0014
2985,16679155,jeziorop,"2026-08-06 20:34:53",971.9,1,jeziorop
2986,16774884,assssstnuar,"2026-09-02 09:58:50",971.8,2,assssstnuar
2987,16743033,Nagahama,"2026-08-29 20:09:15",971.6,2,kazukinagahama
2988,16652986,"Justin Kimlim","2026-08-26 03:12:37",971.0,2,justinkimlim
2989,16671292,Yuyajk,"2026-08-07 09:00:27",970.9,2,yuyajk
2990,16642154,Burkina_team_mate,"2026-08-06 15:30:54",970.7,2,"belemkalilou,tedjosegregorybere"
2991,16667714,ZhexinJiang,"2026-08-06 11:26:30",970.6,1,zhexinjiang
2992,16670807,mannogun,"2026-08-07 11:05:42",970.4,2,arcanejumper
2993,16663591,"Joseph Franck","2026-08-25 10:07:56",969.9,2,josephfranck
2994,16675203,HK,"2026-08-06 11:38:05",969.9,1,hizurukonishi
2995,16659727,shuaiqiyang,"2026-08-06 08:48:53",969.9,2,shuaiqiyang
2996,16667606,Manifolds1,"2026-08-06 16:36:46",969.1,2,ptrakuldit
2997,16656941,"Winter Lamb","2026-08-30 00:06:56",967.4,2,fabiansyahcahyo
2998,16629972,"forever young","2026-08-07 00:48:31",967.3,2,keisukeyokota0428
2999,16732008,"Phoebe Lin","2026-09-02 09:43:29",967.1,2,phoebe0511
3000,16625908,trantrikien239,"2026-08-06 04:32:29",966.9,2,trantrikien239
3001,16718916,"ROBERT SSEBAMBULIDDE","2026-08-14 19:21:24",966.0,2,robertssebambulidde
3002,16671407,JBro13,"2026-08-07 02:29:02",965.7,2,jbro13
3003,16664170,SpookyHippo,"2026-08-06 02:44:29",965.4,2,spookyhippo
3004,16665256,zhoujqi,"2026-08-06 18:31:31",964.8,2,zhoujqi
3005,16661994,"Suvrat Rai","2026-08-16 09:04:58",964.5,2,suvrat11rai
3006,16653855,"Klgv Klgv","2026-08-06 11:54:38",964.1,2,klgvklgv
3007,16744809,"Ruben Romero Fernández-Monge","2026-08-25 18:00:39",963.5,2,salieri7
3008,16677188,Nicooni,"2026-08-06 16:35:01",963.1,1,nicooni
3009,16658717,"Aditya Kapadia","2026-08-06 14:32:16",962.5,2,adityakapadia2003
3010,16631016,木下陽平,"2026-08-06 14:52:20",961.7,2,yoheikaggle
3011,16806219,"Yiwei Pu","2026-09-02 13:23:07",961.2,2,"raven20010261,yiweipu"
3012,16797785,"Vivek Verma","2026-08-31 20:36:45",960.8,2,cosmicescape
3013,16729165,コーラ,"2026-08-23 07:30:40",960.2,2,cola0912
3014,16639125,"Caio Coelho","2026-08-09 15:38:12",958.6,2,caio41
3015,16713463,"Dillen Perumal","2026-08-29 16:39:37",958.3,2,dxllen
3016,16659045,Rai1,"2026-08-08 11:53:28",958.3,2,rai2003
3017,16623592,Jack,"2026-08-05 17:06:09",958.1,2,jackvd
3018,16635890,Poojan,"2026-08-06 09:44:47",957.6,2,poojankumartandel
3019,16652630,stars_w,"2026-08-25 17:13:04",957.6,2,starsw
3020,16664775,DoubleZs,"2026-08-06 02:55:02",956.4,2,zhang051018
3021,16758174,REBEL_K,"2026-08-27 18:30:45",955.9,2,rebelk
3022,16670527,"Balram Gupta","2026-09-02 11:03:32",955.7,2,"akankshaparab,bg28898"
3023,16668060,"Spiros Skarmoutsos","2026-08-08 12:48:07",955.1,2,spirosskarmoutsos
3024,16664819,"SUBHASRI  S","2026-08-23 04:02:41",953.7,2,subhasri2007
3025,16656393,"Faris Abqari","2026-08-07 00:15:25",953.0,2,farisabqari11
3026,16663213,"Takahiro Someya","2026-08-10 22:03:09",953.0,2,takahirosomeya
3027,16659761,cheng-han,"2026-08-06 08:16:10",952.9,2,neoshie
3028,16790145,"Casper du Jardin Kejser","2026-09-02 12:13:56",952.5,2,casperdujardinkejser
3029,16641326,IY,"2026-08-05 19:27:31",952.4,2,irotrader
3030,16687135,"Kavya Bhandari","2026-08-22 17:20:43",952.4,2,kavyabhandari1998
3031,16770724,Louras,"2026-08-26 09:49:05",952.3,2,louras
3032,16686513,Vipul_Kumar75476,"2026-08-11 20:16:12",952.2,2,vipulkumar75476
3033,16672520,"Nah I'd win","2026-08-07 08:09:12",951.9,2,asutriy
3034,16669542,Agzam,"2026-08-06 05:09:43",951.9,2,mazgag
3035,16653958,seowoohyeon,"2026-08-06 11:48:06",951.6,2,seowoohyeon
3036,16637458,OlivierS,"2026-08-31 23:06:18",951.3,2,oliviers
3037,16689697,Kmart0112,"2026-09-02 04:10:10",950.5,2,kmart0112
3038,16770912,IsonaEi,"2026-08-26 12:48:48",950.0,1,isonaei
3039,16666609,"visit palja.co","2026-08-15 03:34:49",949.7,2,sselrats
3040,16655353,"Pablo Montenegro","2026-08-09 02:13:47",949.2,2,pablomontalb
3041,16673682,MJ.LIU.T,"2026-08-06 08:14:05",948.9,1,mjliut
3042,16635679,WUHAOZHE618,"2026-08-15 04:08:45",948.7,2,wuhaozhe618
3043,16668357,"B.Pardha Manoj Reddy","2026-08-24 16:57:25",948.6,2,pardhamanojreddy
3044,16623665,Giba,"2026-08-05 22:44:41",948.1,2,titericz
3045,16655493,TheDigitalCK,"2026-08-07 12:31:58",947.4,2,thedigitalck
3046,16677774,"Abdulatif Mahgoub","2026-08-28 13:26:27",946.9,2,abdulatifmahgoub
3047,16762722,"Bruno Romero García","2026-08-31 20:24:32",946.5,2,brunoromerogarca
3048,16757741,"Malte Bories","2026-08-25 20:08:35",946.5,2,maltebories
3049,16674550,"Jebastin Nadar","2026-08-06 10:09:16",946.3,2,samfc10
3050,16668736,bhundreds,"2026-09-02 12:22:50",945.9,2,hundreds1103
3051,16667547,"miaoqing long","2026-08-06 03:31:43",945.9,2,miaoqinglong
3052,16724366,"YASH JAIN","2026-08-31 07:38:03",945.2,2,yashjain911
3053,16719793,dhuruvapriyan,"2026-08-14 16:06:42",944.6,2,dhuruvapriyan
3054,16632446,"Abdul Wahab Khan","2026-08-06 04:53:37",944.4,1,abdulwahab2321
3055,16734813,"Johan BONILLA MENDIETA","2026-09-01 23:21:50",944.1,2,johanbonillamendieta
3056,16678250,"RMS Danaraj","2026-09-01 20:05:20",943.7,2,salorajan
3057,16670304,"Daniel Tomaro1","2026-08-09 03:03:06",943.4,2,danieltomaro1
3058,16659217,Dynamic_fire07,"2026-08-05 18:51:51",942.7,2,"dynamicfire07,tryingmybest123"
3059,16665966,aj000,"2026-08-28 11:48:19",942.6,2,anishjagdaleaj
3060,16670765,"tensor choko","2026-08-05 23:03:23",942.3,1,tensorchoko
3061,16654081,"Aleksei Ponomarev","2026-08-06 00:43:57",941.9,2,alekseiponomarev
3062,16796145,Qian,"2026-09-01 15:04:00",941.8,2,"aurelianz,qianyuchaoni"
3063,16663899,"Abdelrahman Aboegela","2026-08-05 13:54:26",941.0,2,abdelrahmanaboegela
3064,16666784,"Michał Łapiński","2026-09-02 09:31:13",940.9,2,michaapiski
3065,16668995,"MD.Firoj Khondokar","2026-08-06 11:05:13",940.9,2,mdfirojkhondokar
3066,16654271,"Sophie and Yanna","2026-08-19 17:08:47",940.6,2,"morty3500,sophanie"
3067,16657198,Eldritch,"2026-09-02 09:41:40",939.8,2,thefool00
3068,16664291,"William Dennis","2026-08-11 07:57:27",939.7,2,williamdennis
3069,16629308,Sutee,"2026-09-02 12:42:25",939.5,2,lszlst
3070,16711556,"Avvy Lavoienne","2026-08-18 04:44:16",939.1,2,avvylavoienne
3071,16661410,tmxdlr,"2026-08-05 12:40:54",938.9,2,tmxdlr
3072,16663271,"Malyshev Danil","2026-08-05 14:57:19",938.1,2,malyshevdanil
3073,16625013,sash,"2026-08-05 01:00:10",938.1,2,sash2104
3074,16662896,"Adrian Dubois","2026-08-13 22:50:26",937.5,2,adriandubois
3075,16653085,"haoran huang430","2026-08-06 02:37:22",937.4,2,haoranhuang430
3076,16695556,"Prajwal Dongre","2026-08-12 08:53:42",937.3,2,prajwaldongre
3077,16695567,tera358,"2026-09-01 18:15:35",937.0,2,tera358
3078,16727696,Milkman,"2026-08-19 15:05:17",936.9,2,talhasahi
3079,16625921,JinchengZhang1,"2026-08-09 03:45:30",936.9,2,jinchengzhang1
3080,16639043,"saroj bono","2026-08-28 18:42:55",936.9,2,sarojbono197
3081,16635418,ocean240812,"2026-08-07 08:50:56",935.6,2,ocean240812
3082,16654209,"Nirav Mehta 1612","2026-08-10 15:41:47",934.8,2,niravmehta1612
3083,16623812,"SeshuRaju 🧘‍♂️","2026-08-25 13:12:13",934.7,2,seshurajup
3084,16729564,"Eirik Tveiten","2026-08-19 13:04:02",934.6,2,eiriktveiten
3085,16735488,"arhaan rai","2026-09-01 19:18:46",934.5,2,arhaanrai
3086,16774075,"Mohammad Yaser Hussain","2026-09-01 21:44:55",934.4,2,mohammadyaserhussain
3087,16698538,"Haozhe Wang 2022","2026-08-24 00:50:02",934.0,2,haozhewang2022
3088,16662910,"shoryakumar mishra","2026-08-05 16:05:32",933.9,2,shoryakumarmishra
3089,16748741,"pt ptao","2026-08-26 12:50:45",933.7,2,ptptao
3090,16659883,"Ahmad Hfdx5","2026-08-05 03:33:48",933.2,2,ahmadhfdx5
3091,16642207,"Nerijus Areska","2026-08-04 00:01:32",932.9,2,nerijusareska
3092,16694399,"Sujith Kumar Sashikanth","2026-08-10 00:01:32",932.7,2,sujithsashi
3093,16751999,"Poorna Sai Dumpa","2026-08-25 01:03:04",932.2,2,poornasaidumpa
3094,16640388,SANNNNN,"2026-08-03 18:41:38",931.7,2,zuhairsan
3095,16663681,"Петар Кнежевић","2026-09-01 11:46:48",931.6,2,petarknezevic1
3096,16655534,"Charles Mills","2026-08-06 16:40:27",931.4,2,charlesqmills
3097,16658213,"Ahmet Abdullah Gültekin","2026-09-02 00:20:03",930.7,2,abdullahgultekin
3098,16753826,"Jai Mata Di","2026-08-31 10:09:11",930.6,2,mrigshira
3099,16622482,"Veniamin Nelin","2026-08-04 19:40:18",930.4,2,veniaminnelin
3100,16670099,"Jon Snyder","2026-08-06 00:27:21",930.4,2,snyderj1515
3101,16660046,"Ikki Katsuyama","2026-08-07 06:07:42",930.2,2,kacchanwriting
3102,16663513,Pakistan,"2026-08-05 00:54:11",930.2,2,"debayank2024,laveshjadon,laxmikantaroy,tarunraii"
3103,16702509,KošičanSVK,"2026-08-17 18:04:22",930.2,2,ryanstoner
3104,16664300,"swajay nandanwade","2026-08-05 04:57:10",930.0,2,swajaynandanwade
3105,16623236,"Yonatan Nemtsov","2026-08-06 00:28:01",929.4,2,yonatannemtsov
3106,16662496,KhalidKhan,"2026-08-05 05:31:07",929.3,2,feedfeed
3107,16699699,rudykane,"2026-08-11 16:06:34",929.2,2,rudykane
3108,16732722,Kusanagi,"2026-08-24 21:52:54",928.6,1,kusanagiap
3109,16764419,"Leo #2","2026-08-30 08:17:12",928.5,1,nanlihao
3110,16661010,"Dante Dyches-Chandler","2026-08-05 04:36:09",928.3,2,dantedycheschandler
3111,16702796,Yavuz.YILMAZ,"2026-09-02 07:21:20",928.2,2,yvztpe
3112,16668329,HakimTaoufik,"2026-08-18 13:06:18",928.0,2,hakimtaoufik
3113,16669400,"Martin Konôpka","2026-08-06 12:16:13",927.7,2,rumburakk
3114,16632694,8ct10nz,"2026-08-04 12:02:49",927.6,2,act10nz
3115,16664683,"Halapeño Farms","2026-09-02 07:23:49",927.5,2,haladaj
3116,16659033,"Farzana Shaju","2026-08-05 07:18:29",927.2,2,"farzanashaju,shaikhharisjamal"
3117,16678965,MrGS,"2026-08-09 01:18:09",927.0,2,gabrielsderhll
3118,16661229,Gena,"2026-08-04 15:18:42",926.8,2,gdonchyts
3119,16662946,uzair,"2026-08-04 18:40:46",926.4,2,quantumcurator
3120,16652896,"R^2 negative","2026-08-04 23:14:38",926.3,2,rktqwe
3121,16723427,"Nikita Biryukov","2026-09-01 20:52:49",924.7,2,bnikita
3122,16729515,"Emmanuel Tolani","2026-08-29 15:03:36",924.6,2,emmanueltolani
3123,16650018,EiMengLove,"2026-08-05 10:27:31",924.5,2,konicty
3124,16632250,"Mesut Gözdemir","2026-08-05 17:54:14",923.6,2,gfkfu123
3125,16657861,"Liao Zixu","2026-08-25 04:28:34",923.5,2,liaozixu
3126,16663178,Sm00thiecodes,"2026-08-07 11:00:29",923.5,2,sm00thiecodes
3127,16664890,ideal_m99,"2026-08-06 00:00:33",923.3,2,idealm99
3128,16664239,VK_Kaggriculture..StartCompet,"2026-08-05 02:03:48",923.3,1,venkatkumar001
3129,16683764,bf01,"2026-08-21 21:19:05",923.0,2,jalperov
3130,16630760,dkzmn,"2026-09-02 10:18:31",922.7,2,dmkzmn
3131,16663808,"Fae Gaze","2026-08-20 16:32:51",922.7,2,achievement
3132,16666163,"Muthuraman Raman 7","2026-08-06 05:25:09",922.2,2,muthuramanraman7
3133,16638909,mbscgi,"2026-08-04 22:48:03",922.0,2,mbscgi
3134,16624600,ariacat,"2026-08-06 07:16:44",921.9,2,ariacat
3135,16691670,wangbin.dev,"2026-08-22 05:31:34",921.7,2,wangbindev
3136,16655828,ack07,"2026-08-06 04:52:07",921.5,2,its07amit10
3137,16656345,sunchang71,"2026-08-05 14:05:13",921.4,2,sunchang71
3138,16635238,"Tai Tien Ta","2026-08-04 02:30:44",921.3,2,tittin
3139,16650396,RaymondZhao0304,"2026-08-04 00:39:30",920.9,2,raymondzhao0304
3140,16661019,lmq,"2026-08-04 14:47:23",920.9,2,lmminhquang
3141,16665230,"Jack Burley","2026-09-02 00:15:22",920.5,2,jackburley
3142,16778835,kiyoc,"2026-08-31 15:01:42",920.5,2,kiyoshiohno
3143,16683288,HuaLQin,"2026-08-28 21:16:14",920.2,2,hualqin
3144,16659093,YangGod,"2026-08-27 17:32:36",919.8,2,yanggod
3145,16693164,nuggettttt,"2026-08-09 02:14:22",919.7,2,nuggettttt
3146,16658261,"Manan Khanna","2026-08-04 07:41:27",918.6,1,manankhanna0
3147,16636148,SanggeunParrk,"2026-08-05 04:04:32",918.4,2,sanggeunparrk
3148,16657294,"Ragul M","2026-08-04 07:08:51",918.4,2,ragul7002
3149,16664518,senxichong,"2026-08-13 04:28:32",918.1,2,senxichong
3150,16669282,sky233,"2026-08-06 17:06:04",918.1,2,sky233
3151,16644861,"kanzaler ensemble","2026-08-11 14:30:36",918.1,2,kanzalerensemble
3152,16641093,"Satish ","2026-08-20 04:18:42",917.2,2,satishkommanaboina
3153,16688281,"Luke Stafford","2026-09-02 01:16:05",917.1,2,luketstafford
3154,16639369,"Kyuhwan Cho","2026-08-19 07:20:02",917.0,2,octoarden
3155,16656444,"christopher athans crow","2026-08-05 00:08:13",916.5,2,cchrisaa
3156,16660819,nya654nya,"2026-08-07 04:47:33",916.3,2,nya654nya
3157,16662872,"Artem Garbart","2026-08-05 09:41:29",916.2,2,artyomgarbart
3158,16666900,sooflee,"2026-08-12 14:19:50",916.1,2,sooflee
3159,16654486,alijs,"2026-08-06 14:27:22",915.7,2,alijs1
3160,16656503,"Thiago Munhoz da Nóbrega","2026-08-04 20:47:37",915.4,2,thiagommtmn
3161,16655712,"Smart Manoj","2026-08-04 01:55:13",915.1,2,smartmanoj
3162,16653122,Wei_Chance,"2026-08-23 10:25:14",915.0,2,bystanderq
3163,16660376,"Ahmed Sedky 0100","2026-08-06 20:56:37",914.7,1,ahmedsedky0100
3164,16651157,StupidXie,"2026-08-25 12:48:35",914.5,2,stupidxie
3165,16656420,"Aditya Raj #2","2026-08-18 16:37:49",914.3,2,optimus2005
3166,16624977,Avikumar93801,"2026-08-11 05:55:19",913.8,2,avikumar93801
3167,16632138,kaggle_bbgg,"2026-08-05 11:59:35",913.5,2,kagglebbgg
3168,16677965,felipe9695,"2026-08-12 21:23:05",913.4,1,felipe9695
3169,16656170,"Chakrabhuana V  Deva","2026-08-05 06:54:50",913.1,2,chakrabhuanavdeva
3170,16663096,Agola_dasacic,"2026-08-04 20:07:50",912.8,2,mnu303
3171,16652560,"Ahmed Samir","2026-08-03 12:15:01",912.6,2,ahmedsamir1598
3172,16657817,"rohith sai midigudla","2026-08-05 12:36:40",912.4,2,rohithsaimidigudla
3173,16634752,"Praise the SHOVEL","2026-08-03 16:16:28",912.3,2,barnobarno
3174,16637241,M4nd4l0r14n,"2026-08-04 11:53:31",912.0,2,thiagobcunha
3175,16698045,"Vikhas S G","2026-08-18 04:56:07",912.0,2,vikhassg
3176,16666571,"Zhengxu Yu","2026-09-01 12:10:05",911.1,2,zhengxuyu
3177,16739551,arao,"2026-08-28 21:24:55",911.1,2,anjanarao
3178,16655339,harmo-miu,"2026-08-23 05:57:37",911.0,2,harmomiu
3179,16656009,"Steven Liu","2026-08-31 06:25:02",910.8,2,thornkey
3180,16644774,lungjyuanz,"2026-08-07 01:03:20",910.5,2,lungjyuanz
3181,16695555,S4K50M,"2026-08-12 14:39:41",910.2,2,setiasaksham
3182,16663099,"Md. Abdullah Al Mamun","2026-08-05 02:16:43",909.5,2,mamun18
3183,16658684,"Takayuki Michishita","2026-09-02 10:38:43",909.5,2,takayukimichishita
3184,16657094,irynavs,"2026-08-13 13:23:56",909.3,2,irynavs
3185,16630142,zawawannko,"2026-08-05 03:16:49",909.0,2,zawawannko
3186,16644390,"Manan Gupta","2026-08-05 17:08:32",908.6,2,obirdy
3187,16631261,Monster,"2026-08-04 15:46:32",908.5,2,tmtngtrng
3188,16658616,"Amitesh Chaudhary","2026-08-11 10:04:02",908.2,2,amiteshchaudhary
3189,16655530,AlivRick,"2026-08-05 16:18:54",908.1,2,alivrick
3190,16657671,CyberRacoon,"2026-08-20 10:23:11",908.1,2,racoontw
3191,16697923,"Vincent Debout","2026-09-02 10:03:35",907.8,2,vdebout
3192,16666245,"Cagatay Morcicek","2026-08-13 06:53:40",907.6,2,thisismylabs
3193,16659565,Tekin24,"2026-08-13 21:25:21",907.2,2,tekin24
3194,16632097,PavelLiashkov,"2026-08-05 11:59:30",907.1,2,bigbag1983
3195,16667503,Yuzuki,"2026-08-05 12:19:45",906.9,1,yuzukiohya
3196,16665399,"Shivam Shrivastava","2026-08-13 15:32:37",906.5,2,shivamshrivastava180
3197,16664565,"Wayne Chou","2026-08-05 12:30:14",906.2,2,ambientz
3198,16660853,"lxh unbound","2026-08-05 00:02:02",905.8,2,lxhunbound
3199,16658571,"Yusuke Sato","2026-08-27 03:06:42",905.7,2,wanko123
3200,16765743,page0526,"2026-08-26 02:08:11",905.3,2,page0526
3201,16660470,"Oğuz Kaan Mavice","2026-08-28 09:39:58",905.2,2,oguzkaanmavice
3202,16738461,monnosuke,"2026-08-27 11:13:33",904.7,2,shiomi1012
3203,16625663,sota1111,"2026-08-23 00:01:28",904.7,2,sota1111
3204,16623697,yuto083,"2026-08-19 00:43:42",904.3,2,yuto0712
3205,16659676,Light,"2026-08-05 03:07:39",904.0,2,aadarshashrestha007
3206,16628727,dominyellow,"2026-08-04 11:44:21",903.7,2,dominyellow
3207,16646970,juewang1p,"2026-08-13 03:18:21",903.5,2,juewang1p
3208,16629983,Amundsen,"2026-08-05 06:51:46",903.2,2,amundsen
3209,16657077,_LT_zyc,"2026-08-05 01:01:42",903.0,1,zyczyc
3210,16729092,"ayman elamin","2026-08-31 09:45:04",902.7,2,aymanelamin
3211,16656308,"Srishanth Sriramula","2026-08-08 09:02:13",902.6,2,srishanthsriramula
3212,16730484,Esperanza,"2026-09-02 04:15:45",901.7,2,deanpixton
3213,16639155,"Arturo Gutiérrez Aguilar","2026-08-04 16:08:19",901.6,2,jarturo
3214,16665764,"izh yng","2026-08-21 06:16:21",901.4,2,izhyng
3215,16716522,"Lavanya Bacche","2026-08-17 08:43:40",901.3,1,lavanyabacche
3216,16658562,mashBrian254,"2026-08-04 10:48:33",901.0,2,mash1990
3217,16758383,"Tong Jing Yen","2026-09-02 12:34:46",900.7,2,tongjingyen
3218,16666242,"Lalwani Palash","2026-08-08 07:45:46",900.1,2,lalwanipalash
3219,16652339,"Mohamed Amine Rebhi","2026-08-03 16:03:07",900.0,2,mohamedaminerebhi
3220,16741563,"Paul Pawletta","2026-09-02 07:46:08",899.6,2,paulpawletta
3221,16744640,"Marcin Skalski","2026-09-01 18:25:08",899.4,2,marcinskalski
3222,16644221,"Guzha Panashe H","2026-08-22 15:34:41",898.6,2,guzhapanasheh
3223,16631400,JZ,"2026-08-29 22:42:11",898.6,2,zhoujiachen
3224,16664400,Boruiyang21,"2026-08-05 14:56:03",898.5,2,boruiyang21
3225,16652451,JackGong,"2026-08-03 11:32:11",898.1,1,jackgong
3226,16676054,"Vladislav Konstantinov","2026-08-08 09:33:35",897.6,2,vladkonstantinov
3227,16632055,Bugra0,"2026-08-03 22:44:42",897.4,2,bugra0
3228,16621709,smlcr,"2026-08-04 19:35:19",897.1,2,simulacri
3229,16627023,"Noah Farr","2026-08-05 08:02:35",896.8,2,noahfarr
3230,16783131,Hawkeye,"2026-09-02 05:54:38",896.8,2,pragneshbagary
3231,16745450,GusNicho,"2026-08-24 03:30:55",895.3,2,pineapplepencil
3232,16660361,"Abhishek Sharma","2026-08-26 10:21:10",894.9,2,abhisheksharma425
3233,16655294,Mobzya,"2026-08-26 23:11:15",894.9,2,mobzya
3234,16659435,Zerabyte_X,"2026-08-04 09:52:16",894.8,1,zerabytex
3235,16706738,Moriarty,"2026-08-24 21:05:34",894.8,2,mikhailkachalin
3236,16658852,"Chhaya Awasthi","2026-08-04 09:37:05",894.7,2,chhayaawasthi
3237,16654946,AliLucky,"2026-08-05 15:07:59",894.5,2,alilucky
3238,16660824,"Stitch Clarity","2026-08-04 15:27:53",894.3,2,stevenanctil
3239,16657942,"Gokul Prasath","2026-08-04 23:38:18",894.1,2,beastgokul
3240,16632201,neurlog,"2026-09-01 09:28:09",893.8,2,neurlog
3241,16623540,TheDuck,"2026-08-22 15:50:49",893.7,2,jaxroth
3242,16635159,Abdulsamad,"2026-08-06 11:48:04",893.7,2,abdulsamadjod1234
3243,16661670,sansm1,"2026-08-04 16:54:59",893.3,2,sansm1
3244,16639567,YassY_The_AlchemYst,"2026-08-11 15:07:03",893.1,2,yassineelhallaoui
3245,16742362,"AMANI DD","2026-08-23 08:02:47",892.4,2,dkonan
3246,16660152,LIH.YUN,"2026-08-04 14:11:44",892.4,2,fxlcee
3247,16796014,keith70,"2026-09-02 05:17:34",892.2,2,keith70
3248,16643095,ckyasb,"2026-08-05 14:39:42",892.2,2,ckyasb
3249,16672672,Koiiiiiopen,"2026-08-08 06:25:21",891.7,2,koiiiiiopen
3250,16709872,"Tim McGarvey","2026-09-02 04:34:04",891.7,2,timmcgarvey
3251,16740633,zhangtingyu11,"2026-08-20 04:34:32",891.5,2,zhangtingyu11
3252,16628875,TakahiroHon,"2026-09-01 12:28:02",891.3,2,takahirohon
3253,16637519,Temprao,"2026-08-03 12:16:43",891.2,1,maruimono928
3254,16631978,"batuhan kalem","2026-08-02 22:12:00",890.7,2,batuhankalem
3255,16762634,"Clement Ling","2026-09-02 02:10:57",890.6,2,clementling
3256,16639241,"Alissa King","2026-08-04 05:05:30",890.4,2,alissaking
3257,16663407,Denis,"2026-08-11 17:42:21",890.3,2,matsiusheuski
3258,16690050,PersistentLife,"2026-08-08 17:16:17",890.3,2,persistentlife
3259,16653093,"willam wu","2026-08-03 15:03:01",889.9,1,biaaib
3260,16625082,真的懒,"2026-08-25 07:27:28",889.8,2,gtccc9
3261,16742232,"Prema Ananda","2026-09-02 12:19:41",889.3,2,premaananda108
3262,16659874,"ding yumeng","2026-08-26 11:59:06",888.7,2,dingyumeng
3263,16630964,LEEKANG,"2026-08-03 14:10:21",888.3,2,poby7722
3264,16749251,HawkOsm,"2026-09-02 12:18:06",888.2,2,hawkosm
3265,16634213,kkunizaw,"2026-08-03 20:47:58",888.0,2,kkunizaw
3266,16658746,marinxbt,"2026-08-28 10:38:37",887.6,2,marinxbt
3267,16757704,Faustine,"2026-08-31 11:14:52",887.6,2,faustine649
3268,16654153,"Mateus Cruz, Msc.","2026-08-03 17:44:02",887.5,1,matteuscruz
3269,16622760,yunus_bayram_kagle,"2026-08-04 07:49:00",887.5,2,yunusbayramkagle
3270,16656171,ishu,"2026-08-04 03:27:45",887.5,2,ishhverma
3271,16622835,"Max Manushin","2026-08-06 00:01:08",887.3,2,innerf1re
3272,16806635,digimagi,"2026-09-02 05:47:57",887.3,1,digimagi
3273,16655596,Bela,"2026-08-04 01:18:06",887.2,1,istribaik
3274,16633083,bsenst,"2026-08-07 12:38:47",886.3,2,bnzn261029
3275,16654707,ManasviSharma,"2026-08-19 19:42:41",885.5,2,manasvi821
3276,16637797,"Xiangchen Li","2026-08-04 09:47:59",885.4,2,xiangchenli07
3277,16679861,Pandabueno,"2026-08-12 15:51:48",885.3,2,ronaldomonzn
3278,16651613,"Devin Zhou","2026-08-05 02:27:36",885.0,2,devinzhou
3279,16687901,Khalid,"2026-09-02 13:25:37",884.8,2,khalid000000
3280,16650701,"Oliver Wang","2026-08-03 16:17:36",884.7,2,oliverwang15
3281,16775506,"lin qiy","2026-08-29 02:44:13",884.4,2,linqiy
3282,16623448,HoJoonYun,"2026-08-09 13:43:43",883.8,2,hojoonyun
3283,16725432,Ezra,"2026-08-19 23:41:10",883.8,2,ezberch
3284,16740419,IamDiganta.7,"2026-09-02 02:16:53",883.1,2,iamdiganta7
3285,16622627,"Erik van de Ven","2026-08-28 16:55:08",883.0,2,erikvdven
3286,16646360,"Asrith Singampalli","2026-08-03 08:46:59",882.6,2,asrithsingampalli
3287,16661376,"YERMES AMINE","2026-08-04 14:13:45",882.5,1,yermes
3288,16662213,"Yang Zong-Yu phD","2026-08-28 01:36:56",881.9,2,yangzongyuphd
3289,16662904,Bharathms1902,"2026-08-08 11:41:54",881.7,2,bharathms1902
3290,16775250,Junrong,"2026-08-30 00:00:13",881.5,2,fjhgjf
3291,16655588,"The Devil's World 678","2026-08-07 10:39:23",880.8,2,thedevilsworld678
3292,16632240,Deepseek的恩情还不完,"2026-08-02 17:23:11",880.1,2,"iwanys,pedianeko,realybin"
3293,16743124,"Leo's Demiurge","2026-08-31 06:36:23",879.9,2,jelurge
3294,16644566,"Guangjian Dong","2026-08-02 23:59:18",879.8,1,guangjiandong
3295,16654006,"Harish Dhanarajan","2026-08-03 17:23:50",879.7,1,harishdhanarajan
3296,16664221,Anish,"2026-08-14 00:53:48",879.6,2,anishmunje
3297,16665994,Rakhansyah,"2026-08-25 13:08:20",879.3,2,rakhansyah
3298,16678370,"Chenhao Wang","2026-08-07 06:37:46",879.2,1,wangles
3299,16657419,"Saivedant Hava","2026-08-05 06:36:39",878.4,2,saivedanthava
3300,16633808,mmath2,"2026-08-07 10:52:38",877.7,2,mmath2
3301,16659679,Civitasmass,"2026-08-23 12:54:39",877.7,2,godhand
3302,16680239,"Marinto Richee J","2026-08-12 08:21:02",877.5,2,marintoricheej
3303,16661532,"Fedor Baart","2026-08-05 12:34:21",877.2,1,fedorbaart
3304,16665293,"ADITYA BEECHA","2026-08-10 05:16:38",877.1,2,bechaaditya
3305,16805952,hatakazu93,"2026-09-02 04:48:23",876.3,2,hatakazu93
3306,16656337,"Prashant Kikani","2026-08-04 04:03:37",876.1,1,prashantkikani
3307,16658487,radozaprazny,"2026-09-02 08:55:40",875.1,2,radozaprazny
3308,16621831,"Tsung-Yeh, Hsieh","2026-08-10 06:49:43",873.1,2,"tsungyehhsieh,xinyuloong"
3309,16657395,"Uchechukwu Ajuzieogu","2026-08-04 08:04:14",872.9,1,uchechukwuajuzieogu
3310,16654419,kreiack,"2026-08-09 23:47:00",872.7,2,kreiack
3311,16632686,strike,"2026-08-06 06:21:38",872.5,2,nicolia
3312,16791977,JeremyLIU1997,"2026-09-02 03:38:12",872.5,2,jeremyliu1997
3313,16730612,Blurry,"2026-08-29 09:01:21",872.2,2,linkinpony
3314,16669632,"Kenneth Alonso","2026-08-31 21:23:44",871.7,2,kennethalonso
3315,16663515,HamsterSashka,"2026-08-20 14:40:55",871.5,2,hamstersashka
3316,16623373,VM,"2026-09-02 06:43:27",871.4,2,vladmazeev
3317,16622015,"Ioannis M","2026-08-06 08:12:21",870.9,2,imeintanis
3318,16672264,iiTz_AK,"2026-08-15 12:18:44",870.7,2,iitzak
3319,16632571,"nishchal jain","2026-08-03 07:27:14",870.3,2,nishchaljainds
3320,16709136,ryanocm,"2026-08-13 15:08:49",869.4,2,ryanong
3321,16767453,IterumVici,"2026-08-29 10:59:25",869.3,2,iterumvici
3322,16758889,bomboclat,"2026-08-30 08:52:08",868.7,2,sstprk
3323,16692956,VanKoha,"2026-09-02 13:23:38",867.8,2,kohasama
3324,16654235,"Mwanza Wambua","2026-08-06 10:16:13",867.4,2,mwanzawambua
3325,16623732,A.S.TENSHU,"2026-08-17 16:25:35",867.3,2,kirvk013
3326,16659996,Schwifty,"2026-08-12 20:01:01",866.5,2,schwiftyc137
3327,16753850,"Ahmad Ali","2026-08-27 17:08:14",866.5,2,ahmadali1243534
3328,16758232,mech_39,"2026-08-25 05:23:39",866.2,2,mech39
3329,16641489,suminshim,"2026-08-03 06:24:39",865.6,2,suminshim
3330,16688884,"As Wasti","2026-08-14 01:34:26",865.4,2,aswasti
3331,16655396,Tesla1AC,"2026-08-08 08:18:09",864.6,2,mathornton
3332,16651180,yangyefd,"2026-08-03 08:42:57",864.1,1,yangyefd
3333,16622312,"Malak Reda","2026-08-03 09:02:41",863.8,2,malak457
3334,16721639,"Ankit Sain","2026-08-25 01:14:02",863.7,2,thisankitsain
3335,16672035,diet1236364,"2026-08-09 23:37:45",863.3,2,kosuke123
3336,16732422,"Aizat Kashapov","2026-09-01 17:24:27",862.8,2,liderpartiii
3337,16634022,"Cihan Atak","2026-08-02 16:00:43",861.9,2,cihanatak
3338,16623298,Mikhail_Komkin,"2026-08-02 20:14:28",861.3,2,mikhailkomkin
3339,16639473,"Jeff Borschowa","2026-08-02 00:39:11",861.1,2,jeffborschowa
3340,16768239,Oshbocker,"2026-08-29 21:37:25",860.9,2,oshbocker
3341,16799428,hatata,"2026-09-02 11:25:16",860.3,2,hatata3737
3342,16668756,"Clark Kitchen","2026-09-02 09:50:00",859.5,2,clarkkitchen
3343,16655603,"Veeranuch Leelalai","2026-08-11 12:55:29",859.5,2,veeranuchleelalai
3344,16639471,CaminoLSY,"2026-08-05 01:22:09",858.7,2,lsy37521
3345,16784516,pejipej,"2026-08-30 15:37:48",858.3,2,pejmaneghbali
3346,16726617,"Chase Lebarv","2026-08-19 01:07:58",858.3,2,chaselebarv
3347,16660318,"Aiman Al-Shalfi","2026-08-05 11:59:43",858.2,2,aimanalshalfi
3348,16630111,jannchie,"2026-08-04 19:09:17",857.8,2,jannchie
3349,16655187,cmxu,"2026-08-05 05:31:07",857.6,2,cmxu77
3350,16774682,"Tatsuhito Yoshikawa","2026-09-02 04:31:00",857.3,2,tatsuhitoyoshikawa
3351,16635680,starclan,"2026-08-14 17:50:55",856.2,2,starclan
3352,16749009,Pavel,"2026-09-01 19:19:03",856.0,2,pavelsavchenkov
3353,16743001,Nikhilasree,"2026-08-31 10:27:16",855.9,2,nikhilasree2003
3354,16798334,"Gabriel othávio","2026-09-01 19:10:38",854.2,2,gabrielothvio
3355,16683529,"Yanis Belami","2026-09-01 06:56:54",854.1,2,yanisbelami
3356,16700265,Reesav,"2026-08-10 14:15:06",854.0,2,reez08
3357,16669227,"Tom Dufresne","2026-08-07 11:17:39",853.5,2,tadufre
3358,16662633,"Shekhar Suman","2026-08-15 19:17:49",853.0,2,shekharvc
3359,16699091,Umkaaa,"2026-08-11 08:35:05",852.6,2,umkaaa
3360,16644185,"Mimic Mohsin","2026-08-02 18:38:46",852.5,1,mimicmohsin
3361,16697185,"Prince Special","2026-09-01 23:17:32",852.3,2,temitayogbolahan
3362,16775030,makishis,"2026-09-02 09:22:41",852.2,2,makishis
3363,16718579,"Nazariy Karpov","2026-08-18 07:28:29",852.1,2,nazariykarpov
3364,16678666,"Rudranarayan Pradhan","2026-08-09 12:28:32",852.0,2,itzrnp
3365,16661754,edwinis,"2026-09-01 15:26:00",851.8,2,edwinis
3366,16698596,ymok,"2026-08-11 11:54:02",851.3,1,iromao
3367,16664653,Adir,"2026-08-26 00:49:46",850.8,2,adiradam
3368,16641309,klog,"2026-08-20 12:42:08",850.0,1,mhrzmmhrzm
3369,16763865,SydneyC666,"2026-08-26 08:50:40",850.0,2,sydneyc666
3370,16639330,"Dead Signal Works","2026-08-02 12:40:32",849.5,2,brooklynhalmstad
3371,16663273,"Mason Frias","2026-08-06 22:57:08",848.5,2,masonfrias
3372,16644882,"SAMOILOV MIKHAIL","2026-08-03 02:10:04",848.4,1,samoilovmikhail
3373,16661353,mithi,"2026-08-11 20:04:07",847.9,2,singhaleo
3374,16668633,peien5,"2026-08-06 14:44:47",847.9,2,peien5
3375,16670842,Cole,"2026-08-15 19:50:43",847.7,2,colechristensen
3376,16658048,"Joel jaison 391","2026-08-05 02:31:57",846.7,2,joeljaison391
3377,16667058,"Lê Quốc Duy","2026-08-08 01:03:08",846.6,2,lqucduy
3378,16632536,"Aleksander Sachuk","2026-08-02 21:33:27",846.5,2,alexsssachuk
3379,16668923,"duy tran","2026-08-10 18:38:49",846.2,2,duytran23
3380,16658569,"Danu A.","2026-08-05 13:12:09",846.2,2,eu1234
3381,16730015,suzu10,"2026-09-01 01:29:55",845.7,2,suzu10
3382,16696208,"kazwzn S","2026-08-21 10:16:12",845.5,2,kazwzns
3383,16674543,"Sujal Agarwal2301","2026-08-09 13:37:43",844.9,2,sujalagarwal2301
3384,16774787,wpk1122,"2026-08-29 01:54:49",844.9,2,wpk1122
3385,16730199,kawanot,"2026-08-24 09:15:18",844.6,2,kawano
3386,16652334,"Aldibek [dsmlkz]","2026-08-27 19:33:18",844.4,2,aldibek
3387,16622940,"Enrico Ambrosio","2026-08-06 19:56:30",844.0,2,enricoambrosio
3388,16663200,"TUSHAR KUMAR 23321032","2026-08-31 06:05:00",843.9,2,tusharkumar23321032
3389,16638551,SC,"2026-08-30 22:31:27",843.9,2,ryosketchbook2007
3390,16641068,"Rahul Ray","2026-08-05 14:27:07",843.8,2,rahulray5
3391,16639719,JASONSLIMWONG,"2026-08-02 08:11:22",842.5,2,jasonslimwong
3392,16747914,"Token's Expired","2026-08-22 16:25:39",842.4,2,"adeebshekh,akratisingh0101,shaankapoor21"
3393,16707034,"Muhammed Ali Kul","2026-09-02 05:15:41",842.1,2,muhammedalikul
3394,16736314,"wuret henr","2026-08-20 09:10:48",841.5,2,wurethenr
3395,16715255,"xiaocai liu","2026-08-23 05:57:45",841.5,2,xiaocailiu
3396,16709800,nubx,"2026-08-20 17:12:04",840.3,2,manrajjitsidhu
3397,16640877,Yorix.um,"2026-08-02 13:31:28",840.0,1,yorixum
3398,16667516,Rosastella,"2026-08-05 16:00:48",840.0,2,rosastella
3399,16697266,"Top 1 🏆","2026-09-02 09:22:18",839.8,2,"fahankaudeer,solirus,syntaxprnv,udhaykumarsujeebun"
3400,16677577,"Harsha Vardhan Konisa","2026-08-31 17:02:44",839.1,2,harshavardhankonisa
3401,16770972,"Victoria Makarskaia","2026-08-27 12:28:53",838.4,2,victoriamakarskaia
3402,16671622,"Isaac Diaz Lopez","2026-09-02 06:39:20",838.4,2,isaacdiazlopez
3403,16693903,"Alief Randiansyah","2026-08-09 09:37:39",838.2,1,"aliefrandiansyah,salsaaghnia"
3404,16637489,"Gopal Krishna Gundumalla","2026-08-02 12:39:17",838.2,2,gopalkrishnag
3405,16634765,democatXamer,"2026-09-01 17:39:34",838.1,2,w1326627677
3406,16623389,"Mominul Islam Hemal","2026-08-02 11:23:03",838.1,2,mominulislamhemal
3407,16664246,"Sida Zuo","2026-08-25 01:21:54",838.0,2,sidazuo
3408,16717414,"Akshit Sivaraman","2026-08-13 14:43:40",837.9,2,akshitsivaraman
3409,16655423,"Roland Luethy","2026-09-02 04:25:50",837.4,2,rluethy
3410,16709905,Rospel,"2026-09-02 02:00:45",837.2,2,rospel
3411,16635127,"Sergey Bryansky","2026-08-26 20:39:37",836.9,2,sggpls
3412,16643692,Samsay24,"2026-08-02 17:22:45",836.8,1,samsay23
3413,16663659,"Omer Rehman","2026-09-02 11:05:02",836.4,2,omerrehman97
3414,16658173,Tamizharuvi,"2026-09-01 08:15:53",836.3,2,tamizh1
3415,16634036,"Emanuel Lázaro","2026-08-02 14:55:30",836.2,2,emanuellcs
3416,16675452,Vladislav,"2026-08-12 13:58:35",836.1,2,simmeringoverstep
3417,16663444,Thomas,"2026-08-11 04:21:42",836.0,2,tartieret
3418,16656379,"Jay Gautam","2026-08-12 12:19:40",835.7,2,jaygautam007
3419,16640619,"Sơn Nguyễn","2026-08-28 08:19:19",835.5,2,sonnguyen10
3420,16636105,"Md. Mehedi Hasan","2026-08-01 14:03:03",835.0,2,mehedi052
3421,16674532,"shoaib khan","2026-08-08 01:57:11",834.9,2,manifoldinfo
3422,16677752,"Senya Ka","2026-08-08 19:16:00",834.7,2,m1greatcool
3423,16804757,MAT,"2026-09-02 13:16:29",834.6,2,mehmetanltays
3424,16635377,het2554,"2026-08-29 18:10:09",833.9,2,crazy2554
3425,16670365,"Konstantin Alekseev","2026-08-10 10:58:09",833.7,2,alekskst
3426,16640811,cyberia,"2026-08-02 09:12:23",832.9,1,cyberia
3427,16699080,"Karthikeya Thatipamula","2026-08-31 04:31:26",832.8,2,karthikeya18
3428,16732774,edchax,"2026-09-02 08:03:33",832.6,2,edchax
3429,16674447,"Nathan Thor","2026-08-11 15:09:57",832.2,2,devofpie
3430,16759786,"zzx Hee","2026-09-02 06:49:05",831.0,2,zzxhee
3431,16661685,"Lê Ngọc Lâm","2026-08-13 15:29:40",830.2,2,lengoclam
3432,16702909,SG4265,"2026-08-13 13:51:05",830.2,2,sg4265
3433,16669466,"vuppuluri sriramsubhash","2026-08-06 08:42:50",830.0,2,vuppulurisriram
3434,16664249,"Rohan Jain","2026-08-17 20:26:14",829.7,2,rohanjain2312
3435,16663187,"Teddy McBride","2026-08-07 03:59:53",829.5,2,tedcr100
3436,16692350,"Emerson Suarez","2026-08-16 05:09:13",829.3,2,jericksystem32
3437,16663933,AnshV1,"2026-08-06 03:03:35",828.7,2,anshv1
3438,16675997,"Rintaro Moriwaki","2026-08-28 13:25:42",828.7,2,rintaromoriwaki
3439,16637340,the_vinci_coder,"2026-08-03 16:27:16",828.6,2,lokijt
3440,16740659,haodou092,"2026-09-02 13:27:06",828.6,2,haodou092
3441,16658252,"Krishnan CS","2026-08-20 05:28:14",826.8,2,krishnanchathadi
3442,16652984,hxaxd,"2026-08-05 15:09:49",826.7,2,hxaxdcs
3443,16696267,"yu lesui","2026-08-10 05:41:40",826.4,2,yulesui
3444,16698281,Neural,"2026-08-27 03:34:11",826.0,2,kevinkoza
3445,16664439,"Tony T","2026-09-02 05:35:36",825.9,2,thekke
3446,16671980,601918_กิตติพงศ์,"2026-08-08 08:28:12",825.4,2,bluexg5502
3447,16668056,"Quantum Farm","2026-08-25 14:21:19",825.2,2,"anselem7,divineokwueze,nnanyereuzoma"
3448,16634876,MakiMakiAi,"2026-08-02 07:52:40",825.0,2,makimakiai
3449,16662984,"Mark Schatza","2026-08-25 15:40:39",825.0,2,markschatza
3450,16734321,SubratP85,"2026-08-25 21:03:35",824.9,2,subratp85
3451,16703203,"Hamza Shafik ","2026-08-17 23:48:06",824.5,2,hamzashafik12
3452,16715399,"Julia Chien","2026-08-27 02:44:32",824.4,2,juliachien
3453,16732690,なーでぃー牧場,"2026-09-01 15:06:25",824.3,2,nadyresearcher
3454,16805598,ZaDaTT,"2026-09-02 03:19:52",823.7,2,zadatt
3455,16792155,abc,"2026-09-02 04:41:54",823.5,2,"datqg0,quangnguyn132"
3456,16659125,"Meet Parekh","2026-08-19 10:31:09",823.5,2,meetparekh1
3457,16666341,"Ege Güvener","2026-08-15 22:55:16",823.5,2,egegvener
3458,16654463,Mark,"2026-08-30 09:33:36",823.4,2,robotmf
3459,16697205,"Gould Research","2026-08-19 03:18:44",823.3,2,"georgeking1,gouldh,gradybos,shanemullahy"
3460,16670424,"Josep Audenis","2026-08-11 17:52:07",823.2,2,josepaudenis
3461,16798401,"Hunter Mimaroglu","2026-09-01 02:21:18",821.8,2,huntermimaroglu
3462,16670759,"Lemmes Yad","2026-08-09 04:37:37",821.4,2,"austinsemmel,jonallday"
3463,16692569,"Mark Kirwan","2026-08-26 08:05:16",821.1,2,markkirwan1990
3464,16713771,bndang,"2026-09-02 06:03:35",819.0,2,bndang
3465,16635177,Zacchaeus,"2026-08-07 07:04:15",818.9,2,zacchaeus
3466,16664103,izack2666,"2026-08-07 14:41:10",818.6,2,izack2666
3467,16639645,RamenBoy,"2026-09-01 01:15:34",818.3,2,ramenboyjapan
3468,16657095,"Prashant Kumar","2026-08-20 12:59:11",817.7,2,praskr
3469,16762494,西松大祐,"2026-09-02 06:04:28",817.6,2,wep212
3470,16773966,"Ronel Abraham Mathew","2026-08-26 16:05:26",817.5,2,ronelm
3471,16626217,"Stanislav Chistyakov","2026-08-05 18:52:47",817.0,2,chistyakov
3472,16639973,akky,"2026-08-03 15:39:41",816.9,2,tellxxx
3473,16668123,B0RN2BL0W0UT,"2026-08-08 19:10:45",815.7,2,kadenmansur
3474,16759229,"Samuel Kurabachew","2026-08-28 22:17:20",815.6,2,samuelkurabachew
3475,16688868,AlbanMaurel7,"2026-08-14 01:34:07",815.4,2,albanmaurel7
3476,16694110,"Team Amboss","2026-09-02 11:54:49",815.3,2,alexphilippi
3477,16635848,KartoplyanePure,"2026-08-31 20:43:34",815.0,2,"danylotovp,wizardmp"
3478,16677514,mayoristaNLP,"2026-08-09 16:33:23",814.7,2,mayoristanlp
3479,16756411,"Maximo Uribarri","2026-08-30 06:10:08",814.6,2,maximouribarri
3480,16623309,zyvren,"2026-08-24 14:57:54",814.5,2,"nusratahmmedmaisha,sharif485"
3481,16742806,"Oğuz Karabulut","2026-09-01 15:29:56",814.5,2,ouzkarabulut
3482,16678044,BJFC,"2026-08-16 09:15:05",813.9,2,"harshithharithsa,svsumanth"
3483,16692954,"Adam Nhan","2026-08-16 19:10:48",813.2,2,asnhan
3484,16658264,XiweiZhou,"2026-08-17 20:12:31",813.2,2,xiweizhou
3485,16767802,"Luis Fernando Faria","2026-08-31 20:57:29",812.9,2,luisfernandofaria
3486,16756062,"Thomas #2","2026-09-02 10:49:21",812.3,2,tommurakami
3487,16659749,"Kavsik YVS","2026-08-22 19:30:45",812.1,2,kavsiku0512
3488,16691481,"Aditi Salvi","2026-08-18 15:24:53",812.0,2,aditisalvi04
3489,16636725,shichi,"2026-08-11 12:47:35",812.0,2,shichi
3490,16741321,"S. B.","2026-09-02 09:28:52",811.9,2,aughra
3491,16667880,BONPU👨‍🌾,"2026-08-12 04:59:48",811.6,2,"shin9915,syamoji141chan"
3492,16796682,LK30,"2026-09-02 00:01:20",811.2,2,louisklasing
3493,16688429,"Omrani Rabah","2026-08-11 22:19:21",811.1,2,omranirabah
3494,16758204,kkKaan,"2026-08-24 07:56:58",809.9,2,kkkaan
3495,16718039,Uman_n3l,"2026-08-31 14:40:32",809.8,2,umann3l
3496,16708369,JairSanchez151270,"2026-08-11 16:30:55",809.7,2,jairsanchez151270
3497,16734409,"Yuta Yamazaki","2026-08-31 04:07:38",809.6,2,yamayuu18
3498,16671217,"Akshay V","2026-08-21 04:01:22",809.1,2,akshayv1001
3499,16763977,"Jong Park","2026-08-26 09:21:40",807.3,2,papercat318
3500,16712577,"nattapon nakakong","2026-09-02 05:27:58",807.2,2,nattaponnakakhong
3501,16732433,syuuuuu,"2026-09-02 10:05:50",807.2,2,syuuuuukun
3502,16662486,"KOTHAPALLI DILEEP","2026-08-10 12:06:14",806.6,2,kothapallidileep
3503,16718202,"Abhi Kumar Agrawal","2026-08-18 09:52:24",806.4,2,abhikumaragrawal
3504,16725150,"Nicolae Drabcinski","2026-09-01 11:45:51",806.2,2,nickdrabcinski
3505,16660548,"Viraj Bakshi","2026-08-08 18:50:11",806.0,2,virajbakshi
3506,16659465,AravindLochan,"2026-08-17 10:29:21",805.6,2,aravindlochan
3507,16663356,Farm-ops,"2026-08-06 23:27:37",805.5,2,"dakotavannauker,tsho01"
3508,16713877,FunnyBishop,"2026-08-16 03:19:24",805.3,2,funnybishop
3509,16665816,Vikas1306,"2026-08-10 05:53:19",805.1,2,vikas1306
3510,16639810,gytdrop,"2026-08-14 12:47:28",805.1,2,"kartikeyrajbhar,shaikaktharali"
3511,16688587,yamashu,"2026-08-14 09:55:48",804.5,2,yamashuuu
3512,16716089,wuzixiao,"2026-08-31 07:30:48",804.3,2,wuzixiao
3513,16666147,"Khalid Bin Hethlain","2026-09-01 22:57:57",803.2,2,khalidbinhethlain
3514,16685069,derek_kuang0213,"2026-08-22 10:33:21",803.0,2,derekkuang0213
3515,16634582,"Tarun Chaudhary","2026-08-12 06:36:33",802.8,2,tarunchdev
3516,16663403,"Matthew Huang","2026-08-16 23:25:45",802.7,2,matthewwh
3517,16658365,"Hoo Woo","2026-09-01 03:46:14",802.4,2,hoowoo
3518,16632266,"(ノ◡ <)","2026-08-17 05:00:19",802.2,2,nawfeelrahman1124444
3519,16726093,CocoTeam,"2026-08-18 14:22:45",801.8,2,"albaasca,ceemeese"
3520,16718539,"Divyansh Agrawal","2026-08-14 06:58:46",801.5,2,spartan1925
3521,16675661,June_mk,"2026-08-24 02:06:21",800.7,2,jungoto
3522,16661585,"Fully Liquidated","2026-09-01 01:57:16",800.6,2,kriskilgroe
3523,16669330,"Panagiotis Charalabopoulos","2026-08-26 18:49:46",800.5,2,panagiotischaral
3524,16743617,Dancing_Chaos,"2026-08-31 15:42:35",800.2,2,"bailynlove4ever,ripplecddc"
3525,16632950,"Adil Khabibullin","2026-08-04 15:54:11",800.0,2,adilkhabibullin
3526,16807875,meghana,"2026-09-02 13:29:10",799.6,2,meghana284
3527,16661467,sh_sub97,"2026-08-12 15:20:25",799.3,2,shsub97
3528,16642662,CdeTilly,"2026-08-08 08:26:37",799.1,2,cdetilly
3529,16728204,Meshwa,"2026-09-01 19:57:38",798.8,2,meshwapatel4287
3530,16635049,rooklift,"2026-08-16 06:27:36",798.8,2,rooklift
3531,16735539,"Joe Muller","2026-08-23 00:37:35",798.5,2,joemuller
3532,16758298,"Jack p","2026-08-30 07:36:22",797.9,2,jtv199
3533,16724522,"stathis maurog","2026-08-26 07:01:48",797.8,2,stathismaurog
3534,16698366,Fateyongheng,"2026-08-17 15:08:58",796.9,2,fateyongheng
3535,16763829,"Shane Thivaharraja","2026-09-01 20:19:21",796.7,2,shanethivaharraja
3536,16737986,"Edris Yawar #2","2026-09-02 12:32:31",796.7,2,edrisyawar
3537,16638667,"Sarvesh Nikas","2026-08-13 06:50:00",796.2,2,sarveshnikas
3538,16680290,prospers,"2026-08-12 10:00:34",796.2,2,prospers
3539,16679144,つるげーねふ,"2026-09-02 09:04:47",796.0,2,atom7666
3540,16700846,"Vaibhav Patel","2026-09-01 09:47:00",795.4,2,vaibhavpatel
3541,16787200,"HayDay Protestors","2026-09-01 19:56:08",795.3,2,"aaronjoshuaemmanuel,anjulasankalpa,chamathjayashanka,ghostd,prabhashanmadurawala"
3542,16665301,EricYang03,"2026-08-13 15:49:11",794.4,2,ericyang03
3543,16655062,KKS,"2026-08-08 07:36:03",794.2,2,sachisgod
3544,16710621,(´･_･`),"2026-08-16 07:14:53",793.9,2,tanakh
3545,16662568,RaghavMundhra1,"2026-08-24 00:36:28",793.6,2,raghavmundhra1
3546,16623616,nasubiman,"2026-08-01 16:20:44",792.9,2,yousukenakamura
3547,16760087,Slizzle,"2026-08-30 04:37:40",792.7,2,sloan98
3548,16657775,"Raagav Anand","2026-08-27 09:40:44",792.7,2,raagavanand
3549,16658452,"The Croptimiser","2026-08-06 05:07:52",792.6,1,driessmit1
3550,16666391,"Harshpreet Singh","2026-08-06 10:32:51",792.5,2,harshpreet931
3551,16688929,"Kangqiao LIU","2026-08-18 07:44:55",792.5,2,kangqiaoliu
3552,16780969,"Ewa Suknarowska","2026-08-30 15:53:25",792.5,2,ewasuknarowska
3553,16668868,tawashi,"2026-08-13 06:51:45",791.1,2,tawashi
3554,16675475,"Andrey Aristov","2026-08-10 22:02:24",791.1,2,andreyaristov
3555,16795844,Azamaro,"2026-09-01 07:32:30",791.1,2,azamaro
3556,16786485,"Sam Jenkins","2026-09-01 03:50:16",790.8,2,samjenkinsuk
3557,16738994,"Hem Viramgama","2026-08-21 00:34:48",790.8,2,hemviramgama
3558,16649344,BeyondAnalytics,"2026-08-28 12:00:36",790.6,2,radumarinion
3559,16623932,"Axel Ahmer","2026-09-01 14:13:12",790.5,2,blondie1
3560,16676308,DC,"2026-08-19 17:34:02",789.0,2,choudahchiun
3561,16723241,TrinhDung16,"2026-08-15 16:23:32",788.7,2,trinhdung16
3562,16657553,graceyunliu,"2026-09-02 09:08:16",788.4,2,graceyunliu
3563,16624026,"Russell Kirk","2026-08-31 09:42:28",787.9,2,russcore
3564,16669926,Jince,"2026-09-02 13:28:09",787.7,2,jincesaju
3565,16705345,"DEMON JI","2026-08-14 15:02:11",786.8,2,demonji04
3566,16634493,xixi,"2026-08-01 09:51:45",786.7,2,huangcarry26
3567,16635612,Julian,"2026-08-27 01:59:41",786.5,2,mob404
3568,16684710,"Pratik Singh","2026-08-11 11:34:48",786.1,2,pratikks11
3569,16659174,Soulwood,"2026-08-29 08:37:00",785.6,2,soulwood
3570,16739640,TeamBanzaiSL,"2026-08-27 17:13:26",785.6,2,teambanzaisl
3571,16639223,"SIDHAARTH SHREE","2026-08-19 15:03:55",785.5,2,sidhaarthshree
3572,16623645,"ayutin tin","2026-08-14 07:48:31",785.2,2,ayutintin
3573,16672095,"Friaseus ","2026-09-02 12:14:44",784.6,2,friaseus
3574,16635670,"Mr.S hanakosan","2026-08-09 00:31:34",784.5,2,earlgreytea15
3575,16666452,"victor souza","2026-08-09 17:07:51",784.3,2,victorcaio
3576,16731832,jackee777,"2026-08-31 18:06:59",783.8,2,jackee777
3577,16687788,skalermo,"2026-08-26 15:57:41",783.0,2,skalermo
3578,16662749,Jordan,"2026-09-02 04:07:33",782.8,2,extergeist
3579,16759443,"Ayman machhidan","2026-08-30 17:46:58",782.3,2,aymanmachhidan
3580,16728114,yu9824,"2026-09-02 03:03:57",782.3,2,yu9824
3581,16658050,"changwei shi","2026-08-18 02:45:47",781.3,2,changweishi
3582,16694269,Aftxb,"2026-08-11 14:58:08",780.6,2,aftxb07
3583,16664149,"Bushel Seed","2026-08-12 17:10:56",780.3,2,"dmyung,nicholasmschwartz"
3584,16668168,"Ashutosh Ghodasara","2026-08-10 12:23:21",780.0,2,"asce09,attiraina,hashlord"
3585,16705318,arminhej96,"2026-09-01 05:37:33",780.0,2,arminhej96
3586,16715251,SoraGinko,"2026-08-28 18:52:17",779.4,2,terrywuu
3587,16658602,aldoktvns,"2026-08-04 15:51:08",779.3,2,alrette
3588,16743546,"Simon Dorcas","2026-08-19 15:14:36",778.7,1,simondorcas
3589,16662050,HandsOffMyBigMelons,"2026-08-13 22:00:12",778.1,2,scrattle
3590,16704589,"Lobato MBA IA Big Data","2026-09-02 09:23:45",778.0,2,lobatombaiabigdata
3591,16750175,"Quentin Pr","2026-08-27 18:08:14",777.6,2,quentinpr
3592,16630741,mrk,"2026-08-05 09:49:44",777.2,2,matsubaratakuji
3593,16712567,PatWid,"2026-08-18 17:17:20",777.1,2,patwid
3594,16716300,"Julian Kerignard","2026-09-01 14:54:34",776.5,2,juliankerignard
3595,16672629,"Alex Boyd","2026-08-25 17:25:08",776.5,2,alexrayboyd
3596,16690852,"Naveen Venu Bagadi","2026-08-30 04:38:13",775.6,2,naveenvenubagadi
3597,16655340,LGarcia10,"2026-08-17 13:17:31",775.5,2,leonardogarcia10
3598,16631215,"Hira Norm","2026-08-08 07:32:06",775.2,2,hiranorm
3599,16679295,Mk26,"2026-09-02 06:50:31",775.1,2,"manishk26,mans31"
3600,16667994,"Zhian Wei","2026-08-19 09:51:54",774.8,2,zh1anwe1
3601,16627148,"Rogovik Makar","2026-09-01 18:00:18",774.8,2,makarrogovik
3602,16690651,"XS 330","2026-09-01 16:26:47",774.8,2,xblade
3603,16639492,"Vishnu R Mohan","2026-08-08 20:36:19",774.7,2,vishnurmohan
3604,16654332,"Borys Tymchenko","2026-09-02 11:19:31",774.6,2,spsancti
3605,16694779,JacobKooi,"2026-08-10 09:16:35",774.6,2,jacobkooi
3606,16665984,hepialidae,"2026-08-10 16:05:19",774.6,2,hepialidae
3607,16663784,Aniketh2k7,"2026-08-10 06:02:02",774.2,2,aniketh2k7
3608,16784960,i-yuki23,"2026-08-30 01:13:11",773.7,2,iyuki23
3609,16798268,KAEOS,"2026-09-01 23:09:15",773.5,2,hitesh221
3610,16695822,"Ahmad Elawady","2026-08-18 20:06:59",773.4,2,aielawady
3611,16790660,suk1yak1,"2026-09-01 17:06:25",773.3,2,suk1yak1
3612,16697844,Noobykiller16,"2026-08-15 06:08:27",773.2,2,noobykiller16
3613,16662375,"Yunusa Hussein Adeiza","2026-08-14 22:12:49",773.0,2,yunusahusseinadeiza
3614,16656274,googunmo,"2026-08-08 01:13:58",772.9,2,googunmo
3615,16635004,"jacob OKOTH O","2026-08-02 05:57:05",772.7,1,jacobokotho
3616,16708189,Facouse,"2026-08-11 16:09:17",772.6,2,facouse
3617,16631090,yoikoarmor,"2026-08-09 07:01:44",772.6,2,yoikoarmor
3618,16740161,"Ratna Raj Singh","2026-08-31 18:02:45",772.4,2,ratnaraj
3619,16668021,"bali rasem","2026-08-07 16:15:13",772.1,2,balirasem
3620,16719065,"Aldo Rizona","2026-08-17 15:32:26",771.9,2,aldorizona
3621,16809200,v0m0v,"2026-09-02 13:07:10",771.8,2,maguchiya
3622,16719081,数学の山田,"2026-08-31 14:08:37",771.4,2,b612sum1
3623,16667762,KucingGanteng,"2026-08-20 12:49:29",771.1,2,dhiyaussalam
3624,16635872,"Evgeniya Dmitrieva","2026-08-01 11:48:30",770.4,1,evgeniyadm
3625,16747390,SawadaTsurumai,"2026-08-24 09:48:07",770.4,2,sawadatsurumai
3626,16623128,AdamJonesJohnson,"2026-08-23 11:53:03",770.3,2,adamjonesjohnson
3627,16663361,protoLabs.studio,"2026-08-06 18:39:50",770.2,2,protolabsstudio
3628,16667874,Vidushiii,"2026-08-10 12:25:42",770.2,2,vidushianand09
3629,16688108,Special_octo20,"2026-08-24 05:25:56",769.4,2,specialocto20
3630,16759162,sgsuh,"2026-08-30 11:47:26",768.9,2,seukgyo
3631,16687883,CherylStoned,"2026-08-11 22:53:28",768.6,2,cherylstoned
3632,16624277,"D S S Kumar","2026-08-10 03:22:55",768.2,2,satrusskumar
3633,16698007,"Juanma Serrano","2026-08-23 15:49:31",767.9,2,juanmaserrano
3634,16633928,ghostiee11,"2026-08-01 01:33:25",767.9,1,ghostiee11
3635,16653222,StevenYuan7788,"2026-08-17 17:38:44",767.3,2,stevenyuan7788
3636,16635796,MugaBros,"2026-08-04 05:27:02",767.3,2,"drrocktotpalkonwarh,monjyotid"
3637,16640807,TS,"2026-09-01 22:38:47",767.3,2,takumi0220
3638,16732574,AlcoholCat,"2026-08-31 14:33:25",767.1,2,alcoholcat
3639,16655142,"Stanislav Kuznetsov","2026-08-31 12:24:17",766.8,2,drtduck
3640,16630519,"Mehmet Özer","2026-08-01 16:51:55",766.7,2,ozermehmet
3641,16657904,xfhdh1,"2026-08-08 16:06:45",766.3,2,xfhdh1
3642,16631573,uesi,"2026-08-01 12:04:04",766.1,1,uemura687
3643,16655744,"Ademola Arigbabuwo","2026-08-31 00:48:33",766.1,2,princedemo
3644,16738805,"Sergey Panasenko","2026-08-31 23:14:50",766.0,2,spanasenko
3645,16656072,Vespidae,"2026-08-14 03:30:03",766.0,2,ianapis
3646,16673477,ArtFix,"2026-08-11 00:51:09",765.8,2,artfix
3647,16664828,Leon,"2026-08-09 09:00:09",765.7,2,leonmyl
3648,16640816,pawaraman,"2026-08-02 19:46:52",765.6,2,pawaraman
3649,16663678,"Fabiano Adelino","2026-08-24 23:45:56",765.4,2,fabianoadelino
3650,16741188,"Adarsh Samanu","2026-08-20 00:01:33",765.4,2,adarshsamanu
3651,16709481,"Gerbilles Saucières","2026-08-22 10:38:44",765.4,2,"benjaminhrt30,volbox1902"
3652,16755681,nic001,"2026-08-28 08:06:19",765.3,2,mimamura
3653,16741892,astro,"2026-08-20 20:49:49",765.3,2,mayursamrutwar
3654,16664219,JosephGuhlin,"2026-08-10 08:46:16",764.7,2,jguhlin
3655,16674324,"luca fregona","2026-08-08 13:37:49",764.0,2,lucafregona
3656,16789950,"Zachary Zhang","2026-09-02 09:44:23",763.5,2,zacharyzhang16
3657,16670214,"Louis @ tradeInsight.ai","2026-08-21 15:18:11",763.1,2,louisquart
3658,16731443,"Arjun Vinod","2026-08-21 01:00:30",762.7,2,arjun0014
3659,16774941,Samvrcai,"2026-08-30 15:00:50",762.6,2,samvrcai
3660,16778640,Kilupy,"2026-09-02 13:08:48",762.0,2,kilupy
3661,16668269,"Rashi Jain07","2026-08-05 17:46:37",761.2,1,rashijain07
3662,16768449,"Dmitry Volovikov","2026-09-02 12:10:33",760.8,2,dmitryvolovikov
3663,16656013,Asuran,"2026-08-17 07:43:54",760.6,2,zkasuran
3664,16690988,"Aditya Bharadwaj","2026-08-20 10:02:32",760.4,2,adityabharadwaj26
3665,16664024,"Juan David Bolanos","2026-08-13 17:06:00",760.2,2,juandavidbolanos
3666,16734712,"Jamshid Ganiev","2026-08-19 06:03:31",759.6,2,jamshidganiev
3667,16666204,"David Nana Kofi Ofosu-Arko","2026-08-05 11:04:42",759.3,2,davidnanak
3668,16759623,"zhenglu wen","2026-08-26 06:24:09",759.1,2,zhengluwen
3669,16633923,JackyFan123,"2026-08-01 15:22:04",758.8,2,jackyfan123
3670,16684957,"Lucas Ferreira","2026-08-11 18:20:43",758.7,2,lucasdeoferreira
3671,16636454,epigene,"2026-08-02 10:14:52",758.6,2,nadhu59648
3672,16734490,Tomeiser,"2026-09-01 11:42:49",758.5,2,tomeiser
3673,16711317,"yf D","2026-09-02 10:58:58",758.2,2,dengvitruviano
3674,16719745,"Masih Pemula Beneran","2026-08-31 02:14:53",758.1,2,mikhaeldhika
3675,16702270,"Jonas Jaku","2026-08-12 09:44:36",757.1,2,jonasjaku
3676,16705417,fuxi,"2026-08-16 07:53:46",756.9,2,"padyue,pytorch5009asd"
3677,16758556,bpbpbpbpb,"2026-09-02 09:54:30",756.8,2,bpbpbpbpb
3678,16661943,"Cow Wizard","2026-08-14 02:14:58",756.8,2,cowwizard321
3679,16659817,"Viet Anh Ngo ","2026-08-31 09:41:08",756.6,2,vietngogm
3680,16642846,"Leonid Zaporozhets","2026-08-02 20:03:13",756.4,2,leonidzaporozhets
3681,16725010,jenninglim,"2026-08-23 08:38:47",756.3,2,jenningl
3682,16665120,nobody,"2026-08-13 14:48:45",756.3,2,rajesh1729
3683,16658083,"Gunjan Solanki","2026-09-01 11:32:53",756.1,2,blackhatv1
3684,16623886,onepunch999,"2026-08-01 07:30:37",756.1,2,onepunch999
3685,16669561,"Nikunj Pahwa","2026-08-15 20:04:36",755.8,2,nikunjpahwa
3686,16660310,KOLONEX.NET,"2026-08-10 12:40:46",755.6,2,danielandresmiranda
3687,16687808,GorillaGhost,"2026-08-13 23:23:10",755.5,2,gorillaghost
3688,16701036,"Tiandong Wang","2026-08-19 11:45:32",755.4,1,condone
3689,16658272,"Yash Katiyar","2026-08-08 20:17:05",754.3,2,yashkatiyar409
3690,16623555,yindujuxi,"2026-08-01 10:11:35",754.2,2,yindujuxi123
3691,16633341,Hak,"2026-09-02 10:35:53",754.2,2,hakdevelopment
3692,16679079,"cedric stephan ","2026-08-25 20:39:15",753.9,2,cedricstephan
3693,16633175,"Umut Kıvanç Sipahioğlu","2026-08-04 15:51:56",753.8,2,umutkvansipahiolu
3694,16657570,"Guruprasad Parasnis","2026-08-10 12:04:57",753.5,2,guruprasadparasnis
3695,16638823,YDDDDDD999,"2026-09-01 18:06:37",753.1,2,ydddddd999
3696,16738538,ZHANG_WuHua,"2026-08-18 16:21:19",752.9,2,zhangwuhua
3697,16669392,cobrapigeon,"2026-08-20 18:43:25",752.8,2,cobrapigeon
3698,16697461,Agricroporation,"2026-09-02 07:02:16",752.8,2,"algionightly,kroissant7,officialabhinavsingh"
3699,16712751,haruo_tensai,"2026-08-31 09:13:42",752.5,2,haruotensai
3700,16665342,Prothos,"2026-08-23 13:44:29",752.5,2,vjuenemann
3701,16668089,Goller,"2026-08-26 15:05:53",752.3,2,goller
3702,16654855,"Pedro Rezende Gomes","2026-08-06 00:41:30",752.2,2,pedrorzgomes
3703,16669461,"suzy su","2026-08-30 13:09:10",752.2,2,suzysu997
3704,16664154,dwdwdwsdedwd,"2026-08-11 06:29:24",751.6,2,dwdwdwsdedwd
3705,16761267,Pranav,"2026-08-31 18:09:18",751.4,2,pranavarvind
3706,16698822,JJN8825,"2026-09-02 06:51:45",750.7,2,jjn8825
3707,16630501,"Haris Ahmed","2026-08-14 10:08:51",750.6,2,harisahmedgenai
3708,16755911,"Paarth Patel","2026-09-02 12:14:01",750.5,2,martis10
3709,16784154,JoshJML,"2026-08-30 22:02:06",750.2,2,joshjml
3710,16668720,"etienne duplessix","2026-08-10 22:48:53",750.1,2,etienneduplessix
3711,16673346,gabrielep09,"2026-08-11 01:52:41",749.7,2,gabrielep09
3712,16714161,Slirche,"2026-09-02 04:27:28",749.6,2,slirche
3713,16655411,フナコシ,"2026-08-20 13:47:26",749.5,2,kokifunakoshi
3714,16657397,"QSS Technosoft AI Team","2026-08-05 07:47:00",749.4,2,"kunalthedev,nishantkumarabes,prathamydvv,prishagdev,shreyakchakraborty"
3715,16668298,"Riki Garcia","2026-08-26 15:36:14",748.8,2,rikigarcia
3716,16667730,"Surya Vijjeswarapu","2026-09-01 11:30:42",748.3,2,suryavijjeswarapu
3717,16748154,taiseiu,"2026-09-02 13:31:23",748.2,2,taiseiu
3718,16779977,sue124,"2026-09-01 00:17:14",748.1,2,ryotasueyoshi
3719,16664241,payoon,"2026-08-07 08:24:05",748.0,2,payoon1234
3720,16777222,"José Daniel Ara","2026-08-27 00:12:53",747.7,2,josdanielara
3721,16804027,ceir-ceir,"2026-09-02 08:36:40",747.3,2,ceirceir
3722,16764301,"Quýt đây đừng sợ","2026-09-02 03:43:39",747.1,2,ponschannel
3723,16692678,Nerozud,"2026-09-02 08:28:50",747.0,2,"lorerubiano22,nerozud"
3724,16656162,Marisyn,"2026-08-18 18:19:19",746.9,2,marisyn
3725,16663238,"Francesco Zaccaria","2026-08-21 07:28:57",746.8,2,francescozaccaria
3726,16680342,Game_khó_vkl,"2026-08-13 19:28:01",746.4,2,maruusha
3727,16637898,"Marek Nurzynski","2026-08-01 16:06:46",746.1,1,marek3000
3728,16630559,khan,"2026-08-02 12:18:56",745.9,2,khansolov
3729,16665942,"Satvik R Shetty","2026-08-09 03:59:52",745.8,2,satvikrshetty
3730,16699838,"Harry Taylor","2026-08-21 10:38:18",745.2,2,harryphysics
3731,16699415,"Dohwan Kwak","2026-08-31 01:05:28",744.5,2,dohwankwak
3732,16736856,misaki,"2026-08-27 15:57:11",744.1,2,"dicenull,iroharyo,jinnsou0219,misakima"
3733,16650160,nori8774,"2026-08-10 06:26:21",744.0,2,norimasayamamoto
3734,16761227,Ciel_ing,"2026-08-23 10:03:29",743.7,2,cieling
3735,16726941,CJ103CJ,"2026-08-23 12:52:07",743.3,2,cj103cj
3736,16735298,Watary0927,"2026-08-22 23:25:11",743.2,2,watary0927
3737,16644415,Ztrk,"2026-08-31 08:23:50",742.8,2,ztrk123
3738,16736985,Colt,"2026-09-01 03:14:54",742.5,2,nht1990
3739,16756564,"Nicolas Defossé","2026-08-25 21:10:58",742.1,2,nicolasdefoss
3740,16664804,ryanovovo,"2026-08-05 18:02:38",741.9,2,ryanovovo
3741,16675888,"Rob Gonzalez","2026-08-08 14:58:43",741.7,2,robg475
3742,16664457,yaohongfu,"2026-08-10 12:30:43",741.6,2,yhfwww
3743,16760701,"Yannik Schiffner","2026-08-30 05:39:06",741.4,2,yannikschiffner
3744,16654456,"Tristan Peng","2026-08-09 17:00:48",741.3,2,tristanpeng
3745,16656501,"Thái Phạm Công","2026-08-05 03:59:47",741.1,2,thaipc
3746,16622993,"Yaroslav Tanko","2026-08-18 04:34:12",741.0,2,yaroslavtanko
3747,16655013,"Adrian Martinez 1111","2026-08-12 00:52:14",741.0,2,adrianmartinez1111
3748,16658224,"Daniel Gallardo Gómez","2026-08-07 08:17:24",740.7,2,danielgallardogmez
3749,16746151,"Nicolas Gomasjaya","2026-08-26 16:57:08",740.6,2,nicolasgomasjaya
3750,16728633,draven,"2026-08-31 17:38:18",740.2,2,ustchx
3751,16769767,bruhbruh,"2026-08-28 08:51:26",740.2,2,nguyendinhbach69
3752,16658430,bruyantq,"2026-08-23 08:52:33",740.1,2,bruyantq
3753,16664112,"Ethan Hung","2026-08-08 21:44:57",740.1,2,chinesegorilla99
3754,16785100,5386,"2026-09-01 11:13:18",740.1,2,"ismktkaggle,rairai314,satosis"
3755,16657887,"Yermak Petro","2026-08-31 15:56:06",740.0,2,yermakpetro
3756,16691580,"Toni Blanco","2026-08-11 13:10:45",740.0,2,toniblanco
3757,16672103,"fred mahinay","2026-08-24 23:34:48",739.8,2,fredmahinay
3758,16746380,JKong,"2026-08-22 01:40:01",739.6,2,kmt2001
3759,16652446,"tine.sh agent","2026-09-01 10:06:26",739.2,2,sidcodegg
3760,16654267,maniginam,"2026-09-02 01:00:07",739.1,2,maniginam
3761,16692994,turneja,"2026-08-08 23:50:13",738.9,2,turneja
3762,16633269,op_star_platinum,"2026-08-09 17:52:52",738.8,2,opstarplatinum
3763,16665395,"bachi idriss","2026-08-10 15:23:30",738.7,2,bachiidriss
3764,16721960,"Lê Khang","2026-08-18 19:42:43",738.7,1,kobtdatten
3765,16718133,KaranjeetSingh1110,"2026-09-01 16:21:58",738.1,2,karanjeetsingh1110
3766,16719696,"Spencer Farrand","2026-08-17 18:40:28",737.9,2,spencerfarrand
3767,16640991,Xinyi,"2026-09-01 16:44:29",737.4,2,xinyeee
3768,16641171,"Sadettin Şamil Verdil","2026-09-02 13:12:40",737.2,2,sadettinamilverdil
3769,16659974,"anthony sinchi","2026-08-18 00:01:08",736.6,2,anthonysinchi
3770,16714208,TirumalaMarri,"2026-08-29 00:04:15",735.4,2,mtreddy
3771,16755568,KHuShIMaHajan,"2026-08-21 18:55:05",734.9,2,bymista4578
3772,16631353,"Shivam Shinde","2026-08-01 15:29:24",734.6,2,shindeshivam
3773,16763886,"Jackson Sauls","2026-08-24 19:30:24",734.3,2,jacksonsauls
3774,16692857,AbeLincoln1865,"2026-08-11 00:10:16",734.0,2,abelincoln1865
3775,16688893,CCG,"2026-09-02 08:01:48",733.6,2,"hirokenn,nagomenk"
3776,16633466,"Aarush pandey","2026-08-25 19:17:14",733.6,2,aarushpandey
3777,16686787,"Lars Kammeijer","2026-08-07 21:31:11",732.6,2,larskammeijer
3778,16640683,Jason-Oh,"2026-08-29 18:48:21",732.4,2,dossantoss
3779,16709809,RiyaSoni20,"2026-09-02 03:31:24",732.4,2,"riyasoni20,rudraamin06"
3780,16791960,Boladi,"2026-09-01 02:09:09",732.1,1,boladi
3781,16718838,"josh mathers","2026-08-14 09:26:33",732.1,2,joshmathers
3782,16648215,"Terrence Chuwe","2026-08-03 13:32:15",731.8,2,terrencechuwe
3783,16705348,"Howard lin","2026-08-20 23:01:36",731.6,2,howardlin007
3784,16658043,"Tran Huy Hoang1312","2026-08-05 01:58:39",731.4,2,tranhuyhoang1312
3785,16686715,"Adrien Secondaire","2026-08-08 15:54:58",731.4,2,adriensecondaire
3786,16695662,"Ollie Lowe2","2026-08-16 16:47:01",731.2,2,ollielowe2
3787,16790257,"Shivam Kushwaha","2026-08-30 11:55:08",731.2,2,shivamk21
3788,16699292,"Siddharth Kumar Gopal","2026-08-14 16:35:03",731.0,2,siddharthkumargopal
3789,16806003,"Hazqeel Afyq","2026-09-02 13:40:30",730.7,2,hazqeelafyqathaillah
3790,16670834,romin_123,"2026-08-14 01:25:19",729.9,2,romin123
3791,16670420,"Mihir Argulkar","2026-08-07 20:03:15",729.6,2,mihirargulkar
3792,16760439,XLX,"2026-08-31 17:29:32",729.4,2,lonelygleaner
3793,16660805,"Ramon van Dijk","2026-08-05 05:48:21",729.2,2,ramonvandijk
3794,16777746,"Daniel Bandy","2026-08-29 02:04:01",728.5,2,goddangitboby
3795,16763838,"L. Barriga","2026-08-27 06:48:39",728.5,2,lbarriga
3796,16664159,"james nazareth","2026-08-19 02:13:23",728.2,2,jamesnazareth
3797,16632994,primal,"2026-08-12 16:02:29",728.0,2,primalhost
3798,16703310,"israel ntumba","2026-08-14 01:18:18",727.8,2,israelntumba
3799,16665517,"RUEI-HSIANG. CHANG","2026-08-17 15:23:55",727.3,2,rueihsiangchang
3800,16781447,"Cody Schrank","2026-08-31 04:38:57",727.2,2,codyschrank
3801,16623644,Accer_sz,"2026-08-02 00:27:32",727.2,2,accersz
3802,16658660,"Leo Lai","2026-08-13 08:14:45",727.1,2,junweilai
3803,16763113,sowhatwillwelearn,"2026-09-01 11:03:47",727.0,2,sowhatwillwelearn
3804,16655199,"Alexander Ulrich","2026-08-12 19:44:20",727.0,2,alexanderulrich01
3805,16745972,yamy893,"2026-08-22 02:14:20",726.9,2,yamy893
3806,16779063,"Yendrew Y","2026-09-02 12:57:26",726.5,2,yendrewy
3807,16632426,Santhana,"2026-08-28 01:54:03",725.9,2,santhanalekshmic
3808,16682283,"RL is all you need","2026-08-29 09:27:00",725.8,2,"bpmf577,junzhejiao,jwj1342,liaodid,mrschang"
3809,16689266,"Oleksandr Dudnev","2026-08-14 09:45:57",725.3,2,dantist
3810,16645203,easonyanyan,"2026-09-01 05:40:34",725.1,2,easonyanyan
3811,16730028,"Ken Qian","2026-08-17 03:10:15",724.9,2,kenqian
3812,16779007,"Teoh jia sheng","2026-09-02 06:49:52",724.7,2,"nathanael19,teohjiasheng"
3813,16720234,Aditya109,"2026-08-27 08:35:04",724.5,2,"aditya109,tathagattyger"
3814,16795923,KaluzaKlein,"2026-09-02 13:29:29",724.4,2,kaluzaklein
3815,16651661,"Quyền Thịnh","2026-08-07 06:27:45",724.2,2,quynthnh
3816,16656912,"Sami Ali","2026-08-07 00:48:33",723.8,2,mrsamiali
3817,16793489,hendracos,"2026-09-02 03:10:03",723.4,2,hendracos
3818,16757614,"Eduardo Molina","2026-08-31 03:01:28",723.4,2,eduardomolinaai
3819,16672493,ChloeeeeY,"2026-08-23 06:17:03",722.3,2,chloeeeey
3820,16655044,"Darius Kolycius","2026-08-04 09:49:01",722.2,2,dariuskolycius
3821,16656460,dlutwzh,"2026-08-08 06:48:33",722.2,2,dlutwzh
3822,16768702,"Crop It Like It's Hot","2026-09-02 10:35:31",722.0,2,"davidben10,rachel79"
3823,16755344,"Alizen James","2026-08-23 18:34:30",722.0,2,alizenjames
3824,16651593,"huanxian chen","2026-08-11 11:13:05",721.6,2,huanxiachen
3825,16663736,"Life Is Roblox","2026-08-17 18:58:37",721.6,2,alexlisenko
3826,16738700,"Bugra Cinar","2026-08-19 07:51:58",721.3,2,bugracnr
3827,16635055,chch,"2026-09-01 15:52:51",721.2,2,chchentw
3828,16664884,Abhijeetgg,"2026-08-12 08:53:50",721.1,2,abhijeetgg
3829,16657172,Honkazu,"2026-08-28 16:55:46",720.5,2,janposlusny
3830,16786437,"Kiran Narayana K","2026-08-30 06:45:20",720.4,2,kirannarayanak
3831,16780484,"Edmond Kirsch","2026-09-01 17:30:28",719.9,2,edmondkirsch
3832,16659828,"Lebansty Valan","2026-08-21 14:14:56",719.4,2,lebanstyvalan
3833,16633772,ayuma,"2026-08-03 06:01:01",719.2,2,onthoze
3834,16655629,Mai_Konare,"2026-08-17 06:20:49",718.0,2,maikonare
3835,16685938,"Gautier Fauchart","2026-08-12 05:57:21",717.8,2,gautierfauchart
3836,16665042,Neo_0x3f,"2026-08-10 21:36:56",717.1,2,neo0x3f
3837,16660653,kanchana's,"2026-09-01 17:09:40",716.8,2,"saikanchana,yuvarajkanchana"
3838,16724002,Yahia717,"2026-08-20 20:48:31",716.6,2,yahia717
3839,16665759,"Shawn Zhang","2026-08-21 10:18:20",716.1,2,shawnzhang0318
3840,16789903,"Netanel Keidar","2026-09-01 08:49:57",715.9,2,netanelkeidar
3841,16668361,NinhNguyen,"2026-09-02 11:51:56",715.9,2,ninhnt110695
3842,16664760,SN,"2026-08-10 10:48:44",715.5,2,spirosnianiaras
3843,16762719,"Ahmet Bilginoglu","2026-08-30 23:52:04",715.2,2,ahmetbilginoglu
3844,16712007,"Dipin Kothavoor","2026-08-27 10:00:39",715.1,2,dipinkothavoor
3845,16664205,"shr Wei","2026-09-02 01:28:54",714.7,2,shrwei
3846,16775652,"Dat Dinh","2026-08-28 09:19:43",714.6,2,dathbdinh
3847,16660600,"Beria Kalpelbe","2026-08-07 13:46:47",714.5,2,beriakalpelbe
3848,16741121,"Vignesh Nehru","2026-08-24 06:22:25",714.4,2,vigneshnehru
3849,16724355,hansama.qht,"2026-09-02 11:22:52",714.3,2,hansamaqht
3850,16664709,kai,"2026-08-18 23:29:11",714.3,2,sungwo101
3851,16656107,Aotokitsuruya,"2026-09-01 11:40:21",714.3,2,elct9620
3852,16677701,"Coşkun Bağrıaçık","2026-08-10 00:02:25",714.1,2,cbagriacik
3853,16645297,Mark_RowSet,"2026-08-09 05:25:39",714.1,2,markrowset
3854,16679887,ScriptRed,"2026-08-09 00:36:30",714.1,2,scriptred
3855,16757447,soyukke,"2026-08-31 04:17:18",714.0,2,soyukke
3856,16724202,"Sooriya Senthilkumar","2026-08-23 05:25:47",713.9,2,sooriyasenthilkumar
3857,16623480,xmaster6y,"2026-08-20 15:50:57",713.8,2,xmaster6y
3858,16685785,KSAI,"2026-08-29 12:18:51",713.3,2,kishan2112004
3859,16666084,"Andaç Demirdelen","2026-08-09 19:18:08",713.1,2,andacdemirdelen
3860,16692401,"Abdurehman Iqbal","2026-08-14 09:13:08",713.0,2,abdurehmaniqbal
3861,16697261,nbauerle,"2026-08-14 15:10:38",712.9,2,nbauerle
3862,16623378,"nvidia fan","2026-08-20 18:32:12",712.8,2,outwrest
3863,16767934,"taha berk","2026-08-26 15:21:51",712.8,2,tahaberkterekli
3864,16624888,okome_niigata,"2026-08-06 06:47:17",712.6,2,okomeniigata
3865,16669489,"Yichi Zhang","2026-08-28 19:31:07",712.3,2,yichizhang12
3866,16675831,"Thayaparan Kumarakuru","2026-08-31 09:05:45",712.3,2,"kavishkasubashana,mrkala,thayaparankumarakuru"
3867,16658655,HbjaHbja,"2026-08-12 12:18:51",712.3,2,hbjahbja
3868,16776928,aiexpert1120,"2026-09-01 16:48:18",712.2,2,aiexpert1120
3869,16660345,"Aadhithya Ramesh","2026-08-06 08:49:10",712.0,2,aadhithyaramesh
3870,16748979,"Venkata Madhu Sai D ","2026-08-21 19:49:08",711.8,1,venkatamadhusaid
3871,16654746,"Michael Mullen","2026-08-06 11:08:31",711.8,2,mmullen200
3872,16766888,"Alex #4","2026-08-24 14:42:19",710.0,1,alxndrvara
3873,16702932,kyconf,"2026-08-25 18:35:41",709.8,2,kyconf
3874,16678773,"Steve Probst","2026-09-02 11:24:34",709.5,2,steveprobst
3875,16640461,"Shigeru Kondou","2026-08-31 14:10:25",709.3,2,shigerukondou
3876,16655595,ashsah,"2026-08-31 08:37:35",709.2,2,ashsah
3877,16662618,"Soledad Santiago","2026-09-01 05:51:08",709.1,2,soledadsantiago
3878,16695633,"Kiran Kumar","2026-08-24 18:01:37",708.9,2,iamrkk
3879,16764149,"Manish Rai","2026-09-02 07:50:18",708.8,2,magiuscain
3880,16663584,"Deployable LLMs","2026-09-02 09:42:56",708.2,2,"lucasveronese,planetoidleser,sinhakprat"
3881,16698034,Anatoliy_Fomin,"2026-08-12 12:57:18",708.1,2,anatoliyfomin
3882,16663998,"Harith Al-Ani","2026-08-24 00:09:54",708.1,2,abo3losh
3883,16622338,github/shepsci/kaggle-skill,"2026-08-24 17:22:49",707.8,2,shepscientific
3884,16664003,"Nakul Rajpal","2026-08-05 06:29:24",707.8,2,nakulrajpal
3885,16671646,Luche,"2026-08-08 04:23:32",707.6,2,henrylucky
3886,16662128,BenPalmer59,"2026-08-11 19:16:24",707.3,2,benpalmer59
3887,16666648,"Sriram Reddy19","2026-08-06 08:40:07",707.2,2,sriramreddy19
3888,16654743,"Jaume Batlle i Ferrer","2026-09-02 09:58:23",706.2,2,jaumebatlleiferrer
3889,16774890,SkoopSkoop,"2026-08-31 16:08:04",705.9,2,skoopskoop
3890,16745264,wpang,"2026-09-01 07:00:47",705.5,2,wangshu
3891,16733046,Afordancja,"2026-08-24 18:22:42",705.3,2,afordancja
3892,16668354,"ashraf saiyed","2026-08-13 13:44:31",704.9,2,ashrafsaiyed58
3893,16638031,vlad101,"2026-08-21 15:10:27",704.8,2,vlad101
3894,16667514,"Kakarott 10","2026-08-06 09:05:43",704.5,2,kakarott10
3895,16668711,"David Leati","2026-08-28 00:47:39",704.2,2,davidleati
3896,16727241,Yogesh2850,"2026-08-17 09:55:08",704.1,2,yogesh2850
3897,16713249,"vedant patnala","2026-08-27 22:38:03",704.1,2,vedantpatnala
3898,16739167,Yeyuqing0913,"2026-08-31 00:00:15",704.0,2,yeyuqing0913
3899,16661650,"Docker container","2026-08-15 18:52:39",703.7,2,yossefaymanzedan
3900,16629844,IsaacJinyu,"2026-08-01 15:39:55",703.7,2,isaacjinyu
3901,16660090,"Kaggriculture @ Farmageddon","2026-09-02 13:33:46",703.7,2,gary08phillios
3902,16730461,"Mubin Shaikh","2026-08-19 06:09:17",703.6,2,shaikhmubin
3903,16717614,Dhanyashree1028,"2026-08-16 15:00:37",703.1,2,dhanyashree1028
3904,16658019,ไอติวบ้านปังมาเอาแช้มมมม,"2026-08-08 18:43:05",702.9,2,tewnabhat
3905,16738336,"Guo Xuehan","2026-09-02 05:44:05",702.7,2,zmllls
3906,16665654,"Anurag H H","2026-08-31 18:17:17",702.6,2,anur4ghh
3907,16657347,"Hibiki M","2026-08-20 15:30:40",702.5,2,hibikibrise
3908,16668819,"ahmedou sidi med","2026-08-19 00:05:55",702.3,2,ahmedousidimed
3909,16736931,"Sergei Fironov","2026-08-31 05:33:40",701.9,2,sergeifironov
3910,16732048,jiangletian,"2026-08-24 03:20:40",701.5,2,jiangletian
3911,16784992,Prasad.tgs,"2026-08-31 01:05:39",701.3,2,sivaprasadnaidu
3912,16663884,DevilQ,"2026-08-23 22:08:52",701.3,2,"parhamesm,samuelescarfone12"
3913,16671438,"Aot Chanthorn","2026-08-15 16:16:25",701.1,2,aotchanthorn
3914,16717952,Aydar,"2026-08-29 21:28:35",700.6,2,aydara
3915,16711868,"Mark Cooper","2026-08-16 13:09:02",700.5,2,markjcooper
3916,16805918,"kaito ide 31","2026-09-02 08:56:57",700.4,2,kaitoide31
3917,16748955,micchy,"2026-08-31 15:19:13",699.2,2,micchy326
3918,16677366,Gmmastermind,"2026-08-07 01:19:13",699.1,2,gmmastermind
3919,16689398,Reesh,"2026-08-11 08:55:10",698.9,2,rishileung
3920,16729186,Virtute,"2026-08-27 15:31:09",698.7,2,nameless001
3921,16655449,tcvieira,"2026-08-06 18:20:34",698.0,2,tcvieira
3922,16802695,"Taras Sam","2026-09-02 13:02:20",697.9,2,tarassam
3923,16766732,"Maziyar Abyari","2026-08-29 23:45:48",697.6,2,maziyarabyari
3924,16630779,Jimmer,"2026-08-30 22:07:43",697.6,2,przemysawonr
3925,16703315,"Ryan Triplett","2026-09-02 05:54:31",697.4,2,ryantriplett
3926,16663656,"Andrii Kavetskyi","2026-08-20 21:48:20",696.7,2,andriykavetsky
3927,16786115,"Andy Phan","2026-09-02 06:44:07",696.6,2,andyphan
3928,16660270,Ziel_Lux,"2026-09-02 12:55:12",696.1,2,nahbilafaith
3929,16731839,mamematcha,"2026-08-27 06:32:35",696.1,2,mamematcha
3930,16655578,"Ahmed Merie","2026-08-13 00:11:40",695.9,2,aa7767
3931,16711567,"Finn Brooks","2026-08-15 04:40:11",695.6,2,finnbr
3932,16756972,"Đức Hải Hà","2026-09-02 10:53:52",695.3,2,tankinguyen
3933,16737702,"kaneko takafumi","2026-09-01 05:47:22",694.5,2,kanekotakafumi
3934,16655039,"Andrew Yip","2026-08-06 20:14:49",693.9,2,yipcma
3935,16683282,ayushk_empire,"2026-08-14 11:50:15",693.9,2,ayushkempire
3936,16659341,Aryan88097,"2026-08-05 17:26:57",693.6,2,aryan88097
3937,16675708,"Mahder Tesfaye Abebe","2026-08-08 08:46:36",693.4,2,mahdertesfayeabebe
3938,16745571,"Yifan Xie","2026-08-27 11:54:28",693.4,2,yifanxie
3939,16772626,"Dr. Mikholae Hutchinson","2026-08-29 21:53:59",693.3,2,drmikholaehutchinson
3940,16694610,Kshitiz2002,"2026-08-11 15:44:41",693.2,2,kshitiz2002
3941,16706455,"John Andrei Martinez","2026-08-18 18:55:04",693.0,2,johnandreimartinez
3942,16671421,"Gryffin Wang","2026-08-08 23:08:40",692.9,2,gryffindoraf
3943,16732504,"porsche zheng","2026-08-18 08:19:41",692.6,2,porschezheng
3944,16659286,shane18,"2026-09-02 05:45:41",692.6,2,shane18
3945,16663498,"Braxton Dyer","2026-09-02 12:35:15",692.5,2,braxtondyer
3946,16719364,Yeh!AIGame,"2026-08-31 01:46:07",692.4,2,"luluyeh,yehshibang"
3947,16767632,"robin baldeo","2026-08-28 17:02:49",692.3,2,robinbaldeo
3948,16732537,Rapha,"2026-08-27 12:08:17",692.0,2,raphaabels
3949,16805171,Mario,"2026-09-02 12:58:15",692.0,2,mwalkiew
3950,16625050,"how to place pokemon","2026-08-03 05:53:43",691.2,2,ktverdov
3951,16667258,"Firman Imam","2026-08-09 02:36:56",690.9,2,piririp
3952,16630251,"Handry Novianto","2026-09-02 08:02:58",690.3,2,handrynovianto
3953,16699140,St.Valentine,"2026-08-18 09:49:04",690.2,2,stvalentin3
3954,16670313,HamzZZzzZZa,"2026-08-06 22:01:28",689.9,2,memesalot
3955,16667500,jiannebab,"2026-08-14 14:29:12",689.4,2,jiannebab
3956,16661533,wangyuou,"2026-09-02 08:29:32",689.4,2,wangyuou
3957,16735408,"Evan S","2026-08-18 20:06:05",688.7,2,evansc123
3958,16743165,"Chiachii Liang","2026-08-26 00:45:19",688.7,2,chiachiiliang
3959,16723729,"Lucas Cimiano","2026-08-29 17:21:55",688.7,2,lucascimiano
3960,16686222,"Nika Chaduneli","2026-08-10 01:21:09",688.7,2,nikachaduneli
3961,16755111,ingemarieke,"2026-08-21 15:04:53",688.0,1,ingemarieke
3962,16692896,"Guy Lev","2026-08-20 19:18:52",687.6,2,sarthobi
3963,16689033,arman1o1,"2026-09-01 05:01:27",687.2,2,arman1o1
3964,16641288,nakagawaren0805,"2026-08-22 06:03:44",687.0,2,nakagawaren0805
3965,16653828,Boltuzamaki,"2026-08-23 18:40:37",686.8,2,boltuzamaki
3966,16661529,"AL Najafi","2026-08-08 03:39:39",685.7,2,alnajafi
3967,16772678,SuppliLion,"2026-09-02 02:09:27",685.5,2,supplilion
3968,16661898,Farfadet,"2026-08-12 06:04:18",685.4,2,farfadet
3969,16650930,"Govind Sharma","2026-08-24 09:25:23",685.4,2,govindsarswat
3970,16652079,Infill,"2026-08-27 06:12:04",685.4,2,infill
3971,16731260,"Jeel Gajera","2026-08-18 07:44:44",685.2,2,jeelog
3972,16672370,"Yash Barhanpurkar","2026-08-30 18:44:23",684.4,2,yashbarhanpurkar
3973,16756965,gchauhan,"2026-08-30 16:41:21",684.3,2,gchauhan
3974,16661132,"Jia Chen","2026-09-02 06:47:11",684.0,2,jiachenjasper
3975,16660491,"Ryan Hancock","2026-08-08 09:56:54",684.0,2,rychanfox
3976,16716365,Murphy,"2026-08-21 14:00:29",683.8,2,taeyounglimdt
3977,16750447,Morpheus0303003,"2026-08-24 16:58:42",683.7,2,morpheus0303003
3978,16708824,"Tanaka Chiromo","2026-08-20 11:12:22",683.5,2,tanakachiromo
3979,16777740,hoangnnh67,"2026-08-28 22:12:22",683.2,2,hoangnnh67
3980,16657016,"MD. AS-AID RAHMAN","2026-08-26 15:57:49",682.9,2,mdasaidrahman
3981,16766171,Jonaid,"2026-08-24 15:27:44",682.8,2,jonaidshianifar
3982,16654099,"Bhupin Thapa magar","2026-08-10 09:22:06",682.5,2,vupeenthapamagar
3983,16735476,"Matthew Liew","2026-08-18 08:02:11",682.4,2,matthewliew
3984,16745109,deflexor,"2026-08-27 21:35:07",682.3,2,deflexor050
3985,16738261,"Samuel Moreira","2026-08-24 14:11:40",681.7,2,samuelmoreira420
3986,16771397,its_mrz,"2026-09-02 03:41:47",681.5,2,itsmrz
3987,16665476,"Zhanghao Chen69","2026-08-19 12:42:33",681.5,2,zhanghaochen69
3988,16624253,"Ho Dinh Trieu","2026-08-22 07:52:08",681.5,2,hodinhtrieu
3989,16706456,"Michael van Mill","2026-08-12 09:58:40",681.1,2,michaelvanmill
3990,16679018,"Kushpreet Singh","2026-08-27 21:01:42",681.1,2,kush639
3991,16655140,Efthimios,"2026-08-11 15:30:43",681.1,2,efthimiosfousekis
3992,16793802,"Andrew Lam","2026-09-01 09:07:56",680.9,2,andrewlam23
3993,16655027,"Artem Zenkevich","2026-08-16 13:09:58",680.8,2,artemzen
3994,16675832,"Dean Shalev","2026-08-09 04:12:47",680.6,2,deanshalev
3995,16641130,LitvinKA,"2026-08-04 18:09:01",680.5,2,litvinka
3996,16668817,"Sean ODonnell","2026-08-08 03:27:47",680.1,2,sjean11
3997,16655663,"Farmland Destroyer","2026-08-19 13:43:22",679.9,2,minghaopang
3998,16636808,"Kaito Ichikawa","2026-08-27 09:02:36",679.7,2,kaitoichikawa
3999,16670698,"Tamerlan Dadashov","2026-08-09 10:36:12",679.6,2,tamerlandadashov
4000,16687390,"Mark Calvert","2026-08-08 09:51:55",679.4,2,markycalvert
4001,16740361,"Suba S","2026-08-21 08:31:50",679.1,2,jupiter79
4002,16793189,"Akash Mohan Chaudhary","2026-09-01 18:29:57",678.9,2,akashmohanchaudhary
4003,16675897,"KANG ZHIPENG","2026-09-01 15:23:30",678.6,2,kangzhipeng
4004,16770674,"Arpit Jain","2026-09-02 11:44:36",678.6,2,arpitjain5
4005,16771001,"0x1369 T-Farm","2026-08-31 04:38:04",678.5,2,xcryst
4006,16724993,Bonkoturyu,"2026-09-01 05:39:19",678.4,2,bonkoturyu
4007,16663909,HDPark,"2026-08-17 04:48:41",678.1,2,hdpark
4008,16625047,BOBQWERA,"2026-08-02 06:34:18",677.6,2,bobqwera
4009,16665154,"Omkar Pawar","2026-08-23 12:22:56",677.3,2,omkarrr7
4010,16664790,"soumic 1088","2026-08-19 08:34:34",677.1,2,soumic1088
4011,16734595,"Abhimanyu Singh","2026-08-20 12:52:38",677.1,2,abhimanyusingh170702
4012,16665692,Straw_hats,"2026-09-01 07:40:19",677.1,2,"charanno,tvigneshreddy"
4013,16757280,"manos papagiannidis","2026-08-27 03:40:34",677.0,2,manospapagiannidis
4014,16738653,"Julien Trocmé","2026-08-24 12:48:49",676.6,2,julientrocm
4015,16759427,Dhruv,"2026-08-23 12:20:16",676.5,2,dtalati1
4016,16748603,qianzhonhao,"2026-08-29 06:12:59",676.3,2,qianzhonhao
4017,16712870,"Jose Gibson","2026-08-13 20:09:11",676.1,2,josegibson
4018,16725913,StarStone_233,"2026-08-16 07:22:12",676.1,2,starstone233
4019,16694134,"Sophia Leng","2026-08-24 20:04:10",676.0,1,sophialeng9
4020,16696421,"Koyashiki Mao","2026-08-11 06:40:19",675.7,2,koyashikimao
4021,16654328,"QQ Farm","2026-08-28 12:59:12",675.7,2,"huiiyu,titirmt"
4022,16741660,Dhruv_Goyal990,"2026-09-01 05:27:02",675.7,2,"dhruvgoyal990,prathameshbelavagi"
4023,16654640,"Halil Akbas","2026-08-28 00:32:12",675.3,2,halilbrahimakbas
4024,16633379,"Artem Prokhorov","2026-07-31 20:53:32",675.2,1,catfield123
4025,16682876,"Kartik Garg","2026-08-09 05:21:34",675.1,2,kartikgarg97
4026,16793892,cjc0013,"2026-08-31 18:27:50",675.0,2,cjc0013
4027,16640933,"Bhanu prasad","2026-08-30 07:49:09",674.6,2,restlesseagle
4028,16673151,skyblue01,"2026-08-27 07:56:10",674.5,2,skyblue01
4029,16664359,"Apil Khadka","2026-08-15 13:10:18",674.5,2,apilkhadka
4030,16789914,AkikJana,"2026-09-02 03:02:27",674.5,2,firewaterair
4031,16677105,"Chaitanya Yadav","2026-08-16 10:36:07",674.3,2,xhaitanya
4032,16669165,"IT Neko","2026-08-14 13:17:33",674.2,2,"nirvaanaa,zhexuanyecust"
4033,16664134,"Pelayo Fernández","2026-08-07 10:36:48",674.2,2,pelayofdez
4034,16655521,"Hemadri Rajyaguru","2026-08-04 02:12:55",674.0,2,hemadrirajyaguru
4035,16735624,"Marc Rippee","2026-08-24 05:03:34",673.9,2,marcrippee
4036,16743382,"Pavan Rangisetti","2026-08-30 07:22:59",673.9,2,pavanrangisetti
4037,16763287,Sathishkumartheta,"2026-08-25 18:53:26",673.7,2,sathishkumartheta
4038,16661318,"Zeel Kadvani","2026-08-25 11:17:53",673.6,2,zeelkadvani
4039,16687714,nabilux,"2026-08-09 13:27:11",673.1,2,eminesnabil
4040,16727059,ksankeerth1,"2026-08-21 14:11:02",673.1,2,ksankeerth1
4041,16624824,GoofyGenius,"2026-08-26 12:59:10",672.8,2,goofygenius
4042,16665932,"Fabian Birringer","2026-08-21 18:31:41",672.6,2,fabianbirringer
4043,16658009,"Lando Wang","2026-08-05 02:18:17",672.6,2,landowang
4044,16681149,Lee14k,"2026-08-19 17:00:35",672.6,2,lee14k
4045,16666099,"Marcben James Samuel","2026-08-18 06:42:43",672.5,2,marcbenjamessamuel
4046,16716941,林木子吖,"2026-08-24 09:28:59",672.5,2,linmuzi0108
4047,16728799,JulianHahn28,"2026-08-17 21:26:57",672.4,2,julianhahn28
4048,16713236,kingofeverything,"2026-09-02 01:41:13",672.4,2,"kingofeverything,skyyyang"
4049,16763088,mason.jr,"2026-08-25 04:29:36",672.1,2,haophanzx
4050,16663614,Nevska,"2026-09-02 12:20:27",671.8,2,nevska
4051,16715473,cmrfrd,"2026-08-14 04:58:15",671.8,2,thecmrfrd
4052,16686645,Ornaat,"2026-09-01 18:20:17",671.8,2,ornaat
4053,16709318,"Jana Hagen","2026-08-26 18:00:16",671.5,2,janahagen
4054,16732507,iwashhh,"2026-09-01 22:06:53",671.5,2,yuinokogawa
4055,16670356,"Dziriyin wa9il","2026-08-25 19:56:56",671.4,2,"akumanomu,alioualaeddine"
4056,16655272,"Artur Sakhiullin","2026-08-09 14:27:52",671.2,2,artursakhiullin
4057,16755548,"Manuel Ramos","2026-08-27 19:06:26",671.0,2,aizpask13
4058,16712902,"Ethan Benjamin Cole","2026-08-13 12:19:26",670.9,2,ethanbenjamincole
4059,16738239,"Yaseen Shah7897","2026-08-20 06:50:29",670.8,2,yaseenshah7897
4060,16669393,"ÖMER FARUK YILMAZ","2026-08-07 19:54:59",670.7,2,ofyzero
4061,16730231,chandler14362,"2026-08-29 03:04:49",670.6,2,chandler14362
4062,16659367,"Tayyab Aamir","2026-08-06 10:59:49",670.4,2,duketi
4063,16786496,"Lê Quang Cảnh","2026-09-02 06:39:28",669.6,2,zhincez
4064,16664041,"an Expired Engineer","2026-08-17 12:02:21",669.5,2,sanggusti
4065,16662120,"Harpal Gujral","2026-08-25 18:07:07",669.3,2,harpalgujral
4066,16670229,Munshi-PremChand,"2026-08-27 12:43:08",669.1,2,munshipremchand
4067,16663343,"Abdullah M. Haque","2026-08-13 14:26:00",668.8,2,abdullahmhaque
4068,16664267,"Alan T. Andrea","2026-08-09 03:22:40",668.7,2,alantandrea
4069,16657798,"Ian Kim","2026-08-06 05:07:10",668.5,2,ianpkim
4070,16668439,Lugas024,"2026-08-08 05:33:51",668.4,2,lugas024
4071,16700785,"VIVEK JAMI","2026-08-19 13:57:57",667.9,2,vivekjami
4072,16670210,"Ali Alghaithi","2026-08-10 21:14:48",667.9,2,alioman
4073,16667630,Sparsh389,"2026-08-06 15:46:09",667.6,2,sparsh389
4074,16688175,aarav221w,"2026-08-25 23:40:16",667.3,2,aarav221w
4075,16656934,"Aleks Kolesnik","2026-08-26 11:58:24",667.3,2,aleksandrkolesnik
4076,16752250,"Takahiro Katsumata (tkatsuma)","2026-08-31 02:58:20",667.1,2,alextfkd
4077,16702411,"Aryuemaan Chowdhury","2026-08-21 07:05:31",667.0,1,aryuemaanchowdhury
4078,16660540,Minikotey,"2026-08-16 15:34:40",666.9,2,juliapatarishina
4079,16704437,babybuffalo,"2026-08-25 16:11:16",666.4,2,babybuffalo
4080,16731516,Sumit0694,"2026-08-30 16:05:40",666.3,1,sumit0694
4081,16792512,ckd999,"2026-09-01 17:16:56",666.3,2,ckd999
4082,16731447,"Rúben Martins","2026-08-19 20:55:42",666.2,2,rubenmartins10
4083,16793680,prajval_p,"2026-09-01 01:03:39",666.2,2,prajvalp
4084,16744534,"Leonardo Custode","2026-09-01 20:41:52",666.2,2,leocus
4085,16665990,daffaharil,"2026-08-11 07:56:55",665.7,2,"daffaharil,farhansiddiq"
4086,16665471,"Dennis Navamani","2026-08-25 11:10:08",665.6,2,dennisnavamani
4087,16733873,"Shirish Chinchanikar","2026-08-30 15:53:12",665.4,2,"codemastersj,shirishchinchanikar"
4088,16678157,"Ayush Kumawat","2026-08-14 13:10:02",665.4,2,ayushkumawat21
4089,16749236,"Michael Müller","2026-08-31 18:03:46",665.0,2,michaelmller
4090,16781377,AgriMind,"2026-09-02 13:15:38",664.9,2,slimaneguermat
4091,16706192,rustlers42,"2026-08-31 22:14:58",664.7,2,"lkshrsch,powerofcreation"
4092,16658042,"Giampietro Pregnolato","2026-08-13 09:17:36",664.7,2,giampietropregnolato
4093,16655364,AmirElite,"2026-08-28 04:30:37",664.6,2,amirelite
4094,16730030,"Jared Wilder","2026-08-17 14:23:15",664.2,2,jaredwilder
4095,16657332,"Amit Malakar","2026-09-01 16:54:56",664.0,2,amitmalakarjoy
4096,16658686,"Alpesh Kumar","2026-08-08 06:12:31",663.9,2,alpeshkumar
4097,16692995,RafaMartinaitis,"2026-08-22 11:50:10",663.7,2,rafaelmartinaitis
4098,16658377,Masaya,"2026-09-01 13:43:37",663.6,2,irrohas
4099,16716335,JamesJJJJJ,"2026-08-17 14:54:10",663.3,2,jamesjjjjj
4100,16803592,"Bishal Lamichhane","2026-09-01 17:26:37",663.0,1,bishallamichhane44
4101,16706413,"Song Research","2026-08-18 00:39:36",662.7,2,sangbong91
4102,16663708,"Imran Ahamed","2026-08-29 22:00:50",662.7,2,immu4989
4103,16696916,Sundar,"2026-08-11 13:04:59",662.6,2,vsundar17697
4104,16665084,"Wei Han","2026-09-01 06:15:02",662.5,2,weihan87
4105,16756677,"Pyzh Vladislav","2026-08-24 10:19:44",662.4,2,pyzhvladislav
4106,16691518,"Sander Ee","2026-08-09 12:03:09",662.2,2,sanderee
4107,16677178,"YOUSSEF FAID","2026-08-11 21:10:38",662.1,2,yousseffaid
4108,16726080,"Arda Yasar","2026-08-19 06:02:10",662.0,2,ardayasar
4109,16658097,Sujay,"2026-08-29 17:18:43",661.1,2,sujayprodduturi
4110,16660251,Yagawa,"2026-08-20 12:29:37",660.6,2,yagawa
4111,16663922,MoongladeAI,"2026-08-24 18:26:20",660.5,2,moongladeai
4112,16622330,"hiroshi murakami","2026-08-22 01:03:12",660.3,2,zabojeb
4113,16749764,Aquaflame,"2026-08-29 03:54:08",659.7,2,aquaflame
4114,16690736,omarkami007,"2026-08-11 18:40:45",658.7,2,omarkami007
4115,16664313,CompilingCoder,"2026-08-06 09:38:17",658.6,2,compilingcoder
4116,16732003,"HAO jia liu","2026-08-18 09:58:05",658.5,2,haojialiu
4117,16663864,RamónLópez,"2026-09-02 12:23:36",658.0,2,lopeznomar
4118,16669597,农业农村部,"2026-08-10 19:11:08",657.9,2,"bingzhenghan,hrwan1,krasuszl"
4119,16755529,"Rafea Almejrab2025","2026-08-29 16:06:34",657.9,2,rafeaalmejrab2025
4120,16752362,"Shashank Jangid (G25AIT2100)","2026-09-01 02:10:59",657.6,2,shashankjangid
4121,16729859,wintermute,"2026-08-30 10:19:33",657.5,2,siraev
4122,16732307,"Shobha Vashishtha","2026-08-17 12:32:07",657.5,1,shobhavashishtha
4123,16718363,"Jarbas Camurça","2026-08-28 11:15:44",657.4,2,pjarbas
4124,16704569,"Lorenzo Grattarola","2026-08-16 22:24:15",657.3,2,lorenzograttarola
4125,16725871,"Patrice Santiago","2026-08-28 13:12:14",657.2,2,patricesantiago
4126,16701034,notnorm,"2026-08-11 10:31:23",657.0,1,notnorm
4127,16761693,nhatvo,"2026-08-27 21:46:20",656.6,2,nhatvo
4128,16729413,KharinTymofii,"2026-08-20 21:29:42",656.4,2,kharintymofii
4129,16694064,RRK0123,"2026-08-17 05:30:52",656.4,2,rrk0123
4130,16707078,"Loïc & Zach","2026-08-24 20:25:24",656.0,2,"locmmeteau,zachariedubus"
4131,16724819,Dwij12,"2026-08-20 18:28:01",655.6,2,dwij12
4132,16732478,Ken_Ken_Pa,"2026-09-02 13:13:30",655.2,2,kenkenpa
4133,16727529,윤영일,"2026-08-29 10:44:26",655.2,2,iongil
4134,16641348,wata,"2026-08-03 11:29:04",655.1,2,iwatahiroki
4135,16756698,savoelh,"2026-08-31 19:57:28",654.9,2,savoelh
4136,16729531,alfphafarm,"2026-08-19 19:09:48",654.7,2,vudattumaniteja
4137,16758316,"Roy Lo TW","2026-08-22 12:28:29",654.6,2,roylotw
4138,16661210,vizyourdata,"2026-08-07 11:05:08",654.5,2,vizyourdata
4139,16691398,"Time to Win","2026-08-22 10:31:34",654.4,2,yatharthdurgapal
4140,16690869,"Yudai Hayashi","2026-08-23 09:14:30",654.3,2,yuhaya9
4141,16722502,Abyss,"2026-08-27 11:26:49",654.3,2,sahiltks
4142,16670708,"Mohammad Usman Sajid","2026-08-26 21:08:25",654.2,2,mohammadusmansajid
4143,16693988,"Pranav Gupta","2026-08-18 03:51:41",654.1,2,kumbhakarann
4144,16691552,"Koshtubh Singh Parihar","2026-08-09 03:19:39",653.9,2,koshtubhsinghparihar
4145,16774843,"Assylkhan Kerey","2026-08-30 03:16:54",653.9,2,n0nlyy
4146,16639867,vibecoder,"2026-08-08 05:34:55",653.6,2,kunal808
4147,16684886,HTHub,"2026-08-08 00:12:47",653.6,2,adegokesaidi
4148,16724747,"Md.Mahfujul Karim","2026-09-02 06:06:46",653.5,2,mdmahfujulkarim
4149,16623213,zulfikar.khalwaniev,"2026-08-23 09:08:56",653.5,1,khalwaniev
4150,16660005,DreamX5678,"2026-08-06 07:55:06",653.2,2,dreamx5678
4151,16775770,"Ashish Kumar","2026-08-27 17:18:58",652.9,1,whoashish115
4152,16661066,"André Kuster","2026-08-06 00:54:20",652.7,2,andrkuster
4153,16634204,"m-toshi desu","2026-08-01 06:20:37",652.6,2,mtoshidesu
4154,16709529,alhlbx5,"2026-09-02 11:08:49",652.6,2,alhlbx5
4155,16760604,"Thananut Phiboonbanakit","2026-08-25 14:04:44",652.4,2,tphiboonbanakit
4156,16676534,AlphaBound,"2026-08-25 05:26:32",652.3,2,somsubhrometya
4157,16779539,"Dmitri Bugakov","2026-08-27 16:34:42",652.2,2,dmitrybugakov
4158,16728195,"6 GOD","2026-08-21 15:50:28",652.2,2,tertospacko
4159,16773779,"Daichi Tanaka","2026-08-31 03:38:48",652.0,2,daichit64
4160,16636954,"Jeff Horon","2026-08-26 11:44:44",651.6,2,jeffhoron
4161,16668648,"Mason R. Brito","2026-08-19 03:26:26",651.6,2,masonrbrito
4162,16779942,"YueKai Yu","2026-08-31 14:16:31",651.5,1,yuekaiyu
4163,16652635,panacea9320,"2026-08-05 10:45:06",651.4,2,panacea9320
4164,16798669,"Von Lan (VonLan233)","2026-09-02 01:05:54",650.9,2,vonlanvonlan233
4165,16682815,"Saiyam Bharara","2026-08-19 15:03:06",650.9,2,saiyambharara
4166,16660295,Pentos,"2026-08-10 00:06:56",650.3,2,nishiumi
4167,16678080,"Timothy Adeyemi","2026-08-24 22:53:30",650.1,2,timothyadeyemi
4168,16661564,yang20251228,"2026-09-02 03:40:29",650.0,2,yang20251228
4169,16699689,"David Sedláček","2026-08-10 08:38:38",649.8,2,sibicek
4170,16731971,s_a_ai_enginner,"2026-08-30 15:26:46",649.5,2,saaienginner
4171,16664731,UT,"2026-08-21 15:24:42",649.1,2,"sabapunch,wasshan"
4172,16627581,AidenSong123,"2026-08-22 11:16:24",649.1,2,aidensong123
4173,16717245,bernard558,"2026-08-24 22:18:16",649.1,2,bernard558
4174,16657105,"Mathijs Deelen","2026-08-05 01:16:34",648.8,2,mathijsdeelen
4175,16674841,"Syna Bedi","2026-08-15 09:57:28",648.8,2,synabedi
4176,16734312,truebelief,"2026-08-19 00:01:20",648.6,2,truebelief
4177,16700546,"Nightshade Family","2026-08-23 11:20:43",648.0,2,"gihanchamod17,vishmithasamarakoon"
4178,16687548,"Shubham Tibrewal","2026-08-22 12:21:02",647.9,2,researchai2026
4179,16627906,"Tergel Munkhbat","2026-08-27 03:32:57",647.8,2,tergelmunkhbat
4180,16671680,"Joe Hall","2026-08-10 19:02:30",647.7,2,halljr
4181,16713291,Lperalt,"2026-08-30 01:18:01",647.7,2,lucianobastidas
4182,16697526,"Jurgen Sinjari","2026-08-10 21:21:26",647.5,2,jurgensinjari
4183,16664096,"Charles Coonce","2026-08-26 03:25:08",647.4,2,charlescoonce
4184,16743494,"ROHAN Exploit","2026-08-19 18:35:34",647.3,2,rohanexploit
4185,16689391,"Tejas Rajput","2026-08-08 17:21:18",647.0,2,tejasrajput123
4186,16697941,"Raphael Coelho","2026-08-16 15:24:28",646.9,2,raphaelrrcoelho
4187,16658937,SebastianQbiak,"2026-08-05 06:20:18",646.6,2,sebastianqbiak
4188,16632510,shi_koyo,"2026-08-04 08:58:56",646.4,2,shikoyo
4189,16791027,"Ryan Cheung","2026-09-02 03:45:33",646.3,2,doggychip
4190,16655527,"Saurabh Kumar","2026-08-06 08:14:52",646.0,2,sk25oct
4191,16765031,"Allen JL Li","2026-08-27 06:12:23",645.9,2,allenjlli
4192,16702359,"Ethan Pl","2026-08-11 19:43:21",645.9,2,ethanpl
4193,16665894,"Pedro Wu","2026-08-20 07:05:26",645.9,2,pedropei
4194,16702993,PLM,"2026-08-30 13:58:34",645.7,2,"ileabogdan,popu23,razvaniga,rvaurs"
4195,16798478,"Vinicius Pupin","2026-09-02 02:17:25",645.6,2,viniciuspupin
4196,16744752,"Dean Johnson","2026-08-27 10:26:20",645.6,2,deanjohnson202
4197,16729765,"Caio Ruiz","2026-08-27 00:04:07",645.4,2,chvruiz
4198,16671364,"Mike Riggs","2026-08-09 03:22:55",645.4,2,riggsasi
4199,16662421,"Aparna Mantha","2026-08-06 17:23:34",645.3,2,aparnam91
4200,16655571,yuken,"2026-08-07 13:27:53",645.1,2,yukenai
4201,16750036,"Kiệt Lưu","2026-08-27 12:31:18",645.0,2,jaxyss
4202,16670615,Ahornsirup,"2026-08-21 19:33:36",644.8,2,ahornsirup
4203,16670544,"William Rients","2026-08-06 00:01:02",644.7,2,williamrients
4204,16718366,RATriculture,"2026-08-28 19:15:28",644.5,2,tarasshchur
4205,16681660,"Parham Ghazanfari","2026-08-07 20:18:18",644.5,1,parhamghazanfari
4206,16763761,mkai1981,"2026-09-02 13:19:38",644.3,2,mkai1981
4207,16702481,"Scott G","2026-08-13 15:19:02",644.3,2,verifiedscott
4208,16761744,初心者,"2026-08-30 21:39:34",644.1,2,daikitakahashi
4209,16790652,"Pengchao Zheng","2026-09-02 06:09:23",644.1,2,pengchaozheng
4210,16640600,"Giord Frank","2026-08-30 10:08:25",644.1,2,tangerinedog
4211,16686613,Zubatch,"2026-08-15 20:11:39",643.9,2,zubatch
4212,16654761,"Mohammed Mukthar","2026-08-05 02:06:15",643.6,2,mohammedmukthar9
4213,16777056,"Seb boulba","2026-08-27 21:03:26",643.5,2,sebboulba
4214,16739449,SelvapriyankaRam,"2026-08-24 18:44:21",643.5,2,selvapriyankaram
4215,16634316,"Cao Tùng Lâm","2026-09-01 07:16:08",643.0,2,liamislazy
4216,16688220,Aadi,"2026-08-24 23:10:37",642.8,2,aadicv
4217,16785687,"AP SEM F STUDENTS","2026-08-31 03:52:37",642.6,2,"advaithn0518,rohanjeyavel,shrivatsamurugan,stitchsages"
4218,16657871,Lucienne,"2026-08-05 03:13:59",642.2,2,yangnianan
4219,16697704,"Leonid Matetskiy","2026-08-09 21:39:06",642.1,2,leonidmatetskiy
4220,16669595,evanca,"2026-08-08 12:27:56",641.8,2,evanca
4221,16732725,MackTen,"2026-08-19 08:14:01",641.6,2,mackten
4222,16671420,"Chengchen Duan","2026-08-17 15:25:09",641.6,2,chengchenduan
4223,16782187,"Margo Kim","2026-08-28 19:15:18",641.6,2,margokim
4224,16784599,"Lisa Hines","2026-09-01 22:46:36",641.3,2,lisamhines
4225,16730922,"Shengyuan Yin","2026-08-17 06:17:27",641.3,1,flaming0
4226,16656883,KK,"2026-08-05 10:27:15",641.1,2,kkonzyb
4227,16806146,"Factual Explorer","2026-09-02 07:08:02",641.0,2,factualexplorer
4228,16772673,"Alejandro Rendon B.","2026-08-31 03:39:48",641.0,2,alejandrorendonblan
4229,16700441,"Houssem RIAHI","2026-08-27 14:54:09",640.6,2,houssemriahi
4230,16630837,"Vishal Sharma","2026-08-05 18:24:44",640.5,2,vishal40182
4231,16700885,"Malala Ramaha","2026-08-29 07:29:11",640.4,2,malalaramaha
4232,16726684,"William Lee","2026-08-19 15:35:28",639.8,2,notyouravgwilly
4233,16793626,"KO LIH HAN","2026-09-02 03:34:01",639.5,2,kolihhan
4234,16749104,danielx119,"2026-08-20 16:36:00",639.4,2,danielx119
4235,16660670,"Chirag Bhatnagar","2026-08-31 09:21:45",639.4,2,chiragbhatn
4236,16632504,"[Deleted] c2f6c5d5-ecb1-4f92-95d7-7c9f0fd3474f","2026-07-31 16:04:32",639.1,1,ryota517
4237,16792449,SKYisSKYisSKY,"2026-08-31 04:16:07",639.1,2,skyisskyissky
4238,16752324,"yunchuan liu","2026-09-02 04:57:27",638.8,2,hoteye
4239,16665133,"Abhishek Dubey","2026-08-10 13:28:57",638.8,2,abhishekdubey911
4240,16659418,"Fonge Bertin","2026-08-06 09:26:33",638.7,2,fongebertin
4241,16732609,"Filippo Paninforni","2026-08-19 18:30:22",638.6,2,filippopaninforni
4242,16657265,"Hemant Kumar","2026-08-05 15:17:20",637.6,2,hemantrajputt
4243,16673923,"Gabriele Giacometti","2026-08-10 11:38:05",637.5,2,gabrielegiacometti
4244,16756858,"Rushi A.","2026-08-23 18:54:03",637.4,2,rushia
4245,16621811,"Shaun Andrade","2026-08-01 00:44:42",636.9,2,shaunandrade
4246,16736636,torch,"2026-08-18 10:35:29",636.8,2,rhtsingh
4247,16654943,"Alexis Selorm Gbeckor - Kove","2026-08-10 11:44:58",636.8,2,advancedbeginner
4248,16699711,"maxscender ","2026-08-13 14:03:35",636.7,2,maxscender
4249,16660850,"Khoa Le","2026-08-05 13:23:55",636.5,2,bryanle2025
4250,16640504,"Recep Öztürk","2026-08-26 11:19:31",636.3,2,rcpztrrk1
4251,16731009,"Joseph Paris","2026-08-24 05:32:21",636.2,2,josephkparis
4252,16657794,"Aromal vK","2026-08-06 15:35:11",635.9,2,aromalvk
4253,16738506,"Rok Sechs","2026-08-23 04:00:41",635.7,2,rokshimiz
4254,16727376,"Roko Torbarina","2026-08-18 18:31:57",635.6,2,rokotorbarina
4255,16777228,"Zach Locke","2026-09-02 10:11:45",635.6,2,zachlocke
4256,16759626,"Ghazaros Barseghyan","2026-09-02 04:48:02",635.6,2,ghazarosbarseghyan91
4257,16677518,"Khor Yin Loon","2026-08-23 09:29:06",635.3,2,khoryinloon
4258,16707767,"Lai Eu Wen","2026-08-16 16:47:50",635.0,2,laieuwen
4259,16729202,Sven,"2026-08-27 21:55:40",634.5,2,sventleman
4260,16727009,B05801037,"2026-08-18 02:28:48",634.3,2,peteropop
4261,16702820,"Plorek ","2026-08-28 11:28:11",634.0,2,plorek
4262,16670596,prabalsingh_23,"2026-08-26 02:33:14",633.6,2,prabalsingh23
4263,16689919,"Koren Ben Ezra","2026-08-08 17:49:55",633.3,2,korenbenezra
4264,16732357,"Thales Augusto Leite de Souza","2026-08-23 23:43:38",633.2,2,thalestals
4265,16675066,Opticulture,"2026-08-16 12:19:48",633.2,2,"bajibaburowthu,ponnuripavankumar,radhakrishnadoredla,veereshkumar1219"
4266,16664119,FSzekut,"2026-08-07 00:03:04",633.1,2,fszekut
4267,16726873,@F,"2026-08-16 01:43:22",633.0,1,atefbouzid
4268,16690353,b13902103_yuhung94,"2026-09-01 05:03:15",633.0,2,yuhung94
4269,16776793,"Guilherme Raiuga","2026-09-01 09:52:02",632.8,2,guilhermeraiuga
4270,16635145,"Isaac Menard","2026-08-05 21:11:36",632.7,2,isaacmenard
4271,16675074,ahiokk,"2026-08-07 07:58:44",632.6,2,ahiokk
4272,16675461,mins0_0,"2026-08-30 07:50:53",632.2,2,mins00
4273,16738777,"Balwinder Singh1235","2026-08-20 10:21:34",632.1,2,balwindersingh1235
4274,16665622,one,"2026-08-11 04:10:11",632.1,2,richardsplayground
4275,16731996,Chloe,"2026-08-18 02:58:05",632.0,2,chenchloehaimo
4276,16724904,"Carlos Eduardo De Paula Arantes","2026-08-15 15:48:43",632.0,2,carloseduardo1753
4277,16663437,inversion,"2026-08-04 20:44:41",631.5,1,inversion
4278,16684674,"Ch Muhammad Umer ","2026-08-11 08:11:36",631.5,2,chmuhammadumer
4279,16621354,pengshy,"2026-08-06 04:54:01",631.5,2,dm15336142
4280,16674504,"Arunabh Gupta","2026-08-18 11:10:33",631.3,2,"arunabhsgupt4,eggsysy"
4281,16658106,"Devam juthani","2026-08-05 08:18:14",631.0,2,devamjuthani
4282,16789550,foundtion,"2026-08-30 13:19:22",631.0,2,foundtion
4283,16635746,"jeon hyeon woo","2026-08-13 15:32:43",630.9,2,jeonhyeonwoo
4284,16642994,"Danila Galkin","2026-08-13 19:22:17",630.6,2,danilagalkin
4285,16702118,"cemal özdeniz","2026-08-10 20:27:17",630.6,2,cemalzdeniz
4286,16752277,YKuma,"2026-09-01 01:47:14",630.2,2,ykumazaki
4287,16717817,"Nick Stoddart","2026-08-14 05:15:23",630.2,2,nickstoddart
4288,16738235,tenfish,"2026-09-02 03:15:28",630.2,2,"oygdri,takatoyoshikawa"
4289,16673333,"Dimas Renggana","2026-08-06 23:40:39",630.1,2,dimasrenggana
4290,16711928,Leraaaa,"2026-08-18 20:01:52",630.1,2,leraaaa
4291,16665060,Pipeweed,"2026-08-27 18:14:40",629.8,2,pipeweed56
4292,16687716,"Joshua Fernando","2026-08-30 17:59:14",629.7,2,joshuafernandoj
4293,16690338,dvv_ram,"2026-08-13 00:11:18",629.6,2,ddvram
4294,16720143,"AMAN PANDEY","2026-08-16 13:57:00",629.4,2,amanapofficial
4295,16677303,"Chase Martyn","2026-08-19 02:05:12",629.4,2,chasemartyn
4296,16722366,"Aki Lit","2026-08-14 23:24:20",629.3,2,akilit
4297,16691164,"Krishna Saathwik","2026-08-13 13:50:40",629.1,2,krishnasaathwik
4298,16654351,"Manish Kumar","2026-08-04 07:45:22",628.8,2,manishkumarphd2000
4299,16793452,"Ghazaros Ghazaros","2026-08-31 15:17:06",628.7,2,ghazarosghazaros
4300,16641141,"Yuri Barbashov","2026-08-30 22:28:05",628.6,2,yuribarbashov
4301,16699756,"zhang xin","2026-08-19 16:33:19",628.5,2,zhangxin300
4302,16755091,Charlie,"2026-09-02 00:54:13",628.5,2,zephyrlennox
4303,16667818,AjayVarma555,"2026-08-09 15:14:45",628.5,2,ajayvarma555
4304,16660035,NoNamedeo,"2026-08-27 14:20:15",628.5,1,nonamedeo
4305,16733763,Gaurav,"2026-08-28 05:00:14",628.3,2,gauravahlawat
4306,16676360,"Chris Kang","2026-08-17 10:07:49",628.2,2,rukawa917
4307,16680297,"Ajay Singh","2026-08-08 04:33:24",628.0,2,ajaysinghg
4308,16671237,"Jose Alejandro Rivera Jaramillo","2026-08-07 18:13:13",628.0,2,alejandroriveraj
4309,16768178,Scarttish,"2026-08-26 22:44:26",627.9,2,scarttish
4310,16790527,Yuta,"2026-09-02 11:05:38",627.8,2,yutaecon
4311,16726839,syunsuke,"2026-08-21 23:12:13",627.7,2,syunsuke1024
4312,16669396,Fleo98,"2026-08-10 15:43:34",627.7,2,fleo98
4313,16730740,"claude opus5🏆","2026-08-19 09:58:24",627.4,2,yinpinggao
4314,16684436,Simon-the-sorcerer,"2026-09-01 22:10:45",627.1,2,simonwiller
4315,16796810,JosephErikRibeiro,"2026-09-02 08:30:10",626.9,2,josepherikribeiro
4316,16663963,M0h4m3d-Byte,"2026-09-01 03:19:39",626.9,2,dev3mohamed
4317,16624941,"KO Ho Tin","2026-08-10 03:33:47",626.8,2,b14ckc4tmr
4318,16715225,"Someswararao Tellakula","2026-08-17 01:15:37",626.7,2,someshtellakula
4319,16660419,"Kai-Shih Chiu","2026-08-06 12:54:22",626.5,2,kaishihchiu
4320,16670274,"dankwa wadie","2026-09-01 08:45:40",626.3,2,dankwawadie
4321,16659309,irisV11,"2026-08-18 05:23:01",626.3,2,irisv11
4322,16679671,Ash0666,"2026-08-09 19:28:52",626.0,2,ash0666
4323,16777138,"Anna Pakhaliuk","2026-09-01 20:29:23",625.7,2,annapakhaliuk
4324,16756388,"Sam Scott","2026-08-22 22:04:06",625.6,2,shepard5
4325,16793150,Comet19,"2026-08-31 10:53:04",625.5,2,comet19
4326,16656792,"Gnanaprakash R","2026-08-28 15:05:38",625.4,2,gnanaprakashr
4327,16674076,rigsutra,"2026-08-24 11:59:54",625.4,2,rigsutra
4328,16685618,"Krupa Vardhan","2026-08-28 09:24:21",625.3,2,krupavardhan
4329,16692680,"Marc-Luca ","2026-08-11 12:02:15",625.1,2,marcluca
4330,16670070,"Kirill Molostov","2026-08-31 12:18:26",624.7,2,kirillmolostov
4331,16676254,"Lazy Lagoon","2026-08-31 15:11:32",624.6,2,"mokshoswal137,taniyasankhe"
4332,16670933,Pat,"2026-08-06 10:26:21",624.5,2,junseia
4333,16631772,yuki,"2026-08-03 17:39:58",623.8,2,yururoi
4334,16761751,KrishnaKumar_AIML,"2026-09-01 17:30:15",623.5,2,krishnakumarcsr
4335,16640845,"tang yangzhou","2026-08-04 21:36:09",623.3,1,tangyangzhou
4336,16662103,"Saravana Thiagarajan K","2026-08-05 21:43:42",622.7,2,saravanatk1984
4337,16714592,"Carey Casile","2026-08-14 18:34:16",622.3,2,ccasile
4338,16663766,"Anup Gautam","2026-08-08 01:29:10",622.3,2,anupanda
4339,16741766,lrik00,"2026-08-29 10:40:44",622.2,2,lrik00
4340,16637031,"and more","2026-08-20 06:23:32",622.2,2,kym2022
4341,16658779,"Richard G Atkinson","2026-08-05 00:29:59",622.1,2,richardgatkinson
4342,16775001,"Maarij Aqeel","2026-08-26 14:48:03",621.9,2,maarijaqeel
4343,16657547,"Pranav Thota","2026-09-01 04:10:57",621.8,2,pranavthota
4344,16762206,"mohammad khanjani2026","2026-08-25 06:24:39",621.7,2,mohammadkhanjani2026
4345,16699772,MrAnalyst,"2026-08-29 16:42:41",621.5,2,mranalyst
4346,16794491,"Sushant Pargaonkar","2026-09-02 02:59:45",621.4,2,sushantpargaonkar
4347,16682915,"igeo kK","2026-08-09 18:41:17",621.3,2,igeokk
4348,16635065,T88,"2026-08-06 00:56:10",621.3,2,t88take
4349,16697800,DR_Mkelvo,"2026-08-09 20:42:15",621.2,1,drmkelvo
4350,16717850,"HeeGwan Lee","2026-09-02 13:20:08",621.1,2,heegwanlee
4351,16667143,"Noct-Tech zombie","2026-08-06 13:46:51",621.1,2,jo3thaboss
4352,16734511,"Marcin Salaterski","2026-09-01 23:13:13",621.0,2,marcinsalaterski
4353,16760226,"Erich Hofstötter","2026-08-24 15:49:06",620.9,2,erichhofsttter
4354,16673359,hasshi7965,"2026-08-27 10:23:45",620.7,2,hasshi7965
4355,16756029,EndCreeper,"2026-08-25 06:23:41",620.7,2,endcreeper
4356,16667794,knadithyavr,"2026-08-13 12:24:05",620.6,2,knadithyavr
4357,16787010,"Samir Patel","2026-09-02 02:33:17",620.4,2,mesamirpatel
4358,16676085,"Giordano Dolenz","2026-08-18 16:10:37",620.4,2,giordanodolenz
4359,16652173,"Shardul Gharat","2026-08-06 10:07:36",620.4,2,shardulgharat
4360,16677231,"Ahmed Bootaan","2026-08-06 18:08:52",620.3,2,ahmedbootaan
4361,16666066,Khush3e,"2026-08-12 04:50:39",620.0,2,khush3e
4362,16655426,engin_zhou,"2026-08-05 15:21:18",619.9,2,enginzhou
4363,16717787,Bull,"2026-08-17 13:04:53",619.8,2,welshonionman
4364,16623745,chunluran,"2026-08-27 06:55:55",619.5,2,chunluran
4365,16759265,AI老爸,"2026-08-30 04:38:52",619.3,2,tsengchienchih
4366,16669479,"Shifa Salsabiila","2026-08-09 02:56:11",619.3,1,shifasalsabiila
4367,16627751,lzeee,"2026-08-10 14:06:38",619.2,2,shzgong
4368,16750864,Ymori,"2026-08-26 01:38:04",618.9,2,yasunorim
4369,16718565,Frankyface,"2026-08-13 18:54:37",618.9,1,frankyface
4370,16669028,"Atishay Kasliwal","2026-08-11 17:54:59",618.9,2,atishaykasliwal
4371,16667766,vasujain7,"2026-08-31 08:13:22",618.9,2,vasujain7
4372,16708907,"[Deleted] 84526ff4-3aed-4b4b-a45f-a4486f01cb7b","2026-08-13 20:01:55",618.9,2,del=34c747d6ee8d2bd7
4373,16743815,"Asanka Pradeep","2026-08-23 14:32:46",618.6,2,asanakapr
4374,16637776,MarvelousXun,"2026-08-03 09:33:38",618.5,2,marvelousxun
4375,16673191,juliye,"2026-08-10 03:49:13",618.5,2,juliye
4376,16697681,"Mahfujur Rahman Rakib","2026-08-10 05:14:21",618.3,2,mahfujurrahmanrakib
4377,16747163,"Sarthak Patel","2026-08-21 06:36:26",618.0,2,sarthakpatel2028
4378,16691938,"PRASHANT SUTHAR11","2026-08-10 09:46:05",617.8,2,prashantsuthar11
4379,16722028,"Aw Ming Xuan","2026-08-16 09:24:48",617.7,2,awmingxuan
4380,16645431,Amin,"2026-08-08 22:05:02",617.7,2,aminvafaei
4381,16656690,"Sushant Kumar (xWF)","2026-08-06 04:44:38",617.2,2,sushantkumarxwf
4382,16780513,"Hugo JOBÉ","2026-08-27 20:51:09",617.1,2,hugojob
4383,16672858,Lyesterday,"2026-08-06 08:45:47",617.1,2,ilyas93
4384,16682076,"Igor Riegel","2026-09-02 01:28:34",616.8,2,igormriegel
4385,16718445,"Hamza Elmorjani","2026-08-15 12:16:55",616.5,2,hamzaelmorjani03
4386,16700484,白井孝太郎,"2026-08-15 01:08:02",616.2,2,kotaroshirai
4387,16623302,"Raffi Ardhi Naufal","2026-07-31 18:31:57",616.0,1,raffiardhi
4388,16793889,zhzz,"2026-09-01 11:28:52",615.9,2,ucsdzhengzeng
4389,16667565,BeeDeeR,"2026-09-02 00:41:52",615.9,2,beedeer
4390,16658477,"chathura prasadh9817","2026-08-06 07:18:04",615.8,2,chathuraprasadh9817
4391,16639408,Invictus,"2026-08-11 22:44:04",615.7,2,nicho256
4392,16750726,prince22466,"2026-08-27 15:54:11",615.7,2,prince22466
4393,16673712,"Alejandro Betato","2026-08-16 10:48:24",615.6,2,alejandrobetato
4394,16664605,"Nathaniel Shou","2026-08-05 17:51:47",615.6,2,nathanielshou
4395,16701795,Proshian,"2026-08-11 00:01:04",615.2,2,proshian
4396,16692450,duckypants,"2026-08-23 20:36:59",615.2,2,duckypants
4397,16664415,"Imerson Krysthio","2026-08-12 05:37:03",615.0,2,imersonk
4398,16660364,dadandsats,"2026-08-14 11:41:04",614.9,2,continuingdev
4399,16659412,yesterdays_rebel,"2026-08-13 12:14:41",614.3,2,irfanparaniya
4400,16669408,"Josaphat Adjele","2026-08-31 17:26:56",614.3,2,josaphatadjele
4401,16779304,"Ari Nakos","2026-09-01 22:43:59",614.2,2,aristides
4402,16686743,charmander,"2026-08-30 10:30:57",614.1,2,rahuladhi
4403,16661142,"Phú Nhân Nguyễn","2026-08-15 09:53:23",614.1,2,phnhnnguyn
4404,16716632,shini47,"2026-08-22 20:30:17",614.0,2,shini47
4405,16639705,"Yuta Tomimasu","2026-08-07 13:02:39",613.4,2,yutatomimasu
4406,16658151,"Nguyễn Phúc Gia Bảo","2026-08-06 15:15:07",613.3,2,kevincrazy678
4407,16703129,"Pratik Vadher","2026-08-10 21:08:27",613.3,1,pratikvadher
4408,16708625,"Lê Văn Pháp","2026-08-29 03:15:56",613.2,2,"linhsarah,lvnphp"
4409,16658775,"Vincent Pan","2026-08-29 12:55:20",613.2,2,"judithhong,vincentpan2005"
4410,16656304,"Gururaj Athani","2026-08-30 04:42:28",613.1,2,gururajathani
4411,16659951,"CHRISTOPHER CRILLY","2026-08-20 12:14:03",613.1,2,christophercrilly
4412,16669118,"yunus yavuz","2026-08-05 21:51:21",613.1,2,yunusyvz
4413,16759171,"Leonid Kozinkin","2026-08-31 16:30:37",613.0,2,leon7archer
4414,16712746,itsraininnnn,"2026-08-12 16:38:56",612.9,1,itsraininnnn
4415,16659446,zhaozy233,"2026-08-15 16:51:36",612.6,2,zhaozy233
4416,16623112,Tians12,"2026-08-09 19:10:24",612.5,2,tiansang12
4417,16795070,"HKUST Random","2026-09-02 09:39:09",612.4,2,siulungfan
4418,16730105,"Leonardo Palis","2026-08-17 03:35:05",612.3,2,leonardopalis
4419,16733910,davidsmith42,"2026-08-19 23:59:03",612.3,2,ananthvydianath42
4420,16665462,ZSZ,"2026-08-12 13:55:00",612.2,2,zsuzsanna2
4421,16761451,gulag,"2026-08-24 03:39:54",612.0,2,moglin
4422,16655075,"Félix Rodríguez Roble","2026-08-04 09:16:25",611.9,2,flixrodrguezroble
4423,16664348,"Rocket Zech","2026-08-29 08:23:04",611.8,2,isaactunglaw
4424,16638645,ChrisDavis,"2026-08-03 23:29:34",611.7,2,alpacas
4425,16715495,Yashi003,"2026-08-24 04:44:40",611.7,2,yashi003
4426,16696526,"Reda HEDDAD","2026-08-10 20:42:47",611.5,2,redaheddad
4427,16756765,DharmParmar,"2026-09-02 03:19:59",611.5,2,dharmparmar
4428,16660360,"Joey Gonzales","2026-08-05 00:00:47",611.3,2,joeygonzales
4429,16731729,"Sumit Bopche","2026-08-21 15:53:56",611.2,2,sumitbopche
4430,16727961,"Ebenezer Olumeyan","2026-08-22 15:54:00",611.2,2,eolumeyan
4431,16687925,BillDoser,"2026-09-01 17:26:43",610.6,2,billdoser
4432,16736111,hexingwei33,"2026-09-01 02:08:11",610.6,2,hexingwei33
4433,16740646,"Darren Chung","2026-08-25 18:00:27",609.6,2,chungdarren
4434,16668175,el_dedalus,"2026-08-06 14:48:01",609.5,2,eldedalus
4435,16658820,"Jonathan Ashenaf1","2026-08-11 16:59:20",609.4,2,jonathanashenaf1
4436,16666483,"Salih Erdem Kaymak","2026-08-08 17:32:38",609.3,2,saliherdemkaymak
4437,16762010,"Ivan Piaternev","2026-08-24 15:36:12",609.2,2,iamvanya
4438,16744239,"Diogo Gomes ","2026-08-25 09:39:28",608.9,2,diogogomes
4439,16637499,Yuchen20,"2026-08-28 12:59:41",608.4,2,yuchen2066
4440,16662313,"Maximus Sambucetti","2026-08-09 15:36:46",608.3,2,maximussambucetti
4441,16778145,TW_益民_li,"2026-09-02 02:17:36",608.1,2,liyimintw
4442,16663677,"Aghazie David","2026-08-07 00:32:14",607.6,2,aghaziedavid
4443,16638994,wpl,"2026-09-02 12:51:02",607.5,2,peilwang
4444,16704864,ksj00610,"2026-08-12 08:47:16",607.4,2,ksj00610
4445,16743438,嘎嘎滴辣晒,"2026-08-24 09:30:32",607.4,2,yuhangzhang0621
4446,16668022,"Lady and tech","2026-08-19 04:08:50",607.2,2,ladyandtech
4447,16769793,"Shivam Batra","2026-08-26 14:21:49",607.1,2,shivam744
4448,16760190,"Florian Tigoulet","2026-08-24 12:37:14",607.1,2,floriantigoulet
4449,16743846,"Hemanth Raja Guttikonda","2026-08-31 21:08:56",607.0,2,"hemanthrajg,poojithakatta18"
4450,16676320,"Khôi Trần","2026-08-29 14:14:57",606.8,2,khoitrn
4451,16676259,Th_Gbay,"2026-08-19 20:42:35",606.5,2,thgbay
4452,16687448,"Israel Burns","2026-08-12 08:41:38",606.3,2,israelburns
4453,16659181,Hongjie04,"2026-08-05 04:07:04",606.3,2,hongjie04
4454,16669470,"ASDM HUB","2026-08-12 20:13:20",606.1,2,jesushechavarria
4455,16757211,dacho,"2026-09-02 12:40:15",606.0,2,slothcafe
4456,16710512,FishWotou,"2026-08-19 04:45:40",606.0,2,fishwotou
4457,16738456,"Pritul Raut","2026-08-21 08:45:04",605.9,2,pritulraut
4458,16659025,"Mohammed Naseef","2026-08-05 09:01:20",605.9,2,mohammednaseef
4459,16748527,Tsubasa_00,"2026-08-21 08:53:14",605.8,2,tsubasa00
4460,16793461,"Muhammad Hokimiyon","2026-08-31 00:42:19",605.8,2,muhammadhokimiyon
4461,16738640,"Tjay Burger","2026-08-18 17:35:39",605.6,2,tjayburger
4462,16770842,yatakeuc,"2026-09-02 12:15:15",605.6,2,yatakeuc
4463,16664143,"Lucas Henrique Mateo","2026-08-21 19:10:52",605.4,2,lucashmateo
4464,16709885,"Manuel Pérez","2026-08-14 01:54:02",605.3,2,manuelperezzz
4465,16759246,wangfeifei_si,"2026-08-26 14:27:19",605.1,2,wangfeifeisi
4466,16662057,DeokJin,"2026-08-05 04:01:38",604.9,2,deokjin
4467,16719172,"Victor Carriço","2026-08-24 03:35:14",604.9,2,kronossaurus
4468,16666597,Ramkumar4240,"2026-08-10 12:19:20",604.9,2,ramkumar4240
4469,16686912,@mldsdev,"2026-08-13 02:07:44",604.7,2,lan1mel
4470,16681464,Amyel21,"2026-08-17 10:53:02",604.6,2,amyel21
4471,16764330,"Koral Kulacoglu","2026-08-26 04:51:33",604.6,2,koralkulacoglu
4472,16731887,"hoo aam","2026-08-21 05:37:16",604.4,2,hooaam
4473,16633934,Alexy,"2026-08-25 04:40:02",604.4,2,alexycactus
4474,16685982,Snorf,"2026-08-09 15:06:58",604.3,2,snorfyang
4475,16675585,"Jacob Joy","2026-08-11 12:13:06",604.3,2,jac0b1
4476,16674540,"Pratik Priyanshu","2026-08-07 18:28:12",604.2,2,pratikpriyanshu5
4477,16664142,"The Studio 1","2026-08-16 23:04:06",604.1,2,landonsheatsley
4478,16736368,tora,"2026-08-19 06:54:47",604.1,1,toranosukenoda
4479,16673034,"Milos Vlainic","2026-09-01 11:01:07",603.9,2,wlakinsson
4480,16752899,"Nicolò Alberti","2026-08-23 09:16:36",603.8,2,nicolalberti
4481,16699488,"Kelvin Lai","2026-09-02 13:09:47",603.7,2,kelvin84hk
4482,16665191,JoJa,"2026-09-02 04:48:04",603.4,2,"mojyou,noahzx"
4483,16736261,"Saptanshu Samal","2026-08-22 12:02:42",603.2,2,saptanshusamal
4484,16666833,DenisKoronchik,"2026-09-02 10:13:46",602.9,2,deniskoronchik
4485,16799266,"Saugi Alkaf","2026-09-02 09:09:08",602.4,2,syaugialkaf
4486,16644508,"Vandana Pathania","2026-08-22 21:59:37",602.3,2,vandanapathania
4487,16770891,"Oleg Shatov","2026-08-27 18:31:14",602.1,2,bishkek
4488,16641099,sieru-copan,"2026-08-30 12:28:26",601.8,2,sierucopan
4489,16669545,"Rishabh Gupta","2026-08-06 18:19:04",601.7,2,rishabhguptajs
4490,16653303,F4,"2026-08-06 01:43:09",601.6,2,"chen2yoimiya,huaidezhang,wahuwahuwahu,zrurfa"
4491,16659645,Drakus_Julia,"2026-08-09 02:15:20",601.6,2,drakus74
4492,16693738,"Sonu Jha","2026-08-14 20:32:37",601.6,2,sonujha090
4493,16730104,BartHeart,"2026-08-20 18:58:23",601.5,2,bartheart
4494,16662138,"Luan He","2026-08-25 20:18:46",601.3,2,luanhe
4495,16735517,"Philipp k-s","2026-08-27 03:13:29",600.9,2,philippkeussenstrau
4496,16658738,Aman,"2026-08-05 11:12:10",600.7,2,amank95amank95
4497,16690940,NKryst,"2026-08-29 10:57:18",600.6,2,nkryst
4498,16781445,"Odim David Chukwuemeka","2026-09-01 00:26:30",600.5,2,odimdavidchukwuemeka
4499,16675264,"Alon Bar Koter","2026-08-06 16:16:43",600.1,2,alonbarkoter
4500,16693137,"Ich Benavides","2026-08-18 19:37:35",600.1,2,jabeichbenavides123
4501,16770424,masspeaks,"2026-09-02 04:22:35",600.1,2,masspeaks
4502,16756131,"Emre Atilgan","2026-08-24 20:20:06",600.0,2,emreatilgan
4503,16727998,hidsaito,"2026-09-02 13:34:48",600.0,2,hidsaito
4504,16715897,shettynaisha,"2026-09-02 13:34:42",600.0,2,shettynaisha
4505,16796901,hanhan761,"2026-09-02 13:35:01",600.0,1,"hanhan761,kiivii,noice12138,xiaobai0417"
4506,16621610,NMarkS,"2026-09-02 13:35:10",600.0,2,nmarks
4507,16661382,CBenaventte,"2026-09-02 13:35:27",600.0,2,cbenaventte
4508,16635509,simmons1025,"2026-09-02 13:35:51",600.0,2,simmons1025
4509,16790005,"Rohit Kumar Sahoo","2026-09-02 13:38:15",600.0,2,rohit4118
4510,16804231,illegalplumbing,"2026-09-01 21:52:12",599.3,2,illegalplumbing
4511,16733131,Rad,"2026-08-28 02:56:56",599.3,2,vnt174
4512,16659507,"Lokesh Lalan","2026-08-26 08:51:50",599.2,2,lokeshlalan
4513,16696163,"Romain Durand","2026-08-17 19:00:46",599.0,2,romaindurand1607
4514,16755398,takataok_42,"2026-08-30 09:13:14",598.8,2,takataok42
4515,16710521,"Natpaphon Nukhunthod","2026-08-17 03:37:15",598.8,2,natpaphonnukhunthod
4516,16663093,"Akul Sareen","2026-08-21 23:49:50",598.8,2,akulsareen
4517,16714100,SuperMercat,"2026-08-14 09:52:49",598.6,2,supermercat
4518,16697346,"sayyid mogaka","2026-08-10 21:37:36",598.4,2,sayyidmogaka
4519,16738923,Quantum,"2026-08-29 01:40:45",598.4,2,jawadxhassan
4520,16798918,"Toan Nguyen Mau","2026-09-02 08:39:57",598.2,2,toannguyenmau
4521,16765668,shun_johnny,"2026-09-02 00:24:16",598.0,2,shunjohnny
4522,16757407,"Dylan Bailes","2026-08-26 07:11:56",597.3,2,dylanbailes
4523,16666328,"Dornus !","2026-08-05 21:53:19",597.2,2,dornus
4524,16658074,"Qui Ngx","2026-08-05 05:57:15",597.1,2,quingx
4525,16715205,GCarnovale,"2026-08-30 01:27:53",596.7,2,gcarno
4526,16740894,BetOnMe,"2026-08-19 14:40:02",596.4,2,betonme
4527,16664750,"shubham kumar","2026-08-20 10:26:25",596.0,2,shubzk17
4528,16654454,"Haoxiang Li","2026-08-30 14:08:32",596.0,2,haoxiangli789
4529,16623316,"Ondrew Zudin","2026-08-06 23:08:41",595.9,2,ondrewzudin
4530,16656913,"Inna Davidov","2026-08-20 04:43:47",595.9,2,innadav
4531,16795256,"N Nelson","2026-09-02 04:50:04",595.7,2,napoliyannelson
4532,16623390,KodamaSec,"2026-08-25 10:09:42",595.5,2,dfhgfdghfdhg
4533,16744898,"Tore Erdmann","2026-08-29 12:38:19",595.3,2,toreerdmann
4534,16692750,"Hoya need job","2026-09-02 06:39:32",595.2,2,pranavwankhade
4535,16687538,aefinityaiinc,"2026-08-27 20:59:35",595.1,2,aefinityaiinc
4536,16781545,"Jake Lin","2026-08-31 02:28:54",595.1,2,jakelinai
4537,16740662,宣城市机械电子职业技术学院,"2026-09-02 02:39:13",594.7,2,chenzhengy
4538,16748774,"hakan ulucan","2026-08-25 19:19:11",594.6,2,hakanulucan
4539,16651167,ArmanVardanyan07,"2026-08-03 22:43:13",594.4,2,armanvardanyan07
4540,16794309,"Sanyam Jain","2026-09-02 03:37:44",594.3,2,sjain03
4541,16654491,"Amedeo Biolatti","2026-08-30 04:05:28",594.3,2,abiolatti
4542,16795624,"Shashwat Khare","2026-09-02 01:46:54",594.2,2,shshwtkhr
4543,16661099,TheSven,"2026-08-06 17:05:25",593.9,2,thesven
4544,16656871,"Pedro Henrique","2026-08-07 03:37:29",593.6,2,pedrohets
4545,16730649,Mink,"2026-08-27 08:41:02",593.3,2,"mahendransaeyohnn,mysterious5577"
4546,16806023,"Eesh saxena","2026-09-02 07:26:19",593.2,1,eeshsaxena
4547,16677360,"Jatin Chawla","2026-08-08 13:45:06",593.1,2,jatin221
4548,16691271,"Ashler Herrick","2026-08-09 14:54:33",593.1,1,ashlerjohnherrick
4549,16705183,"Tong Jiakai","2026-08-14 08:23:26",592.8,2,tongjiakai
4550,16784966,oouiaa,"2026-09-02 09:59:57",592.8,2,tomofumihata
4551,16658973,"not today","2026-08-05 05:57:14",592.5,2,cemhan44
4552,16621523,"Victor Orihuel","2026-08-18 05:40:18",591.9,2,victororihuel
4553,16672463,"Muzammil Baloch","2026-08-07 12:45:39",591.5,2,muzammilbaloch
4554,16720760,ysteh05,"2026-08-15 05:14:53",591.4,2,ysteh05
4555,16774134,kokdonbaq,"2026-08-30 14:07:52",591.2,2,darkhan14
4556,16697730,JCN2365,"2026-08-13 18:06:35",591.0,2,jcn2365
4557,16666371,jiten_topiwala,"2026-08-08 16:51:13",590.8,2,jitentopiwala
4558,16655424,Fayche,"2026-08-10 16:50:28",590.7,2,fayche
4559,16660119,"Dhruva Das","2026-08-05 17:05:52",590.7,2,dhruva77
4560,16690152,"The Ceris","2026-08-16 11:49:31",590.6,2,amedeopachera
4561,16688366,yokoikazumasa,"2026-08-08 19:25:58",590.6,1,yokoikazumasa
4562,16772204,"Hamam Ahmed","2026-08-30 19:28:23",590.5,2,hamamelsanousi
4563,16667025,"Anjitha Mekkayil Anand ","2026-08-28 05:59:46",590.5,2,anjithamekkayilanand
4564,16634790,"Steven Lui","2026-08-03 12:22:08",590.5,2,stevenlui
4565,16662751,ZeD,"2026-08-06 10:11:24",590.4,2,hussamcheema
4566,16676155,"Adam Carnaffan","2026-08-07 16:48:03",589.8,2,adamcarnaffan
4567,16660214,ytddsyt1214,"2026-08-09 12:32:06",589.8,2,ytddsyt1214
4568,16632253,nasuuuuun,"2026-08-04 13:30:11",589.7,2,hikarumatsuzaki
4569,16664841,vohi01,"2026-08-25 03:38:00",589.6,2,vohi01
4570,16676663,"This cat is called Fumi","2026-08-11 18:21:43",589.6,2,qwer556617123
4571,16740248,KK_nut,"2026-08-25 03:26:52",589.6,2,k0k0nut
4572,16723125,"Shubham Dhapola","2026-08-16 13:35:23",589.3,2,shubhamdhapola24
4573,16635744,XDang13,"2026-09-01 00:50:40",589.3,2,xdang13
4574,16659663,Chintakrinda_Naveen,"2026-09-01 11:11:27",589.1,2,naveen998
4575,16679364,VicD,"2026-08-14 20:16:52",589.1,2,durandv
4576,16661858,"Lukas Lee e","2026-08-18 00:58:12",589.1,2,lukasleee
4577,16658327,pocari1,"2026-08-19 07:17:28",589.1,2,pocari1
4578,16680108,dentalsoup,"2026-08-07 09:03:47",589.1,2,afinemonkey
4579,16678602,"hassan manour","2026-08-07 12:52:23",588.9,1,hassanmanour
4580,16685652,LeonDuue,"2026-09-01 06:55:54",588.7,2,leonduue
4581,16667872,"Pralay Ghosh","2026-08-29 09:39:18",588.5,2,pralayghosh83
4582,16732945,"Aru Ohta","2026-08-29 12:19:07",588.5,2,aruohta
4583,16686655,"Emir Baki Demirci","2026-08-14 22:43:55",588.3,2,emirbakidemirci
4584,16786461,"Caleb Bredlow","2026-08-30 22:16:51",588.0,2,calebbredlow
4585,16631919,"Ghinwa Allaoui","2026-08-04 16:27:17",587.7,1,ghinwaallaoui
4586,16675457,"Ramana Prabhu Sana","2026-08-25 21:16:45",587.5,2,ramanaprabhusana
4587,16753887,"Hong Tang","2026-08-24 21:41:20",587.5,1,hongtang15
4588,16660173,"PAULO HENRIQUE DE LIMA","2026-08-06 02:42:20",587.4,1,paulohenriquedelima
4589,16672333,"Giovanny Rodríguez","2026-08-20 12:23:08",587.3,2,giovannyrodrguez
4590,16726687,"Rohin Kethipally","2026-08-28 22:30:20",587.3,2,rohinkethipally
4591,16666614,"Arjun Annamalai","2026-08-18 09:23:28",587.3,2,arjunannamalai
4592,16720714,"Lithole Munangiwa","2026-08-19 11:23:49",587.0,2,litholemunangiwa
4593,16666988,"Sarthak Vedant Mohanty","2026-08-08 00:10:11",587.0,2,sarthakvedantmohanty
4594,16709494,"Aditya Dushara","2026-08-23 05:04:46",586.9,2,adityadushara
4595,16678644,"Kanik Aggarwal","2026-08-13 19:01:16",586.6,2,roronoazoro200
4596,16658031,BSam79,"2026-08-27 21:28:23",586.2,2,bsam79
4597,16622938,"Farmville Redux","2026-08-03 18:58:04",586.2,2,daveconnor
4598,16673266,Preet,"2026-08-14 05:57:17",586.1,2,hpkaur34
4599,16630903,"Hrushikesh Pawar","2026-08-09 14:44:37",586.0,2,hrushikeshpawar
4600,16698292,"Dallas Manning","2026-08-17 14:29:53",585.6,2,dallasmanning
4601,16688134,"Marc Dakuginow","2026-08-13 01:40:44",585.5,2,marcdakuginow
4602,16657681,"Prince Raj","2026-08-11 22:49:02",585.5,2,princerajmdb
4603,16670779,"Aditya Dube","2026-08-06 01:41:24",585.3,2,dubeaditya
4604,16717742,"Ghawwjsb Vsjsjsbs","2026-08-13 22:32:49",585.2,2,ghawwjsbvsjsjsbs
4605,16778703,kamaras,"2026-08-30 11:58:07",585.2,2,kamaras
4606,16796625,Nepsirhc,"2026-09-02 10:35:01",585.0,2,nepsirhc
4607,16701454,"André-Marie BEHANZIN","2026-08-21 19:10:30",585.0,2,andremariebehanzin
4608,16673324,Amaranta,"2026-09-01 18:45:51",584.9,2,ulyanovantonamaranta
4609,16691007,"Nhật Khoa Phạm","2026-08-14 16:15:43",584.8,2,pnk123456
4610,16724395,"Hampton Yeh","2026-08-22 04:07:32",584.8,2,hamptonyeh
4611,16654890,"Josh Hipps","2026-08-06 14:16:49",584.7,2,joshuahipps
4612,16717716,"Диас Издибаев","2026-08-15 05:32:14",584.4,2,diasiz1
4613,16686150,"Aek KunKub","2026-08-14 05:21:43",584.2,2,aekkunkub
4614,16654596,"khusham sheth","2026-08-13 05:28:55",584.0,2,khushamsheth
4615,16740534,"Gao Wenjiang","2026-09-02 09:48:37",583.9,2,gaowenjiang
4616,16705415,"Mauro Najera","2026-08-11 05:30:13",583.8,2,mauronajera
4617,16659138,allenbcy,"2026-09-01 14:45:47",583.7,2,allenbcy
4618,16805704,ShuHaya,"2026-09-02 13:20:22",583.6,1,yfqqq088
4619,16658702,sherlockwatson007,"2026-08-29 08:48:53",583.4,2,sherlockwatson007
4620,16686149,"Luc Mantoux","2026-08-09 20:25:33",583.0,2,lucmantoux
4621,16683918,Thuytien,"2026-08-07 17:20:33",583.0,2,thuytien200529
4622,16762831,269,"2026-09-02 07:53:37",582.8,2,thahaarsh
4623,16677585,Pan,"2026-08-07 13:54:22",582.5,2,mehdiacho
4624,16723737,HaruhiroKazami,"2026-08-21 16:12:04",582.5,2,haruhirokazami
4625,16712321,"Elias Schecke","2026-08-28 16:06:57",582.4,2,eliasschecke
4626,16671648,"[Deleted] 05e6ae2c-c72f-4044-b02f-dc74277e34ab","2026-08-09 07:21:22",582.2,2,del=871ca06d8c734ede
4627,16639679,"Felix Allistar","2026-09-01 13:57:44",581.7,2,felixallistar
4628,16762101,"Kazama Yusuke","2026-09-01 02:57:39",581.6,2,kazamayusuke
4629,16657981,"Arijit Kar","2026-08-18 11:05:52",581.4,2,demonicak
4630,16666055,Axit,"2026-08-06 10:16:15",581.2,2,axitslab
4631,16661832,"Roberto Garcia","2026-08-08 15:09:39",581.1,2,robertogarciada
4632,16755650,"kazuki morikawa","2026-08-30 09:21:54",580.9,2,kazukimorikawa
4633,16764600,"Tanmay Shingavi","2026-09-02 07:02:55",580.5,2,decodingafterlife
4634,16687604,Harrislrobinson,"2026-08-11 00:25:10",580.3,2,harrislrobinson
4635,16661443,"STEPHEN ASANTE OPOKU","2026-08-04 16:45:41",580.1,1,stephenasanteopoku
4636,16696020,"Hugo Voisin","2026-08-11 16:08:06",580.0,2,hugovoisin
4637,16736579,rk777848,"2026-08-25 03:00:28",580.0,2,rk777848
4638,16715711,"Shawon Biswas","2026-08-19 10:42:24",579.8,2,shawonbiswas11
4639,16635600,"Divyansh Kumar","2026-09-01 19:42:25",579.7,2,"divyanshkumar3,vivekjeetpatel"
4640,16657807,"Ragav Rida","2026-08-07 16:22:34",579.6,2,ragavrida
4641,16661432,"Ange Adantchede","2026-08-31 09:00:08",579.0,2,angeadantchede
4642,16705363,"Matt Hall","2026-08-16 01:44:32",578.9,2,matthall0
4643,16685582,Wasaanyi,"2026-08-18 09:21:30",578.9,2,"cnakakeeto,wasaanyi"
4644,16674599,"Luka Duvanov","2026-08-19 22:03:46",578.6,2,nekkon
4645,16662741,"Abhiraj Govind","2026-08-04 18:01:16",578.5,1,abhirajgovind
4646,16692637,"Blox Amaze","2026-08-09 09:47:42",578.2,2,bloxamaze
4647,16726913,"T T‗Worker","2026-08-22 11:08:14",578.2,2,ttworker
4648,16657152,"K S VIJAYARAAGHAVAN","2026-09-01 12:10:01",578.2,2,ksvijayaraaghavan
4649,16774317,A_yuki,"2026-08-28 23:42:10",578.1,2,yukiys
4650,16656709,"Anh-Vu Mai-Nguyen","2026-09-02 07:34:27",577.6,2,mainguyenanhvu
4651,16735475,SunjaeLee02,"2026-08-19 08:12:41",577.5,2,sunjaelee02
4652,16662201,"Saumitra Verma","2026-08-04 18:28:36",577.3,2,saumitraverma
4653,16747345,"Alex #3","2026-09-02 12:28:51",577.0,2,alexb99
4654,16758629,karinkaito,"2026-08-27 14:40:29",577.0,2,karinkaito
4655,16664140,Sxwat,"2026-08-23 01:13:13",576.9,2,aybatov
4656,16693207,"Vamshi Guntupalli","2026-08-11 22:40:36",576.8,2,vamshiguntupalli
4657,16633577,Boxy,"2026-08-15 18:55:40",576.6,2,boxyml
4658,16661397,"T. Scharf","2026-08-05 02:54:36",576.4,2,scharf
4659,16705480,Mint120,"2026-08-19 05:49:10",576.3,2,mint120
4660,16709880,"Javier Pérez Robles","2026-08-15 02:21:07",576.2,2,javierprezrobles
4661,16657400,indrapurnama,"2026-08-08 05:42:05",576.2,2,indr0008
4662,16659896,TedT,"2026-08-11 19:36:14",576.1,2,fdsaur
4663,16756987,"Joseph Paggeot","2026-08-24 04:32:57",575.7,2,josephpaggeot
4664,16802663,ipefix,"2026-09-01 17:34:35",575.6,2,nmsis91
4665,16757417,otter_0714,"2026-08-25 05:02:52",575.4,2,otter0714
4666,16724847,"guangchen lu","2026-08-17 03:27:45",575.4,2,guangchenlu
4667,16709463,MKhlystun,"2026-08-12 12:41:42",575.3,2,mkhlystun
4668,16726445,"James Patounas","2026-08-19 08:37:06",575.3,2,jamespatounas
4669,16683309,"Zealous Sebastian","2026-08-09 12:45:32",575.3,2,zealoussebastian
4670,16621499,"Alexandr Utkov","2026-08-01 00:21:43",575.3,2,alexandrutkov
4671,16794499,smileMAN13912339850,"2026-09-02 13:27:24",575.2,2,smileman13912339850
4672,16696724,arkmid,"2026-08-25 18:23:28",575.1,1,arkmid
4673,16759112,songxin,"2026-08-28 06:17:20",575.0,2,likewaterandwind
4674,16668678,"Madhur Sabherwal","2026-08-14 02:47:14",574.9,2,madhur321
4675,16708230,"jose manuel Tinajero","2026-08-25 15:02:46",574.8,2,josemanueltinajero
4676,16668532,"Nir Aberman","2026-08-30 06:08:07",574.7,2,niraberman
4677,16762994,AdvancedRising,"2026-09-01 16:03:49",574.5,2,advancedrising
4678,16641622,datajanko,"2026-08-22 07:40:54",574.2,2,jankoch
4679,16698489,"JIUZHOU CHAN","2026-08-30 14:21:04",574.0,2,jiuzhouchan
4680,16797969,probability,"2026-08-31 19:48:16",573.9,1,probabilitywavepeak
4681,16656317,"Manu Rahi","2026-08-06 16:43:55",573.8,2,manurathi
4682,16725847,"Shel Horta","2026-08-18 04:29:55",573.7,2,shelhorta
4683,16706985,Valmrnch,"2026-08-24 07:57:56",573.6,2,valmrnch
4684,16661507,Siddharth1984,"2026-08-06 13:39:22",573.2,2,siddharth1984
4685,16668562,"Anthony LOISEAU","2026-08-06 16:07:52",572.9,2,anthonyloiseau
4686,16687942,"Arya Arun","2026-08-16 08:52:26",572.7,2,aryaarun07
4687,16728137,mchicen,"2026-08-20 16:48:10",572.6,2,"iyaiji,mchicen"
4688,16663777,"Mortis Beans","2026-08-24 05:27:44",572.6,2,mortisbeans
4689,16770440,"Tegar Putrayas Dentatama","2026-08-29 06:33:59",572.5,2,tegarputrayasd
4690,16637894,"Leonardo Domingues","2026-08-13 13:08:30",572.1,2,leonardodomingues
4691,16662875,Jimmy,"2026-08-31 21:03:15",572.1,2,jiyo4476
4692,16723037,"Red Cat","2026-08-26 20:35:55",571.8,2,severl
4693,16648589,"Yilan Zhu","2026-08-05 11:23:23",571.5,2,yilanzhu
4694,16701779,"Chaoqi Luo","2026-08-15 16:42:19",571.2,2,chaoqiluo7
4695,16659813,"Uday Kumar R","2026-08-13 09:47:39",570.9,2,udaykumarramineni
4696,16664706,olivbhxf,"2026-08-06 07:10:34",570.7,2,olivbhxf
4697,16750751,AarizKh,"2026-08-24 22:41:15",570.5,2,aarizkh
4698,16769648,"Alok Kumar","2026-08-28 18:04:50",570.2,2,shadowserpent
4699,16630335,"Solve Langseth","2026-08-05 06:48:57",570.2,2,solvelangseth
4700,16685349,Onelux,"2026-08-13 12:58:31",569.9,2,leehomhuang
4701,16655072,Sonuaswar1,"2026-08-04 07:33:47",569.8,2,sonuaswar1
4702,16655899,"Dominic Tedrow","2026-08-17 20:37:28",569.5,2,dominictedrow
4703,16809097,volumatic,"2026-09-02 13:24:56",569.3,2,"kkeevviinn666,volumatic"
4704,16740840,"Huchen Jiang","2026-09-02 09:18:47",569.3,2,huchenjiang
4705,16664502,"Alejandro Morales","2026-08-10 01:05:59",569.1,2,langley96
4706,16685722,"Jiahan Cao","2026-08-12 09:01:22",569.1,2,jiahancao
4707,16749371,"Renisa Assyifa Putri","2026-08-21 05:24:07",568.9,1,renisaassyifaputri
4708,16634803,hongzhouzhou,"2026-08-31 17:39:16",568.8,2,afterrain42
4709,16664370,"Joel Arias","2026-08-06 17:29:01",568.4,1,j4rias
4710,16760352,"Romain Bomba","2026-08-24 01:27:23",568.2,2,romainbomba
4711,16675477,"Joanne Yun","2026-08-07 13:40:53",568.2,2,joannejyun
4712,16658265,kraken,"2026-09-01 22:49:41",568.1,1,krn0209
4713,16631480,"Kumar Abhijeet","2026-07-31 13:29:40",568.1,1,krabhijeet
4714,16664211,"Ben Wilson","2026-08-06 23:57:29",568.0,2,crispyryse
4715,16712921,"Come Back","2026-08-20 00:45:45",567.9,2,amirhosseinltf
4716,16784417,"Dallas Odem","2026-08-29 13:14:30",567.9,2,dallasodem
4717,16763351,shutong114,"2026-08-24 15:17:06",567.8,2,shutong114
4718,16667101,SundharSteyn,"2026-08-27 02:41:04",567.6,2,sundharsteyn
4719,16692644,"Achille Gohin","2026-08-10 00:26:26",567.3,2,achillegohin
4720,16658909,junesdata,"2026-08-06 15:14:26",566.7,2,junesdata
4721,16665364,"Shien Zhang","2026-08-06 06:50:46",566.7,1,shienzhang
4722,16749038,Seuz,"2026-08-29 18:40:14",566.6,2,kohdawei
4723,16659294,"Muhammad Rafzan","2026-08-08 10:56:32",566.3,2,revianalfariz
4724,16645446,gogo98415,"2026-08-29 06:04:15",566.2,2,gogo98415
4725,16641009,"Marius Kirschner","2026-08-03 08:41:47",566.0,2,mariuskirschner
4726,16714363,guohaowen,"2026-08-13 14:25:48",565.6,2,guohaowen1910
4727,16662715,"Great Okwuma","2026-08-17 00:10:46",565.3,2,greatokwuma2
4728,16755101,"Thomas van der Meer","2026-08-26 11:19:19",565.2,2,tvdermeer
4729,16660462,"Vishwanath N Iyer","2026-08-07 07:22:17",565.1,2,vishwanathniyer
4730,16654970,"Maycon Coutinho","2026-08-27 21:28:32",565.0,2,coutinhomaycon
4731,16727219,"Chukka Venugopalam","2026-08-31 11:24:05",564.9,2,chukkavenugopalam
4732,16672657,"Lochan Naik","2026-08-07 08:41:44",564.7,2,lochannaik
4733,16635233,"Szymon Kłapiński","2026-08-03 10:04:12",564.7,2,szymonkapiski
4734,16673524,"Zikai Chen","2026-09-02 12:40:40",564.7,2,kyrie1102kai
4735,16724269,lava,"2026-08-26 09:09:01",564.6,2,fanxiaozhen
4736,16655217,"Jiawei Zhao","2026-09-01 20:14:35",564.5,2,c789a123
4737,16692168,"Kinshuk Aggarwal","2026-08-09 04:23:32",564.4,1,kinshukaggarwal
4738,16658160,yunquer,"2026-08-17 07:18:53",564.1,2,yunquer
4739,16684024,"Work From Home 3.0","2026-08-14 12:33:30",563.9,2,"direct1,gongyiqian,jovansee,maxtankialok,n00bcak"
4740,16660081,fakyyy,"2026-08-09 11:19:15",563.8,2,manideepreddyakula
4741,16639814,"Nikhil Krishna A","2026-08-27 19:01:40",563.7,2,techmasternikhil
4742,16761589,"Eren -","2026-08-27 08:48:44",563.6,2,erenozyurek
4743,16722252,pwdh2026,"2026-08-14 22:16:22",563.6,2,pwdh2026
4744,16624506,zhongtian,"2026-09-02 06:52:07",563.6,2,kmtbang
4745,16664913,"ABHISHEK KUMAR","2026-08-17 04:20:56",563.5,2,abhishek6545
4746,16633069,"Nur Srijan","2026-08-06 12:55:34",563.3,2,nursrijan
4747,16668612,"raffael prem","2026-08-06 08:02:13",563.2,2,raffaelprem
4748,16630784,"🚜 Sub-Par Seedlings","2026-08-11 08:39:26",563.2,2,"dwellement0baser,michaellist,oneupkiwi,wilhelmberghammer"
4749,16748738,Shymohn,"2026-08-26 13:28:58",563.1,2,shymohn
4750,16661596,t@got@go,"2026-08-10 06:24:24",563.0,2,kamdaanahessod
4751,16743282,"Srivishnu Charan","2026-09-02 10:11:16",562.9,2,srivishnucharan
4752,16657401,korpo,"2026-08-25 20:18:13",562.8,2,krisko
4753,16687293,"Aurelie Jodelle Kemme","2026-08-20 00:25:43",562.7,2,"audreydemafo,aureliejodellekemme"
4754,16659183,"Leonard Yaw Mensah","2026-08-05 02:22:25",562.6,2,leonardyawmensah
4755,16701250,T00bii,"2026-08-11 16:11:06",562.6,1,t00bii
4756,16639244,"Romone Dunlop","2026-08-11 10:19:49",562.3,2,romonedunlop
4757,16732529,"lixinglong ye","2026-08-25 06:51:24",562.2,2,lixinglongye
4758,16635021,RiLi,"2026-09-02 13:21:50",562.1,1,hisatosenda
4759,16652952,lackmind,"2026-08-24 18:54:38",562.0,2,lackmind
4760,16664266,"Ian Chung","2026-08-07 23:32:55",561.7,2,iannnnn012345
4761,16656410,Sam,"2026-08-14 01:58:04",561.6,2,beartrader
4762,16657601,Simon,"2026-08-05 15:59:44",561.5,2,benten10
4763,16783677,"Đặng Anh Thịnh","2026-08-28 08:31:12",561.3,1,nganhthnh
4764,16718338,"Oladimeji Adeyemi","2026-08-17 15:33:50",560.9,2,adeyemioladimeji
4765,16689372,"Kiran Yerpude","2026-08-12 05:39:43",560.8,2,kiranyerpude
4766,16694171,"guanran wang","2026-08-11 05:57:12",560.8,2,guanranwang
4767,16673214,Boiga7,"2026-08-06 14:03:53",560.8,2,lewiselliot
4768,16726854,"Tâm La Thành","2026-08-27 08:55:02",560.7,2,tmlathnh
4769,16661934,"Viacheslav Kasatkin","2026-08-10 10:48:25",560.6,2,viacheslavkasatkin
4770,16700661,"Aakash Kavuru","2026-08-12 05:13:05",560.4,2,aakashkavuru
4771,16730749,"Đông Hà","2026-08-20 00:32:35",560.4,2,phapsucongu
4772,16720788,Anson,"2026-08-30 03:55:33",560.3,2,anson0496
4773,16676613,LCZ1996,"2026-08-29 02:02:59",560.3,2,lcz1996
4774,16668324,"Alden Jenish S","2026-08-06 14:02:09",560.2,2,aldenjenishs
4775,16682707,"AJAY KUMAR","2026-08-07 19:13:08",560.0,2,worldsslayer
4776,16644577,"Arthur Merritt","2026-08-04 07:11:11",559.9,2,jarthuph
4777,16773402,齐乐,"2026-08-28 05:52:43",559.9,2,qile200107
4778,16726025,"Yanrun Chen","2026-08-30 12:26:01",559.8,2,yrchen98
4779,16623006,"Aaradhy Singhvi","2026-08-11 23:29:04",559.8,2,aaradhysinghvi
4780,16771171,Manfucci,"2026-08-29 17:36:15",559.7,2,manfucci
4781,16674943,feyZERO,"2026-08-16 10:48:50",559.7,2,faezamora
4782,16685028,"serene ng","2026-08-13 14:53:37",559.6,2,sereneng
4783,16735251,AlviH47,"2026-08-19 14:25:48",559.5,2,alvih47
4784,16665511,phoenix_merk,"2026-08-05 09:46:25",559.4,2,phoenixmerk
4785,16686109,"Triple Tensor","2026-08-17 08:24:26",559.4,2,"adinathjagtap777,pds178,prajwalzolage05"
4786,16666566,"Rairo Mukamuri","2026-08-19 10:09:08",559.4,2,thetraveller
4787,16701761,BalaVignesh,"2026-08-11 17:04:37",559.3,2,balavignesh
4788,16674714,"Kaaleedass Manoharan","2026-08-31 19:07:47",559.1,2,kaaleedassmanoharan
4789,16621367,Numari,"2026-07-31 16:30:01",558.9,2,numaritaisei
4790,16632100,"Mohit Shirke","2026-08-07 17:55:11",558.8,2,orcivion
4791,16680562,devsloppy,"2026-08-10 20:02:19",558.4,2,twu1738
4792,16628487,"Koichi HIRAOKA","2026-08-01 08:42:40",558.4,2,koichihiraoka
4793,16674308,"Ayush Roy","2026-08-06 20:28:57",558.1,2,ayushroy39
4794,16766401,"Gobi Elangovan","2026-09-01 05:57:53",558.0,2,gobielangovan
4795,16666709,JSQL,"2026-08-26 18:38:48",557.8,2,jeffreyschott
4796,16693033,AgriBot,"2026-08-13 23:53:10",557.7,2,prcieuxcomlan
4797,16705661,"Toshiki Touda","2026-08-13 06:51:05",557.4,2,toshikitouda
4798,16664252,"Huy Hoang","2026-08-15 03:59:40",557.4,2,themeend
4799,16662043,"Hengcong Zhu","2026-08-05 14:46:24",557.4,2,hengcongzhu
4800,16685800,"Sumit Ridhal","2026-08-31 16:08:14",557.4,2,sumitridhal
4801,16665257,"Ken Li","2026-08-09 12:59:32",557.3,2,kenliwt
4802,16688383,plong2101,"2026-08-18 06:21:34",557.3,2,plong2101
4803,16685570,"Micah Fernando","2026-08-07 19:46:31",557.2,2,micahfernando
4804,16661930,zzangsunghyeon,"2026-08-08 16:22:21",557.2,2,zzangsunghyeon
4805,16663188,"Ethan Feng","2026-08-05 22:09:38",556.9,2,xenon111231
4806,16663210,"Marco Nasuelli","2026-08-30 18:13:00",556.8,2,marconasuelli
4807,16663232,"Marco Mangan","2026-08-30 01:46:02",556.7,2,masmangan
4808,16777132,"Soham Dave","2026-08-27 14:51:01",556.1,2,sohamdave19
4809,16778579,"Jiajia Zhang","2026-08-29 18:19:12",555.8,2,jiajiazhang01
4810,16733785,"Stuart Gilbert","2026-08-30 01:52:41",555.8,2,stuartgilbert
4811,16774701,@Suzumaru_1666,"2026-09-02 07:28:19",555.5,2,suzumaru1666
4812,16658925,CYBWithFlourish,"2026-08-06 15:56:28",555.3,2,cybwithflourish
4813,16675060,"Xinger Gao","2026-08-31 08:52:07",555.2,2,xingergao
4814,16656797,"رحيم محمد","2026-08-04 20:05:45",555.0,2,darkmaxedwe
4815,16794598,"Andrew Yu","2026-09-02 04:51:57",554.9,1,andnyu
4816,16707159,"Toua Innocent TIA","2026-08-17 16:28:36",554.7,2,centino
4817,16779813,zitihc,"2026-08-29 14:18:49",554.7,2,zitihc
4818,16698103,JJ,"2026-09-02 09:46:15",554.6,2,jianjinchen
4819,16769170,"Hardik Savaliya211","2026-08-25 11:07:10",554.4,2,hardiksavaliya211
4820,16729081,"Venkata Y","2026-08-19 00:45:13",554.3,2,venkatayerrapothu
4821,16715126,준환,"2026-08-27 11:27:16",554.1,2,paulguilbert
4822,16627463,dnish,"2026-08-05 07:37:16",554.0,2,dnishio
4823,16661402,"Abin Biju","2026-08-11 18:00:35",553.8,2,abinbiju1
4824,16724842,"Mikaela Gkolemi","2026-08-21 19:04:38",553.8,2,mikaelagkolemi
4825,16647607,pumpkin,"2026-08-07 13:57:58",553.8,2,gealachpumpkin
4826,16692246,"Pamod Jayaneth","2026-08-31 14:30:29",553.7,2,pamodjayaneth
4827,16783713,Gale,"2026-09-01 16:34:19",553.6,2,na1vel
4828,16656689,"Vansh Gupta","2026-08-11 08:56:56",553.4,2,vanshrl9ine
4829,16724364,Sh4ron,"2026-08-28 21:17:28",553.1,1,sh4ron
4830,16741113,kaitle,"2026-08-21 12:05:55",553.0,2,kaitle
4831,16699707,"Afana Khalit putra","2026-08-11 08:57:25",552.7,2,afanakhalitputra
4832,16722561,Asia214,"2026-08-30 02:26:16",552.6,2,asia214
4833,16631981,"Karen Letir","2026-08-10 09:21:51",552.4,2,karenletir
4834,16699045,"Abu Kayyisah Basyid","2026-08-30 14:48:59",552.3,2,abukayyisahbasyid
4835,16756891,T.Uehira,"2026-08-24 11:34:16",552.2,2,tuehira
4836,16658718,"Duong Bao Duy","2026-08-11 19:13:05",551.9,2,duongbaoduy
4837,16632368,"Yuelin Bai","2026-08-03 08:15:12",551.8,2,paralym
4838,16663618,Anthaus,"2026-08-09 17:06:35",551.4,2,anthaus
4839,16728743,Miki_Nuummiu,"2026-08-28 16:23:06",551.3,2,mikinuummiu
4840,16666652,"Mohamed Fanni","2026-08-17 00:51:38",551.3,2,"arachid,mohamedfanni,soukaynamokhtari"
4841,16717601,"Mariem Fersi","2026-08-24 23:22:14",551.2,2,"mariemfersi,yassinebrahem2"
4842,16644765,MoeCode,"2026-09-02 08:03:55",551.2,2,syrianeagle
4843,16793535,Pink,"2026-08-31 15:41:51",551.2,2,farjanaafrinswarna
4844,16702281,"Dhruv Patel #2","2026-08-10 21:25:08",551.1,2,dhruvpatel1972
4845,16743136,unhappy,"2026-09-02 12:12:51",551.1,2,chenyahui123
4846,16718295,doinggyu,"2026-08-18 12:56:58",551.0,2,doinggyu
4847,16692480,"Khalis Murfid","2026-08-24 07:03:02",551.0,2,khalismurfid
4848,16658627,"Osman Can ÇETLENBİK","2026-08-05 15:25:30",550.9,2,osmancancet
4849,16719857,"Howey do it","2026-08-14 23:06:06",550.7,2,ronincoppins
4850,16729152,Antoine,"2026-08-17 10:12:04",550.5,2,a11t01n3
4851,16745574,"Yadunandan Raman","2026-08-22 12:20:06",550.5,2,yadunandanraman
4852,16729914,Christina,"2026-09-02 03:56:59",550.4,2,geekycb
4853,16665865,"Agrippa Beaulieu","2026-08-08 19:09:28",550.3,2,agrippabeaulieu
4854,16675493,"Ryotaro Minato","2026-08-22 23:49:23",550.1,2,ryotarominato
4855,16752191,"Wenxuan Ye","2026-09-01 09:58:29",550.1,2,akomwins
4856,16765688,jihunai,"2026-08-26 23:15:54",550.1,2,jihunai
4857,16669699,nikesh23,"2026-08-08 01:52:56",550.0,2,nikesh23
4858,16668154,JuanEspana,"2026-08-09 11:38:32",549.9,2,juanespana
4859,16706993,Celibistrial,"2026-08-31 18:36:10",549.8,2,celibistrial
4860,16662722,"Ajeet Jain","2026-08-07 06:32:10",549.8,2,jainajeet29
4861,16680799,zixma13,"2026-08-25 13:12:44",549.5,2,zixma13
4862,16693797,"Riyaz Ur Rehman","2026-08-17 02:21:15",549.4,2,riyazurrehman
4863,16661927,JHCodeQuest,"2026-08-25 11:36:46",549.3,2,josephkhassan
4864,16658115,SantaClaws,"2026-08-10 14:50:31",549.1,2,vovikdrg
4865,16652912,"Kyle Ellard","2026-09-01 18:57:14",549.0,2,kyleellard
4866,16743648,Hei_shao,"2026-09-01 11:27:25",549.0,2,heishao
4867,16695521,"Chen Ken","2026-09-01 11:12:24",548.8,1,nutastray
4868,16658344,SOONHANKWON,"2026-08-28 02:00:59",548.7,2,soonabletv
4869,16668589,"Gleb Naumkin","2026-08-05 22:46:26",548.5,1,glebnaumkin
4870,16660955,"Nihal l.suvarna","2026-08-19 14:37:50",548.4,2,nihallsuvarna
4871,16711812,"zhan renyi","2026-08-31 05:24:39",548.4,2,zhanrenyi
4872,16709487,Kohei,"2026-08-19 20:54:42",548.2,2,kshintani
4873,16629002,Alpro,"2026-08-17 22:27:30",547.9,2,"dogaakal,egekemalkaraca"
4874,16765380,jslee_homeofson,"2026-08-25 13:10:22",547.9,2,jsleehomeofson
4875,16656470,Glimmeron,"2026-08-12 02:01:48",547.8,2,rishabhraushan
4876,16672078,vietlinhh02,"2026-08-08 07:46:53",547.8,2,vietlinhh02
4877,16735702,opflare,"2026-08-19 02:25:46",547.3,2,opflare1144user
4878,16654485,"Mahbub Alam","2026-08-04 02:08:23",547.2,2,mahbubalam214
4879,16728863,Irabala,"2026-09-01 12:17:04",547.1,2,irabala1
4880,16665046,"Srish Jana","2026-08-06 18:12:59",547.0,2,srishjana
4881,16700501,Konno,"2026-08-28 09:32:25",546.7,2,nearfield1234
4882,16725123,"Pham Quang Nghia","2026-08-22 15:00:51",546.7,2,phamquangnghia
4883,16659261,PromptEngineer48,"2026-08-04 16:44:46",546.7,2,promptengineer48
4884,16793080,"Lonan Syayf","2026-08-31 19:44:09",546.4,2,lonansyayf
4885,16677402,"Hıdır Demir","2026-08-29 19:24:02",546.4,2,hdrdmr
4886,16737532,lsystudyhard,"2026-08-22 12:16:47",546.2,2,lsystudyhard
4887,16761173,"Shinzo Takayama","2026-08-30 19:06:58",546.2,2,shinzotakayama
4888,16750273,"Nil Lic","2026-08-24 12:08:02",546.0,2,nillic
4889,16668137,"Thomas De Sousa","2026-08-06 06:34:48",545.9,2,thomasdesousa
4890,16771340,pang,"2026-09-02 11:58:05",545.8,2,pangwenfeng
4891,16659444,"ANKIT AGARWAL","2026-08-29 13:58:51",545.8,2,ankwall223
4892,16665080,"RAVI KUMAR696996","2026-08-05 06:14:29",545.7,2,ravikumar696996
4893,16635481,Jamaisvu,"2026-08-20 15:39:29",545.7,2,jamaisvu
4894,16729510,ARM,"2026-09-01 16:43:01",545.7,2,"midhun4126,mrohithjohn"
4895,16660060,AnkitGoyal,"2026-08-05 15:33:29",545.6,2,goyalankit
4896,16792568,李秉叡（ntumlnoob）,"2026-09-02 06:52:48",545.6,2,ntumlnoob
4897,16657674,Warriors,"2026-08-29 14:12:29",545.6,2,"karthikreddykarri,kovvurisaimohanreddy,vikramadityaabhiram"
4898,16724470,"Mahdi Rafati","2026-08-24 15:32:51",545.5,2,mahdirafati
4899,16662995,"carlos mario de oro aguado","2026-08-06 21:08:28",545.5,2,cdeoroaguado
4900,16757727,"Sohshi Nakamura","2026-09-01 07:46:02",545.4,2,sohshinakamura
4901,16661154,"gronky goobers","2026-08-15 14:39:05",545.3,2,"viktoriusontop,yoshisurjuise"
4902,16666637,"Uttam Limbani","2026-08-07 13:41:14",545.2,2,uttamlimbani
4903,16705149,"Allen Chun","2026-08-15 04:59:05",545.1,2,allenchun
4904,16742470,AK,"2026-08-31 09:52:39",545.1,2,aman1391
4905,16726155,miyawakiayaka,"2026-08-15 18:50:10",544.9,2,kanatakon
4906,16664608,sid,"2026-08-07 18:18:04",544.7,2,sidshastri04
4907,16687330,"Mehmet Ensar Çetin","2026-08-15 07:39:29",544.5,2,mehmetensaretin
4908,16771623,kekuru,"2026-08-26 08:25:11",544.4,2,soyaishihara
4909,16726044,"Lena Traczuk","2026-08-22 12:03:58",544.3,2,lenatraczuk
4910,16660138,"Sanchit Handa","2026-09-02 12:58:15",544.0,2,"harmanjotsingh8,sanchithanda182006"
4911,16722109,Navneet,"2026-08-14 14:02:35",543.7,2,zxcdfg
4912,16701046,"Thanakorn Kaewwiang","2026-08-14 17:13:39",543.7,2,deweytng
4913,16623071,"Santiago Maniches","2026-09-02 10:38:00",543.6,2,santmani
4914,16733948,novodude,"2026-09-01 10:42:40",543.6,2,novomont
4915,16623824,zhangende02,"2026-08-01 01:15:21",543.4,2,zhangende02
4916,16762021,Dhananjai1729,"2026-08-31 08:46:25",543.2,2,dhananjai1729
4917,16726211,RepeatAfterMe,"2026-08-17 08:21:41",543.0,2,bekirsciftler
4918,16627009,c0sm1c,"2026-08-01 11:06:14",542.9,1,tanghao111
4919,16645870,"Barathan Aslan","2026-08-03 08:21:55",542.9,2,barathanaslan
4920,16774958,"Charles Wuytack","2026-08-27 14:58:07",542.7,2,charleswuytack
4921,16688296,"Michael Pollind","2026-08-28 13:30:32",542.6,2,mpollind
4922,16660089,ChristosGrigoras,"2026-08-07 22:41:49",542.5,2,cgrigoras
4923,16732696,naniwazu,"2026-09-02 01:32:01",542.5,2,naniwazu
4924,16658895,kunihiro,"2026-08-17 03:05:05",542.4,2,kunihiro
4925,16681778,kzeus@003,"2026-08-12 05:12:15",542.4,2,kzeus003
4926,16743852,"Alexander & Erik","2026-08-26 21:01:59",542.3,2,"alexandermlad,erikpymay"
4927,16780097,"wei chang","2026-09-02 12:47:44",542.3,2,wayne0404
4928,16641948,JustForFun,"2026-08-18 08:00:36",542.2,2,thangphung215
4929,16776505,"Muhammad Ahmad Amin","2026-09-01 15:07:04",542.0,2,ahmadamindw
4930,16689908,Hyun777,"2026-08-14 01:11:17",541.9,2,hyun777
4931,16679958,Bum_Fy_Mz,"2026-08-13 20:31:44",541.8,2,bumfymz
4932,16753353,"Aayush Kumar","2026-08-29 16:26:46",541.5,2,devaayushkumar
4933,16802442,"Rabia Eda Yılmaz","2026-09-02 13:04:18",541.3,1,truthisneverlinear
4934,16762427,Raj_craj,"2026-08-30 20:27:00",540.5,2,rajcraj
4935,16775131,"Re Son","2026-08-27 14:29:31",540.5,2,lemelson
4936,16655630,askBillyWhatMamaDid,"2026-08-28 02:06:18",540.4,2,askbillywhatmamadid
4937,16636973,"Ali Ali G","2026-08-03 18:36:40",540.2,2,alialig
4938,16744610,"Safiullah Baig","2026-08-20 13:16:58",540.1,1,safm1rza
4939,16757204,hhcjj,"2026-08-22 06:42:32",540.0,2,hhcjjkk
4940,16662060,"Richard Valino","2026-08-06 16:03:36",540.0,2,richardvalino
4941,16686972,"Ankit Maurya","2026-08-23 07:05:44",539.9,2,"ankitmaurya16,rudraprasadsah"
4942,16630163,"SEREENA JERRY","2026-08-06 08:59:17",539.9,2,serenajerry
4943,16784420,renyxin,"2026-09-02 08:49:23",539.8,2,renyxin
4944,16637649,cameronezrajones579,"2026-08-15 15:49:12",539.8,2,cameronezrajones579
4945,16764445,sukesuke012,"2026-08-27 09:16:48",539.7,2,sukesuke012
4946,16695400,"Karam Khasawneh","2026-08-10 20:29:16",539.7,2,karamkhasawneh
4947,16707986,Pones_kaggle,"2026-09-01 22:08:32",539.5,2,pyd966
4948,16683934,"Teja Madala","2026-08-10 14:46:07",539.2,2,tejamadala
4949,16775214,"Sambhav R","2026-08-27 15:34:44",538.8,2,sambhavr
4950,16721814,"DOAMBA Jean Edouard Odilon","2026-08-24 14:48:43",538.7,2,doamba
4951,16773195,"Pham Nguyen Thanh Huy","2026-08-27 05:25:55",538.5,2,huyphmnguyenthanh
4952,16715769,Ethereallll1,"2026-08-14 15:21:12",538.5,2,ethereallll1
4953,16736632,Leo,"2026-08-30 05:45:08",537.8,2,huangkx666
4954,16725955,"Aditya Pandey","2026-08-17 00:10:10",537.7,2,adipandey777
4955,16661225,"Menelik Zafir","2026-08-31 22:16:27",537.6,2,monibeefudgekins
4956,16765194,henry,"2026-08-24 13:39:29",537.4,2,zchenry
4957,16688646,lakranitesh,"2026-08-08 12:49:18",537.3,2,lakranitesh
4958,16672473,goldfish,"2026-08-13 03:34:21",537.2,2,dolgfish
4959,16697568,"Sergey Fedorov","2026-08-20 21:25:34",537.0,1,bd01ar
4960,16625216,"Emre Can","2026-08-01 17:05:51",536.8,2,seicatsu
4961,16733644,Gavilán,"2026-08-23 19:41:22",536.7,2,gaviln
4962,16651872,Evgen21,"2026-08-05 14:03:50",536.7,2,evgen21
4963,16744572,DivyanshAgg,"2026-08-31 19:30:49",536.5,2,divyanshagg
4964,16720049,"aditya emmadishetty","2026-08-14 13:20:54",536.3,2,adityaemmadishetty
4965,16775781,"Gideon Oba","2026-08-28 21:31:00",536.2,2,gideonoba
4966,16706143,Adityaupadhyay0805,"2026-08-20 04:28:06",536.1,1,adityaupadhyay0805
4967,16714894,"Mitsuaki Inoue","2026-09-01 12:33:13",536.0,2,mitsuakiinoue
4968,16691807,lbs-vadar,"2026-08-26 18:29:57",536.0,2,lbsvadar
4969,16632157,"福原 大知","2026-08-03 06:46:04",535.9,2,fxxyfox
4970,16655080,"Mohamed Judi","2026-08-31 00:47:20",535.9,2,mhjudi
4971,16767754,"Dr. T","2026-08-28 07:00:33",535.7,2,davinor
4972,16649421,Eltormtace,"2026-08-14 04:35:15",535.7,2,eltormtace
4973,16658476,"goksel yesiller","2026-08-04 11:07:53",535.6,2,gokselyesiller
4974,16725483,PQ_Marz,"2026-08-15 16:25:50",535.5,2,pqmarz
4975,16736951,giacomovin,"2026-08-25 20:14:52",535.3,2,giacomovin
4976,16653118,"Elmira Yekani","2026-08-18 17:05:20",534.9,2,elmirayekani
4977,16688873,cancel,"2026-08-18 06:50:33",534.8,1,rugaru
4978,16705328,"Ester Arias","2026-09-02 06:34:07",534.7,2,esterarias
4979,16670218,"What is Coding?","2026-08-07 01:47:17",534.3,2,matthewshvarts
4980,16662790,"Derek Earnhart","2026-08-04 18:04:01",534.1,1,derekearnhart
4981,16772455,dextrecity,"2026-08-30 11:37:56",533.7,2,"dextrecity,leo0pa"
4982,16745065,MrEvidentYew,"2026-08-24 18:36:02",533.6,2,mrevidentyew
4983,16672798,yaphanqiii,"2026-08-27 07:55:23",533.3,2,yaphanqiii
4984,16671779,"Syed Jawad","2026-08-30 10:44:37",533.2,2,syedjawad11
4985,16654885,"Jason Kong","2026-08-04 06:52:19",532.8,2,jasonkongie
4986,16663368,"Laurence Dale","2026-08-12 18:00:07",532.4,2,laurencedale
4987,16678613,iBooNDK,"2026-08-09 19:03:37",532.2,2,iboondk
4988,16699207,"Bipin Rimal","2026-08-10 07:45:21",532.0,2,bipinrimal314
4989,16663267,"Sravya Isukapatla","2026-08-11 10:14:54",531.8,2,sravyaisukapatla
4990,16773194,NgNhan3110,"2026-08-27 09:36:17",531.5,2,ngnhan3110
4991,16675952,"Stephan Hahn","2026-08-09 12:57:14",531.3,2,stephanhahn16
4992,16783367,hezhiqian,"2026-08-30 18:02:37",531.2,2,hezhiqian
4993,16661682,"Rishi Gupta","2026-08-05 07:46:38",531.1,2,rishigupta07
4994,16668108,"Suresh Chandra Mangena","2026-08-11 09:32:31",530.7,2,sureshchandramangena
4995,16661646,"Sergey Shcherbakov","2026-08-12 21:58:30",530.7,2,sergey140146659
4996,16668509,HarryZ,"2026-08-30 02:31:01",530.7,2,mzhumzhu
4997,16706277,"ratat Zheng","2026-08-12 10:25:38",530.5,2,ratatzheng
4998,16640399,Hubbahub,"2026-08-04 20:40:39",530.3,2,hubbahub
4999,16715942,_@HimShukla23,"2026-08-18 03:57:15",530.2,2,himshukla23
5000,16686902,"Aaditya Jain","2026-08-10 08:59:33",530.1,1,aadityajain2312
5001,16749271,"Shoki Suzuki","2026-09-01 13:48:43",530.1,2,shokisuzuki
5002,16688662,"Faz Forward","2026-08-08 09:03:10",529.8,2,fazforward
5003,16670634,"Narayan Sharan","2026-08-07 21:13:42",529.6,2,narayansharan
5004,16659505,"Duleeka Mevan","2026-08-06 09:32:46",529.6,2,duleekamevan
5005,16663327,Gnr8tr,"2026-08-13 14:16:44",529.6,2,wilburjpereira
5006,16695102,whitelok,"2026-08-11 12:54:41",529.4,2,whitelok
5007,16673109,"Surya Bhattiprol","2026-09-02 02:33:17",529.3,2,suryabhattiprol01
5008,16755781,NaveenManwani,"2026-08-28 05:37:31",529.3,2,naveenmanwani
5009,16672105,"Natural Stupidity","2026-08-10 19:39:53",529.3,2,"parthb21,sujaygolla"
5010,16674612,"Muhammad Dhiaz Rafilianza","2026-08-22 05:48:04",529.3,2,dhiazr
5011,16670719,SimoImane,"2026-08-05 23:36:09",529.2,2,simoimane
5012,16738218,kiyo,"2026-08-30 02:39:48",529.2,2,kiyohiro
5013,16657502,Jasmeen,"2026-08-16 08:59:05",529.1,2,jasmeen0207
5014,16768079,Sohee087,"2026-08-24 20:21:01",528.7,1,sohee087
5015,16654347,"aarav maheshwari1","2026-08-26 05:57:03",528.6,2,aaravmaheshwari1
5016,16665436,Aeternum,"2026-08-15 18:31:32",528.2,2,"donbinoy2004,surajkumarks"
5017,16657383,"Shih Hua Chou","2026-08-18 03:51:08",528.2,2,shihhuachou
5018,16768939,"Pratham Sonawane","2026-08-30 17:37:23",528.0,2,prathamsonawane1
5019,16780592,sergey,"2026-08-27 19:09:25",527.8,2,sadsdfsdf
5020,16790943,"Tashfik Salehin","2026-08-29 17:48:22",527.6,1,tashfiksalehin
5021,16737362,"moushun chen","2026-08-20 06:45:46",527.6,2,moushunchen
5022,16693003,ShirrleyChen,"2026-08-15 12:54:58",527.0,2,shirrleychen
5023,16761657,Picu,"2026-08-23 10:42:49",527.0,2,rumoschilling
5024,16623646,"Minal kharat123","2026-08-23 01:39:06",527.0,2,minalkharat123
5025,16774333,"Nazim Shoikot","2026-09-01 10:02:47",526.9,2,nazimshoikot71
5026,16759381,"Subhan Hussain","2026-08-26 10:37:25",526.9,2,subhanhussain0205
5027,16665184,woorym,"2026-08-10 03:04:12",526.8,2,woorym
5028,16656573,"Ashiq Firoz","2026-08-17 18:20:11",526.8,2,ashiqfiroz
5029,16655069,"Jason Harrison","2026-08-05 20:56:59",526.7,2,jasonharrisonco
5030,16719742,"Varun Dave","2026-08-31 22:56:07",526.6,2,"pranavtrivedi02,varundave95"
5031,16655600,"VYSHAKH G NAIR","2026-08-04 21:31:24",526.4,2,vyshakhgnair
5032,16694314,"Ali Abbas Baig","2026-08-28 19:55:16",526.4,2,aliabbasbaig
5033,16768456,清水一希,"2026-08-25 00:47:38",526.4,1,kazukishimizu0427
5034,16709512,Rustamdurdyyev,"2026-08-31 19:59:56",526.4,2,rustamdurdyyev
5035,16674605,Versilogic,"2026-08-16 07:54:48",526.3,2,versilogic
5036,16668606,"Hasith Kulathilaka","2026-08-31 19:09:39",526.3,2,hasithkulathilaka
5037,16643453,Haumea,"2026-08-23 19:00:47",526.3,2,chaitanyagullapalli
5038,16631547,"Chong Xuan Ng","2026-08-08 15:38:52",526.2,2,chongxuanng
5039,16758526,"sudo give_me_the_prize","2026-08-24 16:34:02",526.2,2,ibrahimab2
5040,16708348,"Edilaine Arceno","2026-08-28 18:41:14",526.0,2,edilainearceno
5041,16789996,"Chen Jiaqi","2026-08-31 02:39:03",525.9,2,elaemchen
5042,16668461,SobanAli,"2026-08-19 15:49:03",525.9,2,soban256
5043,16662938,CarlitrosParra,"2026-08-05 21:34:52",525.7,2,carlitrosparra
5044,16626105,sasaki,"2026-08-24 02:34:55",525.5,2,rsasaki
5045,16780057,"Njabulo Hope Makana","2026-09-02 09:50:55",525.5,2,njabulohopemakana
5046,16649077,"Yifan Yang 135","2026-08-11 06:22:40",525.4,2,yifanyang135
5047,16675866,DanilChil,"2026-08-31 17:38:49",525.4,2,danilchil
5048,16694146,"JIlong Zhou","2026-08-26 15:04:38",525.2,2,acemaker
5049,16709299,"Divyanshu Choudhary","2026-08-31 19:59:41",525.1,2,divyanshuchoudhary25
5050,16641501,Sonal,"2026-08-08 22:07:46",524.9,2,sonalm13
5051,16732513,Taogege,"2026-09-02 09:43:25",524.7,2,"liyiyiyi6,taogege520"
5052,16795284,"Kostas Tsolis","2026-09-01 18:46:10",524.6,2,tkostas
5053,16660073,"Mahad Kakooza","2026-09-01 20:21:49",524.5,2,mahadkakooza
5054,16716531,tebenia,"2026-08-16 08:06:58",524.4,2,tebenia
5055,16682984,"Rishikesh Bharat Koli","2026-08-08 04:18:06",524.4,2,rishikeshbharatkoli
5056,16722341,"Pham Huu Bao Chung","2026-08-23 21:44:46",524.2,1,phamhuubaochung
5057,16678154,"Hashim Far","2026-08-08 04:20:32",524.0,2,hashimfar
5058,16661105,"Vignesh Murugan","2026-08-04 19:57:46",523.9,2,vigneshv1cky
5059,16657929,Robert-zwr,"2026-08-05 11:15:48",523.6,1,robertzwr
5060,16687237,Khalibryler,"2026-08-11 09:17:03",523.6,2,khalibryler
5061,16665281,"[Deleted] 899172b8-e148-4564-ba8c-c46356105ab8","2026-08-05 09:55:11",523.5,2,del=cd7e9a4014b872ef
5062,16621437,AdamBelniak,"2026-08-03 18:15:21",523.5,2,adamos581
5063,16666716,"Fanis Alexakis","2026-08-17 11:59:15",523.4,2,fanisalexakis
5064,16682667,"zeel vavliya","2026-08-20 14:48:59",523.2,2,zeelvavliya
5065,16638883,LeiYang,"2026-08-03 15:04:07",523.2,2,leiyangcq
5066,16667517,"Recep Barkın Topcu","2026-08-31 05:30:02",523.1,2,recepbarkntopcu
5067,16730577,"Team Rocket’s Orbital Farm","2026-08-21 08:31:07",523.1,2,koheitsutsumi
5068,16767800,awee,"2026-09-01 17:46:17",522.9,2,aweertw
5069,16694330,"Jack Way","2026-08-10 11:48:42",522.6,2,jackway05
5070,16662647,"Ruben Maya","2026-08-18 20:55:57",522.5,2,rubenmaya
5071,16663707,DotBix,"2026-08-12 21:45:54",522.4,2,dotbix
5072,16671602,"Nithin Nambi","2026-08-07 00:09:31",522.3,2,nitthewit
5073,16728318,T3jas06,"2026-08-22 19:45:13",522.1,2,t3jas06
5074,16668698,Addie,"2026-08-08 05:21:08",521.9,1,addie999
5075,16681924,WEcoS,"2026-08-10 04:32:03",521.8,2,aungkhainghtun
5076,16665424,taaaaanq,"2026-08-17 14:23:35",521.7,1,"chuayaplong,flashtigro,huayu05,taaaaanq"
5077,16766803,"Kanishk Sharma","2026-09-01 23:52:42",521.5,2,kan1shq198
5078,16700080,Kaushik,"2026-08-10 11:11:18",521.4,2,kgarumugam
5079,16719257,"Alexander Morozov","2026-08-14 23:53:53",521.2,2,scanhex
5080,16764751,"Abhishek Parmar","2026-08-26 04:06:39",521.0,2,abhisheknparmar
5081,16711823,Abi_e,"2026-08-31 17:11:29",520.6,2,abidjacquelineanadi
5082,16657528,"Symekah Shadrack Basweti","2026-08-05 10:17:09",520.5,2,symekah99
5083,16653049,"Umut Doruk Öztürk","2026-09-02 09:52:16",520.4,2,umutdorukztrk
5084,16639577,Haitaks,"2026-08-16 09:42:16",520.4,2,haitaks
5085,16661233,"Uriel Johnson","2026-08-05 08:45:24",520.3,2,urieljohnson
5086,16681637,nasu01,"2026-08-07 10:14:10",520.2,2,nasu01
5087,16773032,fecrescencio22,"2026-08-29 22:23:00",519.6,2,fecrescencio22
5088,16623198,"Chris D'Mello (ineligible)","2026-07-31 17:32:46",519.5,1,cdmello
5089,16653809,acbabc123,"2026-08-04 13:53:53",519.4,2,acbabc123
5090,16656641,AndrewEly8,"2026-08-05 00:56:32",519.4,2,andrewely8
5091,16681655,"Tae seong Gim","2026-08-14 14:14:10",519.4,2,taeseonggim
5092,16748462,"Jiwon Lee","2026-08-31 13:41:37",519.2,2,jibong7600
5093,16668068,"Neural Harvest","2026-08-27 19:23:44",519.1,2,meghashyampawar
5094,16633240,Igor,"2026-08-24 15:39:09",519.1,2,igor14497
5095,16779598,RiverStead,"2026-09-01 07:31:12",518.9,2,riverstead
5096,16664352,"Shreyash Asati","2026-08-06 10:40:56",518.2,1,shreyashasati
5097,16627324,"Attack on Kaggle","2026-08-06 13:27:22",518.2,2,user19394494
5098,16632118,nk,"2026-09-01 12:19:46",518.0,2,nagatakengo
5099,16645936,"Abhy Rejikumar","2026-08-22 19:26:23",518.0,1,abhyrejikumar
5100,16740709,"Abimael Firstana #2","2026-08-23 11:07:52",518.0,2,abimaelfirstana99
5101,16632105,"shreyas sangalad","2026-08-02 12:01:08",517.6,2,spoortisangalad
5102,16625808,"Etsushi Yamamoto","2026-08-09 16:50:41",517.3,2,etsushiyamamoto
5103,16777150,Eduardo2c,"2026-08-31 18:08:11",517.2,2,eduardo2c
5104,16745980,"Arif Amijoyo","2026-08-30 07:54:40",517.2,2,arifamijoyo
5105,16658391,"Jack #2","2026-09-01 06:18:43",517.2,2,jack1233
5106,16640814,"Kritika Adhikari","2026-08-07 09:25:26",517.0,2,kritikaadhikari
5107,16645302,LuCcc,"2026-08-03 09:45:35",517.0,2,luuuuccccc
5108,16696231,"Oleg Smirnov","2026-08-09 19:22:20",516.9,2,smirnolegov
5109,16728414,"Pedro Caycho","2026-08-16 12:40:26",516.9,1,pjcc1123
5110,16630520,dimitris_x94,"2026-08-23 21:10:57",516.8,2,dimitrisx94
5111,16665374,UmangDobhal03,"2026-08-06 03:46:29",516.6,2,umangdobhal03
5112,16661287,"Jacob Hanlon","2026-08-11 13:59:58",516.6,2,jacobhanlon
5113,16654974,"ACd Rooy","2026-08-11 06:35:28",516.5,2,acdrooy
5114,16693045,"Huseyin Battal","2026-08-09 05:41:25",516.5,2,huseyinbattal
5115,16742059,dafei2025,"2026-09-01 06:54:51",516.2,2,dafei2025
5116,16712488,"Vansh Bhura","2026-08-12 14:23:18",516.1,2,vanshbhura
5117,16731790,"A random farmer","2026-08-18 02:19:53",516.1,1,hinatatokuda
5118,16678246,"Mark Holloway","2026-08-13 08:48:08",515.9,2,markholloway
5119,16657093,"sixer srinath","2026-08-26 10:48:12",515.8,2,srinath2495
5120,16785010,"Victor Wangles","2026-08-28 16:01:17",515.7,1,victorwangles
5121,16661449,"Samarjeet Singh","2026-08-23 04:32:19",515.3,2,samarjeet010
5122,16802750,"[Deleted] fafa60dd-8026-43cc-b656-34ca4625ef7d","2026-09-01 12:22:13",515.1,1,del=e2a734cecd171934
5123,16779152,"taijiu int","2026-09-02 12:39:36",515.0,2,taijiuint
5124,16646286,"C Aravindhan","2026-08-04 05:03:22",514.7,2,caravindhan
5125,16707437,"Ivan Plekhanov","2026-08-11 12:03:11",514.6,1,nnob0dy
5126,16692263,"ADITYA CHAVAN","2026-08-09 17:44:15",514.2,2,adityasnr7
5127,16664116,"Bogdan Sburlea","2026-09-02 01:59:38",514.1,2,bogdan1405
5128,16734290,CodeAMANSA,"2026-09-01 01:29:02",514.1,2,bcollazo
5129,16791701,"Tired Dad Data","2026-09-01 02:17:43",514.1,2,alexmaggard
5130,16691628,"Gavin Walsh (N1DGE11)","2026-08-08 16:07:24",514.0,2,gavinwalshn1dge11
5131,16663822,BhavyaSaini001,"2026-08-29 23:10:34",513.8,2,bhavyasaini001
5132,16663040,"BARBARA GASKINS","2026-08-12 01:08:47",513.8,2,barbaragaskins
5133,16666071,"Arda Yıldız","2026-08-20 09:33:54",513.4,2,xreina8
5134,16668185,"Swayam Chavan","2026-08-09 01:12:23",512.9,2,swamboy
5135,16687959,"Destin Nedjou","2026-08-27 05:45:33",512.8,2,destinnedjou
5136,16691466,"Jeeta Nandi ","2026-09-02 10:35:07",512.6,2,jeetanandi
5137,16661576,"Yash Jumde","2026-08-15 20:09:59",512.5,2,yashjumde
5138,16669397,"Abed Kibbe","2026-08-30 07:22:49",512.5,2,abedkibbe
5139,16775210,"Daniel LPD","2026-09-01 18:12:55",512.5,2,daniellpd
5140,16734672,"Artom  Wade","2026-08-27 23:08:29",512.4,2,artomwade
5141,16658520,drownedsnake,"2026-08-05 01:03:22",512.4,2,makerplay
5142,16786043,"Denzel Fuentes","2026-08-31 03:18:12",511.9,2,denzelfuentes
5143,16659080,VENKY,"2026-08-07 17:22:03",511.8,2,venkateshthatha
5144,16762168,Lewbei,"2026-08-25 02:13:07",511.5,2,lewbei
5145,16679872,"Kirby Won","2026-08-19 16:47:21",511.4,2,kirbywon
5146,16731636,関西人,"2026-08-24 06:23:14",511.3,2,m1333666888
5147,16661323,mzyktkhs,"2026-08-10 13:21:59",511.3,2,mzyktkhs
5148,16661950,moonmelonpizza,"2026-08-09 12:25:23",511.2,2,moonmelonpizza
5149,16763898,"Tarık Sarıcı","2026-08-24 09:54:31",511.0,2,ssarici
5150,16668688,"Nezihe Sözen","2026-08-07 10:47:51",510.9,2,nezihesozen
5151,16690698,posty_melek,"2026-08-15 05:06:40",510.8,2,srisaraswati
5152,16655415,"Ivan Jarp","2026-08-29 17:07:03",510.5,2,ivanjarp
5153,16717018,"Urvashi Bansal","2026-08-17 09:12:29",510.5,2,urvashibansal123
5154,16735012,"Shuvam Swapnil Dash","2026-08-28 19:56:48",510.3,2,"shashwatmandal,shuvamswapnildash"
5155,16676803,"Josue Villao","2026-08-14 05:20:13",510.2,2,josuevillao
5156,16756812,"Alex Amirkhanyan","2026-08-24 05:51:16",510.1,2,aleksamirkhanyan
5157,16682869,"Sepideh Rahmati","2026-08-12 08:10:46",510.1,2,sepidehrahmati
5158,16729214,kisamaki0815,"2026-08-28 01:21:57",510.0,2,kisamaki0815
5159,16677524,"Phúc Phạm","2026-08-07 20:16:24",509.9,2,phucpham77
5160,16664251,zzy123123,"2026-08-08 09:22:51",509.5,2,zzy123123
5161,16661360,"Jasper Jiss","2026-08-13 18:45:37",509.4,2,jasperjiss
5162,16668810,ZZZZGOD,"2026-08-07 19:11:09",509.3,2,zzzzgod
5163,16697448,"Mykola Mazniuk","2026-08-15 17:57:39",509.3,1,mykolamazniuk
5164,16679771,Coolgolf,"2026-08-10 16:12:33",509.2,2,coolgolf
5165,16662167,"Tara Singh Kharwad","2026-08-05 17:13:10",509.2,2,tarasi7261
5166,16721940,DarkLayer,"2026-08-22 02:07:13",509.2,2,nnpaopao
5167,16686093,"Muhammad Usman Butt","2026-08-07 22:00:04",509.1,2,debugdemon
5168,16691761,"Evie Barker","2026-08-15 13:40:05",508.6,2,eviebarker
5169,16696993,healer2408,"2026-08-15 07:10:57",508.6,2,healer2408
5170,16796133,NoMoreThan20Words,"2026-09-02 13:07:11",508.6,2,nomorethan20words
5171,16659681,"Aditya Seth","2026-09-02 09:52:57",508.6,2,adityaseth777
5172,16683390,Christopher34,"2026-08-08 00:20:59",508.4,2,christopher34
5173,16748173,pensukesan,"2026-08-26 04:50:04",508.3,2,pensukesan
5174,16656431,"Venetta Smithen","2026-08-20 02:19:45",508.3,2,venettasmithen
5175,16654984,"Guseinov Elvin","2026-08-08 21:44:00",508.1,2,guseinovelvin
5176,16714488,"HusseinNadem Nadem","2026-08-26 01:53:13",508.1,2,husseinnademnadem
5177,16623271,"William Morley","2026-07-31 10:09:16",508.0,2,williamkmorley
5178,16675686,"PRERIT MAURYA","2026-08-14 06:37:51",508.0,2,preritmaurya
5179,16702713,"Rob Sartin","2026-08-27 23:15:44",508.0,2,robsartin
5180,16669117,"Shrikant Lambe","2026-08-10 23:31:50",507.9,2,shrikantlambe
5181,16675000,"Carl Bell","2026-09-01 11:54:12",507.8,2,allegedcarlbell
5182,16713218,"Julien Baumgartner","2026-08-14 08:36:27",507.8,2,julienbaumgartner
5183,16665949,Rbda,"2026-08-06 14:18:03",507.7,2,brazvan
5184,16623712,Dapp,"2026-08-03 23:09:19",507.5,2,lgloria
5185,16751058,"Henrique Loyola ","2026-08-21 05:29:59",507.5,2,henriqueloyola
5186,16662293,"Alejandro Fonda","2026-09-02 01:09:18",507.5,2,alejandrofonda
5187,16704597,"Wallace Switzer","2026-08-12 01:09:49",507.4,2,wallaceswitzer
5188,16752081,"Ahmad Dehaini","2026-08-30 06:04:54",507.3,2,ahmaddehaini
5189,16800076,xinwang,"2026-09-02 05:49:55",507.1,2,xxxtetantion
5190,16774035,"Shengfeng Wang","2026-08-26 07:28:46",507.1,1,shengfengwang
5191,16707331,"Simon Ziegs","2026-08-23 22:54:11",507.0,2,simonziegs
5192,16728014,Alpha223,"2026-08-23 09:40:33",506.8,2,alpha223
5193,16775236,hohohoZzZ,"2026-08-30 07:42:04",506.7,2,hohohozzz
5194,16700211,miya,"2026-08-23 12:25:44",506.6,2,miyamuratakeki
5195,16767585,Hyena,"2026-08-25 22:17:26",506.6,1,hemant0
5196,16638967,"Jenny Luo","2026-08-01 23:55:07",506.4,2,"jennyluo96,kyeoh92"
5197,16718828,"Tejas Nisar","2026-08-23 17:04:45",506.2,2,tejasnisar
5198,16621402,Maxim,"2026-08-13 07:01:03",506.1,2,ektarr
5199,16663622,sammuq1,"2026-08-10 23:56:19",506.0,2,sammuq1
5200,16723490,"Panashe Arthur Mhonde","2026-08-22 11:41:19",505.6,2,panashearthurmhonde
5201,16628268,toxic_2499,"2026-08-08 09:07:32",505.5,2,toxic2499
5202,16667078,dprinzensteiner,"2026-08-05 14:06:26",505.5,2,dprinzensteiner
5203,16756900,Kome_Sh,"2026-08-30 13:40:56",504.8,2,komeshun
5204,16693795,kurt,"2026-08-30 15:22:47",504.7,2,syarht
5205,16659658,"Tim Wong","2026-08-06 02:02:30",504.7,2,wai0186
5206,16728845,"Mohamed Kaleel","2026-08-22 16:12:58",504.7,2,mdkaleel
5207,16644053,Rafiozoo,"2026-08-03 19:26:40",504.5,2,rafiozoo
5208,16668267,Saran,"2026-08-27 14:18:05",504.4,2,saran2
5209,16719679,ZhiruiLuo,"2026-08-25 15:52:57",504.1,1,zhirluo
5210,16756561,"Eren Tekin","2026-08-31 00:34:25",504.0,2,erennntkn
5211,16690793,"MOHAMMAD ALRASHED","2026-08-08 18:33:34",503.9,2,mohammadalrashed
5212,16676256,"Kotaro Nakamura","2026-08-11 22:18:41",503.8,2,kotaroma
5213,16683837,"Blessed Ngorima","2026-08-18 09:40:53",503.8,2,blessedngorima
5214,16802486,SHICHIES,"2026-09-02 13:26:12",503.7,1,shichies
5215,16701871,"Raj Nandan","2026-08-10 15:13:30",503.7,1,imrajnandan
5216,16690221,"HISOKY DEV","2026-08-10 09:42:03",503.0,2,omarfahid
5217,16621572,"Abdulazeez AbdulMumeen","2026-08-05 10:59:27",502.5,2,ayobeen
5218,16695692,Saadii2279,"2026-08-11 16:44:39",502.3,2,saadii2279
5219,16644410,"Swaroop Kallakuri","2026-08-04 15:40:29",502.3,2,ksjpswaroop
5220,16747670,"Luis Molina","2026-08-26 07:40:36",502.0,2,micuentadecasa
5221,16718517,"Jessica Yin","2026-08-17 00:10:31",502.0,2,jeqyin
5222,16728549,Karatelb,"2026-08-16 17:45:59",501.9,2,karatelb
5223,16623263,ASHML,"2026-07-30 23:28:50",501.8,2,ashml
5224,16693925,"Francisco Corredor","2026-08-19 22:20:44",501.7,2,franciscocorredor
5225,16802752,hako22,"2026-09-01 12:25:41",501.6,1,hako22
5226,16693522,shadycoderalltime,"2026-08-22 14:00:16",501.4,2,shadycoderalltime
5227,16660330,wangyikai,"2026-08-09 07:59:45",500.9,2,wangyik
5228,16654394,sserges,"2026-08-08 20:46:14",500.8,2,sserges
5229,16675916,Lorenzo176ITA,"2026-08-14 11:02:15",500.6,2,"alessiopap,lorenzo176ita"
5230,16655881,"Zhuoran Zhao","2026-08-07 16:50:04",500.5,2,yearcakes
5231,16780783,priscilamaria5363,"2026-08-28 15:10:15",500.4,2,priscilamaria5363
5232,16676497,"Non-veg plants","2026-08-07 09:54:00",500.4,2,mohammadshadabshaikh
5233,16663658,oriolgalceran,"2026-09-02 08:48:56",500.2,2,oriolgalceran
5234,16655555,Bharath2411,"2026-08-23 11:46:26",500.2,2,bharath2411
5235,16798775,Lissabon,"2026-09-01 09:10:26",500.0,1,lissabon
5236,16679098,"KIRTAN RUPESHBHAI BHOJANI","2026-08-06 23:51:52",499.9,2,kitran17
5237,16709918,GUI666,"2026-08-26 16:17:40",499.9,2,gui666
5238,16699633,Nafmo,"2026-08-11 17:10:53",499.8,2,nafmo2
5239,16623503,"D Mohith","2026-08-01 01:06:22",499.8,2,dmohith
5240,16729996,"Michael Roust","2026-08-18 16:09:56",499.7,2,michaelroust
5241,16657312,"baolood herid","2026-08-06 13:13:48",499.7,2,baoloodherid
5242,16632855,Shreyash_Automation,"2026-08-21 00:06:49",499.5,2,shreyashautomation
5243,16724984,anish711,"2026-08-22 17:54:18",499.5,2,anish711
5244,16662111,"Mood Vikram","2026-08-31 17:21:35",499.4,2,"moodvikram,sidhantchauhan"
5245,16654401,ChronoForensics,"2026-08-08 17:26:11",499.4,2,ryanwollmuth
5246,16663594,"NGU BLACK SANTA","2026-08-05 15:23:10",499.4,2,ngublacksanta
5247,16651042,Mira_332,"2026-08-27 04:58:29",499.3,2,ichiiohno
5248,16755495,"Leo Udah","2026-09-02 09:29:17",499.1,2,leoudah
5249,16661539,"Ilia Mironov","2026-08-09 13:51:47",498.9,1,millcool
5250,16636333,xiaoyang66,"2026-08-17 13:35:28",498.9,2,kennethhao8
5251,16688159,"aildar &  slopernak & bobot","2026-08-20 08:51:10",498.7,2,"eldarkhisamutdinov,mernak,vladimirbagmanov"
5252,16664129,"Mr M 8641","2026-08-06 18:57:45",498.5,2,mrm8641
5253,16654312,Xmeeeee,"2026-08-05 00:11:29",498.4,2,xmeeeee
5254,16661786,Nagaraju,"2026-08-10 01:53:04",498.4,2,orugantn
5255,16755278,Kaz,"2026-08-29 17:21:33",498.4,1,kazuyago
5256,16657664,"Nguyễn Anh Kiệt 28","2026-08-06 04:17:40",498.1,2,nguynanhkit28
5257,16774849,RiyadhLakadimu123,"2026-08-31 19:51:17",498.1,2,riyadhlakadimu123
5258,16660484,"Waiswa Geoffrey","2026-08-31 08:29:58",498.1,2,waiswageoffrey
5259,16797002,ZhixinLuo,"2026-09-01 14:16:09",498.1,2,zhixinluo
5260,16661462,"Dania Amer","2026-09-01 01:54:44",498.1,2,dania35
5261,16675468,"atakan akgün","2026-08-13 15:32:32",497.3,2,atakanakg
5262,16674266,HamYad,"2026-08-06 18:19:46",497.3,2,hamyadlab
5263,16656627,"Soykot Podder","2026-08-14 05:39:06",496.7,2,diptopodder
5264,16656568,"FARIATHTHEEN F","2026-08-04 11:44:49",496.5,2,fariaththeenf
5265,16668813,zhaowang,"2026-08-06 05:19:52",496.2,2,zhaowangwang
5266,16668095,Menna_Allah_Samy12,"2026-08-15 15:04:56",496.0,2,mennaallahsamy12
5267,16748500,stimmie,"2026-08-30 16:11:56",495.8,2,stimmie
5268,16732200,"Louis WhoEat","2026-08-24 12:02:40",495.7,2,louiswhoeat
5269,16760191,"Kushal Shiva1","2026-08-26 20:19:36",495.5,1,kushalshiva1
5270,16667601,"Audrius Molis","2026-08-27 19:30:39",495.5,2,vienas
5271,16653534,"Mohamed Amine Ettaki","2026-08-22 13:30:43",495.3,2,amine159
5272,16796445,"Md Aminul Islam","2026-09-02 04:37:03",495.2,2,aminulabir
5273,16772090,"SHIVAJI SHAIK","2026-09-02 10:28:42",495.1,2,shivajishaik
5274,16712410,aysfshn,"2026-09-02 13:25:04",495.0,2,aysfshn
5275,16633097,"Matheus Bonjour Laviola da Silva","2026-08-02 11:08:21",494.8,2,matheusbonjour
5276,16657654,TemperaryT,"2026-08-26 23:08:35",494.7,2,temperaryt
5277,16676482,GitLyf,"2026-08-16 12:47:59",494.6,2,"jaideva30,rohithkrishnaak"
5278,16705510,"Palak Choudhary","2026-08-11 07:12:44",494.6,2,palak2564
5279,16739711,SBC,"2026-08-20 10:16:10",494.6,2,"anusasaha2406,harshkumar3014,rahulmaity"
5280,16764151,Jpadilla987@gmail.com,"2026-08-25 21:00:27",494.4,2,jpadilla987gmailcom
5281,16640516,"Alfandi Hassan","2026-08-08 03:41:33",494.2,2,alfandihassan
5282,16725065,"Maxim Smirnov","2026-08-15 13:21:05",494.2,2,smirnoffmg
5283,16747839,"Ich Schmid","2026-08-26 20:57:54",493.9,2,ichschmid
5284,16656156,"Kshitij aucharmal","2026-08-06 04:35:27",493.9,2,narutoaucharmal
5285,16666873,"linli duan","2026-08-12 15:06:42",493.8,2,linliduan
5286,16731013,"Abimael Firstana","2026-08-23 17:49:45",493.7,2,abimaelfirstana
5287,16803129,hdttnk,"2026-09-02 13:29:13",493.7,2,hdttnk
5288,16684031,"Phillip Kamundia","2026-08-14 20:35:15",493.7,2,phillipkamundia
5289,16629201,"GUILLERMO REY PANIAGUA","2026-08-01 16:41:58",493.4,2,guillermoreypaniagua
5290,16640965,jidaoluckey,"2026-08-08 07:10:45",493.1,2,jidaoluckey
5291,16652661,"Petru-Mihai Craciun","2026-08-05 14:55:07",492.5,2,petrumihaicraciun
5292,16791369,dataix,"2026-09-01 19:43:00",492.5,2,codymachody
5293,16661628,PradipBanerjee,"2026-08-05 21:03:11",492.4,2,pradipbanerjee
5294,16773264,LA28,"2026-08-31 20:55:32",492.2,2,saisreelasyaappali
5295,16665647,hr15de,"2026-08-28 10:00:50",492.1,2,hr15de
5296,16677166,Spectrobot,"2026-08-08 11:11:46",491.9,2,spectrobot
5297,16698287,"Ethan J. Schauder","2026-08-12 18:21:50",491.8,2,ethanjschauder
5298,16726882,"Albert Yu","2026-08-17 00:01:53",491.8,2,yukinying
5299,16755677,"Rutwik Kumar M","2026-08-26 16:31:00",491.8,2,rutwikkumarm
5300,16795330,"Alejandro Villacampa","2026-09-01 20:35:39",491.5,2,avillacampa
5301,16659919,"SILVISTON EMMANUEL","2026-08-06 06:51:55",491.5,2,silvistonemmanuel
5302,16757135,Agrihand,"2026-08-31 22:26:26",491.5,2,mayur756
5303,16641513,"Sameer Chakravedi","2026-08-15 16:06:11",491.4,2,sameerchakravedi
5304,16705276,layr0,"2026-08-14 00:53:11",491.3,2,layr0dotdev
5305,16734601,sweetlesson,"2026-08-18 00:40:55",491.1,2,sweetlesson
5306,16675232,"Rafif Ariq Rabbani","2026-08-27 19:37:32",491.0,2,rafifariqrabbani
5307,16664406,"MURDER GOOSE","2026-08-05 09:45:33",490.8,2,ujjwalar
5308,16687648,"RSJ CorneR","2026-08-08 10:57:54",490.8,2,rsjcorner
5309,16624414,"Chaitanya Jamble","2026-07-31 05:42:10",490.6,1,chaitanyajamble
5310,16805621,"DIVYANSH KUMAR SINGH CHAUHAN","2026-09-02 04:04:53",490.3,2,capdiv
5311,16794758,wppepi,"2026-09-01 05:25:26",490.3,2,"malossov,wppepi"
5312,16659414,TTGP_TEAM,"2026-08-06 15:33:09",490.3,2,phttrntrnggia
5313,16638651,Emre,"2026-08-05 23:40:59",490.2,2,emre690
5314,16755394,"Ruben Lucas","2026-08-21 21:50:16",490.1,2,rubenlucas
5315,16711918,"Pavel Filin","2026-08-13 05:23:28",490.0,2,pavelfilin
5316,16786101,Cai0Emanuel,"2026-08-29 01:11:51",489.9,1,cai0emanuel
5317,16668241,"Shreyansh Kanotra","2026-08-08 19:56:15",489.9,2,shreyanshkanotra
5318,16664327,"Maged Hegazy","2026-08-06 13:13:28",489.8,2,magedhegazy
5319,16692373,"Ornevis Montero","2026-08-20 01:59:43",489.8,2,ornevisbolaosmontero
5320,16706790,"Stas Chereshkevich","2026-08-19 12:23:33",489.5,2,staschereshkevich
5321,16658051,SethuMadhavan004,"2026-08-09 09:38:27",489.5,2,sethumadhavan004
5322,16662985,DanTheDataScienceMan,"2026-08-05 17:40:06",489.5,1,danthedatascienceman
5323,16728933,dOvOb,"2026-08-21 16:30:47",489.4,2,waytosleep
5324,16655783,KonaKonaz,"2026-08-04 09:36:57",489.3,2,konakonaz
5325,16655820,"Cory Tortorici","2026-08-08 15:20:42",489.1,2,corytortorici
5326,16728821,"Alen Maria Nirmal","2026-08-17 21:51:03",489.1,1,alenmarianirmal
5327,16717051,"Chirag Hosdurga","2026-08-13 13:38:41",489.0,2,chiraghosdurga
5328,16659520,"Play Code","2026-08-05 14:28:00",489.0,2,codenya
5329,16663871,"Iyed Djebbi","2026-08-07 09:25:07",488.7,2,iyeddjebbi
5330,16747782,"Muhammad Agam Febryan","2026-08-29 18:22:04",488.5,2,muhammadagamfebryan
5331,16794125,"Xero Scythe","2026-08-31 09:04:16",488.4,2,xeroscythe
5332,16775069,JWlKIM,"2026-08-26 23:22:43",488.4,2,jwlkim
5333,16687602,"jithin manoj","2026-08-12 13:00:23",488.1,2,jithingmanoj
5334,16675340,"SHAURYA SHARMA","2026-08-29 08:44:49",488.1,2,shauryas555
5335,16791617,"Neil Li","2026-08-30 00:10:32",488.1,1,neilliroub
5336,16662079,"Farrukh Hussain","2026-08-31 19:05:02",488.0,2,farrukhhussai
5337,16701367,CryptoQuant1992,"2026-08-11 13:04:12",488.0,2,cryptoquant1992
5338,16669945,"Turab Zaidi","2026-08-07 13:27:44",487.7,2,turabzaidi
5339,16714240,"The Shovel","2026-08-26 03:21:18",487.5,2,"astapasta0,qotqat"
5340,16692618,"Ali Zakaee","2026-08-09 10:13:02",487.4,1,itheequalizer
5341,16778939,"Stepan Antonov","2026-08-27 07:59:30",487.4,1,stepanantonov
5342,16654175,abhiv142,"2026-08-11 13:22:03",487.3,2,abhiv142
5343,16671665,"Kobata Sota","2026-08-06 07:17:03",487.0,1,kobatasota
5344,16670986,"Anas Erami","2026-08-08 01:38:43",487.0,2,anaserami
5345,16719521,xarquin,"2026-08-25 03:16:23",486.3,2,xarquin
5346,16664558,"Praneeth Annapureddy","2026-08-05 04:52:45",486.3,2,praneethannapureddy
5347,16664004,"Me, Myself, and I","2026-08-11 03:57:46",486.2,2,notlunarxd
5348,16667722,Radhouen911,"2026-08-06 21:37:37",485.9,2,radhouen911
5349,16670155,Kiznaiver,"2026-08-23 14:27:19",485.6,2,kiznaiver
5350,16660455,"Alex Kapend","2026-08-05 08:42:26",485.5,2,alexkapend
5351,16684776,"D Rithika","2026-08-10 18:36:30",485.2,2,drithika
5352,16722819,Anna,"2026-08-21 15:01:26",485.2,2,annatmp
5353,16770454,"Nawaf Almutairi","2026-08-27 11:39:41",485.2,2,nawafbalmutairi
5354,16743055,栗ご飯,"2026-09-01 16:23:09",485.0,2,criticalpath1903
5355,16768578,"Patrick Lzz","2026-08-25 02:56:30",485.0,2,patricklzz
5356,16697736,"Daniel Correa","2026-08-10 01:04:52",484.8,2,dcorrea1
5357,16625434,"Chirapathleo Saelim","2026-08-19 10:32:26",484.7,2,chirapathleosaelim
5358,16675631,"Aswini Gowda","2026-08-10 05:37:33",484.4,2,aswinigowda
5359,16627313,"Zafer Liu","2026-08-03 05:13:39",484.4,2,zaferliu
5360,16692895,Manuf,"2026-08-18 18:00:19",484.2,2,manuelferromorales
5361,16735177,shilpa.rpns,"2026-08-22 04:57:10",484.1,2,shilparpns
5362,16695095,"Jayanth Chowdary","2026-08-22 17:50:39",484.0,2,jayanthchowdary24
5363,16666447,"Shuaib ayad Jasim Jasim","2026-08-06 20:51:47",483.9,2,shuaibayadjasimjasim
5364,16631609,dlougen,"2026-08-04 16:40:03",483.8,2,dlougen
5365,16713723,"Jyot Buch","2026-08-12 23:09:41",483.6,2,jyotbuch
5366,16663804,"Fredy Meyer","2026-08-05 20:19:51",483.5,2,alexmeyerm
5367,16729086,samanyu,"2026-08-23 10:13:11",483.3,2,samanyu1808
5368,16759239,SunYaoXi,"2026-08-27 09:32:42",483.3,2,sunyaoxi
5369,16728394,"Aisultan Davletkan","2026-08-16 13:01:38",483.2,1,aisdav
5370,16804768,Chaos,"2026-09-02 01:36:57",483.0,2,hcfighting
5371,16683316,moonriver0922,"2026-08-11 07:04:11",482.7,2,moonriver0922
5372,16778886,"Sandeep Das","2026-08-31 09:48:37",482.6,2,sandypos
5373,16715456,"wilson LUNG","2026-08-17 23:54:10",482.3,2,wilsonlung
5374,16757336,Stevejustin,"2026-08-31 04:18:31",482.2,2,stevejustin
5375,16657545,"Deepak Singh","2026-08-11 13:50:31",482.2,2,vihaannegi
5376,16660343,"Mert Olgun899","2026-08-05 13:05:07",482.1,2,mertolgun899
5377,16657201,ShayML,"2026-08-08 09:02:05",482.0,2,shayml
5378,16670090,"Gianpaolo Nettis","2026-08-24 08:42:07",481.9,2,rakes7
5379,16796572,"Phan Van Hieu ","2026-08-31 14:23:03",481.8,2,phnvnh
5380,16751979,"Sasha Sam","2026-08-27 20:02:46",481.7,2,sashasam
5381,16758970,"Jason Wong","2026-08-30 07:47:43",481.4,2,jsin27
5382,16713061,Yuk!,"2026-08-16 10:59:12",481.2,2,mitsuyukiokamura
5383,16716636,"Mahamane Lawaly","2026-08-13 10:22:51",481.1,1,mahamanelawaly
5384,16721942,"Daniel Rodriguez Bothe","2026-08-18 16:57:00",481.0,2,danielrodriguezbothe
5385,16661194,"Sandeep Vanapalli","2026-08-04 15:37:06",480.9,2,mrleaf
5386,16677047,LINOXYR,"2026-08-15 13:13:58",480.9,2,linoxyr
5387,16625149,Rubylicious,"2026-07-31 07:53:00",480.9,2,labibahalya
5388,16659269,"Bedirhan Dinçer","2026-08-10 20:26:46",480.8,2,bedirhandiner
5389,16661966,Rocket,"2026-08-29 18:05:35",480.8,2,"aarchie4,nick16541,siddharthdongardive"
5390,16793755,"Juank Suarez","2026-08-30 17:08:20",480.8,1,juanksuarez
5391,16696271,"Neeta Sanjay Gajabi","2026-08-09 14:48:42",480.7,2,neeta2574
5392,16638953,"Joe Young","2026-08-03 19:23:13",480.4,2,jsphyg
5393,16755159,"Kay Gijzen","2026-08-23 11:51:31",480.1,2,kaygijzen
5394,16698141,Zippo,"2026-08-16 05:44:18",480.1,2,gagemerrick
5395,16693227,"Aniket Sharma","2026-08-21 22:05:01",480.0,2,aniketsharma00411
5396,16669703,AnubhavBhadani142,"2026-08-15 06:32:19",479.9,2,anubhavbhadani142
5397,16719460,"Amon #2","2026-08-15 12:40:41",479.8,2,ezjameng
5398,16706184,"Lingaraju Saikumar","2026-08-16 11:51:34",479.8,2,lingarajusaikumar
5399,16692128,gibocx,"2026-08-10 18:10:34",479.7,2,gibocx
5400,16666132,andres555,"2026-08-28 14:36:21",479.7,2,"andres555,violalin"
5401,16685904,KavYaHD,"2026-08-10 13:02:45",479.6,2,kavyahd
5402,16802632,"Aloe moon","2026-09-01 13:25:31",479.6,2,aloemoon
5403,16804094,faheem,"2026-09-02 11:39:06",479.2,2,faheemkhaskheli9
5404,16668368,"Waleed Hasan","2026-08-12 01:42:22",479.0,2,whasan
5405,16725957,"Ayman Tarig Mohammedosman Elgadi","2026-08-24 02:57:16",478.7,2,aymantarig17
5406,16623582,yunsuxiaozi,"2026-08-01 13:59:57",478.7,2,yunsuxiaozi
5407,16700627,"Benedict Ebito Boyubie","2026-08-10 11:03:38",478.5,1,bboyubie
5408,16773320,kaka,"2026-09-02 06:47:51",478.5,2,kakawin
5409,16682906,Masiki,"2026-08-12 13:34:10",478.5,2,blackseed
5410,16669170,AsadUsmanFAST,"2026-08-05 22:37:33",478.2,2,asadusmanfast
5411,16707037,"Cedoque BAGBONON","2026-09-02 12:34:08",478.0,2,cedbag
5412,16658678,"Manav Aghera","2026-09-01 19:50:12",478.0,2,manavaghera
5413,16726285,Dhananjay,"2026-08-15 18:48:20",477.9,2,dhananjaylakkawar
5414,16771785,"Mencius silverio MENSAH","2026-08-31 08:51:17",477.8,2,menciussilverio
5415,16696939,"Keaton Zang","2026-08-10 21:24:20",477.7,1,keatonzang
5416,16634060,"Chí Thành Đỗ","2026-08-02 05:11:58",477.5,2,chithanhdeptrai
5417,16790718,"Carlos Alves","2026-09-02 04:29:42",477.4,2,carlosone
5418,16784400,K_DHEERAJ_11,"2026-08-31 02:58:38",477.4,2,kdheeraj11
5419,16726765,"Ali Al-Killidar","2026-08-16 09:47:37",477.2,1,alialkillidar
5420,16700596,"Markel Iru","2026-08-13 15:52:53",476.9,2,markeliru
5421,16718042,"Muddassir Shah","2026-08-18 13:48:54",476.5,2,wisemanseed
5422,16697396,"Collective Win","2026-08-18 05:10:12",476.4,2,collectivewin
5423,16715033,"Colton Byers","2026-08-17 10:41:50",476.4,2,coltonbyers
5424,16621243,"Jesse Bullard","2026-09-01 13:35:50",476.3,2,jessebullard
5425,16662133,"Ding Lifeng","2026-08-29 08:20:49",476.2,2,dinglifeng
5426,16706054,"ErrorX Info","2026-08-20 11:30:03",476.1,2,"errorxinfo,shyampatel47"
5427,16658366,kuroneko,"2026-08-04 10:43:29",476.1,2,kurorosuke
5428,16761148,Deku,"2026-08-23 13:36:57",476.0,1,piyushsharma5654
5429,16670659,saumyagupta12,"2026-08-21 22:25:00",476.0,2,saumyagupta12
5430,16728945,"Suryansh Kulshreshtha","2026-09-01 14:39:14",476.0,2,"busyfellow,suryanshkulshreshtha"
5431,16653429,mktdev,"2026-08-10 12:19:54",476.0,2,mktdev
5432,16662726,"Juan Carlos González Aguilar","2026-08-14 19:54:48",475.8,2,juancg
5433,16663976,"wangyang denis","2026-08-12 06:26:08",475.7,2,wangyangdenis
5434,16709837,Sophinator,"2026-09-02 11:43:23",475.6,2,sophinator
5435,16716657,"Jasti Phani","2026-08-19 08:38:00",475.6,1,jastiphani
5436,16658521,"Vishal Dhariwal","2026-08-08 11:43:36",475.5,2,user412
5437,16661014,manu,"2026-08-16 04:45:12",475.5,2,manupandit
5438,16660923,naganikshith,"2026-08-06 08:01:09",475.5,2,naganikshith
5439,16694497,Kawai,"2026-08-23 18:33:10",475.1,2,"lavendermoon19,sumitwod"
5440,16658500,"abhinav rai1","2026-08-18 17:24:56",474.9,1,abhinavrai1
5441,16777612,"zebra G","2026-08-27 15:46:59",474.8,1,zebrag
5442,16695283,"Mark Baushenko","2026-08-23 18:57:26",474.5,2,e0xextazy
5443,16659588,"Priya J","2026-08-14 05:57:46",474.3,2,priyaj21
5444,16683761,"Chiefmen749 Aris","2026-08-10 07:42:42",473.9,2,saysplayz
5445,16673981,"Aarya Jadhav","2026-08-28 19:47:23",473.8,2,aaryajadhav0310
5446,16693255,"Carlos Hideo Yamaguchi","2026-08-10 00:59:12",473.6,2,carloshy
5447,16729522,all-coder,"2026-08-16 17:55:08",473.4,2,allcoder
5448,16662089,"Alonso Gallego Pacho","2026-08-27 13:27:36",473.4,2,alonsogallegopacho
5449,16798512,"Yuichiro Kinoshita","2026-09-01 21:18:47",473.0,1,yuichirokinoshita
5450,16729225,"Aayush Sigdel","2026-08-28 13:08:02",473.0,2,aayushsigdel
5451,16667615,"Zayd Mulani","2026-08-08 23:05:57",472.9,2,zaydmulani
5452,16699246,"Labh Khatke","2026-09-01 06:56:10",472.9,2,labhkhatke
5453,16716002,"Preethi Gnanaprakasam","2026-08-14 09:10:46",472.7,2,preethignanaprakasam
5454,16692782,"Andres Regino","2026-08-23 20:26:03",472.4,2,andresregino
5455,16623631,SeaEag1e,"2026-07-31 06:26:17",472.3,1,seaeag1e
5456,16723411,CaZen,"2026-08-15 10:48:16",472.1,2,cathzwah
5457,16660515,"pooja sandali","2026-08-08 05:51:03",471.9,2,poojasandali
5458,16724556,"Yixiang Wu","2026-08-28 03:34:55",471.7,1,yixiang964
5459,16743015,"Sword's Frost","2026-08-26 09:50:21",471.6,2,alexwilliam7
5460,16658535,khanna.rohit5,"2026-08-10 05:00:31",471.5,2,khannarohit5
5461,16719296,Mr.TtT_Games,"2026-08-14 04:58:39",471.4,2,mrtttgames
5462,16664512,oggyiu,"2026-09-01 07:46:10",471.3,1,oggyiu
5463,16686796,"Harinath Reddy A","2026-08-23 21:23:45",471.2,2,harynath
5464,16675462,bkcoban,"2026-08-07 18:22:48",470.9,2,bkcoban
5465,16666878,aaronykchen,"2026-08-17 15:06:13",470.9,2,aaronyukuchen
5466,16726168,"Shrey Modi","2026-08-15 19:42:14",470.8,2,shreymodi2
5467,16698029,"Meet Vachhani","2026-08-10 18:34:55",470.6,2,meetvachhani7
5468,16658202,"SNAEHATH P","2026-08-06 13:51:15",470.5,2,snaehath
5469,16675215,"Viljen Apalset Vassbø","2026-08-06 22:24:44",470.4,2,viljenapalsetvassb
5470,16667759,"Nafis Fuad Shahid","2026-08-05 19:21:39",470.4,2,nafisfuadshahidd
5471,16623385,"ISAKA Tsuyoshi","2026-07-31 00:31:34",470.2,2,isakatsuyoshi
5472,16670464,halfpintcider,"2026-08-11 20:02:25",470.1,2,"amoghdeshpande2021,visspric7"
5473,16653078,pk210495,"2026-08-09 09:13:32",469.0,2,pk210495
5474,16665152,"Ahmed Karim","2026-08-17 11:32:15",468.9,2,versusic
5475,16665228,Jason_Qian,"2026-08-05 16:00:43",468.8,2,jasonqia
5476,16702200,"ANGAD JANGIR","2026-08-11 02:01:38",468.8,2,angadjangir
5477,16799224,"Tian Yan666","2026-09-01 09:24:10",468.4,2,tianyan666
5478,16665470,KanakoS,"2026-08-18 13:13:58",468.1,2,kanakos
5479,16630020,"Piotr Gabrys","2026-08-09 16:53:59",468.0,2,piotrekga
5480,16669441,"Chirag Desai","2026-08-30 18:13:52",467.5,2,cid007
5481,16708409,toshiconner,"2026-08-12 06:30:06",467.5,2,toshiconner
5482,16704924,jdx,"2026-09-02 06:29:53",467.4,2,jdsemrau
5483,16657520,"Joel De la Cruz Fuertes","2026-08-12 16:33:48",467.1,2,joeldcf
5484,16796223,"Bohan Shao","2026-08-31 15:10:43",466.8,2,bohanshao
5485,16663258,sawe,"2026-08-05 17:07:24",466.5,2,boiihhh
5486,16681441,"Lamiaa Al-bdrani","2026-08-07 04:25:50",466.4,1,lamiaaalbdrani
5487,16806260,"Kotaro Furuno","2026-09-02 04:32:37",466.2,2,kotarofuruno
5488,16664506,"Jonatan Asketorp","2026-08-23 02:57:42",466.2,2,weft169aston
5489,16656902,"Ram Chandra Gupta","2026-08-05 10:18:41",466.1,2,ramchandra142
5490,16681509,"Kethan Sai","2026-08-24 18:22:30",465.7,2,kethansaikoneru
5491,16671532,"Yuri Nakayama","2026-08-13 11:34:55",465.6,2,yurinakayama
5492,16630896,OpenBuilder,"2026-08-08 12:09:06",465.6,2,weijunguo
5493,16676205,"Alhassan Fedawy","2026-08-14 17:15:07",465.5,2,alhassanfedawy
5494,16717420,"Muhammad Yasir Sarwar","2026-08-13 14:40:09",465.5,2,muhammadyasirsarwar
5495,16656579,"Riad Rayhan","2026-08-15 06:40:35",465.4,2,riadrayhan
5496,16712259,geqiulin,"2026-08-13 04:46:11",465.4,2,geqiulin
5497,16689877,Amr_Said1233,"2026-08-08 08:48:28",465.2,1,amrsaid1233
5498,16660420,tipofyzik,"2026-09-01 16:48:26",464.6,2,tipofyzik
5499,16706843,"yh z","2026-08-11 09:32:56",464.4,1,yhz123456
5500,16721530,revv0o,"2026-08-15 13:58:34",464.3,2,revv0o
5501,16712906,"Sharad Garg","2026-08-13 14:54:43",464.2,2,sharadgarg
5502,16669434,"Saugat Kannojia","2026-08-07 11:45:47",464.2,2,saugatkannojia
5503,16664401,"Pranav Premchand","2026-08-05 03:07:24",464.2,1,pranavpremchand
5504,16781242,"Bobby Clare","2026-08-31 16:12:39",464.1,2,bobbyclare
5505,16638019,Randynho,"2026-08-31 01:20:30",464.1,2,randynho
5506,16759225,"Andrea Jordan Paro","2026-08-24 11:24:14",464.0,2,andreajordanparo
5507,16639764,CortexExplorer,"2026-08-23 13:03:06",464.0,2,cortexexplorer
5508,16668093,Sai_Dattu,"2026-08-07 07:35:01",463.8,2,saidattu2003
5509,16733961,"Julia Fredo","2026-09-02 03:46:56",463.6,2,juliafredo
5510,16776777,cerceanit,"2026-08-29 14:51:48",463.6,1,uaisamangeldi
5511,16761319,Yuvraj,"2026-08-23 07:29:44",463.4,1,yuvrajkr01
5512,16633984,"Mongkhon Hatit","2026-08-04 11:58:56",463.3,2,mongkolhatit
5513,16621518,jaccobian,"2026-08-29 08:11:50",463.0,2,harshraj22
5514,16750435,"Oleksandr Zalievskyi","2026-08-23 18:34:59",462.9,2,sashaworker
5515,16667959,"Fourth Quadrant","2026-09-02 01:14:47",462.8,2,flynnfei
5516,16665040,"Arnav Yashlaha","2026-08-05 05:44:26",462.7,2,arnavyashlaha
5517,16640810,まさやん,"2026-08-12 15:22:53",462.6,2,masayam1234
5518,16731822,Senn88,"2026-08-23 11:12:39",462.5,1,senn88
5519,16656989,Crunchex,"2026-08-29 10:52:11",462.4,2,"asmo04,chinmaysoni48,codencry"
5520,16805340,"Md. Rafiul Islam","2026-09-02 09:08:09",462.2,2,rafiulislamrafi
5521,16753895,Andrew98,"2026-08-22 13:10:58",462.2,2,vitem98
5522,16639916,BloomBerry,"2026-08-12 12:38:31",462.2,2,kagglepalandata
5523,16700685,"Preeti Dhotmal","2026-08-27 11:25:29",462.2,2,preetidhotmal
5524,16623969,"Akira Imae","2026-09-02 06:06:04",461.9,2,imaeakira
5525,16695828,rihiRule,"2026-08-11 13:40:24",461.5,2,rihirule
5526,16635421,"Lennart Haupts","2026-09-02 05:27:18",461.5,2,lennarthaupts
5527,16632503,"Wei Hsiang Lin111","2026-08-01 07:42:33",461.4,2,weihsianglin111
5528,16786280,Shambhavi21,"2026-08-29 14:43:11",461.3,2,shambhavi21
5529,16678298,"RITIK CHAUDHRY","2026-08-10 13:34:35",461.1,2,ritikchaudhry13
5530,16757253,ZEE,"2026-08-22 04:54:30",461.0,1,randyzhang666
5531,16734431,"Maxwell Herron","2026-08-19 02:06:34",461.0,2,maxwellherron
5532,16702980,GCSudarshanReddy,"2026-08-15 17:32:06",460.8,2,gcsudarshanreddy
5533,16713033,rayofc,"2026-09-02 06:02:02",460.7,2,rayofc
5534,16664818,"B M Dimpu Shree","2026-08-21 10:51:22",460.7,2,bmdimpushree
5535,16649339,"华东 朱","2026-08-30 09:35:51",460.7,2,mgdbzny
5536,16698570,MurphyIIVan,"2026-08-10 03:35:41",460.7,2,murphyiivan
5537,16669604,"Abhijit Pise","2026-08-28 16:35:55",460.6,2,abhijitpise
5538,16738351,"Haidar Faruqi","2026-08-25 05:00:00",460.4,2,haidarfaruqi
5539,16657054,"ömer umut güngör","2026-08-05 06:10:22",460.3,2,merumutgngr
5540,16633786,tuannm3812,"2026-08-28 08:00:42",460.0,2,tuannm3812
5541,16662319,ethan.ai,"2026-08-13 18:16:35",460.0,2,ethanai
5542,16654085,"Bill Xu","2026-09-01 21:09:32",459.6,2,billll
5543,16760377,"Yuxuan Qian","2026-08-29 23:45:28",459.3,2,yuxuanqian
5544,16676397,Rohan_Joshi6404,"2026-08-13 13:58:56",459.3,2,rohanjoshi6404
5545,16657712,"samuel job Adeola ","2026-09-02 08:11:03",459.1,2,samueljobadeola
5546,16660317,esgranja,"2026-08-04 18:58:48",458.7,1,esgranja
5547,16661717,"Yaswanth Ippili","2026-08-06 11:32:13",458.7,2,yaswanthippili
5548,16705640,"Dongre Laxman","2026-08-12 12:36:29",458.6,2,dongrelaxman
5549,16729155,WangZihao5649,"2026-08-24 02:32:08",458.5,2,wangzihao5649
5550,16623528,"Faijur Rahaman","2026-08-20 09:40:07",458.5,2,faijurrahaman
5551,16672292,"KARTIKEY PANWAR","2026-08-06 05:46:16",458.4,2,kartikeypanwar
5552,16691704,"Rahman Aliyev","2026-09-01 14:41:13",458.4,2,rahman4li
5553,16673583,"Priyanshu Jha","2026-08-16 08:10:08",458.3,2,codewithjha
5554,16663104,Sohan,"2026-08-23 14:42:40",458.3,2,sohansinghrawat
5555,16723301,mayukistarry,"2026-08-15 02:20:13",458.0,2,mayukistarry
5556,16668211,"Alejandro Hernández Mairal","2026-09-01 16:25:55",457.9,2,alherma7
5557,16774592,"Oliad Dandana","2026-08-27 09:28:20",457.8,2,olidan
5558,16689970,"Константин Паращук","2026-08-08 09:15:08",457.6,1,kangchenxi
5559,16736432,"Sarthak #2","2026-08-18 12:33:53",457.6,2,srthkdixit
5560,16685615,Spectra,"2026-08-07 16:14:32",457.4,2,thomaskressig
5561,16735206,"Shiyal Kishan","2026-08-20 04:01:28",457.2,2,shiyalkishan01
5562,16708896,"Alberto Scinetti","2026-08-13 19:18:11",457.1,2,albertoscinetti
5563,16630662,Akshatjhawar777,"2026-08-05 12:18:30",457.1,2,akshatjhawar777
5564,16658498,cheesama,"2026-08-04 23:36:18",456.6,2,cheesama
5565,16735934,"Uday Kiran003","2026-08-18 06:23:18",456.5,1,udaykiran003
5566,16759916,"Jeevith G","2026-08-23 06:58:50",456.5,2,jeevithg090
5567,16723614,"James Atteh","2026-08-15 19:34:17",456.4,2,jamesatteh
5568,16634911,onlytimeknows,"2026-08-22 12:31:11",456.3,2,onlytimeknows
5569,16661659,"Ivan Zagorulko","2026-08-05 10:53:13",456.2,2,normaldaki278
5570,16693092,"Andrei Dzis","2026-08-10 18:28:15",455.8,2,dzisandy
5571,16782993,hayashida,"2026-08-28 12:29:44",455.5,1,daichihayashi
5572,16786328,"DanishGW School","2026-09-02 03:50:19",455.3,2,danishgwschool
5573,16669168,"Kingsley Jide","2026-08-31 21:30:18",455.1,2,kingsleyjide
5574,16625418,"Hariprasanth Paranjothy","2026-08-01 05:52:19",455.0,2,hariprasanth8
5575,16660413,Ritesh-2006,"2026-08-21 10:21:53",454.4,2,ritesh2006
5576,16749503,ally,"2026-08-23 11:48:49",454.2,2,phamngoclinh
5577,16773064,"Sonu Yadav","2026-09-02 04:09:15",454.2,2,sonuyadav710
5578,16664450,"Fritz Adelbertus","2026-08-10 01:13:44",454.1,1,fritzadelbertus
5579,16732395,"Nikita Antonov","2026-08-23 08:33:03",454.0,2,nantonov
5580,16655316,Nader,"2026-08-10 14:49:21",453.6,2,naderamin
5581,16711374,Jascha,"2026-08-13 11:22:30",453.4,2,lippja
5582,16693307,"Vlad Gavrilov","2026-08-09 04:00:29",453.4,2,vladgavrilov
5583,16696959,"Joe Filfli","2026-08-11 10:47:03",453.2,2,joefilfli
5584,16732340,"BJ Kim","2026-08-19 15:17:16",453.2,2,doitdoit80
5585,16662646,"Jay Parsana","2026-08-09 18:07:10",453.0,2,jay051
5586,16783021,"TAN TIANYE","2026-09-02 01:27:01",452.8,2,tantianye
5587,16689286,"Telman Yusifov","2026-08-09 07:08:46",452.6,2,yusifovtelman
5588,16699436,"Oluwaseun O Adeya","2026-08-23 01:22:24",452.2,2,oluwaseunoadeya
5589,16690197,"Ankit Kushwaha_06","2026-08-18 08:10:12",452.2,2,ankitkushwaha06
5590,16661751,"Shailaja J","2026-08-12 14:51:15",451.7,1,shailajaj
5591,16793340,bee_lx_xl,"2026-08-31 05:28:17",451.5,2,beelxxl
5592,16657574,harikrishnacs,"2026-08-04 12:28:53",451.3,2,harikrishnacs
5593,16793657,Xin_T,"2026-08-30 16:48:11",451.3,1,xint666
5594,16744018,"ZK Adam","2026-08-27 17:40:04",451.2,2,zkadam
5595,16735735,Rishabh@1304,"2026-09-01 08:09:47",451.2,2,rishabh1304
5596,16671911,"Dwi Eflatino","2026-08-16 10:44:17",450.8,2,eflatino
5597,16716589,"Shaik Adilazeez","2026-08-13 09:29:44",450.8,1,shaikadilazeez
5598,16773858,"Kundan Kumar","2026-09-02 09:29:52",450.7,2,edkundan
5599,16666596,"Daumas Benjamin","2026-08-22 14:46:02",450.6,2,daumasbenjamin
5600,16658116,Emmy,"2026-09-02 10:14:30",450.6,2,emmyone
5601,16716299,Biwaaa67,"2026-08-13 19:57:06",450.4,1,biwaaa67
5602,16666958,TinkerBotics,"2026-08-05 20:29:19",450.4,2,salosojaedwin
5603,16658286,"Jatin Gujarathi","2026-09-02 06:58:27",450.1,1,jatingujarathi
5604,16696716,MatiasMG,"2026-08-29 15:04:38",450.1,2,matiasmgonzalez
5605,16666479,"Prajwal Nivangune","2026-08-09 18:33:51",450.0,2,prajwalnivangune
5606,16742009,"Mutyam kavyanjali","2026-08-19 10:25:06",449.7,1,mutyamkavyanjali
5607,16674106,Jaikrishna@007,"2026-08-26 15:38:23",449.5,1,jaikrishna007
5608,16695627,"Xu Lou","2026-08-09 13:01:23",449.5,2,xuxiaozhou666
5609,16725349,"Saj Patel","2026-08-15 21:55:42",449.2,2,sajpatel15
5610,16780915,"Aravind S","2026-08-29 18:04:47",449.2,2,aravind20061981
5611,16783870,郭一贤,"2026-08-29 07:22:41",449.1,2,guoyixian2
5612,16659459,"Akandé Philippe ABIODOUN","2026-08-06 11:58:09",448.9,2,vrmelo
5613,16623135,mohduwaishchaudhary,"2026-07-30 22:05:45",448.7,2,muwaish5
5614,16662162,"THE predict","2026-08-13 21:18:25",448.5,2,vikaspal505
5615,16655997,tanatet8,"2026-08-30 15:16:59",448.1,2,tanatet8
5616,16665988,"Ronel maamoc","2026-08-31 09:37:13",448.0,2,ronelmaamoc
5617,16730589,山谷知輝,"2026-09-02 02:03:05",447.7,2,tomokiyamaya
5618,16732041,"Vallapu Nandini","2026-08-17 10:22:47",447.5,1,nandinivallapu
5619,16661453,"Disleve Kanku","2026-08-14 15:32:51",447.4,2,dislevekanku
5620,16654258,"Ashray Bagde","2026-08-13 08:13:00",447.3,2,ashrayaaaaa
5621,16668522,"Moatez Litaiem","2026-08-06 16:57:54",447.1,2,moatezlitaiem04
5622,16671913,res67,"2026-08-07 16:22:30",446.9,2,junyeanyap
5623,16660287,BhatNasir,"2026-08-04 16:29:18",446.8,2,nasir94
5624,16671670,"Karla Ziegler","2026-08-08 21:14:37",446.7,2,karlaziegler
5625,16638704,"Lee Yen Fei","2026-09-01 03:31:45",446.7,2,leeyenfei
5626,16675385,Apex🦾,"2026-08-14 18:00:17",446.4,2,"raghadabdullara,renadahmadalamri,zzainh"
5627,16738441,"Moritz Huber","2026-08-30 21:00:10",446.4,2,moritzhuber
5628,16726569,"Andrey Balvaneda","2026-08-17 20:59:45",446.3,2,andreybalvaneda
5629,16790615,"Suryansh Vashisth","2026-08-31 10:38:54",446.3,2,songoku2005
5630,16655891,"Yukihito Ikoma","2026-08-27 03:55:41",446.3,2,yikoma
5631,16681209,AgenticBuilder,"2026-08-13 18:44:29",446.3,2,gau2112
5632,16661633,"Joseph Garcia","2026-08-19 16:28:08",446.3,2,josephpgar
5633,16719603,"sravan Tirumala","2026-08-14 03:05:43",446.0,1,sravantirumala
5634,16691790,"Akshay Sawant","2026-08-08 19:33:14",445.9,2,akshaysawant8983
5635,16684250,"Alexander Sokolov","2026-09-01 19:52:18",445.8,2,cheeec0
5636,16701713,"Максим Хованский","2026-08-10 14:35:38",445.8,1,yeezynaizi
5637,16656608,"Jeffrey Dilley","2026-08-04 15:40:08",445.7,1,jeffreydilley
5638,16747544,OliverYip,"2026-08-25 06:01:07",445.6,2,oliveryip
5639,16691891,"Gagan Thakur","2026-08-16 04:36:51",445.2,2,gaganthakur2006
5640,16750931,"Antonio Rotundo","2026-08-27 12:52:58",444.9,2,antoniorotundo2
5641,16729351,vlad.shorodok,"2026-08-16 18:05:09",444.8,2,vladshorodok
5642,16671773,"Sawyer Lundberg","2026-08-07 03:33:23",444.8,2,sawyerlundberg
5643,16702935,"Defne Demir","2026-08-11 18:27:36",444.7,2,defnedemir
5644,16678819,"Digant Kathiriya","2026-08-07 02:07:51",444.5,2,digantkathiriya
5645,16780101,jjjhoon,"2026-08-28 04:04:26",444.5,2,jjjhoon
5646,16686954,"Davie Mdumuka","2026-08-09 19:40:56",444.3,1,daviemdumuka
5647,16738335,"Xuzhou Dong","2026-08-20 14:39:16",444.1,2,xuzhoudong
5648,16663055,jainish_d24ce180,"2026-08-10 13:54:40",444.1,2,jainishshah35
5649,16725757,AchyutKishore123,"2026-08-30 05:12:33",443.9,2,achyutkishore123
5650,16666944,"Meghnath S","2026-08-11 01:56:22",443.8,2,meghnaths
5651,16779823,"Jean Dem","2026-08-31 12:38:41",443.8,2,jeandem
5652,16670257,RonitKhanna333,"2026-08-12 12:22:11",443.6,2,ronitkhanna333
5653,16676327,shu10038,"2026-09-02 12:14:33",443.5,2,shu10038
5654,16669346,"Jalpesh Vasa","2026-09-02 10:58:59",443.5,2,"deep1812,jalpeshvasa"
5655,16662964,"Tim Ogilvie","2026-08-13 13:18:59",443.5,2,timogilvie
5656,16644023,"Yiğit Efe Albaş","2026-08-02 18:34:39",443.5,1,yiitefealba
5657,16696384,Sisu16,"2026-08-13 20:13:27",443.3,2,sisu16
5658,16706516,"Mohit Khade13","2026-08-26 16:03:22",443.2,2,mohitkhade13
5659,16700207,"S. Mujtaba Hussain","2026-08-28 05:48:15",443.0,2,smujtabahussain
5660,16664514,"Henry Adjanor tetteh","2026-08-12 00:43:41",443.0,2,henryadjanortetteh
5661,16794285,Penelope.pnlp,"2026-09-01 15:38:43",442.8,2,penelopepnlp
5662,16663815,"Tetsuya Sasaki","2026-08-30 01:05:13",442.8,2,sasakitetsuya
5663,16706257,dlv,"2026-08-13 11:11:14",442.3,2,ducott1
5664,16656951,"[Deleted] 6015b650-8e16-4705-8036-db40bdd2d353","2026-08-04 09:08:05",442.2,1,del=084ea76838ad756b
5665,16653006,"anthony mbadiwe ikeme","2026-08-18 09:08:02",441.7,2,anthonymbadiweikeme
5666,16709337,"Chris Turnbull","2026-08-11 22:15:57",441.7,2,christurnbull
5667,16806809,沃兹基硕德,"2026-09-02 10:45:40",441.6,1,air041001
5668,16734667,sadanamaru,"2026-08-29 02:51:21",441.6,2,sadanamaru
5669,16667987,"Kunj Kansara","2026-08-05 13:41:26",441.5,1,kunjkansara
5670,16717912,"Anu Kumari","2026-08-13 18:03:07",441.3,1,anuk16020
5671,16669229,"Kayvan Sinha","2026-08-11 15:23:35",441.1,2,kayvansinha
5672,16662081,Ayush_Bhaskar_25323010,"2026-08-08 19:49:56",440.9,2,ayushbhaskar25323010
5673,16716702,"majjati khalid ","2026-08-19 14:12:32",440.6,2,khalidma
5674,16768466,BenJung,"2026-08-31 16:16:04",440.6,1,"benjung2512,hyeonglvl,hyeonho028,limjoonsoo"
5675,16660929,ttkk,"2026-08-12 16:39:58",440.6,1,optimavia
5676,16710244,Bytemindd,"2026-08-26 10:20:45",440.5,2,"daisy023,sruthikanv,thasneemj,uthayanandhini,vajraparameswari"
5677,16624935,"Anjana mohan","2026-08-01 06:06:39",440.4,2,anjanamohan13
5678,16663286,"Fan Wang","2026-08-10 21:12:40",440.3,2,wangfan420
5679,16666216,missss,"2026-08-06 06:49:00",440.2,2,missssb
5680,16668523,Bumblerrr,"2026-08-06 19:46:02",440.1,2,bumblerrr
5681,16672687,Liz,"2026-08-16 01:52:34",440.0,2,lizgarcia3
5682,16802341,"Yousef Turk","2026-09-02 06:31:13",439.6,2,yousefturk
5683,16670565,"Grant Biellak","2026-08-05 22:52:01",439.5,2,grantbiellak
5684,16653728,"Iswar Patra","2026-09-01 02:46:09",439.4,2,iswarpatra
5685,16658304,"KETHAVATH Aadarsh","2026-08-05 21:00:45",439.4,2,kethavathaadarsh
5686,16768262,"Brayan Miranda G","2026-08-26 19:40:15",439.3,2,brayanmirandag
5687,16660852,"K VISHALINI","2026-08-13 06:59:27",439.1,2,kvishalini
5688,16624879,indira,"2026-07-31 06:52:02",438.8,2,inansia
5689,16661990,"Olaoluwa Abiodun","2026-08-05 14:57:07",438.8,2,laoluwaa
5690,16654947,"Ömer Hüseynov","2026-08-08 22:06:03",438.7,2,omarhuseynov
5691,16668673,"kyran sinha","2026-08-14 14:21:34",438.4,2,kyransinha
5692,16712633,"Andy Andy","2026-08-13 08:11:38",438.4,2,andy3373
5693,16710459,Nironiro,"2026-08-30 14:45:57",438.0,2,nironiro
5694,16691565,"Blu cky","2026-08-09 19:13:27",437.9,2,llmdablucky
5695,16693098,broken_gpu,"2026-08-30 10:07:27",437.9,2,brokengpu
5696,16726052,"Peter Mugoya","2026-08-27 04:32:50",437.5,2,petermugoya
5697,16689349,"Adunola Abdulrahman","2026-08-10 17:38:47",437.3,2,adunolaabdulrahman
5698,16702771,n_samii,"2026-08-14 01:20:08",437.2,2,nsamii
5699,16779805,"Ákos Blaschek","2026-09-01 17:21:44",437.1,2,kosblaschek
5700,16768884,z y f 007,"2026-08-31 05:39:35",437.0,2,zyf007
5701,16784030,"Pooja Gera","2026-09-01 17:53:58",436.9,2,poojagera00
5702,16675900,"Pranav Advani","2026-08-23 14:43:09",436.9,2,pranavadvani
5703,16792630,Vipluv1,"2026-09-01 03:36:21",436.7,2,vipluv1
5704,16743191,"Ryoya Kochiyma","2026-08-19 13:32:11",436.5,1,"kazutotakekuma,ryoyakochiyma"
5705,16666334,UnderBlade,"2026-08-05 09:56:11",436.5,2,"athillazaidan,kurtmikhael"
5706,16714425,sileza,"2026-08-13 12:57:35",436.3,1,azelis
5707,16758681,"Sahil suman","2026-08-26 16:26:13",436.2,2,gruntingtorch
5708,16793145,KarlNUrban,"2026-09-01 19:06:42",436.2,2,karlnurban
5709,16723779,Matheubern,"2026-08-22 00:44:48",435.9,2,matheubern
5710,16775686,"Max Podd","2026-08-28 03:38:07",435.3,2,maxpodd
5711,16745655,巴啦啦能量,"2026-08-29 05:29:05",435.2,2,wsh10086
5712,16663674,"Mason Mahar","2026-08-30 04:00:17",435.2,2,masonmahar
5713,16659720,Project_Kurukshetra,"2026-08-16 05:01:34",435.0,2,"chaitanyaterli05,lavanyayandapalli"
5714,16670475,Adib,"2026-08-06 02:02:27",434.8,2,adibemohamed
5715,16729669,HYPEREUCLIDEAN,"2026-08-19 07:47:48",434.4,2,hypereuclidean
5716,16799391,"Mehdi El M.","2026-09-02 13:30:46",434.1,2,mehdielm
5717,16732352,ORiginators,"2026-08-26 06:21:11",434.1,2,"sachinpandey721,sunritpal"
5718,16733318,"Anuj Bolewar","2026-08-18 11:11:01",434.0,2,anujbolewar
5719,16738298,tomo0608,"2026-08-19 13:33:07",434.0,2,tomo0608
5720,16742073,"nguyễn huệ anh","2026-08-31 10:51:20",433.8,2,akapatu
5721,16750743,"Nagimov Timur","2026-08-20 21:10:30",433.6,2,nagimovtimur
5722,16690029,Nitesh_Prajapati2569,"2026-08-18 08:12:30",433.5,2,niteshprajapati2569
5723,16792685,李明,"2026-08-31 00:46:42",433.5,2,liming2026good
5724,16662791,"Shiva Neshan yuva","2026-08-15 18:39:16",433.3,2,shivaneshanyuva
5725,16663259,erush,"2026-09-02 00:38:53",433.3,1,erushia
5726,16701885,"Mehdi L.","2026-08-13 13:41:14",432.9,2,lmehdi
5727,16658227,Gugu888,"2026-08-14 04:27:57",432.9,2,gugu888
5728,16625770,"Đức Trung Trần","2026-08-24 11:01:33",432.2,2,ctrungtrn
5729,16623054,"Max Bond ABE","2026-08-15 22:43:34",432.2,1,maxbondabe
5730,16690299,"EL GORRIM MOHAMED","2026-09-01 10:59:10",432.1,2,elgorrimmohamed
5731,16691753,"Jan Moilanen","2026-08-09 12:02:17",432.0,2,janmoilanen
5732,16628404,theken,"2026-08-09 12:19:19",431.9,2,theken
5733,16792013,"Alec Polansky","2026-09-01 16:30:31",431.8,1,alecpolansky
5734,16715416,"Md. Adnan","2026-08-31 06:31:42",431.7,2,mdadnan96
5735,16690812,zhangkai_0121,"2026-08-09 01:40:21",431.5,2,zhangkai0121
5736,16717797,"patan hashmi","2026-08-13 15:02:52",431.4,1,patanhashmi
5737,16807134,"Chaowei Liang","2026-09-02 11:16:17",431.2,1,chaoweiliang
5738,16679850,AryaGarg23,"2026-08-09 03:33:14",431.0,2,aryagarg23
5739,16659018,"Ramziddin Toxirov","2026-08-11 04:58:03",431.0,2,ramziddintoxirov
5740,16663981,"Steven Pun","2026-08-07 01:59:52",430.9,2,stevenpunn
5741,16658219,"Deepesh Pankaj","2026-08-15 05:58:07",430.9,2,deepeshpankaj
5742,16638383,"Yunus Emre Sarıduman","2026-08-12 12:57:08",430.7,2,emresariduman
5743,16796102,yiliang,"2026-08-31 12:55:20",430.5,2,yilianglv
5744,16710417,"Aryant Jadhav","2026-08-15 18:57:18",430.4,2,aryantjadhav
5745,16774921,"conor lowth","2026-08-28 10:46:42",430.2,2,conorlowth
5746,16637342,SupremeWarrior108,"2026-08-29 06:44:16",430.2,2,supremewarrior108
5747,16722757,"Sebastian Adamatzky","2026-08-14 19:10:23",430.0,2,sebastianadamatzky
5748,16707987,"Big Balls Entertainment","2026-08-12 10:18:24",429.8,2,"pavivin,semenkolesnikov"
5749,16668268,"Kunal Rout","2026-08-06 05:48:25",429.8,2,charlotte26
5750,16752444,zama,"2026-08-25 04:31:12",429.8,2,zamami
5751,16670387,"Oracle69 AI","2026-09-01 10:55:45",429.5,1,princeadewaleadewumi
5752,16622809,"German Vdovin","2026-08-03 00:38:01",429.3,2,ertrerhtytmnbdsefdw
5753,16758663,"Light In","2026-08-22 19:18:51",429.1,2,lightin45
5754,16670188,orivael,"2026-08-05 21:20:17",429.0,2,orivael
5755,16674278,"Niels de Gier","2026-08-07 15:57:04",429.0,2,nielsdegier
5756,16656946,"Sambit Padhan","2026-08-05 10:10:10",428.7,2,sambitpadhan
5757,16655737,Dharshini,"2026-08-08 15:00:05",428.6,2,dharshini1812
5758,16673328,"Preetham Prasanna","2026-08-31 09:03:53",428.5,2,preethamprasanna
5759,16701064,KMishra011,"2026-08-20 20:30:34",428.4,2,kmishra011
5760,16765310,"Aria Muse","2026-09-02 07:38:57",428.3,2,ariamuse
5761,16795877,"Marco Polo","2026-09-02 01:32:04",428.3,2,zhesong1
5762,16695177,"Ajith Bagali","2026-08-15 12:23:37",428.3,2,ajithbagali
5763,16720696,Ankit0017,"2026-08-14 10:16:58",428.3,2,ankit0017
5764,16673310,dffzno1,"2026-08-14 01:44:55",428.2,2,joyzip
5765,16777871,嵇禄lugent,"2026-09-01 00:00:35",427.9,2,lugent
5766,16794088,"Felipe Colombarolli","2026-08-31 00:46:32",427.8,2,felipecolombarolli
5767,16689344,"Shalini Gangrade","2026-08-09 13:17:30",427.8,2,shalinig1
5768,16712796,"Kumar Saurabh","2026-08-25 12:34:20",427.8,2,bakakaka
5769,16658960,"Amit Kumar","2026-08-06 05:44:30",427.8,2,anmitkumar
5770,16629742,yun,"2026-08-15 09:10:21",427.3,2,yuyumarupython
5771,16802866,"Antonio Di Cecco","2026-09-01 18:37:02",427.0,1,antdic
5772,16657438,"Udit Aggarwal1","2026-08-08 19:09:27",427.0,2,uditaggarwal1
5773,16669123,"Alex #2","2026-08-06 22:50:30",426.9,2,alxdfy
5774,16660228,"Ochuwa Pearl Isa","2026-08-06 09:29:36",426.9,2,pearlisa
5775,16668431,"Harshpreet Singh #2","2026-08-06 01:06:28",426.8,1,harshpreetsingh45
5776,16665959,"Lourenz Baliber","2026-08-18 00:34:06",426.4,1,lourenz
5777,16667177,"Raunak Phull","2026-08-10 11:14:44",426.2,2,raunakphull4
5778,16751796,"Leo Pallorina","2026-08-23 14:06:17",426.1,2,lelelsp
5779,16716594,"U Anand Williams","2026-08-13 09:19:09",426.1,1,uanandwilliams
5780,16664064,lookapmaka,"2026-08-10 17:19:05",425.8,2,lookapmaka
5781,16685625,"silvan ion","2026-08-08 13:05:39",425.5,2,john1one
5782,16686411,NeoCodes.Dev,"2026-08-23 23:53:10",425.4,2,neocodesdev
5783,16716585,"tejaswini kakollu","2026-08-13 09:12:37",425.3,1,tejaswinikakollu
5784,16640067,"minghao mei","2026-08-02 09:57:29",425.2,1,minghaomei
5785,16727326,AhmedMousaHassan2510,"2026-08-17 12:56:01",425.0,2,ahmedmousahassan2510
5786,16732156,"Samvel Kocharyan","2026-08-17 18:45:53",424.9,2,samvelkoch
5787,16658512,fatariq,"2026-08-10 21:18:35",424.6,2,fatariq
5788,16681188,"Tresor Mufalme.","2026-08-08 09:29:05",423.8,2,tresormufalme
5789,16727022,Saharkh99,"2026-09-01 00:18:26",423.7,2,saharkh99
5790,16772511,"Max Gläser","2026-08-26 23:39:34",423.7,1,maxglser
5791,16671512,"Darren Grendi","2026-08-10 00:38:51",423.5,1,darrengrendi
5792,16638938,Light&Thunder,"2026-08-09 06:39:19",423.4,2,yerne39
5793,16684677,"Sean Southwick","2026-08-27 14:45:32",423.4,2,seansouthwick
5794,16666257,"Shijian Wen","2026-08-06 09:40:44",423.3,2,shijianwen
5795,16692825,"Saad Arain","2026-08-09 12:27:08",423.1,2,saad451
5796,16684225,"Aum Savaliya","2026-08-10 20:10:02",422.9,2,aumsavaliya
5797,16716670,"Aremanda Yasaswini","2026-08-13 09:27:46",422.8,1,aremandayasaswini
5798,16723045,"Albert Einstein F Muritiba","2026-08-21 02:27:16",422.7,2,spideryzarc
5799,16777666,Lithops1112,"2026-08-31 08:25:07",422.6,2,lithops1112
5800,16665449,AgroVisionAI,"2026-08-11 19:52:49",422.6,2,"aishwaryvarshney,bhuppisharma,kirtisharmaphd,pragyasingh59,priyasingh0590"
5801,16779769,"Pravin jeyavel","2026-08-27 18:08:17",422.3,2,pravinjeyavel
5802,16770270,"salthiel nishimwe","2026-08-25 10:45:23",422.0,2,salthielnishimwe
5803,16705696,"TS Farmer","2026-08-13 11:22:09",421.5,2,"shivangkainth,tusharsekhri27"
5804,16793465,"Gajala, CEO Sonic Sols","2026-09-01 22:32:05",421.2,2,rishitreddypalle
5805,16716488,"Will Henderson290","2026-08-14 13:27:25",421.2,1,willhenderson290
5806,16664454,"Naga Vinay Avvaru","2026-08-05 07:04:44",421.2,2,anagavinay
5807,16669102,Ritik,"2026-08-07 18:11:13",420.9,2,xritikx
5808,16628521,arai9953,"2026-08-24 22:46:57",420.8,2,arai9953
5809,16757236,"Erlanda Miko P","2026-08-23 07:02:01",420.7,2,snneva
5810,16757338,Dewakaran,"2026-08-22 05:34:35",420.6,1,dewakaran
5811,16691027,"Jelle Maas","2026-08-08 14:58:19",420.4,2,jellemaas
5812,16758093,_student,"2026-08-23 22:21:25",420.3,2,drvtalan
5813,16723569,"Trishanth Mellimi","2026-08-15 07:09:55",420.1,2,trishanthmellimi
5814,16656023,JD_Mello,"2026-08-30 03:52:27",420.0,2,jdmello
5815,16747683,"Jianyu Lin","2026-08-27 13:05:05",419.8,1,jianyulin1999
5816,16770758,"Maor talker","2026-08-26 20:18:59",419.5,2,maortalker20
5817,16669516,GorgeousCookie,"2026-08-06 09:17:13",419.5,2,axellindqvist
5818,16762424,AuroraXXiiaa,"2026-09-02 09:56:03",419.4,2,auroraxxiiaa
5819,16697627,abinandhan03,"2026-09-01 10:38:15",419.4,2,abinandhan03
5820,16709179,"SATENDRA SINGH","2026-08-16 05:38:21",419.1,2,satendrasingh9876
5821,16677747,"Yuvraj Bhatt","2026-08-10 08:38:11",419.0,2,bhattyuvraj22
5822,16707951,K_ChanHo,"2026-09-02 12:44:03",418.9,2,kchanho
5823,16623678,Mahog,"2026-08-25 02:11:34",418.9,2,mahoganybuttstrings
5824,16666218,"sugan Chandrasekar","2026-08-16 11:02:09",418.8,2,suganchandrasekar
5825,16662267,"Fahim Montasir","2026-08-10 16:15:10",418.7,2,fahimmontasir
5826,16763523,"Nam Khánh Lê","2026-09-02 06:28:44",418.7,2,"khanhss,khimbodoi"
5827,16774700,たたたた,"2026-09-02 11:07:01",418.2,2,tatatata1111
5828,16762154,lli,"2026-08-24 14:40:36",418.0,2,colesuoseue
5829,16717522,kyunyoung,"2026-08-14 07:16:00",418.0,2,kyunyoung
5830,16660489,"Luca Lullo","2026-08-05 20:21:38",417.9,2,lucalullo
5831,16729708,msmsuman,"2026-08-31 12:42:11",417.8,2,msmsumanmuskan
5832,16761784,"Ghaith Kammoun","2026-08-24 21:19:54",417.8,2,ghaithkammoun
5833,16785352,"joão Vitor","2026-08-29 22:34:54",417.6,2,jaov30718
5834,16658367,"Prachii Sonii","2026-08-31 17:28:45",417.5,2,prachiisonii
5835,16665400,FieldOps,"2026-08-10 16:16:03",417.3,2,sycpr1me
5836,16758192,"Dev Monk","2026-08-29 14:03:22",417.3,2,devmonk63
5837,16678633,"Tanishq Tayade","2026-08-11 10:29:59",417.3,1,tanishqtayade
5838,16735580,"Dhiya Nachimuthu","2026-08-30 06:13:38",416.9,2,dhiyanachimuthu
5839,16793913,"Vrushal Patil","2026-09-01 07:09:59",416.6,2,vrushalpatil
5840,16715912,"Hiroshi Sakiyama","2026-08-14 13:22:19",416.6,2,hiroshisakiyama
5841,16739447,"Jacob Stambaugh","2026-08-19 17:53:29",416.5,2,jacobstambaugh
5842,16666924,esis_ai,"2026-09-01 03:11:15",416.4,2,alexesn
5843,16658882,"toukali samir","2026-08-07 13:43:05",416.2,2,toukalisamir
5844,16668141,"Soichiro Mochizuki","2026-08-07 22:13:36",416.2,2,soichiromochizuki
5845,16692710,"Baran Haydar","2026-08-12 06:56:50",415.8,2,baranhaydar
5846,16731616,"Mohamed Aashik 24","2026-08-22 17:29:39",415.7,2,mohamedaashik24
5847,16634219,"Michael J Hammel","2026-08-01 11:37:10",415.6,2,michaeljhammel
5848,16679096,WilliamXylean,"2026-08-31 03:34:39",415.5,2,williamxylean
5849,16764608,messibeatgravity,"2026-08-24 05:34:05",415.5,1,messibeatgravity
5850,16674012,ahankesumah,"2026-08-16 07:34:05",415.4,2,ahankesumah
5851,16726616,9Hash,"2026-08-19 19:08:01",415.3,2,hashimrazi
5852,16795677,"Carol bright","2026-08-31 09:30:28",415.0,2,carolbright
5853,16740197,Winssk,"2026-08-27 01:55:06",414.8,2,winssk
5854,16634720,Thiyo,"2026-08-18 11:51:04",414.7,2,thimirajayasekara
5855,16634352,"sovit karki","2026-08-12 17:21:13",414.6,2,sovitkarki
5856,16656932,"Thivvin Raj","2026-08-13 03:53:35",414.6,2,thivvinraj
5857,16662094,"moncef elm","2026-08-11 04:34:28",414.4,2,moncefelm
5858,16786450,fujii,"2026-09-02 03:02:09",414.2,2,kojisoemi
5859,16688381,"Teresa Fitzgerald","2026-08-30 18:07:50",414.2,2,teresafitzgerald
5860,16658519,"David kinyanjui","2026-08-31 07:10:00",414.1,2,davidkinyanjui
5861,16685412,Praveen8775,"2026-08-25 20:24:00",414.1,2,praveen8775
5862,16793944,"Grupo 808","2026-08-30 22:36:59",413.8,1,grupo808
5863,16716713,"T Vamsi Krishna","2026-08-13 09:37:43",413.7,1,vamsee3763
5864,16656135,"JAYASURYA R","2026-08-05 15:43:01",413.7,2,suryar261
5865,16783322,kentaro,"2026-08-29 03:55:45",413.1,2,kentarokujo
5866,16690077,"GOMATHI PRIYA","2026-08-13 06:38:45",413.0,2,gomathipriyaraj22
5867,16798974,huangbin,"2026-09-02 09:52:56",412.6,2,huangbin1
5868,16771187,FernandoRB,"2026-08-26 15:53:49",412.3,2,fernandorb
5869,16674367,"zongze Yan","2026-08-19 15:23:21",412.2,2,aaayan
5870,16735593,"timur tytrin","2026-08-18 07:37:46",412.1,2,timurtiutrin
5871,16721948,ziszim,"2026-08-26 14:38:30",412.1,2,ziszim
5872,16656860,SamReiswig,"2026-09-02 04:04:09",412.0,1,sreiswig
5873,16639727,"Andres Mohali","2026-08-13 23:03:25",411.9,2,mohax3
5874,16675093,"Nikhil Srivastava","2026-08-15 08:47:12",411.5,2,nikhilsrivastavark
5875,16637762,"Greek olive oil","2026-08-09 19:56:48",411.4,2,alexanderchar
5876,16652422,Kite,"2026-08-17 16:26:55",411.4,1,kiteyinlong
5877,16666577,"Jatin khandelwal112","2026-08-05 11:26:41",411.3,2,jatinkhandelwal112
5878,16630772,"Mitsuhiro Iizuka","2026-08-04 10:31:00",410.6,2,mitsuhiroiizuka
5879,16675324,"Attempt Seven","2026-08-10 10:13:50",410.6,2,attemptseven
5880,16662690,"Pablo Gomez Perez","2026-08-18 06:54:09",410.6,2,pablogp
5881,16807380,"D × MirAI","2026-09-02 10:37:53",410.3,1,kmnkmn
5882,16660939,"Quenux Studio","2026-08-12 17:01:46",410.2,2,dieguis1976
5883,16643278,"Giovani Moresco","2026-08-06 05:30:45",410.2,2,giovanimoresco
5884,16673167,Karam96,"2026-08-08 11:40:36",410.1,2,karam96
5885,16759765,"Ososanwo Idris Olaitan","2026-08-29 11:02:33",410.0,2,ososanwoidrisolaitan
5886,16731108,"Vipparla Nandini","2026-08-17 06:29:48",409.8,1,vipparlanandini
5887,16729157,HahaTaco,"2026-08-16 16:55:03",409.2,2,hahataco
5888,16726441,Enrique.rfm,"2026-09-01 13:59:22",408.7,2,enriquerfm
5889,16659410,TTH,"2026-08-07 08:21:16",408.6,2,tthungdz
5890,16689718,HumsAuraTech,"2026-08-21 17:11:42",408.4,2,humaima03
5891,16668286,"Sabari V","2026-08-15 14:38:41",408.2,2,sabari112005
5892,16676726,"Manaswi Bansal","2026-08-16 06:28:05",408.1,2,manaswibansal
5893,16657883,jps,"2026-08-06 08:36:04",408.0,2,jahaziel
5894,16655257,"Afia Animah Fosu","2026-08-04 18:21:50",407.9,2,afiaanimahfosu
5895,16661002,"Eliyas sk","2026-09-02 12:32:51",407.8,2,eliyassk
5896,16662854,"NISCHAY SANJAY JIWANKAR 23115098","2026-08-13 05:38:18",407.8,2,nischay2908
5897,16799797,"Zhong Zinmin","2026-09-02 06:54:36",407.6,2,zhongzinmin
5898,16730191,rRTZZZ,"2026-08-17 02:43:14",407.6,2,rrtzzz
5899,16663990,"OURNO PAPA SALIF","2026-08-07 23:18:43",407.4,2,belfiremine
5900,16773370,"Nishant #1","2026-08-26 06:11:42",407.3,1,nishanttomar110
5901,16660294,"Mohamed Amadu Bangura","2026-08-04 16:14:07",407.3,1,mohamedamadubangura
5902,16733007,"Not Found","2026-08-17 16:32:16",407.2,4,"ammarkhan05,zainabirfanansari"
5903,16709754,"Simon Preuss","2026-08-12 16:39:55",407.0,2,simonpreuss01
5904,16726381,"Adriana Redondo","2026-08-15 19:39:41",406.8,1,adrianaredondo
5905,16676063,"Kembang Melon","2026-08-29 11:59:17",406.7,2,wajawaja
5906,16662197,"Zehra Basaral","2026-08-07 10:42:57",406.6,2,zehrabaaral
5907,16685207,"Koushik Thummu","2026-08-07 18:15:47",406.6,2,koushikthummu
5908,16741746,"Ahmed Harfoush","2026-08-19 09:47:45",406.6,1,ahmed1harfoush
5909,16675043,malibu_orange,"2026-08-21 01:09:01",406.5,2,malibuorange
5910,16716649,"Meghana Busse","2026-08-13 09:33:08",406.5,1,meghanabusse
5911,16659394,"יוסף בש","2026-08-09 15:11:23",406.4,2,josiii123212
5912,16677804,"Pravin Takpire","2026-08-11 08:17:51",406.1,2,pravintakpire
5913,16701060,"Paula Jimenez","2026-08-22 16:18:37",406.0,2,paulajimenez
5914,16710241,"Julien Serbanescu","2026-08-12 14:32:50",405.9,2,julienserbanescu
5915,16780268,"SAI ESHWAR S","2026-08-29 06:26:11",405.6,1,saieshwars
5916,16808433,thenokol,"2026-09-02 11:38:54",405.5,2,thenokol
5917,16653105,James,"2026-08-17 16:52:18",405.5,2,jamesquirk
5918,16802843,JamesL8,"2026-09-02 04:36:15",405.5,2,jamesl8
5919,16765863,MADUPU.SRINIDHI,"2026-08-24 10:43:10",405.1,1,madupusrinidhi
5920,16755264,wsdsby,"2026-08-21 15:16:42",405.1,2,wsdsby
5921,16730060,"Enzo Pio","2026-08-21 16:44:03",405.0,2,enzopio
5922,16669176,"Karakam Sridevi","2026-08-11 07:44:48",405.0,2,karakamsridevi
5923,16745497,"Handsome Heretic","2026-08-21 19:14:30",404.6,2,handsomeheretic
5924,16685164,cleanledger,"2026-08-07 13:38:23",404.5,2,cleanledger
5925,16660246,taqnik,"2026-08-08 11:54:39",404.5,2,taqnik
5926,16755029,"Jashan Bajwa","2026-08-22 12:56:30",404.4,2,jashanbajwa
5927,16658817,"Andrew Glez","2026-08-04 12:10:17",404.2,1,andgos
5928,16763938,"joel paul","2026-08-26 02:05:07",404.2,2,joelpaulf
5929,16715097,"Yusuf Yavuz","2026-08-13 00:25:40",404.1,1,yusufyavuzz
5930,16726769,"Ci Zhu","2026-08-16 07:03:55",404.0,2,zhuci1993
5931,16668159,ABDELGHANY,"2026-08-12 11:04:36",403.8,2,abdelghanyrageh
5932,16770085,AllenCheng329,"2026-08-25 10:05:43",403.7,1,allencheng329
5933,16690947,"Veiled Star","2026-08-10 13:36:49",403.7,2,veiledstar
5934,16677950,"Rounak Laddha","2026-08-15 01:47:41",403.6,1,rounakladdha
5935,16693147,"Oliver Curtis1","2026-08-09 14:51:57",403.5,2,olivercurtis1
5936,16661095,"AAYUSHMAAN PATEL","2026-08-09 08:16:53",403.5,2,aayushmaanpatel
5937,16668012,"Aleksander Iżemski","2026-08-05 20:52:54",403.4,2,aizemski
5938,16794153,"harshita harshita","2026-08-31 17:47:11",403.1,2,harshitaharshitaaaa
5939,16802580,WarlockCode,"2026-09-02 04:15:27",403.0,2,maktub83
5940,16668091,Solidscripts.io,"2026-08-23 23:41:23",402.7,2,juancamera1
5941,16677761,"Rithuraj Nambiar","2026-08-06 18:11:41",402.3,2,rithurajnambiar
5942,16638343,"Phong Khoi","2026-08-04 12:20:52",402.2,2,phongkhoi
5943,16652230,BorisSpider,"2026-08-13 11:34:46",402.2,2,borisspider
5944,16722122,Abhas20,"2026-08-19 10:02:51",402.2,2,abhas20
5945,16654788,bumbum,"2026-08-14 12:59:51",401.9,2,krzysztoff1
5946,16727480,MSAM,"2026-08-31 12:48:11",401.8,2,arashdeepsinghmaan
5947,16667105,"Vikram Tiwari","2026-08-10 11:12:26",401.7,2,vikramtiwari
5948,16691667,jeremyllll,"2026-08-12 03:30:26",401.4,2,jeremyllll
5949,16668592,"Ashutosh jatav","2026-08-09 13:34:45",401.3,2,ghost1412
5950,16671714,"Donnell Layne","2026-08-07 15:40:35",401.3,2,jupiter1127
5951,16666275,HeatS33ker,"2026-08-15 14:37:36",401.2,2,byronokou
5952,16622097,"Garrick C.P.","2026-08-10 18:12:06",400.8,2,garrickchinnis
5953,16695592,"André Luiz Pedroso","2026-08-09 11:59:19",400.7,1,andreluizpedroso
5954,16759115,chabinhwang,"2026-08-22 14:33:59",399.9,1,chabinhwang
5955,16673825,h_jun,"2026-08-10 06:21:12",399.8,1,lhjoon77
5956,16802892,YUYA,"2026-09-02 13:31:18",399.4,2,yuyaizumikawa
5957,16716497,xpxg,"2026-08-16 17:04:22",399.2,2,deepxchat
5958,16664044,IntentionalSayshara,"2026-08-30 22:23:18",399.0,2,jaelle
5959,16663576,Yurnero,"2026-08-04 21:24:04",398.8,1,samson8
5960,16728261,"Smit Deshaval","2026-08-24 17:44:12",398.7,2,smitdeshaval11
5961,16641665,huangjunjia,"2026-08-04 14:12:26",398.7,2,huangjunjia777
5962,16641330,"Takuya Yoshimi","2026-08-04 05:16:22",398.6,2,tkyysm
5963,16660397,Divyansh82Raj,"2026-08-04 15:01:28",398.5,2,divyansh82raj
5964,16656480,"Dip Biswas","2026-08-07 04:35:56",398.4,2,dipjacobiswas
5965,16677470,"Saish Walavalkar02","2026-08-09 12:44:51",397.8,2,"harichaudhari1,kaiserjayin,meetramjiyani,nirbhaygajabi30,saishwalavalkar02"
5966,16654808,Vishwajeet-maker,"2026-08-17 21:17:02",397.8,1,vishwajeetmaker
5967,16662589,"Arunagirinadan Sudharshan","2026-09-01 20:38:47",397.1,2,sudhanaruna
5968,16721529,"Danny De Bree","2026-08-20 09:46:36",397.0,1,dannydebree
5969,16628409,"yann sadowski","2026-07-31 09:39:25",396.8,1,yannsadowski
5970,16661891,BALLEN1337,"2026-08-04 19:22:30",396.7,2,ballen1337
5971,16661476,slowpoke,"2026-08-29 16:33:07",396.5,2,banboyechristains
5972,16679392,Dickie,"2026-08-09 09:05:10",396.4,2,dickieho
5973,16709519,"p pxl16","2026-08-19 09:49:35",396.4,2,ppxl16
5974,16715988,"Hsyn Kskn","2026-08-24 06:36:14",396.3,2,hsynkskn
5975,16706276,MitulbhBhatia,"2026-08-18 04:02:38",396.1,2,mitulbhbhatia
5976,16657063,"those how","2026-08-04 07:50:57",395.8,2,thosehow
5977,16665460,"Shubham kumar jha","2026-08-23 07:36:36",395.7,2,shubhamjhakr
5978,16696439,VaraPrabha,"2026-08-10 04:36:00",395.7,2,galiveetipoornima
5979,16653001,"Alexey Kuleshov","2026-08-04 12:07:51",395.6,2,alexkulll
5980,16802598,zxcqqe,"2026-09-01 15:15:18",395.4,2,anonimniygeniy
5981,16680015,"Khôi Trương","2026-08-10 01:11:55",395.3,1,kiykhoi
5982,16671519,"Mandhati Sai ganesh","2026-08-06 06:36:45",395.3,2,mandhatisaiganesh
5983,16670724,"Neel Patel","2026-08-14 19:33:43",395.3,2,n33lpat3l
5984,16774954,Ye_xz233,"2026-08-26 15:35:23",395.0,2,yexz233
5985,16660899,"Clarence Trinidad","2026-08-07 17:53:59",394.9,2,claree007
5986,16785676,Bilal11122,"2026-08-29 08:15:46",394.8,1,bilal11122
5987,16656919,Sumaiya,"2026-08-28 17:38:53",394.7,2,ayeshasummaiyya
5988,16628296,NoxMetenis,"2026-08-15 17:54:03",394.6,1,avasgaire
5989,16640901,"Kian Maghsoodi","2026-08-20 23:01:51",394.6,2,kizmodo
5990,16771216,"Hugo Ponce","2026-08-25 17:54:30",394.5,2,hugoskn
5991,16656190,"Akshaj Shandilya","2026-08-06 03:14:36",394.5,2,akshajshandilya
5992,16785821,"Naresh Meena","2026-08-28 21:24:31",394.4,1,nareshmeena12
5993,16624029,"Miguel Angel Rodriguez Fonseca","2026-08-07 03:55:38",394.1,2,miguelangelrodriguez
5994,16669218,"Shaik Sabiya","2026-08-12 09:15:22",393.8,2,shaiksabiya55
5995,16683087,qiuchenglong,"2026-08-07 09:25:48",393.6,2,qiuchenglong
5996,16682342,"Jebez Oswald","2026-08-10 05:38:15",393.5,2,jebezoswald
5997,16695479,Anandhasabesan,"2026-08-09 13:50:37",393.5,1,anandhasabesan
5998,16696800,"VEER GOMA","2026-08-14 15:42:47",393.5,2,novaxoxo
5999,16723273,"Bradley ZODOME","2026-08-19 07:06:18",393.4,2,bradleyzodome
6000,16655689,花朝,"2026-08-05 04:10:02",393.0,2,xhxyyds
6001,16624235,appu2431,"2026-08-11 15:56:41",393.0,2,appu2431
6002,16784379,超级陆战队,"2026-08-29 14:43:33",392.7,2,luyi61227
6003,16704985,"Ethan Marchisano","2026-08-24 21:36:54",392.6,2,ethanmarchisano
6004,16661191,"Yudha Eka Saputra","2026-08-04 19:28:31",392.6,2,yudhaekasaputra
6005,16697694,"Adithya Thiruvalluvan","2026-08-29 17:28:42",392.3,1,forestfire7
6006,16700876,"Oyegoke Emmanuel","2026-09-01 14:19:50",392.1,2,oyegokeemmanuel
6007,16696419,detectivseb,"2026-08-12 10:34:45",392.1,2,detectivseb
6008,16666590,"Hoàng Anh Tú","2026-08-12 23:59:58",392.0,2,anhtu9999
6009,16660369,"Dev MCP","2026-08-04 12:59:09",391.8,1,nishant2905
6010,16654330,"Perumalla Pujitha","2026-08-12 18:09:24",391.8,2,perumallapoojitha
6011,16662643,Mohit_Singh,"2026-08-29 18:21:55",391.7,2,mohitsingh955
6012,16666997,"Krishnamurthy Venkatasubramanian","2026-08-05 15:09:46",391.6,2,krishnamurthyvenkat
6013,16732936,"Kateryna Dudko","2026-08-25 12:15:40",391.6,2,dudkiina
6014,16623938,flashthunder,"2026-09-01 09:02:15",391.4,1,thunderflash
6015,16659260,hitesh,"2026-08-05 19:29:28",391.3,2,shahhs
6016,16659312,qwertyDmitry,"2026-08-05 13:44:24",391.3,2,qwertydmitry
6017,16702742,"Kavyanshu Singh","2026-08-11 10:47:02",390.9,2,kavyanshusingh
6018,16806206,"Yuan Yongth","2026-09-02 06:36:54",390.7,2,yuanyongth
6019,16682108,"Shadow Monarch","2026-08-17 06:45:10",390.7,2,avinashk01
6020,16690098,"Akshay Kashyap","2026-08-10 17:10:28",390.6,2,akshaykashyapakku
6021,16770232,MinhTran2346,"2026-08-27 19:46:30",390.5,2,minhtran2346
6022,16738581,"mr moradi1","2026-08-18 14:31:26",390.5,1,mrmoradi1
6023,16673009,CruelShow,"2026-08-21 20:00:15",390.2,2,cruelshow
6024,16713366,BANKAI,"2026-08-16 15:24:28",390.0,2,igors97
6025,16654213,"Hojin Jang","2026-08-20 09:59:20",390.0,2,hojinjang
6026,16668340,"Sibi Vishnu","2026-08-08 10:35:33",389.9,2,sibivi
6027,16805906,FENGYESHAN,"2026-09-02 01:33:25",389.9,2,fengyeshan
6028,16664617,BarkeviousBingo,"2026-08-19 04:34:59",389.6,2,barkeviousbingo
6029,16660531,greySnow,"2026-08-08 00:36:32",389.5,2,shlomoron
6030,16735393,Dai_Research,"2026-08-18 10:40:17",389.5,2,dairesearch
6031,16700360,"Thanush Soma","2026-08-10 09:49:02",389.2,2,thanushsoma
6032,16635130,Pongsaky,"2026-08-01 12:56:02",389.2,2,gantanch
6033,16710564,"Clarice Harijanto","2026-08-14 04:28:13",389.1,2,clariceting
6034,16711573,"Sushmitha Vasantha","2026-08-13 09:08:29",388.9,1,sushmithavasantha
6035,16723047,"Matheus Finger","2026-08-28 19:02:12",388.8,2,matheusfinger
6036,16639624,"Nishanth Rajan","2026-08-02 03:25:35",388.7,2,nishanthrajandev
6037,16734096,"Cem Ali Görmez","2026-09-02 00:49:05",388.6,2,cemaligrmez
6038,16659688,Daniel,"2026-08-05 12:21:37",388.4,2,danielyazgi
6039,16687699,jegazhu,"2026-08-13 22:25:15",388.4,2,jegazhu
6040,16665980,cshara,"2026-08-06 08:41:16",388.2,2,cshara
6041,16728881,Ch.Manvita,"2026-08-16 16:33:52",388.0,2,chmanvita
6042,16721615,"Dai Dai","2026-08-24 16:43:19",387.9,2,jumpingdaidai
6043,16657687,"Siddardha Shayini","2026-08-04 14:23:48",387.8,2,siddardhashayini3
6044,16786264,"THISHA S","2026-08-31 22:19:43",387.8,1,thishas
6045,16655250,"Juan Pablo Ponce","2026-08-08 03:34:18",387.1,2,juanpabloponce28
6046,16721675,stork8i,"2026-08-14 13:16:26",386.9,1,stork8i
6047,16735966,kyone,"2026-08-18 08:09:32",386.7,1,xtraky
6048,16661331,"John Wessel","2026-09-02 00:50:19",386.6,2,johnwessel
6049,16646644,BeyondBirthday,"2026-08-09 06:39:01",386.5,2,near07
6050,16688364,"Om Raval08","2026-08-21 02:57:23",386.3,2,omraval08
6051,16654688,"Terrell Millz","2026-08-10 16:08:33",386.2,2,terrellmillz
6052,16716322,zhaimh,"2026-08-14 02:43:21",386.1,2,zhaimh
6053,16778526,starkhushi,"2026-08-27 07:01:28",386.1,2,starkhushi
6054,16661551,SimonAx,"2026-08-10 09:41:59",386.1,2,simonaxel
6055,16682262,"Pardeep Singh","2026-09-01 11:01:27",386.0,2,pardeep06
6056,16711383,"Monika Kocianova","2026-08-14 11:01:11",385.8,2,monikakocianova
6057,16629476,NOOBS,"2026-08-09 19:58:48",385.5,2,"patelkrishna8,sakshamranawade,shravanideshpande25"
6058,16802128,"vaman soni","2026-09-02 10:08:49",385.4,1,vamansoni
6059,16686332,毛治钦,"2026-09-01 05:05:37",385.3,2,maozhiqinf
6060,16661390,"Raúl García Gómez","2026-08-04 17:04:39",385.3,2,corso138
6061,16752067,neuroxaker,"2026-08-22 14:50:32",385.0,2,neuroxaker
6062,16649794,"Wanzhu Zhao","2026-08-04 13:04:05",384.9,2,wanzhuzhaora
6063,16717679,mureee,"2026-09-01 09:37:43",384.8,2,"hosyan3279,mureee54"
6064,16660980,"João Marcelo Curi","2026-08-05 18:31:19",384.7,2,joomarcelocuri
6065,16692427,"Infy ","2026-08-09 20:48:09",384.5,2,infydes
6066,16741512,Offenders,"2026-08-30 15:08:39",384.5,2,"karthicchockalingams,shakil2411,shehnaaz01"
6067,16662874,"Dev Shah","2026-08-08 01:52:52",384.2,2,imdevshah11
6068,16685649,YUYUTA,"2026-08-09 05:39:50",384.2,2,yuyuta
6069,16641294,YogeshG22,"2026-08-03 17:58:51",384.1,2,yogeshg22
6070,16641606,"Tanisha Sahu","2026-08-02 14:39:27",384.1,2,tanisha3
6071,16705300,T3485D5T,"2026-08-29 15:05:10",384.1,2,"danijelbilalli,t3485d5t"
6072,16633475,betagammashtrit,"2026-08-29 16:24:03",383.8,2,betagammashtrit
6073,16630007,"Yuankun Liu","2026-07-31 15:48:13",383.1,2,lyk1652
6074,16665996,AVATAR3905,"2026-08-06 18:14:01",383.1,2,avatar3905
6075,16658733,luoqiuy,"2026-08-04 10:46:04",383.0,2,luo912
6076,16762854,J8young,"2026-08-26 13:52:54",382.9,1,j8young
6077,16709165,"Yooraj Gole","2026-08-13 18:10:17",382.6,1,yoorajgole
6078,16673152,"Arijit Raj","2026-08-06 08:23:14",382.6,2,arijitraj02
6079,16658319,"Huỳnh Nguyễn Trọng Tín","2026-08-06 06:23:40",382.6,2,tnhunhnguyntrng
6080,16662577,"Shreyash Suryawanshi","2026-09-02 13:18:38",382.1,2,shreyashsuryawanshi
6081,16662428,"Sonu kumar","2026-08-24 05:18:49",382.0,2,sonukumar9142
6082,16681397,"Vishal Dubey","2026-08-11 08:51:13",381.9,2,visha1dubey
6083,16660099,Desireog71,"2026-08-08 15:01:19",381.8,2,desireog71
6084,16769110,tianlululing,"2026-08-26 13:09:45",381.8,2,tianlululing
6085,16668479,"Muneera Mahjabeen","2026-08-26 21:14:40",381.8,2,muneeramahjabeen
6086,16683400,"wo zhe yi sheng ru lu bo bing","2026-08-10 16:53:48",381.6,2,"ivanlo103,panckck,waijai"
6087,16683178,soulasin,"2026-08-07 14:32:26",381.6,2,soulasin
6088,16712257,Banarto,"2026-08-13 07:49:16",381.6,1,banarto
6089,16657142,"Vishisht Gupta","2026-08-16 16:16:54",381.4,2,vishishtgupta
6090,16739702,"Vasantha Kumar552","2026-08-19 07:22:10",381.1,2,vasanthakumar552
6091,16692906,CodeZee,"2026-08-09 19:50:49",381.1,2,codewithzaeem
6092,16686716,"menna hassanM","2026-08-28 21:49:51",380.9,2,mennahassanm
6093,16656472,angusdddsa,"2026-08-04 06:04:22",380.9,2,angusdddsa
6094,16670600,"Leon Lum","2026-08-20 14:58:27",380.2,2,leonlum
6095,16658897,"Teja Pattem","2026-08-07 10:42:44",379.7,2,tejapattem
6096,16656143,"Debanshu Mallick","2026-08-07 05:27:56",379.7,1,debanshumallickiisc
6097,16733886,LuisMV8,"2026-08-18 16:28:42",379.7,2,luismv8
6098,16743604,KeswaniRohit,"2026-08-22 17:19:18",379.4,2,keswanirohit
6099,16732873,"Yash Rana","2026-08-18 04:57:04",379.2,2,yashrana24
6100,16706898,Simiyon,"2026-09-01 18:14:14",379.1,2,blackscythe123
6101,16639067,"ToMY F.","2026-08-11 11:34:31",378.8,1,tomyfdev
6102,16678653,Wzjj98,"2026-08-06 19:31:39",378.7,1,wzjj98
6103,16688859,"Muhammad Fayaz Khan","2026-08-08 06:36:02",378.5,2,mfayazkhan
6104,16625011,"Heng Yu","2026-08-18 06:30:56",378.3,1,megalobox1
6105,16655652,Emergence,"2026-08-10 03:21:04",377.9,2,daylighth
6106,16658011,"Arooba Hanif","2026-08-05 07:24:53",377.6,2,aroobahanif
6107,16668471,Broomva,"2026-08-05 14:57:35",377.3,1,broomva
6108,16624102,Khadersha.sk,"2026-08-03 02:45:03",377.1,2,khadershask
6109,16652805,"Rodrigo Batista da Silva","2026-08-13 13:35:19",377.1,2,eurodrigobatista
6110,16690775,"Prasanna Raut","2026-08-08 20:41:38",377.0,2,prasannaraut
6111,16636643,"Babul Kumar","2026-08-02 07:46:50",376.9,2,babulkumar07
6112,16659234,"MARY RAISA P","2026-08-27 07:06:43",376.8,2,"harinimala21,maryraisap,saha0102"
6113,16785050,"MITHIL J URK26CS7067","2026-08-28 18:29:14",376.0,1,mithiljurk26cs7067
6114,16783863,"Vivek Vardhan Reddy","2026-08-31 06:14:34",375.7,2,vivekvardhanreddy77
6115,16731458,"Arthur Baygildin","2026-08-17 10:06:55",375.4,1,arthurbaygildin
6116,16664671,Acteus,"2026-08-06 00:01:12",375.3,2,acteus
6117,16741982,barry_Paddi,"2026-08-27 07:10:52",375.3,2,barrypaddi
6118,16710906,Krunal.ix,"2026-08-12 07:06:58",375.3,1,krunalix
6119,16732296,"duong nguyen","2026-08-20 14:51:38",375.2,1,duongnguyen161
6120,16624990,"Tanjim Ahmed Kingshu","2026-08-02 07:05:52",375.2,2,tanjimahmedkingshu
6121,16635243,MlMlDev34,"2026-08-01 11:26:52",375.1,2,mlmldev34
6122,16657056,"Jacob Ross Piedad","2026-08-06 12:15:14",375.1,1,jacobrosspiedad
6123,16715404,"karthik reddy","2026-09-02 02:45:23",375.1,2,karthikreddyp
6124,16735751,"Hasan Taşkın","2026-08-24 19:36:02",375.0,2,hasantaskin
6125,16690183,ankit8924praj,"2026-08-14 15:43:56",374.7,2,ankit8924praj
6126,16759407,"Giovanni Colpani","2026-08-22 17:02:37",374.5,2,giovannicolpani
6127,16783740,ZiYiMing,"2026-08-29 09:26:43",374.5,2,ziyiming
6128,16773043,"Durra Handri","2026-08-31 11:28:24",374.3,2,durrahandri
6129,16795609,2023314806_이승민,"2026-09-02 00:53:01",374.0,1,sminleeee
6130,16670988,"Pavle Skoric","2026-08-21 21:34:32",373.5,1,pavleskoric
6131,16674725,"rajan jha","2026-08-13 12:05:42",373.5,2,rajan1673
6132,16793392,"reda elkrouchni","2026-09-01 16:00:17",373.3,2,redaelkrouchni2
6133,16633737,nrg,"2026-08-04 20:19:50",373.2,1,nargizaskarbekkyzy
6134,16690166,"Niteshwar Mishra","2026-08-08 10:02:22",372.9,2,niteshwarmishra
6135,16660436,turkenm,"2026-08-06 13:03:36",372.8,2,turkenm
6136,16662856,"Pranjal Arya","2026-09-02 05:22:56",372.7,2,pranjalaryaa
6137,16701902,"Matthew Souza Chong","2026-08-11 05:58:50",372.5,2,matthewsouzachong
6138,16669725,chosunghwan,"2026-08-06 03:52:24",372.4,1,chosunghwan
6139,16718662,Safin,"2026-08-22 17:50:27",372.3,2,safinlynx
6140,16657658,"Esther Usman","2026-08-25 23:45:50",372.1,2,estherusman
6141,16641140,NITISH_GOYAL1,"2026-08-27 06:42:29",371.9,2,nitishgoyal1
6142,16623739,SarsaShen,"2026-08-05 07:12:00",371.9,2,sarsashen
6143,16800950,"Mani Kanta Kalluru","2026-09-02 11:50:46",371.9,2,manikantakalluru
6144,16661690,codefusiondu,"2026-08-06 04:53:25",371.8,2,codefusiondu
6145,16665252,"Harsh Katara","2026-08-05 06:51:14",371.7,1,harshkatara
6146,16676974,"Deveshwar U","2026-08-31 01:10:42",371.7,2,deveshwaru
6147,16662967,"Amalio Gomez","2026-08-04 22:07:16",371.5,1,amaliogomez
6148,16734894,"MP Gamimg","2026-08-26 14:47:08",371.5,2,okadahiroshi
6149,16658320,"Justin Eight","2026-08-27 07:29:52",371.4,2,justineight
6150,16714159,Lonnie,"2026-08-24 14:12:47",371.3,2,lonnieqin
6151,16777515,Abhimanyu21,"2026-08-27 13:33:38",371.2,2,abhimanyu21
6152,16808233,"Yash Hingane","2026-09-02 11:50:27",370.8,1,yashhingane
6153,16667033,"Geethika Sandireddy","2026-08-15 07:04:31",370.7,2,geethikasandireddy
6154,16659533,"Pavan Desai","2026-08-10 16:29:20",370.3,2,pavancdesai
6155,16692084,"Kaggri Farmers","2026-08-29 19:47:29",370.0,2,"jayant99acharya,satvikkolluru"
6156,16767709,"Mike Anderson","2026-08-28 20:55:43",369.8,2,manderson240
6157,16683136,"Stefano Ciaci","2026-08-16 14:47:29",369.5,2,stefanovcciaci
6158,16670812,"Brian Toman","2026-08-09 15:56:22",369.2,2,briantoman
6159,16661351,"Adekojo Adeyemi","2026-08-04 15:25:52",369.2,1,adekojoadeyemi
6160,16663351,MiguelS,"2026-08-07 15:25:29",369.0,2,lordm758
6161,16661012,"Tesfahun Feleke","2026-08-30 11:56:04",368.8,2,tesfahunfeleke
6162,16665907,"Jonathan Saina","2026-08-16 14:48:56",368.8,2,jonathansaina
6163,16698739,"Sahrul Adicandra","2026-08-11 04:06:08",368.6,2,sahruladicandra
6164,16655446,"Ismael Omar Leonidas Hurtado Vargas","2026-08-04 00:07:01",368.4,1,ihurtadov
6165,16666115,"Iam Intolerable","2026-08-06 07:48:28",368.2,2,iamintolerable
6166,16674394,"Ishant Mittal","2026-08-08 09:24:57",367.7,2,ishantmittal95
6167,16664469,"Thorlapati Nikhil","2026-08-11 19:11:09",367.7,2,thorlapatinikhil
6168,16677732,"Alessandro Mermali","2026-08-06 20:52:35",367.5,2,alessandromermali
6169,16666056,"sarthak gupta1303","2026-08-05 11:01:04",367.3,2,"sarthakgupta1303,sathviktummalapenta"
6170,16656732,"Shivam Kashyap","2026-08-04 05:28:03",367.0,1,shiyan0090
6171,16661068,ZeViX,"2026-09-02 08:24:10",366.8,2,"codinggeek101,vedantkhete"
6172,16694264,"Vansh Visariya","2026-08-10 09:00:11",366.7,2,vanshvisariya
6173,16623405,nbarlow,"2026-08-12 20:01:08",366.6,2,nickbarlow
6174,16672020,"Arum Puri ","2026-08-18 14:03:33",366.0,2,arumpuri
6175,16655621,xia0910,"2026-08-08 11:03:21",365.9,2,xia0910
6176,16658450,"Krish Singh","2026-08-05 16:11:00",365.8,2,krishsingh2283
6177,16668453,"Kawish Hassan","2026-08-05 16:51:03",365.6,2,kawishhassan
6178,16659865,Rithikaaaaah,"2026-08-17 07:09:08",365.5,2,rithikaaaah
6179,16666171,"JD Crew","2026-08-06 12:52:58",365.5,2,"abhijnanpodder,ahsafabid"
6180,16682632,Sebastiaan,"2026-08-27 18:24:40",365.5,2,sebastiaanreinders
6181,16706591,"Poorvi Shetty","2026-08-20 05:06:12",363.9,2,poorvishetty1
6182,16659523,"Ahmad Khidir","2026-08-27 22:33:31",363.9,1,ahmadkhidir
6183,16689841,Pavani2325,"2026-08-08 10:00:56",363.8,2,pavani2325
6184,16682345,Gordy,"2026-08-31 07:39:13",363.6,2,gordyii
6185,16775010,"Alexey Kuznetsov","2026-08-27 13:49:22",363.2,2,legtarrr
6186,16692639,"Bharat Kumar0925","2026-08-10 08:58:47",363.2,2,bharatkumar0925
6187,16662054,"phantom of shubh","2026-08-11 07:54:46",362.6,1,shubhamkumar123490
6188,16663738,"Handre Bezuidenhout","2026-08-04 23:27:08",362.3,2,handrebezuidenhout
6189,16660308,zhangzhenman,"2026-08-25 06:14:26",362.1,1,zhangzhenman
6190,16655811,"Duy Trần","2026-08-04 08:23:27",361.9,1,duyqtrn
6191,16660568,Fascetta,"2026-08-07 20:48:53",361.8,2,fascetta
6192,16661639,"Jayanth Kumar D","2026-08-06 13:36:46",361.8,2,jayanthkumard
6193,16675048,Wizard_King,"2026-08-06 19:35:41",361.7,2,anshumanrayy
6194,16768551,"AAYUSHMAAN SINHA","2026-08-25 02:43:00",361.7,2,aayushmaansinha
6195,16727044,"Kai Leisten","2026-08-16 10:19:42",361.6,2,kaileisten
6196,16749568,"Nana Hung","2026-08-23 02:17:34",361.5,2,nanahung
6197,16660313,Ctrl+Code,"2026-08-12 15:22:04",361.3,1,"jayashankar369085,parnikasm"
6198,16659939,"Mouafak Dakhlaoui","2026-09-02 10:07:25",360.3,2,sharmoul
6199,16660658,Shlok_Sharma0001,"2026-08-19 09:31:48",360.2,2,shloksharma0001
6200,16655919,"Tạ Minh Lễ","2026-08-04 06:46:45",360.2,2,tminhl
6201,16655729,"Arnab Mallick","2026-08-04 02:41:48",359.8,2,arnabmallick24
6202,16657729,"Kandregula V S S V P Krishna Murthy","2026-08-08 15:29:35",359.8,2,kkandregula
6203,16660996,"Thịnh Nguyễn Chí Tiến","2026-08-08 01:49:40",359.6,2,thnhnguynchtin
6204,16784605,"Iniyan M D R","2026-08-28 13:53:22",359.4,1,iniyanmdr
6205,16671959,"Sintu Verma","2026-08-09 05:44:56",359.2,2,sintuverma
6206,16662495,Earth,"2026-08-15 10:54:03",359.2,2,earthearth
6207,16758426,"Attique Ansari","2026-08-22 11:50:42",359.0,2,attiqueansari
6208,16767037,"Yubraj Sigdel","2026-08-24 15:45:56",358.8,1,yubraj11
6209,16768174,lambdap,"2026-08-25 07:12:50",358.2,2,lambdap
6210,16664718,Vedika_,"2026-08-11 18:28:09",358.1,1,lighjt
6211,16755632,"Adarsh Yadav","2026-08-21 16:34:37",358.0,1,adarsh12yadav
6212,16646318,"I wanna Die","2026-08-18 18:28:29",357.8,2,chrisopherjoshy
6213,16676416,"Abhishek Mishra","2026-08-10 10:09:30",357.7,2,abhishekmishra23
6214,16707749,Yuzu,"2026-09-01 01:15:24",357.3,2,yuzuoctopus
6215,16724976,Soham,"2026-08-18 11:28:07",357.1,2,soham308
6216,16725769,NikunjMakhija_,"2026-08-19 13:01:57",357.1,2,nikunjmak
6217,16660473,"Owen M Kelley","2026-08-10 00:53:11",357.0,2,owenmkelley
6218,16786140,valgrinderror,"2026-08-31 15:33:36",356.7,1,valgrinderror
6219,16732280,"Akarsh kumar shukla","2026-08-18 20:38:35",356.6,1,akarshkumarshukla
6220,16628190,Horizonx30,"2026-08-09 18:06:56",356.6,2,horizonx30
6221,16682229,"mayuri sarangi","2026-08-29 14:03:36",356.6,2,mayurisarangi
6222,16711497,"Korvi sai kumar","2026-08-13 08:02:21",356.5,1,korvisaikumar
6223,16689923,Dhinesh,"2026-08-09 08:39:37",356.4,2,dhineshwarrs
6224,16656351,"Triet Ho","2026-08-07 07:27:33",356.2,2,trietho247
6225,16661212,AnkitRaj4004,"2026-08-23 13:17:37",356.2,2,ankitraj4004
6226,16659558,Ayuroshbo,"2026-09-01 06:47:37",356.1,2,ayuroshbo
6227,16719709,Rishiii360,"2026-08-18 03:46:23",355.6,2,rishiii360
6228,16698591,FestusKipkoech,"2026-08-28 18:58:28",354.5,2,festuskipkoech
6229,16682386,"Charbel Nehme","2026-09-01 00:09:46",354.3,2,charbelnehme
6230,16778327,WangYingChen,"2026-08-28 03:11:28",354.1,1,wangyingchen
6231,16691936,"Adhar Chaudhari 07","2026-08-09 08:13:35",354.0,2,adharchaudhari07
6232,16669535,sakshitantak,"2026-08-08 05:16:32",354.0,2,sakshitantak
6233,16679827,Juanky_too,"2026-08-27 11:13:42",353.7,1,juankytoo
6234,16687403,"Raja Sai Vardhan","2026-08-09 08:19:22",353.7,2,rajasaivardhan
6235,16763916,"Mohamed Nchourupouo","2026-08-24 09:28:47",353.6,2,mohamednchourupouo
6236,16677312,"Kavuri Sravya","2026-08-19 02:33:01",353.0,2,kavurisravya
6237,16660341,"Nefise Aybar","2026-08-04 12:37:29",352.9,2,nefiseaybar
6238,16800468,Vaishnavi,"2026-09-01 11:13:30",352.0,1,vaishnavisri09
6239,16729572,"Aswin Ramanathan","2026-08-17 16:17:38",351.9,1,aswinramanathan
6240,16766274,"Satwato Dey","2026-08-28 08:35:12",351.2,2,satwato
6241,16715576,bhavnachavda21,"2026-09-02 08:23:33",351.2,2,bhavnachavda21
6242,16681177,"Ivan Kevin Garcia Hernandez","2026-08-17 19:25:34",351.0,2,jedilgh
6243,16672689,"Yusuf Yemez","2026-08-06 06:51:07",350.9,1,yusufyemez
6244,16765805,"sayyad karimun","2026-08-25 10:14:26",350.8,1,sayyadkarimun
6245,16670881,"Amir Y. Sajjadi","2026-08-05 23:56:26",350.5,1,amirysajjadi
6246,16740191,"Arjun Dhillon","2026-08-19 15:15:57",350.4,2,arjundhillon07
6247,16668271,"Shashank Raj","2026-08-06 14:27:00",350.2,2,ssr6156
6248,16721849,ayushai8714,"2026-08-28 09:36:41",350.0,2,ayushai8714
6249,16735080,"SARTHAK PATIL","2026-08-24 15:57:55",350.0,2,sarthakpatil23
6250,16757557,BitxWolf,"2026-08-22 19:06:48",349.7,2,bitxwolf
6251,16706181,"Juvenal Pedro Baptista","2026-08-16 14:58:40",349.5,2,juvenalpedrobaptista
6252,16694673,"B T Chinmayi","2026-08-27 19:47:10",349.3,2,btchinmayi
6253,16720606,Williamtime,"2026-08-17 03:11:34",349.0,2,williamtime
6254,16756868,"Anisha Maurya","2026-08-31 19:59:05",349.0,2,anishamaurya
6255,16714418,AdriMonFer,"2026-09-01 12:15:21",348.6,2,adrimonfer
6256,16681801,majj,"2026-08-11 03:07:46",348.6,2,m313786372
6257,16693821,"DARSHAN A","2026-08-11 18:02:26",348.3,2,ad12345kag
6258,16713319,"David Tilman","2026-08-12 18:56:13",348.3,2,davidtilman
6259,16700187,"adrian purnama","2026-08-10 10:50:45",347.9,1,adrianpurnama
6260,16621533,"Vladislav Kartashov","2026-08-24 14:20:31",347.8,2,phoenix0501
6261,16630545,"GAURAV PARKHEDKAR","2026-08-01 07:00:23",347.8,2,gauravparkhedkar
6262,16686700,"Hakkı selim Ak","2026-08-07 17:06:03",347.6,1,hakkselimak
6263,16784538,"mou1234568 fdsfds","2026-08-28 18:05:29",347.6,2,mou1234568fdsfds
6264,16671256,"Navid Zaman","2026-08-26 17:20:02",347.3,2,navidzaman01
6265,16725938,"Ben Cheng","2026-08-17 18:39:38",347.2,2,benczb
6266,16665360,"Ayush Bhadauria","2026-08-19 11:11:51",346.9,2,ayushbhadauria50
6267,16757233,"Tet Toe Wai","2026-08-24 07:51:45",346.6,1,tettoewai
6268,16707702,"anton leyn","2026-08-27 18:40:04",346.3,2,antonleyn
6269,16667406,"Abdulrahman AlAsali","2026-08-05 13:20:41",346.2,1,abdulrahmanalasali
6270,16728948,L3MG,"2026-08-16 21:17:06",346.1,2,lemgyy
6271,16652970,"Abhay sarkar","2026-08-05 14:40:05",346.0,1,abhaysarkarai
6272,16623730,"Ethan Higgins","2026-07-31 02:25:21",345.8,2,ethanhigginz
6273,16707118,"DEVEN BAGADE","2026-08-11 11:24:10",345.7,2,devenbagade
6274,16654430,"Rishoban Y","2026-08-07 13:46:37",345.7,1,rishoban
6275,16659529,"Sanchit Jain","2026-08-05 05:58:55",345.2,2,sanchit1609
6276,16659415,PincheCabrón,"2026-08-17 17:34:01",345.1,2,pinchecabrn
6277,16665661,Ikhbar,"2026-08-05 09:50:57",345.0,2,ikhbar
6278,16682908,"Masha Mashallah","2026-08-12 14:01:15",344.8,1,mashamashallah
6279,16728465,"Abdurrahman Assegaf","2026-08-16 12:13:15",344.5,2,amanshop
6280,16729246,"Ayodeji Akinola","2026-08-29 19:45:30",344.2,2,ayodejiakinola
6281,16667042,"Adarsh Mukundan","2026-08-07 17:12:28",344.2,1,aadarshmukundan
6282,16802028,Dong,"2026-09-02 03:17:23",344.1,2,protostar
6283,16632620,"[Deleted] d9d74cbb-c76e-4fbb-a4bf-35e25b48627d","2026-08-08 16:00:16",343.6,2,del=c21e6a8a03ad3b3c
6284,16652899,Isha,"2026-08-22 05:51:50",343.6,2,aarohi20
6285,16784712,SIDDpat,"2026-08-30 08:13:50",343.5,2,siddpat
6286,16732409,kawhi0.0,"2026-08-18 17:53:51",343.3,1,kawhi00
6287,16691813,Hyezir4,"2026-08-10 08:36:47",343.2,2,hyezir4
6288,16711348,ticoraph,"2026-08-21 18:55:56",343.1,2,ticoraph
6289,16721533,"Lakshya Sharma","2026-08-16 06:01:34",343.1,2,lakshyasharma007
6290,16726021,"The Farm Game","2026-09-02 13:23:00",343.0,2,"tacostew,thomasbower6"
6291,16758987,"Irtaza Ahmed Khan","2026-09-02 13:13:48",343.0,2,yrrebeere
6292,16777607,"je nap","2026-08-30 01:56:28",342.9,2,johnenapoles
6293,16669576,"zarnab waheed","2026-08-17 19:20:34",342.9,2,zarnabwaheed
6294,16660543,"BUTUH DUIT","2026-08-06 07:39:16",342.5,2,abulkahfi
6295,16664147,JordanM10,"2026-08-05 19:54:08",342.1,1,jordanm10
6296,16769212,"jason vetter","2026-08-25 05:48:22",341.9,1,jasonvetter
6297,16705294,"zhenf Liu","2026-08-11 07:51:06",341.5,2,zhenfliu
6298,16745485,"Thamires dos Santos ","2026-08-26 01:39:27",341.3,2,thasantos
6299,16690514,"Aditya #3","2026-08-09 06:29:48",341.2,1,a0x1ab
6300,16691354,"Vedika Gupta","2026-08-08 14:20:25",340.5,1,vedikagupta0
6301,16672138,mostafa69ca,"2026-08-06 05:03:43",340.4,1,mostafa69ca
6302,16653903,Manav2805,"2026-08-04 09:25:08",340.4,2,manav2805
6303,16621557,"Vijay Krishna Lanka","2026-08-26 01:20:53",340.2,2,vijaykrishnalanka
6304,16671942,"JIVRAJ SINGH","2026-08-13 16:54:51",340.1,2,jivrajsingh
6305,16790206,"bogdan chirkov","2026-08-29 19:28:06",339.9,2,bogdannchirkovv
6306,16682454," Vandanaa R","2026-09-02 09:48:24",339.9,2,vandanaar
6307,16666639,"Dheeraj Pranav","2026-08-24 19:38:42",339.8,1,dheerajpranav
6308,16693949,"Eric Worrall","2026-08-16 00:39:43",339.7,2,ericworrall
6309,16623161,"Charles Kalaba","2026-08-08 13:06:02",339.5,2,charleskalaba
6310,16791786,BladeOffline,"2026-08-30 03:42:42",338.8,1,bladeoffline
6311,16701697,"Shadow #2","2026-08-16 12:13:27",338.8,2,chetanagrawall
6312,16683421,"Ruchita Yadav","2026-08-13 18:09:54",338.7,2,ruchitayadav20
6313,16780106,"Mirangga Jakti","2026-08-31 03:41:53",338.6,2,miranggajakti
6314,16652397,"Aniket Kumar","2026-08-06 13:29:50",338.4,2,kalkiavatar3
6315,16732315,"Filip Chladek","2026-08-17 13:37:38",338.3,2,filipchladek
6316,16672670,RonTroy,"2026-08-13 04:46:15",338.3,2,rontroy
6317,16654407,"Serendeep Rudraraju","2026-08-27 11:15:08",337.3,2,serendeeprudraraju
6318,16660992,"Vishnu Vardhan Dumpala","2026-08-05 18:17:30",337.1,1,vishnuvardhandumpala
6319,16678521,"Arina Nevolina","2026-08-06 20:31:22",337.0,1,nevolinaa
6320,16760025,"Mayar Abdelfattah","2026-08-30 18:26:40",336.9,2,"mayarabdelfattah,omarelmaghraby03"
6321,16690308,"Fatima Sarhan","2026-09-02 11:47:13",336.8,2,fatimasarhan
6322,16650070,"jakub slavíček","2026-08-04 12:58:40",336.5,2,jakubslavicek
6323,16780019,"hamza khokhar890","2026-08-27 16:00:18",336.1,2,hamzakhokhar890
6324,16657891,"Joshua Kinnah","2026-08-07 23:00:45",335.8,2,joshuakinnah
6325,16684308,Itsside_jay,"2026-08-07 11:46:48",335.7,1,itssidejay
6326,16734670,Sparsh,"2026-08-22 01:48:51",335.3,2,sparshsinha24
6327,16675037,"Stanislav Pashkov","2026-08-08 20:50:16",335.1,2,stanislavpashkov
6328,16751311,JoangHZ,"2026-08-21 09:18:57",335.1,2,joanghz
6329,16738349,Suna-D,"2026-08-30 14:24:52",334.8,2,sunad0630
6330,16662491,Rudra070311,"2026-08-11 17:06:39",334.7,2,rudra070311
6331,16664218,"Nguyen Vu Tue Khang","2026-08-24 03:32:10",334.5,2,nguyenvutuekhang
6332,16658941,Matts6591,"2026-08-17 07:59:36",334.4,1,mathwithmatt
6333,16696061,Mingyuan2002,"2026-08-28 17:15:00",334.3,2,mingyuan2002
6334,16765570,"Akhand Soni","2026-08-24 12:47:42",334.3,1,akhandsoni
6335,16696644,"Franklin T","2026-08-13 10:28:53",334.1,2,franklin0410
6336,16654253,"Gaius K Biju","2026-08-03 18:51:18",334.0,2,gaiuskbiju
6337,16631989,"VIDIT SHRIMALI","2026-07-31 17:13:46",334.0,1,viditshrimali
6338,16653054,Khongor2424,"2026-08-03 15:32:17",334.0,2,khongorkikaik21
6339,16685996,"Universal Entropy","2026-08-07 16:22:28",333.9,1,fennerjw
6340,16654348,rkeshwani,"2026-08-07 16:17:49",333.8,2,rkeshwani
6341,16712089,"yui seya","2026-08-12 12:17:02",333.4,2,yuiseya
6342,16683284,"Haha Farming","2026-08-07 14:38:04",333.2,1,"akshitharamesh,harinir1423"
6343,16690187,"Amrita Singh","2026-08-08 10:34:51",333.1,2,amrita004
6344,16633330,"danielle Ange","2026-08-12 16:26:03",333.0,2,danielleange
6345,16765488,chenyinheng30,"2026-09-02 01:28:11",332.7,2,chenyinheng30
6346,16712086,"Zubair Shafi","2026-08-16 23:23:04",332.4,2,zubairshafi5050
6347,16662403,"ulaş özen","2026-08-05 19:49:16",332.2,2,ulazen
6348,16676302,Arnav,"2026-08-08 06:10:01",332.2,2,arnav03101
6349,16723046,"Pedro Joás","2026-08-21 18:41:15",331.6,2,pedrojos
6350,16707092,"Asharani Sahu","2026-08-11 11:19:08",331.5,1,asharanisahu
6351,16675218,데미안과마루,"2026-08-18 14:16:13",331.4,2,siver3
6352,16704613,alexbstl,"2026-09-02 09:05:21",330.8,2,alexbstl
6353,16783537,JustinybGao,"2026-09-01 21:23:01",330.3,2,justinybgao
6354,16629403,Galza98,"2026-07-31 10:09:02",329.7,1,galza98
6355,16707179,"Achintya Rai","2026-08-12 11:15:16",329.3,2,achintyarai
6356,16661290,"Kelian Esteve","2026-08-04 14:33:13",329.3,1,kelianesteve
6357,16713082,"Siyam Molla","2026-08-21 11:40:13",329.3,2,siyammolla
6358,16758856,"Ali Zaib","2026-08-27 20:12:02",329.0,2,alizaib001
6359,16658357,heetmehta18,"2026-08-07 13:30:40",328.7,2,heetmehta0000
6360,16641866,"Prem Gandhi","2026-08-06 19:48:18",328.6,2,gprem352
6361,16646076,"Ajeet Krishnasamy","2026-08-04 19:52:27",328.5,2,ajeetkrish
6362,16690163,"Abhay Upadhyay","2026-08-08 18:05:54",327.9,2,abhay18s
6363,16657145,"Shudipto Trafder","2026-08-04 19:25:24",327.4,1,iamsdt
6364,16633982,Nikunj1375,"2026-08-07 08:40:29",327.1,2,nikunj1375
6365,16662659,"Chiziterem Eze","2026-08-11 12:20:48",327.1,2,chiziteremeze
6366,16659453,"Ishwar Rathod","2026-08-06 03:29:27",326.7,2,ishwarrathodofficial
6367,16658489,小出和見,"2026-08-13 23:23:04",326.5,2,kzmk8d
6368,16655875,PLLZ,"2026-08-17 01:11:41",326.3,2,pllzzz
6369,16671566,renmin517,"2026-08-17 07:31:19",326.0,2,renmin517
6370,16659975,"Rahul Sain","2026-08-05 18:54:58",325.7,2,rahulsain2001
6371,16716476,lnssan,"2026-08-20 13:05:18",325.6,2,lukanilssandmayr
6372,16657159,"Amey Malpurkar","2026-08-11 07:35:27",325.6,2,"ameymalpurkar,siddheshsadarao"
6373,16756768,"Sayeed Ibrahim","2026-08-22 01:32:12",325.3,2,sayeedibrahim
6374,16669164,コノウイ,"2026-09-01 14:38:34",325.2,2,nickhu0414
6375,16690055,"Prem Kumar","2026-09-02 05:56:28",325.1,2,premkumar099
6376,16637025,kodalien,"2026-08-10 15:21:00",324.7,2,kodalien
6377,16792780,"Sreekar Reddy","2026-09-01 15:33:38",324.2,2,eshured
6378,16668559,Goups,"2026-08-22 09:11:46",324.1,2,hervrenard
6379,16698562,Kyoko004,"2026-08-11 04:38:18",324.1,1,kyoko004
6380,16624246,"xu j1ayang","2026-08-11 05:12:47",323.7,2,xuj1ayang
6381,16658725,"syed jawad","2026-08-17 08:49:32",323.6,1,syedjawad663
6382,16662913,"IYAMPAYE ribert","2026-08-04 19:01:38",323.3,1,iyampayeribert
6383,16762837,Nagamatsur,"2026-09-01 02:09:16",323.3,2,rihitonagamatsu
6384,16659493,"Ori Glisko","2026-08-09 14:27:44",323.2,2,origlisko
6385,16658676,"Abdul Roheem Abdul Warith","2026-08-04 18:59:04",322.8,1,albasoliyy
6386,16785111,"JEFFREY KIRUBA J ","2026-08-28 18:07:41",322.8,1,jeffreykirubaj
6387,16799769,manyuA,"2026-09-01 08:04:06",322.7,2,"forheuristiclifeksh,manyua"
6388,16777489,"Yousef Elbaz","2026-08-27 11:18:54",322.7,1,yousefelbaz
6389,16668166,Pikachu,"2026-08-05 14:52:15",321.8,2,"arpankumarsinha,phantomboy69,subhojitpaul2006"
6390,16660529,Imaanga,"2026-08-10 11:41:21",321.3,2,imaangababy
6391,16682559,"Punit Pritam Mohanty","2026-08-11 06:21:03",321.2,2,punitpritammohanty
6392,16669411,"Atta Ullah","2026-08-10 13:28:30",320.8,2,attaullahqau
6393,16697373,"Sumit Bhattacharjee","2026-08-29 18:29:11",320.6,2,sumitbhattacharjee
6394,16762940,"Davide Andreolli","2026-08-25 21:39:30",320.5,2,davideandreolli
6395,16682422,"SABBIR HOSSAIN 2029","2026-08-16 14:23:24",320.5,2,sabbirhossain2029
6396,16632841,AGG,"2026-09-02 12:52:29",320.5,2,aleixgim
6397,16730870,"Jiang Ryan","2026-09-01 00:27:14",320.2,2,jiangryan
6398,16770154,Florian,"2026-09-01 14:55:06",319.9,2,ftusek
6399,16798347,"Mr Michael Chung","2026-09-02 00:38:06",319.5,1,mrmichaelchung
6400,16659060,Pratham3gewg,"2026-08-06 18:26:51",319.2,2,pratham3gewg
6401,16698920,"Rishabh Bhartiya","2026-08-12 13:48:26",319.2,2,rishabhbhartiya
6402,16663600,"Adrián Flores","2026-08-05 00:38:36",318.8,2,foward2892
6403,16661955,Bingos,"2026-08-05 11:43:07",318.5,2,bingos
6404,16656506,"Piyush Harde","2026-08-04 12:54:26",318.4,2,piyushharde
6405,16702052,"Beny Pratama Putra","2026-08-12 16:18:20",318.4,2,benypratamaputra
6406,16792188,anisotropies,"2026-08-30 07:36:28",318.4,2,achan31
6407,16666316,adityakr1001,"2026-08-05 09:33:41",318.2,1,adityakr1001
6408,16766823,suikkee,"2026-09-02 05:05:50",317.9,1,suikkee
6409,16634769,Fivingone,"2026-08-03 03:47:43",317.4,2,fivingone
6410,16665758,"Oladipo Bashir","2026-08-31 10:23:51",317.3,1,oladipobashir
6411,16761681,"Ming Myung","2026-08-24 05:12:56",317.1,2,vanhaminhquan
6412,16659581,"isah ridwan","2026-08-07 09:02:00",317.1,2,isahridwan
6413,16778585,Deepa,"2026-09-02 06:03:53",316.5,2,deepa42639
6414,16676305,JTHEFROG,"2026-08-08 12:09:45",316.4,2,joshyuasa
6415,16723487,RoboDavo,"2026-08-19 00:36:17",315.9,2,robertdavidson1911
6416,16632319,Valentin,"2026-07-31 21:14:24",315.9,1,vaha94
6417,16797284,Alice7371,"2026-08-31 17:58:22",315.9,1,alice7371
6418,16682623,"Aditya Paul","2026-08-14 12:44:45",315.9,2,adityapaul634
6419,16689926,"Yongxiang Zhao #2","2026-08-12 03:33:27",315.6,2,yongxiangzhao
6420,16662861,"Chirag Tutlani","2026-08-04 19:13:05",315.1,1,chiragtutlani
6421,16746121,Nononoi,"2026-08-21 07:18:02",314.9,1,nononoi
6422,16725135,"clement cg","2026-08-19 07:54:00",314.8,2,clementcg
6423,16661276,Middle,"2026-08-29 04:36:49",314.7,2,aydagul
6424,16658990,"Muhammad Burhan SE-45-02","2026-08-07 04:26:18",314.7,2,muhammadburhanse4502
6425,16624073,Maruichi01,"2026-08-14 16:03:02",314.4,2,"maruichi01,ppocharl,puws06,tatsukisato,unikina"
6426,16762045,ADV,"2026-08-23 13:28:56",314.3,1,shuntianjiang
6427,16739918,POLAROID_86,"2026-08-18 21:56:04",314.2,2,polaroid86
6428,16655003,"Paramjeet Kaur","2026-08-04 21:09:02",314.2,1,kauxp26
6429,16655315,SL,"2026-08-13 01:50:18",313.8,2,xndr007
6430,16661879,"Pham Truc","2026-08-07 07:21:46",313.6,1,genti1206
6431,16759726,Phoenix,"2026-08-22 19:43:10",313.0,1,seanht1
6432,16732355,"Nagesh gite","2026-09-02 05:56:36",312.8,2,"kuberb,nageshgite,vasugupta1121"
6433,16668331,"Maitreya Mohapatra","2026-08-19 01:42:53",312.7,2,maitreyamohapatra
6434,16657104,"Bashar Gamal","2026-08-17 00:04:56",312.2,2,bashargamal
6435,16684223,"Aayush Shah","2026-08-13 17:57:28",312.0,2,aayushshah265
6436,16659804,"Gashahun Demise","2026-08-04 13:23:20",312.0,2,gashahundemiset
6437,16745419,elren,"2026-08-27 08:31:36",311.6,2,elrensmin
6438,16748410,Lemons,"2026-08-21 19:44:07",311.4,1,takahiromatoba
6439,16762084,"Krishna Lokhande","2026-08-23 14:08:48",311.1,1,krishnalokhande8080
6440,16683075,"Manuel lasarte León","2026-08-26 19:06:58",311.1,2,manuellasarte
6441,16742149,"Ankith Savio","2026-08-31 07:14:34",311.0,2,weedoo
6442,16784225,sulala,"2026-08-29 08:51:26",310.8,2,sulala
6443,16741555,"Rushikesh Shirwalkar","2026-08-19 11:02:46",310.3,2,rushikeshshirwalkar
6444,16684168,"Roaya Saed","2026-08-10 14:36:20",310.2,1,roayasaed
6445,16748092,Luckshith,"2026-08-20 12:59:43",309.9,2,luckshith
6446,16668464,Mauro,"2026-08-05 15:57:27",309.6,2,ilmaurino
6447,16724204,chestnut,"2026-08-21 02:15:17",309.2,2,yskkrbysh
6448,16658620,"Dina Chettouh","2026-08-04 09:13:27",309.0,2,dinachettouh
6449,16658065,"Parul Mittal","2026-08-06 13:55:51",308.7,1,pisces83
6450,16652276,Phare111,"2026-08-04 15:09:55",308.1,1,phare111
6451,16796241,"pavan rajr","2026-09-02 11:17:58",308.1,2,pavanrajr
6452,16733752,Abhi,"2026-08-17 19:34:16",308.1,1,zeroday19
6453,16770777,"Oscar Legoupil","2026-08-26 05:56:00",307.9,1,oscarlegoupil
6454,16795163,"Nguyễn Đỉnh","2026-09-02 01:50:55",307.7,2,nguyendinh1507
6455,16793148,"Hoàng Trung Nguyễn","2026-09-01 08:08:00",307.7,2,hongtrungnguyn
6456,16686316,"Ali mohon","2026-08-07 16:16:43",307.0,2,alimohon
6457,16775771,"Ewia Tng","2026-08-31 15:40:23",306.7,2,ewiatng
6458,16656881,"Eugene Nyondo","2026-08-30 22:33:50",306.7,2,eugenenyondo
6459,16783872,"Soupau Lev","2026-09-01 09:50:33",306.6,1,olivierauffret
6460,16668333,VishalVivek,"2026-08-07 09:46:17",306.0,1,vishal14332
6461,16799023,"Alkava Ind","2026-09-02 06:43:25",306.0,2,alkavaind
6462,16789486,TanjiahaoXX,"2026-08-29 07:47:37",305.9,1,tanjiahaoxx
6463,16660579,mayank,"2026-08-06 14:41:12",305.8,2,mayank921
6464,16708246,StudyForUse01,"2026-08-11 16:58:19",305.7,1,studyforuse01
6465,16793134,sawasawasawa,"2026-08-30 13:03:25",305.4,1,yukisawamura
6466,16740795,Yanshaoo2026,"2026-08-19 08:40:17",305.0,1,yanshaoo2026
6467,16738810,mararaa,"2026-08-25 06:54:40",304.8,1,mararaa
6468,16686789,Hay-gent,"2026-08-18 19:00:36",304.6,2,"alagusuriyas,gayathrisrimai"
6469,16622245,"Vlas Veles","2026-08-18 17:17:10",304.4,1,vlasveles
6470,16805940,Foxure,"2026-09-02 01:51:47",304.2,1,foxure
6471,16809136,"Xander Lee","2026-09-02 12:51:10",304.1,1,xndlee
6472,16657426,"M.Mukunda Reddy","2026-08-17 06:18:11",303.8,2,mmukundareddy
6473,16656198,N9uy3nPham,"2026-08-06 10:56:04",303.7,2,n9uy3npham
6474,16659203,"Praful Nayak","2026-08-05 08:17:06",303.6,2,prafulnayak2003
6475,16678362,"Mitiku Yohannes","2026-08-07 00:00:37",303.6,2,mitiku
6476,16794647,"Michael Cahill","2026-09-01 07:46:28",303.5,2,michael1232
6477,16690882,"Meet P. Shah","2026-08-30 13:51:02",303.3,2,meet47
6478,16688231,"Antoine Matemane Mahirwe","2026-08-10 19:40:15",303.1,2,antoinemah
6479,16667700,"Omar Mohammad","2026-08-05 15:52:54",302.6,2,omarmohammadw
6480,16778947,mart3104,"2026-09-01 13:06:05",302.1,2,mart3104
6481,16706312,"shabbar taj","2026-08-11 16:35:57",302.0,2,shabbartaj
6482,16623533,xthixsl_ml,"2026-08-18 04:17:18",301.8,2,xthistle999
6483,16683998,"Mahoraga save me","2026-08-07 22:09:22",301.6,2,yqngyv
6484,16651668,Haiku,"2026-08-05 06:28:54",301.2,2,yangjiefu
6485,16790992,"Matthew Knyazev","2026-08-29 17:53:40",300.9,1,matthewknyazev
6486,16656595,"Sithija Amarathunga","2026-08-04 10:09:50",300.7,2,sithijaamarathunga
6487,16665243,"Harshit Jha","2026-08-05 13:40:16",300.6,2,harshitjha28
6488,16643821,"arnav chaturvedi123","2026-08-02 22:16:08",300.3,2,arnavchaturvedi123
6489,16665114,"Francesco Benincasa","2026-08-05 09:56:52",300.0,2,francescobenincasa
6490,16661213,"Daniel Siersleben","2026-08-05 12:53:41",299.9,1,danielsiersleben
6491,16687151,harshi101,"2026-08-08 06:32:37",299.8,2,harshi101
6492,16718890,"Andy Symonds","2026-08-19 23:04:11",299.2,2,andyivanhoe
6493,16655734,dworld,"2026-08-05 04:13:18",299.2,2,jagdishhalde
6494,16701143,macneil,"2026-08-14 14:53:54",299.1,2,macneil
6495,16808020,Pulkitt.Arora,"2026-09-02 09:37:58",299.1,2,pulkittarora
6496,16748712,"Amit Kumar Gupta","2026-08-21 13:33:00",299.1,2,eramitg
6497,16803032,"varshitha kolupuri","2026-09-01 14:05:06",298.6,1,varshithakolupuri
6498,16713204,Mohamedg,"2026-08-24 23:15:06",298.5,2,mohamedgcroesus
6499,16713601,"Omar spok","2026-08-19 13:27:13",298.5,2,omarspok
6500,16724743,"Dr. James Gambrah","2026-08-17 08:48:47",298.4,2,jamesgambrah
6501,16744954,charley8,"2026-08-22 06:23:36",298.2,2,charley8
6502,16665719,"[Armenia] Narek Petrosyan1","2026-08-05 07:49:34",298.1,1,narekpetrosyan1
6503,16670185,"Odilon Yehouenou","2026-08-13 20:23:58",298.1,2,odilonyehouenou
6504,16684191,"Patel Aryan D","2026-08-10 07:36:13",298.1,2,patelaryand
6505,16754845,"LG Music","2026-08-21 22:48:01",297.9,1,lgmusic
6506,16623823,"Julieta Rubis","2026-07-31 04:45:53",297.5,2,julietarubis
6507,16663253,"Albert Benjamin Asare","2026-08-06 19:29:05",297.3,2,albertbenjaminasare
6508,16711610,cc_z_kaggle,"2026-08-12 09:33:23",297.0,1,cczkaggle
6509,16761324,WLYYYo,"2026-08-23 18:10:35",296.9,2,wlyyyo
6510,16730653,"Daham Dissanayake","2026-08-21 03:17:15",296.8,1,"dahamdissanayake,dinuginimnara"
6511,16677629,"XIE Jintao","2026-08-06 18:47:28",296.5,2,xiejintao
6512,16632795,"vishwottam kudekar","2026-08-05 18:19:02",296.4,1,vishwottamkudekar
6513,16765329,"Bart Woz","2026-08-31 14:18:24",296.3,2,bartwoz
6514,16657378,doteeee,"2026-08-14 11:43:40",296.1,2,narendra
6515,16736084,"Kaishang Zhang","2026-09-02 13:26:44",296.0,2,kaishangzhang
6516,16708480,"Omar M.Moustafa","2026-08-11 18:55:58",295.8,2,omarmmoustafa
6517,16649650,"Ashish Barnawal","2026-08-11 04:08:04",295.0,1,klein4
6518,16748206,ArtlexYang,"2026-08-25 08:43:28",294.8,1,artlexyang
6519,16669523,Jackson55171,"2026-08-05 18:21:00",294.6,2,jackson55171
6520,16781276,"Nikita Greben","2026-08-27 23:11:35",294.4,2,justnik77
6521,16659696,"Lakshyaraj Singh Rathore","2026-09-01 04:57:55",294.3,2,lakshyarajrtm
6522,16761731,"James Hu","2026-08-23 17:50:28",294.2,1,cnjameshu
6523,16655508,bigsea,"2026-08-04 01:31:58",293.8,2,sakamakihiromi
6524,16725288,mustafasadiqi,"2026-08-15 12:26:35",293.4,1,mustafasadiqi
6525,16657440,Lz7_129,"2026-08-04 15:26:01",293.2,1,lz7129
6526,16676084,"Abir Majdi","2026-08-24 00:24:35",292.8,2,abirmajdi
6527,16660144,"Léandre ELISHA","2026-08-09 12:25:44",292.8,2,landreelisha
6528,16662105,PunnatatJAY,"2026-08-04 16:22:50",292.6,1,punnatatjay
6529,16670674,"Foodle Jang","2026-08-19 22:14:34",291.8,2,foodlejang
6530,16740950,Shaw,"2026-08-23 10:07:14",291.7,2,shaw06
6531,16661587,"Debashis Mohapatra","2026-08-05 09:05:50",291.6,2,debashismohapatra
6532,16663459,"Cristian Yeanpaul Palomino Calderon","2026-08-06 04:14:17",291.6,2,dawo0t
6533,16645300,szyulian,"2026-08-04 04:42:36",291.3,1,szyulian
6534,16695733,"Imad Zaanine","2026-08-11 02:11:15",290.9,2,imadzaanine
6535,16762167,"Arkoday Roychowdhury","2026-08-24 01:29:19",290.4,2,arkodayroychowdhury
6536,16752153,zhao569,"2026-08-27 03:57:59",290.2,1,zhao569
6537,16661231,"R Ajay Kumar12","2026-08-04 14:12:11",290.2,1,rajaykumar12
6538,16658152,MingSUN007,"2026-08-04 13:46:29",290.1,2,mingsun007
6539,16772388,XiaozhenWu2002,"2026-08-29 16:21:55",289.4,2,xiaozhenwu2002
6540,16730326,atsushi11o7,"2026-08-21 15:47:31",289.4,1,atsushi11o7
6541,16660471,"Obsessed Beings","2026-08-24 16:44:48",288.9,2,"meur99,muhammedsaeed315,obsessedbeing,studentwork01"
6542,16738539,"Sharath S","2026-08-21 05:19:45",288.3,2,akicodes
6543,16755126,"David ter Kuile","2026-08-21 14:01:59",288.2,2,davidterkuile
6544,16677788,DorianCo,"2026-08-06 18:10:06",288.1,2,dorianco
6545,16660957,CREVATEC,"2026-08-11 09:30:33",288.1,2,"olakunleolalekan,samueloladeji"
6546,16671302,"Pratish Chaudhary","2026-08-10 00:35:01",287.5,1,pratishchaudhary
6547,16751488,Klixel,"2026-08-21 03:35:28",287.4,1,klixel
6548,16654306,Shubham,"2026-08-03 19:09:40",287.3,2,sanjayshubham24
6549,16758090,"JOYMIE TALICUAD","2026-08-22 10:07:40",287.2,1,joymietalicuad
6550,16635681,"Shubham Phapale","2026-08-09 04:17:07",286.9,2,shubhamphapale
6551,16683428,"Darsh Jilka","2026-08-19 09:03:08",286.5,2,darshjilka
6552,16707372,"zidu cheng","2026-08-11 13:30:40",286.3,1,ziducheng
6553,16678355,"Tanuj Saxena","2026-08-07 10:10:24",286.2,2,tanujsaxena
6554,16707941,ニイエチカイン,"2026-08-14 15:28:42",286.2,2,j4ck99
6555,16683970,"Zakhar Homyakov","2026-08-07 11:14:41",286.1,2,zakharhomyakov
6556,16711673,losingself,"2026-08-12 09:07:45",285.8,1,level14taken
6557,16747086,Karma_350234,"2026-08-20 09:56:52",285.6,1,karma350234
6558,16658888,NovaBytes,"2026-08-06 07:06:34",285.4,2,"drashtisingh14,kjjkjjk3107"
6559,16690161,"Sudipto Event","2026-08-11 09:25:00",285.4,2,sudiptoevent
6560,16740800,"Shiva Sai","2026-08-19 03:54:27",285.3,1,shivasai846
6561,16676501,"[Deleted] cf820879-5b51-45ff-9f0a-1d88833299b5","2026-08-08 08:32:10",285.1,2,kamraanmulani
6562,16790545,Adnane,"2026-09-01 02:18:09",284.9,2,adnaneel
6563,16659572,"ABHILASH PRAHARAJ","2026-08-04 11:24:21",284.8,1,abhilashpraharaj
6564,16728152,"Kenji Tai","2026-08-16 18:27:33",284.7,2,kenjitai
6565,16762081,VKAUL3,"2026-08-23 12:09:08",284.7,1,vkaul3
6566,16669314,"Editor Jugnu AI","2026-08-18 10:06:41",284.5,2,editorjugnuai
6567,16654853,"Saketh Rao","2026-08-03 21:43:14",284.5,1,sakethrao
6568,16699790,Aryanpal07,"2026-08-16 12:28:53",284.4,1,aryanpal07
6569,16707228,"Milind Bansal","2026-08-11 11:45:00",284.0,1,milindbansal18
6570,16712979,"Yusuke Tsukuda","2026-08-12 14:58:39",283.9,1,yusuketsukuda
6571,16686950,"Kittikhun Pachana","2026-08-08 00:16:11",283.8,2,kittikhunpachana
6572,16701041,"Meet Babariya","2026-08-10 14:21:06",283.7,1,meetbabariya
6573,16661469,"Qiqi Xie","2026-08-06 20:53:32",283.7,2,qiqixie123
6574,16677517,justnyoike,"2026-08-10 01:12:56",283.6,2,justnyoike
6575,16771048,"Aditya Pawar","2026-08-25 16:55:04",283.6,1,aditya22102001
6576,16673369,Frame,"2026-08-06 07:59:47",283.3,1,rainorwang
6577,16633483,"benkerrouche abdelbasset","2026-08-07 16:11:50",283.1,1,bassetkerouche
6578,16728350,fajarnadeem808,"2026-08-16 13:07:59",282.8,2,fajarnadeem808
6579,16768507,"Dhanush Ballanki","2026-08-25 00:33:27",282.7,1,dhanushballanki
6580,16687620,Goktug1,"2026-08-24 21:03:56",282.6,2,goktug1
6581,16675863,"Habib ullah","2026-08-28 03:47:07",282.5,2,habibullah123456789
6582,16690494,StevenBeyen,"2026-08-13 07:55:32",282.4,2,beyensteven
6583,16654293,"Jatin N. Soni","2026-08-18 09:59:05",282.2,2,jatinsoni111
6584,16712844,"ray hengbo","2026-09-01 03:35:31",282.1,1,rayhengbo
6585,16660450,"prashant prakash","2026-08-08 09:45:36",282.0,2,prashantprakash28
6586,16684891,SARTHAK,"2026-08-14 19:07:26",282.0,1,s4rth4k01
6587,16772354,"Gleidistony Mendes","2026-08-28 17:50:07",281.8,1,gleidistonymendes
6588,16666512,RexHuang936,"2026-08-07 08:51:41",281.3,2,rexhuang936
6589,16664619,"Trupen Patel","2026-08-30 18:07:04",281.2,2,trupenpatel
6590,16665461,"Krishna Golwala","2026-08-24 18:39:08",281.2,2,krishnagolwala
6591,16703295,Yuting,"2026-08-13 20:42:16",281.1,2,yutinghanuxd
6592,16708091,"Dipak Kumar Samanta","2026-08-11 15:17:04",280.7,1,dipak889
6593,16684875,"Amitrakshar Mukherjee","2026-08-07 13:21:32",280.4,2,amitraksharmukherjee
6594,16672325,Ispagiytiy,"2026-08-06 08:58:30",279.9,2,ispagiytiy
6595,16633833,"mohammad javad Kamali","2026-08-19 05:13:42",279.7,1,mohammadjavadkamali
6596,16678083,"Abdeljalil Idalahaj","2026-09-02 01:50:31",279.6,2,abdeljalilidalahaj
6597,16665704,"Sreesanth M S","2026-08-05 07:12:05",279.6,1,sreesanthms
6598,16680789,Marouane,"2026-08-15 02:41:18",279.5,2,marouanealahyane
6599,16687891,qklent,"2026-08-09 19:44:12",279.3,1,qklent
6600,16798152,"A secretive person","2026-09-02 13:18:48",279.2,1,asecretiveperson
6601,16632145,kazuki_kazukazu,"2026-07-31 14:53:13",279.1,1,kazukikazukazu
6602,16809006,Ilya,"2026-09-02 13:23:05",279.1,1,zhukov
6603,16663387,Ju,"2026-08-05 23:29:38",278.9,2,juziddd
6604,16725104,ManasviVarma,"2026-08-23 10:20:35",278.9,1,manasvivarma
6605,16761994,"Talha Sayyad faim","2026-08-23 11:32:37",278.2,1,talhasayyadfaim
6606,16710929,"Pooja Divekar","2026-08-16 08:22:48",278.0,1,poojadivekar123
6607,16668032,pat999,"2026-08-08 08:30:58",278.0,2,pat999
6608,16625775,liubingxin205,"2026-08-15 06:29:40",277.7,2,"hongjuw,liubingxin205"
6609,16667063,"Amiksha S","2026-08-09 15:16:49",277.7,1,amikshas
6610,16724512,"Diw Gupta","2026-08-21 13:45:51",277.7,1,diwgupta
6611,16676007,"Lao KENAO","2026-08-15 01:15:48",277.7,2,laokenao
6612,16670506,"Juan Andres Bravo Mejia","2026-08-05 21:40:17",277.7,1,juanandresbravomejia
6613,16637845,"Hadjmohamd Seif","2026-08-08 21:47:53",277.4,2,hadjmohamdseif
6614,16745293,Harvey,"2026-08-22 04:20:10",277.3,2,celestia0113
6615,16733204,"Sompalli Akhil Kumar","2026-08-18 10:14:08",277.2,2,sompalliakhilkumar
6616,16723065,"Kaio Castro","2026-08-28 17:24:26",277.1,1,kaiocastro
6617,16762459,GNR_network,"2026-08-23 13:59:19",277.1,1,gnrnetwork
6618,16773545,faithk7u,"2026-08-31 21:57:43",277.0,2,faithk7u
6619,16756743,"Ismail Alli Adekunle","2026-08-21 22:59:18",277.0,1,ismailalliadekunle
6620,16783050,"Charles Chen","2026-08-29 05:33:27",276.9,2,charles2580
6621,16654290,"Srinivasa Ranga","2026-08-17 05:19:41",276.9,1,srinivasaranga
6622,16758007,stoicsatvik,"2026-08-22 12:37:48",276.9,1,stoicsatvik
6623,16679467,"Ahmed Zedan","2026-08-18 00:28:27",276.8,2,ahmedzedan11
6624,16666574,"hrishit prakash","2026-08-05 13:26:37",276.6,2,hrishitprakash
6625,16639684,Rubel,"2026-08-05 18:49:11",276.6,2,rubel01
6626,16656679,"Sadiqa Bibi","2026-08-27 09:52:29",276.6,2,sadiqabibidata
6627,16664157,"Runjie Zhu","2026-08-10 11:49:13",276.5,1,damiendesolei
6628,16698987,"Shree Ashok L","2026-09-01 05:16:16",276.4,2,"praneelbaskar,rishivarathan,santhoshkumarp24,shreeashok72"
6629,16727383,"Minchul Shin","2026-08-20 07:50:37",276.3,1,nashory
6630,16632881,"Brisa Marina","2026-08-07 16:13:15",276.3,1,brisamarina
6631,16798602,fsun,"2026-09-02 13:01:12",276.1,1,franksunp
6632,16659001,"Tim Wanjohi","2026-08-12 11:43:16",276.0,2,timwanjohi
6633,16653997,"Alekya Valapushetty","2026-08-05 13:52:08",276.0,2,alekyavalapushetty
6634,16668024,"Igor Burkov","2026-08-07 04:35:37",276.0,2,igorburkov
6635,16761134,mash3gt,"2026-08-23 06:10:12",275.9,1,shiroguitar
6636,16785789,"Mateus Sousa do Carmo","2026-08-28 21:23:10",275.8,2,mateaadsaf
6637,16678647,"Zorawar Singh","2026-08-06 19:55:53",275.7,2,zorawarsingh677
6638,16676991,"Jack Hopkins","2026-08-19 19:11:37",274.4,2,jackhopkins
6639,16760903,"Derrick Lace","2026-08-23 04:23:40",274.2,2,derricklace
6640,16654318,"Aryan Raj Ayush","2026-08-23 08:34:14",274.2,1,aryanrajayush
6641,16656692,"kinza aftab 714","2026-08-04 05:43:51",274.1,2,kinzaaftab714
6642,16653319,"Md. Rasel Meya","2026-08-06 14:42:18",274.0,2,raselmeya
6643,16644210,"حسنين ساجد","2026-08-07 22:08:44",274.0,2,kutghngf98687er
6644,16649074,nanato,"2026-08-28 04:27:29",273.8,1,nanato
6645,16723050,"Ítalo Albuquerque","2026-08-21 17:23:25",273.3,2,taloalbuquerque
6646,16658700,"szlachetny snieg","2026-08-04 08:48:47",273.2,1,takayukiimoto
6647,16663869,CYBER_TECH99,"2026-08-05 01:40:15",273.0,2,cybertech99
6648,16669756,AlgSaid,"2026-08-05 18:54:07",272.7,1,imabdallah
6649,16748312,C.Ronaldo,"2026-08-25 16:55:33",272.7,2,wzh20050212
6650,16690286,imunderthetree,"2026-08-08 12:25:51",272.7,2,imunderthetree
6651,16707519,"Pradnya Khanse","2026-08-11 12:52:07",272.6,1,pradnyakhanse
6652,16689933,"Anjali Shah","2026-08-17 09:30:28",272.5,2,anjalishah0306
6653,16698399,liuzhangzhen,"2026-08-10 09:49:23",272.4,1,liuzhangzhen
6654,16659698,"Duy Anh Nguyễn","2026-08-07 10:23:27",272.3,1,duyanhnguyn
6655,16657777,"sandeep kumar","2026-08-04 11:41:21",272.2,2,sandeep088
6656,16687574,"Yash Raghuvanshi","2026-08-07 22:09:38",272.2,2,yashraghuvanshi25
6657,16655813,minerppdy,"2026-08-04 06:06:58",272.1,1,minerppdy
6658,16672767,"FasterYouChase FasterIRun","2026-08-09 13:15:12",272.0,2,icoguser
6659,16654067,DataForge,"2026-08-05 10:19:25",271.9,2,"chanduchandini,goriparthiramatulasi,srilakshmipanitini,suryachakradhar"
6660,16664863,zzzhhcc,"2026-08-13 06:15:42",271.9,2,zzzhhcc
6661,16749514,"M Harini","2026-08-20 16:43:59",271.8,1,rvmharini
6662,16659374,"[Deleted] 8f7327b9-2576-439b-bd6e-3f5fde366ebe","2026-08-04 10:12:44",271.7,1,del=8b215115eb53cbc1
6663,16772089,"Ana Riquele","2026-08-26 18:11:38",271.5,2,anariquele
6664,16743603,tanmoypal11,"2026-08-19 15:19:36",271.2,1,tanmoypal11
6665,16778656,Aacceeo,"2026-08-30 23:18:49",271.2,1,aacceeo
6666,16627717,da_pond,"2026-07-31 08:33:57",270.8,1,dapond
6667,16630797,"Seok, Jeongeum","2026-09-02 11:19:20",270.6,2,seokjeongeum
6668,16681959,"shun takinami","2026-08-07 05:43:47",270.4,1,shuntakinami
6669,16623099,"Bovard Doerschuk-Tiberi","2026-07-30 21:04:23",270.4,1,bovard
6670,16769754,daguniang,"2026-08-26 00:44:59",270.2,2,daguniang
6671,16676003,franck,"2026-08-06 14:59:55",270.2,2,bakura
6672,16663191,"Arnav Anand","2026-08-04 19:53:08",269.9,1,arnavair27
6673,16740263,"Scott Weeden","2026-09-02 08:27:43",269.8,2,scottweeden
6674,16665614,MesonLabs,"2026-08-11 06:17:27",269.6,1,mesonlabs
6675,16723075,"Cauã Freitas","2026-08-28 17:35:54",269.4,1,cauafreitas
6676,16723726,"Erika Worrall","2026-08-15 23:09:17",269.1,1,erikaworrall
6677,16672982,"Enes Aytaç","2026-08-14 12:12:24",268.7,2,enesayta
6678,16658761,!Aman212,"2026-08-04 12:10:28",268.6,2,aman9142424
6679,16728249,"Ahmet Kiraz","2026-08-17 07:23:30",268.5,1,ahmetqiraz
6680,16725537,"Ayan Bashir Sheikh","2026-08-15 18:02:07",268.4,2,ayanbashirsheikh
6681,16667691,alexanderctrl,"2026-08-18 10:10:51",268.4,2,alexanderctrl
6682,16719618,Javierrcs,"2026-08-14 13:16:05",268.4,1,javierrcs
6683,16795353,BlurreA,"2026-08-31 06:42:30",268.3,1,blurrea
6684,16695937,Ryckiii,"2026-08-09 13:03:24",268.2,1,ryckiii
6685,16717447,zhiyue666,"2026-08-14 10:09:51",268.2,1,zhiyue666
6686,16714166,"Naman Malik","2026-08-13 04:20:37",268.2,1,"adenijielijah,anapau11,marydata,namanmalik81714"
6687,16691322,"Anita rai98765","2026-08-16 19:05:43",267.9,2,anitarai98765
6688,16789587,"José Luis","2026-08-29 09:54:52",267.1,1,joseluissz
6689,16696266,"Pandarasamy Arjunan (Samy)","2026-08-09 14:16:03",266.7,1,samy101
6690,16630833,"Savan Javia","2026-08-27 08:06:03",266.4,1,savanjaviya
6691,16796678,ka,"2026-08-31 16:16:03",266.1,1,kandruszek
6692,16723467,"Vladas Verkelis","2026-08-15 14:23:42",265.8,1,vlaveris
6693,16729884,"Chaimaa Matrag","2026-08-29 23:52:01",265.8,2,chaimaamatrag
6694,16728366,"Top RL Learner","2026-08-30 18:30:15",265.8,1,forrestxlz
6695,16670004,Zinc-Eater,"2026-08-19 22:50:41",265.4,2,zans7331
6696,16790483,"ivo nahuel jasinskas","2026-08-29 14:08:28",265.0,1,ivonahueljasinskas
6697,16658795,"Case Seller","2026-08-30 06:46:45",264.7,2,caseseller
6698,16659280,"yahaya zayyan","2026-08-04 10:51:16",264.6,1,yahayazayyan
6699,16658383,"SIVA S","2026-09-02 05:45:11",264.5,2,codingmaster24
6700,16660321,syafanidwina,"2026-08-05 00:41:33",264.1,1,syafanidwina
6701,16622943,"Erwin Huizenga","2026-08-21 06:40:50",263.9,2,erwinh
6702,16716407,"Ibrahim Adamu Anka","2026-08-13 09:01:38",263.9,2,ibrahimadamuanka
6703,16714263,Lmfm24,"2026-08-12 20:38:01",263.7,2,lmfm24
6704,16785175,SonOfNike,"2026-08-28 17:20:58",263.7,1,sonofnike
6705,16659387,dharssshiniii,"2026-08-04 09:48:15",263.5,1,dharssshiniii
6706,16675104,"khwaja Moula'Ali","2026-08-06 11:30:49",262.9,1,khwajamoulaali
6707,16666553,DevChheda26,"2026-08-05 09:53:22",262.9,1,devchheda26
6708,16786126,"Max Bloom","2026-08-29 04:32:51",262.8,2,maxbloom
6709,16783521,xiannaix,"2026-08-31 04:14:00",262.7,1,xiannaix
6710,16659900,"Abu Bakr","2026-08-04 18:30:29",262.6,2,mohamed32010
6711,16725615,carside,"2026-08-29 04:49:31",262.5,1,carside118
6712,16668654,"Zharkyn Makhanbet","2026-08-10 18:28:08",262.4,1,imadparadoxi
6713,16661810,AGNES33,"2026-08-16 19:09:18",262.4,2,agnes33
6714,16773358,yogeshgoudapatil,"2026-08-27 14:59:13",262.1,2,yogeshgoudapatil
6715,16632476,"Назар Коваль","2026-09-01 18:18:39",262.1,1,miickey
6716,16774202,Wrs,"2026-08-26 09:21:40",261.8,1,wrsarch
6717,16655786,leavts,"2026-08-04 02:35:50",261.7,1,leavts
6718,16653941,"Sachin Kumar Kushwaha","2026-08-11 08:45:11",261.6,2,sachinkumarkushwaha
6719,16667365,"leul dereje","2026-08-08 06:54:54",261.2,2,leuldereje
6720,16641331,ushi,"2026-08-05 13:33:18",261.0,1,yuki508
6721,16807575,Rf28,"2026-09-02 07:37:24",260.6,2,rehyyy
6722,16635098,"Charvi Upreti","2026-08-15 05:43:59",260.6,1,charviupreti
6723,16689903,wangbohuan,"2026-08-08 09:35:12",260.4,2,wangbohuan
6724,16691583,Caleb,"2026-08-09 14:32:52",260.3,2,collev
6725,16669060,Twansss,"2026-08-15 04:37:59",259.6,2,twansss
6726,16684535,Moonlight,"2026-08-14 15:53:31",259.5,2,rajesh1joc
6727,16644398,Nurkan123,"2026-08-16 21:20:24",259.2,2,nurkan123
6728,16716386,"Dev Marya","2026-08-13 09:26:18",258.7,1,devmarya
6729,16662603,"Shem Gikunda","2026-08-06 17:24:48",258.6,1,shemgikunda
6730,16736202,杨雨灿,"2026-09-02 09:24:09",258.6,1,yucanyang
6731,16685568,Secertive,"2026-08-08 17:59:52",258.1,1,secretiveplotter1863
6732,16656485,stunningvn,"2026-08-05 04:47:11",258.1,2,dedquoc
6733,16671342,"Danh Nguyen 1303","2026-08-09 14:47:52",258.0,1,danhnguyen1303
6734,16662048,"Deekshitha Prabhakar","2026-08-06 18:15:45",257.9,2,deekshithaprabhakar
6735,16663003,devzohaib,"2026-08-04 21:27:30",257.4,1,devzohaib
6736,16743823,"Zeyu Huang_summer","2026-08-19 17:24:11",257.0,2,zeyuhuangsummer
6737,16662066,"Yug Savalia","2026-08-06 19:06:26",256.6,1,"priyankagarg19,yugsavalia"
6738,16748882,gsv,"2026-08-20 16:13:45",256.5,1,ram1o1
6739,16667684,"Tim Neale","2026-08-06 13:01:12",256.2,1,timothyjneale
6740,16702430,"ZeLong Leo","2026-09-02 02:32:43",256.2,2,zelongleo
6741,16677786,"[Deleted] aec7dc1f-59cb-486f-998a-d2407e297536","2026-08-26 13:39:08",255.8,2,del=0fde9ba2630fee3c
6742,16685128,"Rohan Hake","2026-08-10 12:48:36",255.2,2,rohanhake
6743,16655292,"Ingrid Fellah","2026-08-04 06:31:35",254.9,2,ingvor
6744,16791550,Team21,"2026-08-29 23:06:47",254.8,1,"fchen121,muktharam"
6745,16659703,"Ananya #2","2026-08-04 12:00:26",254.5,1,ananyax8
6746,16697020,"Hossam elden Mohamed","2026-08-15 01:13:51",254.2,2,hossameldenmohamed
6747,16700832,Blitz,"2026-08-10 11:37:18",254.0,1,premshinde
6748,16750666,"Mitali Yadav","2026-09-02 07:49:35",253.6,1,mitaliyadav18
6749,16656900,Hxrsh09,"2026-08-10 14:39:46",253.4,2,hxrsh09
6750,16782525,"Ashish Mittal","2026-08-28 05:27:46",253.3,2,ashish1502g
6751,16780411,K.Satwik,"2026-08-27 16:23:04",253.2,2,ksatwik3220
6752,16689364,"Udbhav Purwar","2026-08-11 10:12:00",253.2,1,udbhavpurwar
6753,16623274,Mhmda81,"2026-08-03 00:10:04",253.1,2,mhmda81
6754,16750033,davidw001,"2026-08-20 17:13:07",253.0,1,davidw001
6755,16709957,"Lei Gao","2026-08-12 04:03:42",252.6,1,leigao31
6756,16656633,N25H03A1028,"2026-08-05 05:18:45",252.4,1,pardhusadhu
6757,16658644,"Hitarth Pandey","2026-08-09 03:04:42",251.7,1,hitarthpandey
6758,16687514,Dark_1926,"2026-08-07 20:30:33",251.7,1,dark1926
6759,16665701,ManuelWick-Eckl,"2026-08-27 16:01:18",251.5,2,manuelw
6760,16679904,"Joshua Bensemann","2026-08-16 01:29:23",251.4,1,qazcat
6761,16684908,"Nidal Saleh","2026-08-08 14:08:20",251.3,2,nidalsaleh
6762,16793083,kurupical,"2026-08-30 22:06:48",251.2,1,kurupical
6763,16658783,"Devesh Choudhury","2026-08-07 17:08:33",251.0,2,deveshchoudhury
6764,16701138,superpig,"2026-08-19 09:43:31",250.5,1,geniussuperpig
6765,16697628,"Yash Sharma","2026-08-17 15:33:32",250.4,2,yashsharma42
6766,16782747,goodgreen,"2026-08-28 04:30:23",250.0,1,goodgreen
6767,16654482,SarahShams,"2026-08-14 16:36:06",249.7,2,sarahshams
6768,16785434,"Caik Franco","2026-08-28 18:05:21",249.6,1,caikfranco
6769,16654314,Mahamudul_Hassan_8012,"2026-08-03 18:33:07",249.1,2,mahamudulhassan8012
6770,16792392,pansya,"2026-08-30 08:13:58",248.3,1,pansya
6771,16660930,"Chung Ching Yeh","2026-08-04 14:44:34",248.2,2,chungchingyeh
6772,16628765,"Kota Iizuka","2026-08-21 09:24:37",247.4,1,kotaiizuka
6773,16663066,"Mithun Kore","2026-08-29 19:18:28",247.4,1,mithunkore
6774,16659283,"DILEEP POTHULA","2026-08-08 06:43:15",247.3,2,dileeppothula
6775,16711840,OverfitMilkCake,"2026-08-13 06:36:21",247.1,1,overfitmilkcake
6776,16700992,Abhishek_1355,"2026-08-25 09:17:08",246.9,1,abhishek1355
6777,16750285,LeEmperor,"2026-08-22 04:36:18",246.7,2,leemperor
6778,16675956,"Hassan Alghamoudi","2026-08-10 02:36:36",246.7,2,hassanabdulhafid
6779,16674950,Davide,"2026-09-02 10:48:37",246.6,2,quanttony
6780,16698886,pied_piper,"2026-08-10 14:11:15",246.5,2,ahanhalder
6781,16621290,"Muhammad Ahsan","2026-07-30 17:35:00",246.3,2,ahsanneural
6782,16635610,JeffFosterUK,"2026-08-01 17:16:52",245.4,2,jefffosteruk
6783,16798369,"Olabode James","2026-09-01 20:40:53",245.4,1,olabodejames
6784,16729874,"Shane Schisler","2026-08-17 18:10:06",244.4,1,seschis
6785,16661689,"David Rao","2026-08-04 18:27:01",244.3,1,davidrao63
6786,16717586,wangjialu2333,"2026-08-15 09:29:36",243.1,1,wangjialu2333
6787,16740506,Growingduck,"2026-09-02 03:18:21",243.0,2,jaeminkang2021
6788,16661252,"Andrzej Walczak","2026-08-05 09:46:19",243.0,2,andrzej1983
6789,16671827,"Shourya Gupta","2026-08-30 10:10:00",242.9,2,siriuspotter
6790,16777986,小雨姑娘,"2026-08-27 21:51:19",242.9,2,skewcy
6791,16639168,Sergey,"2026-08-27 07:49:54",242.8,2,sergeymikhailovn
6792,16706134,NK11FC,"2026-08-25 11:30:00",242.1,2,nk11fc
6793,16769470,HaHHYbYY,"2026-08-26 07:52:33",242.0,1,hahhybyy
6794,16666365,yiyu0716,"2026-08-27 12:38:04",242.0,2,yiyu0716
6795,16671985,"vishal waghchaure","2026-08-07 09:25:36",241.3,2,vishalwaghchaure
6796,16687337,"sravani kamjula","2026-08-07 19:38:39",241.0,2,sravanikamjula
6797,16666027,CropBOTS,"2026-08-13 16:12:42",240.9,2,"anshultickoo,itsmepooja,manuakumar,sapnajain115"
6798,16658567,"Sharif Mohamed (1)","2026-08-04 13:16:47",240.8,1,sharifmohamed1
6799,16681610,"team maccy","2026-08-07 20:27:06",240.6,1,robertgama
6800,16660749,"PavanK Saketh","2026-08-04 13:38:48",240.3,2,pavanksaketh
6801,16668506,"Louie Tang","2026-08-08 06:56:52",240.2,2,louietang
6802,16663448,"Adel I.","2026-08-07 12:55:44",239.6,2,adelid
6803,16670747,"Aryan Kumar Chaudhary","2026-08-11 22:46:05",239.6,2,"aryankumarchaudhary,rakshitmundra"
6804,16657525,"Alae Lakhdar","2026-08-05 08:10:49",239.5,1,alaelakhdar
6805,16789990,SA,"2026-08-29 15:10:26",239.5,1,soheiarisaka
6806,16662039,"Ajat Rosadi","2026-08-04 16:58:10",239.4,2,ajatrosadi
6807,16784952,"Adria Barreto","2026-08-28 16:06:57",239.4,1,adriabarreto
6808,16639692,"Nirmal Patel","2026-08-06 03:05:27",238.9,2,nirmalpatel02
6809,16623131,"Liam Carrig Newsam","2026-08-04 00:00:03",238.3,1,liamcarrignewsam
6810,16715896,新木,"2026-08-18 05:25:46",237.9,1,sunchief
6811,16660309,"Hazem Mahmoud Elsayd","2026-08-04 16:34:31",237.4,2,hazemmahmoudelsaid
6812,16660291,"Abhijit Rajkumar","2026-08-04 13:27:44",237.3,2,abhijitrajkumar
6813,16749225,"Hisyam Prasetyo","2026-08-27 11:26:07",236.8,2,hisyamprasetyo
6814,16656287,sandip_shaw123,"2026-08-05 10:02:07",236.7,1,sandipshaw123
6815,16744545,"Aditya Kumar Singh 013","2026-08-19 18:45:42",236.5,1,adityakumarsingh013
6816,16792329,"Kumkum Barot","2026-09-02 06:44:17",236.1,2,kumkumbarot02062003
6817,16666719,helenkwok,"2026-08-06 14:55:20",235.6,1,helenkwok
6818,16682051,"Noorjahan Siddiqui","2026-08-10 09:33:35",235.2,2,noorjahansiddiqui
6819,16712990,shreyaaaaa9,"2026-08-12 16:17:06",234.6,1,shreyaaaaa9
6820,16659910,"Shraddha Kumbhar","2026-08-07 09:55:58",234.5,2,raj113
6821,16732342,"Viktor Antonov","2026-08-18 10:22:32",233.7,1,viktorantonov
6822,16723404,"Mahdi Al Hajji","2026-08-20 02:13:12",233.4,2,mhh1430hacker
6823,16675428,"Farhan Khairullah","2026-08-09 16:22:00",232.8,2,farhankhairullah06
6824,16724325,Melancholian,"2026-08-15 06:43:12",232.8,1,kasaneru
6825,16658311,zkskhurram,"2026-08-05 07:59:40",232.7,2,zkskhurram
6826,16668379,dccgps,"2026-08-08 05:44:36",232.5,1,dccgps
6827,16759675,TianKitty,"2026-08-27 04:43:06",232.4,1,tiankitty
6828,16667238,"Srija ganguluri","2026-08-07 10:14:48",232.0,1,srijaganguluri
6829,16727681,JanV123,"2026-08-21 05:58:02",231.9,1,janv123
6830,16757098,"Tharun kumar Jaya kumar","2026-08-30 02:29:39",231.6,1,tharunkumarjayakumar
6831,16672284,"Dhruv | AI/ML Engineer in Progress","2026-08-07 06:55:13",231.5,1,dhruvdipakchudasama
6832,16656515,"Rushal Manandhar","2026-08-06 04:15:01",231.4,1,rushalmanandhar
6833,16790137,sinchir0,"2026-08-30 12:52:05",231.0,1,sinchir0
6834,16751141,DeadJed,"2026-08-26 11:10:40",230.9,2,deadjed
6835,16693318,meow3301,"2026-08-09 02:33:34",230.8,2,meow3301
6836,16743329,"Daniel Obioma emenike","2026-08-31 02:29:55",230.1,2,danielobiomaemenike
6837,16655159,"Marcel Relaford","2026-08-13 01:26:26",229.9,1,marcelrelaford
6838,16667550,"Oseni Sakariyau Oluwadamilare ","2026-08-23 10:05:56",229.7,2,sakabambam
6839,16669473,"William Bickelmann","2026-08-05 17:47:13",229.1,1,williambickelmann
6840,16661494,"Arulmaniyan Rajavel","2026-08-22 13:46:58",228.9,2,arulmaniyanrajavel
6841,16776824,"Manuel Santiago Atencio","2026-09-01 21:01:47",228.6,2,manuelsatencio
6842,16655482,Apoorv007,"2026-08-04 01:55:41",228.5,1,apoorv007
6843,16762162,"Shota Hirao","2026-08-23 12:34:05",228.2,1,shotahirao
6844,16665463,Seendon,"2026-08-06 19:19:25",228.1,2,informationminer
6845,16623846,"masatoshi hiraki","2026-07-31 07:52:39",227.6,2,masatoshihiraki
6846,16676992,NIDHIHEER01,"2026-08-16 17:09:00",226.9,1,nidhiheer01
6847,16715791,CustardApple47,"2026-08-14 12:48:02",226.8,1,custardapple47
6848,16688190,"Win M","2026-08-08 00:28:18",226.8,1,winmet
6849,16633342,farm75,"2026-08-03 14:03:14",225.8,2,sakthi75
6850,16668438,"Sahil Suman","2026-08-16 17:09:20",225.8,1,sahilmanavraunak
6851,16663910,"Shivram Nekkanti","2026-08-07 14:38:04",225.6,1,shivramnekkanti
6852,16712395,"Zuohong Pan","2026-08-12 12:15:40",225.4,1,pshuaibi
6853,16644360,Mathous,"2026-08-02 20:28:00",225.2,1,mathisdac
6854,16660990,"Bunny Tang","2026-09-01 14:26:34",225.1,2,tanghung64
6855,16636540,"Burkova Nastia","2026-08-01 13:34:02",225.0,2,"burkovanastia,ellvalerie"
6856,16809202,amano,"2026-09-02 13:17:32",224.9,1,amanoshotaro
6857,16723262,"Tiago OliveiraLL","2026-08-28 18:22:12",224.8,1,tiagooliveirall
6858,16663913,"Aanaa Kaliil","2026-08-05 15:15:31",224.7,2,aanaakaliil
6859,16651507,jappanini,"2026-08-03 09:14:04",224.5,1,jappanini
6860,16702060,Mcusac,"2026-08-13 19:42:54",224.1,1,mcusac
6861,16652159,Boson328,"2026-08-04 10:06:13",224.1,1,boson328
6862,16663438,"Varun Prajapati","2026-08-08 21:54:54",224.0,2,"krunalasari,varun2206"
6863,16654256,"KONGARA PRASANTH","2026-08-04 03:40:27",223.9,2,prasanth2008
6864,16773557,"Rudra kalyan","2026-08-26 09:08:54",223.6,2,rk1144
6865,16744461,"Adiratna Kamble","2026-08-21 22:05:13",223.3,1,adiratnakamble
6866,16753831,zhangjiaweii,"2026-09-02 10:51:23",222.8,2,zhangjiaweii
6867,16744221,Dizzy1829,"2026-08-29 04:15:48",222.5,1,dizzy1829
6868,16663333,"Iago Moura e Moreira","2026-08-04 20:05:06",222.4,1,iagomouraemoreira
6869,16760392,Владимир,"2026-08-23 00:19:23",221.1,1,vgkuvshinov
6870,16677328,"Eng. Husnain","2026-08-08 13:13:23",220.5,2,enghusnain
6871,16684237,Zen_0910,"2026-08-07 17:07:02",220.3,1,zendeptrai
6872,16666946,pwxc00,"2026-08-25 17:26:40",220.2,2,alert04
6873,16666037,"Matheus Marques","2026-08-06 06:03:28",219.8,2,mathmarquesbr
6874,16741239,"fjf 1asd","2026-08-19 08:46:31",219.4,1,fjf1asd
6875,16679470,"GamaL Mahmoud","2026-08-08 13:33:52",219.1,2,gamalmahmoudtaha
6876,16632724,"Sayan Dutta","2026-08-04 07:47:42",218.9,1,sayan1507
6877,16768568,Nour102006,"2026-08-27 04:46:00",218.9,2,nour102006
6878,16738145,綿鍋だよん,"2026-08-22 13:38:54",218.8,1,potrue
6879,16666414,salyamq,"2026-08-05 16:41:38",217.8,1,salyamq
6880,16682689,HenryRichardson1,"2026-08-07 10:00:12",217.5,1,henryrichardson1
6881,16639465,"Gabriel Aguiar Leao","2026-08-02 00:23:49",216.5,1,"gabrielaguiarleao,marcositta"
6882,16734896,pattikamo,"2026-08-27 10:52:28",216.4,2,pattikamo
6883,16654827,"ADITYA KUMAR MISHRA","2026-08-03 20:07:22",216.0,1,aditya1kumarmishra
6884,16668048,"Gazi Sayem Uddin Samir","2026-08-05 14:29:51",215.7,2,gazisayemuddinsamir
6885,16769114,angayoung,"2026-08-25 07:22:00",215.1,1,joaga0603
6886,16738563,"Amrutha H","2026-08-19 14:01:51",215.0,1,amr13utha
6887,16736759,"Lavesh Kadam","2026-08-18 10:55:05",214.8,1,laveshk314
6888,16799132,"Marlon Vasquez","2026-09-01 08:07:31",214.0,2,vexmeavf
6889,16654244,"Saad Nanawala","2026-08-03 18:17:33",213.6,1,saadnanawala
6890,16656771,"thushara bandara","2026-08-07 04:13:43",213.6,2,dushyanthibandara
6891,16660978,"Maksym Khavil","2026-08-04 13:43:48",213.1,1,maksymkhavil
6892,16760920,"Román Eliezer Pérez Ríos","2026-08-31 18:07:43",213.0,2,perezrios
6893,16808242,keowpwpwkeo,"2026-09-02 11:14:13",212.6,1,keowpwpwkeo
6894,16624000,Leneen,"2026-08-31 16:02:47",212.0,1,leneen
6895,16679713,"John william Vicente 🇧🇷","2026-08-07 00:38:57",210.9,1,chrollo079
6896,16707062,"G DOLANARASIMHA","2026-08-11 12:18:02",210.0,2,gdolanarasimha
6897,16666383,"Sindhi Vishal","2026-08-14 10:46:32",209.9,2,sindhivishal
6898,16692652,"Harsith R","2026-08-08 20:26:56",209.4,1,chiefofpredicitions
6899,16664315,happy_boy_2007,"2026-08-12 09:04:40",209.2,1,happyboy2007
6900,16660146,4Solver,"2026-08-08 02:06:19",208.6,2,msfbiolinhares
6901,16724242,"Romash Koirala","2026-08-20 11:34:14",207.8,1,romashkoirala
6902,16674390,yangluo1,"2026-08-08 01:31:08",207.2,2,yangluo1
6903,16658635,"Deepak Kumar ","2026-08-05 02:38:29",207.1,2,deepak2026ml
6904,16662083,ihabkaggle,"2026-08-07 00:42:33",206.0,2,ihabkaggle
6905,16662108,nhkien,"2026-08-05 06:52:18",206.0,2,nhkien
6906,16662269,"KAMLESH KUMAR POKHARNA","2026-08-06 17:25:51",205.6,2,kamleshkumarpokharna
6907,16806346,"Mike chen666","2026-09-02 04:48:48",205.4,1,mikechen666
6908,16665371,"Kevoh Mutwiri","2026-08-24 19:31:27",205.4,2,kevohmutwiri
6909,16730086,HanaGhanem,"2026-08-16 23:44:56",204.6,1,hanaghanem
6910,16669142,"Jaclyn Agee","2026-08-07 15:21:06",203.9,2,jaclynagee
6911,16659036,"Mohammed Kaif","2026-08-04 10:41:22",203.1,2,mkaif001
6912,16677403,bababoy,"2026-08-15 14:55:17",202.9,2,adrienrenard
6913,16657628,Hamo,"2026-08-07 12:00:21",202.8,2,mohamed2223
6914,16668018,"DAVID CHEW HL","2026-08-06 06:36:34",202.3,2,davidchewhl
6915,16658401,"Aryan Lonare","2026-08-04 09:55:47",202.1,2,aryandyalullonare
6916,16686834,Kaabbil,"2026-08-09 16:14:49",202.0,2,"dr3aking,kaabbil"
6917,16667968,ChronosData,"2026-08-18 14:25:43",201.5,2,codex5843
6918,16653462,"Ruchi Scott","2026-08-12 12:19:19",200.8,2,ruchiscott
6919,16663945,anyasri,"2026-08-18 03:52:31",200.7,2,anyasri
6920,16683577,"Ankush Kumar M","2026-08-07 13:19:05",200.1,2,ankushkumarm
6921,16757671,xxxxc47,"2026-08-22 08:25:52",200.1,1,xxxxc47
6922,16655573,"Probablyaphilosopher ","2026-08-16 00:01:40",199.9,2,probablyaphilosopher
6923,16773333,"Abdullah javed Javed","2026-08-29 06:46:45",199.4,2,abdullahjavedjaved
6924,16633551,"Subarno Sen","2026-08-25 04:42:35",199.2,2,lordfiftyfive
6925,16706557,"Nurullah Gundogdu","2026-08-11 17:52:07",199.1,2,nurullahgundogdu
6926,16680419,"Tech Changer","2026-08-17 12:31:58",199.0,1,johnbibin
6927,16632111,"Arda Çiftçi","2026-08-04 20:03:37",198.7,2,ardaciftci
6928,16658522,"Amna khanii23","2026-08-07 05:15:47",198.6,2,amnakhanii23
6929,16632119,nickyl,"2026-08-18 15:41:50",198.4,2,nickyjliang
6930,16752120,"Görkem Tuğ","2026-08-24 10:45:35",198.4,2,grkemtu
6931,16795043,"SONU RAUT","2026-08-31 09:25:56",198.2,2,sonuraut
6932,16635248,eosphor,"2026-08-01 09:46:59",198.0,2,eosphor
6933,16674093,"Hoàng Trần Đặng Minh","2026-08-06 08:54:38",198.0,1,hongtrnngminh
6934,16697466,"hunain shahid","2026-08-11 06:12:38",197.0,2,hunainshahid230
6935,16633003,"K Mukhiya ","2026-08-01 12:09:51",197.0,2,kmukhiya
6936,16699578,kakanekoka,"2026-08-12 13:35:37",196.8,1,kakanekoka
6937,16785398,"Vitória Freitas","2026-08-28 20:07:12",196.3,1,vitoriafreitas13
6938,16662630,"M.mohamed Muhasir","2026-08-05 18:25:39",195.9,2,mmohamedmuhasir
6939,16705360,Elahi,"2026-08-18 05:49:00",195.8,2,mmelahi
6940,16756875,"Meryem Kevser Keskin","2026-09-01 21:30:35",195.7,2,meryemkevserkeskin
6941,16623563,"Jocelyn Dumlao","2026-09-01 02:35:54",195.4,2,jocelyndumlao
6942,16724995,dice1494,"2026-08-16 08:51:34",195.3,1,dice1494
6943,16625043,"Ivan Litvak","2026-08-27 21:14:45",195.2,2,trydotatwo
6944,16680858,"Harshul Gupta","2026-08-21 04:40:05",194.8,2,harshulgupta77
6945,16653906,swaroop41,"2026-08-04 05:53:29",194.6,2,swaroop41
6946,16630725,"vaibhav vyas","2026-08-06 10:56:52",194.3,2,vaibhavvyas0
6947,16763255,"I P Tharun Gowda","2026-08-31 16:07:06",194.3,2,iptharungowda
6948,16659247,cindrella_18,"2026-09-02 06:43:32",193.6,2,"ankithraj30,neharaj1518"
6949,16661500,"yagnit sutariya","2026-08-04 15:34:39",193.5,1,yagnitsutariya
6950,16658969,"Yuri Maslov","2026-08-04 10:11:45",193.4,1,yurimaslov
6951,16670462,"Talha Kayar","2026-08-15 15:24:03",193.3,2,talhakayar
6952,16715354,"Alyssa Clark","2026-08-14 02:52:26",193.1,2,a1yssaclark
6953,16729148,"Marco M","2026-08-16 22:51:36",192.8,1,marcoms1000
6954,16661460,Lucky,"2026-08-31 17:53:25",192.8,2,tmiya0107
6955,16657462,"CROP CODERS","2026-08-10 18:00:28",192.8,2,"dhanvanthraj,raghavan9944,shanmugam666,sitha2345,sumaiyahibrahim"
6956,16713329,qrcodeTH,"2026-08-13 08:22:40",192.5,2,thanaphumsaywonin
6957,16662099,"The Algorithmist","2026-08-04 23:41:59",191.8,2,riyagheewala
6958,16718139,"shah jatin","2026-08-30 09:40:14",191.8,2,shahjatin
6959,16641277,Zenieverse,"2026-08-30 05:09:04",191.7,2,zenieverse
6960,16656210,"Sanjay Suthraye","2026-08-04 14:55:13",191.5,2,sanjaysuthraye96
6961,16697339,"Muhammad Safwan Ahmad Saffi","2026-08-15 00:28:21",191.5,2,safwanahmadsaffi
6962,16658033,"sanjay Ghalagi","2026-08-27 15:29:34",191.3,2,sanjayghalagi
6963,16670777,"Aman Yitbark","2026-08-13 05:43:27",190.5,1,amanyitbark
6964,16722089,"Saidjon Ramazonov","2026-08-16 05:51:50",190.5,2,saidjonramazonov
6965,16630041,"Devi prashad tripathi","2026-08-03 17:56:58",190.2,1,deviprashadtripathi
6966,16784431,"Régis Meyssonnier","2026-08-28 14:47:27",190.1,1,rgismeyssonnier
6967,16676026,"Bedashree Swarupa Das","2026-08-06 14:14:21",190.1,1,ashokkumardasbedashr
6968,16662803,"Ashish Gawade","2026-08-04 19:11:19",190.1,2,ashishgawade
6969,16657344,"Ombayo fredrick","2026-08-04 14:04:04",190.0,2,ombayofredrick
6970,16658693,leehuilong,"2026-08-06 12:49:22",189.7,2,leehuilong
6971,16665223,"Sawon Mitra","2026-08-07 11:11:17",189.3,2,sawonmitra
6972,16663265,"Darlington Ayakazi","2026-08-04 20:26:08",189.2,1,darlingtonayakazi
6973,16698307,AnasAl7,"2026-08-10 13:08:08",189.0,2,anasal7
6974,16688165,"David @ Koantek","2026-08-25 23:53:17",188.9,2,artificialbrilliance
6975,16775493,"JOE DEVA JERRY D ","2026-08-26 15:41:55",188.8,1,joedevajerryd
6976,16681895,Akshar,"2026-08-07 06:16:19",188.7,2,aks0625
6977,16690112,"Ayush Tripathi","2026-08-17 09:03:03",188.7,2,ayushtripathi112
6978,16661447,"Sibel Özbek","2026-08-04 20:50:27",188.6,1,sibelzbek
6979,16664875,SaiSujitPunukollu,"2026-08-05 05:46:11",188.1,1,saisujitpunukollu
6980,16659929,"MAMADOU LY (LY BOUSSO 45)","2026-08-13 11:43:25",188.0,2,mamadoulylybousso45
6981,16734901,Breaking1800,"2026-08-22 10:59:10",187.9,2,breaking1800
6982,16664586,"Owen Lim","2026-08-05 05:42:25",187.8,2,owenlim45
6983,16668495,Herisitraka,"2026-08-05 17:16:28",187.8,2,herisitraka
6984,16662662,"Joaquim Jose1","2026-08-04 17:57:03",187.7,1,joaquimjose1
6985,16729010,"karan sankhe","2026-08-16 15:15:45",187.5,2,karansankhe1356
6986,16656196,"Vishwash Golakiya","2026-08-27 01:07:00",187.5,1,vishwashgolakiya
6987,16657306,"Krunal Chavda","2026-08-07 21:38:11",187.3,2,krunalchavda21
6988,16691502,"DILANE FOGUE KAMGA","2026-08-08 15:20:05",187.2,1,dilanekamga
6989,16671232,"sms tcil","2026-08-07 13:03:30",187.0,1,smstcil
6990,16701106,moshito,"2026-08-10 14:13:58",186.9,2,"danamaulana123,moshito,naufaldhiaulhaq01"
6991,16692568,"Muhammed Gulfam Toor","2026-08-13 19:04:32",186.8,2,gultoor
6992,16752481,"Thanh Toan","2026-08-21 08:33:13",186.6,2,tonnglthnh
6993,16743630,TRP,"2026-09-01 17:06:48",186.6,2,tejratanpaulrocky
6994,16639615,rickzai,"2026-09-01 05:37:21",186.6,2,rickzai
6995,16797025,"Jonathan Glinton","2026-09-02 00:01:32",186.4,2,jonathanglinton
6996,16712562,"Sagar Singh","2026-08-17 09:28:26",186.4,2,acrejzz
6997,16784932,"Shefali Pradhan","2026-08-29 10:03:30",186.2,2,shefalipradhan
6998,16714589,xinsu9898,"2026-08-16 22:26:49",186.2,1,xinsu9898
6999,16695951,"Gleb Makarenko","2026-08-09 18:21:25",186.1,2,gleny48
7000,16669311,Schoki,"2026-08-17 22:26:49",186.1,2,jensdnisch
7001,16688288,"Ojo Oluwadamilare","2026-08-08 01:43:30",186.1,2,ojooluwadamilare
7002,16629426,"Abdullah Qureshi","2026-07-31 10:00:44",186.0,2,abdullahqureshi120
7003,16658362,MHaurel,"2026-08-09 15:32:45",185.7,1,hetax17
7004,16677081,"Brandon Gaston","2026-08-12 23:49:58",185.1,1,mushmon
7005,16667231,bettsy,"2026-08-05 12:12:35",185.1,2,bettsy
7006,16657227,"Anusha Marla","2026-08-04 07:05:53",184.8,2,anushamarla
7007,16632418,"Bretokce 3amich","2026-08-07 12:18:26",184.7,2,bretokce3amich
7008,16654098,"Mohd Zaki","2026-08-26 01:46:45",184.6,2,mdzaki08
7009,16659062,"MOHAMMAD SUBHAN PASHA","2026-08-17 07:14:09",184.6,1,mohammadsubhanpasha
7010,16634761,"CHARHBILI Moad","2026-08-07 13:44:23",184.4,1,charhbilimoad
7011,16723289,"Caio Saboia","2026-08-28 18:24:29",183.7,1,caiosaboia
7012,16660285,"Sawan Kohli","2026-08-06 13:11:44",183.7,2,sawankohli
7013,16656278,"Bhuvaneshwari Rebba","2026-08-04 09:20:36",183.7,1,bhuvaneshwarirebba
7014,16740144,Salmon,"2026-08-21 12:55:13",183.5,2,shin3110
7015,16664458,"Prantik Chandra","2026-08-05 05:47:10",183.1,1,prantikchandra
7016,16698164,"Ruizhang Zhi","2026-08-27 14:51:13",182.2,2,ruizhangzhi
7017,16713002,"Adithya M","2026-08-13 15:42:17",182.0,2,adithya3907
7018,16718605,"صفاء عبد الرقيب","2026-08-31 19:21:50",181.9,2,bssgirl
7019,16670662,"Gina Lee","2026-08-11 22:45:21",181.7,2,ginaleegdm
7020,16662557,"Naman Sudershan","2026-08-05 13:21:08",181.5,2,namansudershan
7021,16662859,"Mohamed Zahran","2026-08-05 04:41:56",181.3,1,zrnking2012
7022,16690195,"Manshi Shukla","2026-08-08 10:12:24",181.2,2,manshishukla
7023,16656954,"Marwan Elmetwally","2026-08-04 05:56:29",181.1,2,marwanelmetwally
7024,16666706,baijiachang,"2026-08-05 11:04:21",180.7,1,baijiachang
7025,16777407,"Fahrur Rozzi","2026-08-26 23:01:52",180.7,1,frozzi18
7026,16658440,"Gloria Lourelynn S","2026-08-04 15:16:09",180.1,1,glorialourelynn
7027,16725990,"Parth Tomar","2026-08-24 12:35:45",179.9,2,parthtomar193
7028,16629441,Sofia_Gilka,"2026-08-01 07:45:58",179.7,2,sofiagilka
7029,16721941,"Rita Ohabuenyi","2026-08-14 12:57:37",179.3,2,ritaohabuenyi
7030,16654124,"Aditya Kumar Singh","2026-08-05 09:57:29",179.1,2,adityq121608
7031,16624973,"Mrunmayee Kulkarni","2026-07-31 06:16:46",179.0,1,kulmrun
7032,16690199,"Lavkush Yadav","2026-08-08 10:20:55",178.2,1,lavkushyadavcse
7033,16713896,"Quantum Fusion","2026-08-14 12:12:34",178.0,1,gugurobotics
7034,16690433,"Amar Amar Gupta","2026-08-15 10:08:37",177.7,2,amaramargupta
7035,16685093,"Huzaifa Inam","2026-08-07 13:47:15",177.7,2,huzaifainam
7036,16657892,"Boonanan namna","2026-08-17 04:36:04",177.4,1,boonanannamna
7037,16659271,Hamish,"2026-08-12 12:48:51",177.3,2,hamishdickson
7038,16794720,"paola hernandez55","2026-08-31 04:19:31",177.2,1,paolahernandez55
7039,16667886,"Ubaid ur rehman 0345","2026-08-05 15:23:12",177.1,2,ubaidurrehman0345
7040,16780986,Azizbek,"2026-09-01 14:26:45",177.0,2,miracle88
7041,16785085,"THEEPAN S.S","2026-08-28 16:35:39",176.9,2,theepanss
7042,16657578,raushancoursework,"2026-08-05 06:54:51",176.5,1,raushancoursework
7043,16741243,"Yasin Mert Şahin","2026-08-19 08:02:12",176.5,2,ymertsahin
7044,16730380,"FOKRUL ISLAM LECTURER","2026-08-19 01:56:28",175.2,2,fokrulislamlecturer
7045,16656164,"Justin Schomer","2026-08-09 09:05:59",174.8,2,fathersecurity
7046,16717094,geoperate,"2026-08-13 12:30:26",174.4,1,geoperate
7047,16647390,"guoqin gu","2026-08-11 08:54:59",174.3,1,guoqingu
7048,16755664,"Shivam Rajdev","2026-08-21 17:52:04",174.1,1,shivamrajdev
7049,16674774,"Dine ALASSANE","2026-08-07 05:53:28",173.5,2,dinealassane
7050,16712568,"Tanvi Dobariya","2026-08-14 17:39:52",173.4,1,tanvidobariya
7051,16625029,Hilarus,"2026-08-01 15:59:02",173.0,2,hilagbag
7052,16802035,"sanchit atre","2026-09-01 09:31:07",173.0,2,sanchitatre
7053,16634016,"Adrien Thomas","2026-08-19 17:15:08",172.2,1,adrienthomas
7054,16662933,"Marcelo Pereira","2026-08-19 01:14:40",170.8,2,marcekkusrp
7055,16659881,SantosR,"2026-09-02 12:37:43",170.4,2,santosr
7056,16656815,"Atharva S. Naladkar","2026-08-06 06:46:40",169.6,2,atharvasnaladkar
7057,16778908,"PATIL ADITYA PANDURANG","2026-09-01 17:34:33",169.4,1,"jagdalepranavsagar,patiladityapandurang,pavankadam7005"
7058,16705490,"KASTHURI DEVI M","2026-08-13 10:42:42",169.4,2,kasthuridevim
7059,16730745,"Aymerou Yaya Koné","2026-09-02 04:33:04",169.4,2,aymerouyayakon
7060,16653934,"Ayomide Abdulrahmon","2026-08-03 19:22:32",169.1,2,ayomideabdulrahmon
7061,16690188,Anurag,"2026-08-08 10:20:42",168.9,2,kumaranu2007
7062,16632458,"RAMAN BANSAL","2026-08-24 04:35:56",168.6,1,ramanbansal
7063,16712406,"L Sangeetha","2026-08-18 01:56:24",168.2,2,lsangeetha
7064,16701997,zran1t,"2026-08-15 14:10:18",167.3,2,zran1t
7065,16755329,SBedrosian123@,"2026-08-21 15:07:41",167.3,1,sbedrosian123
7066,16662334,"Andres Beltran","2026-08-04 22:58:11",166.0,2,andresbeltran05
7067,16660342,"Adapa Gopireddy","2026-08-04 12:49:43",165.9,1,adapagopireddy
7068,16679979,Pranav6657,"2026-08-07 02:40:48",165.7,1,pranav6657
7069,16791248,"Ioannis Tzachristas","2026-09-02 12:18:21",165.7,2,ioannistzachristas
7070,16794052,"Sarthak Mishra","2026-09-02 06:06:36",165.4,2,"aarushverma04,pg541425,sarthak25b15310182,yadavup50"
7071,16733121,saturnliu,"2026-09-02 07:34:54",165.3,2,saturnliu
7072,16672322,"khalil ur Rehman","2026-08-13 05:10:03",165.2,2,khalilurehman
7073,16683903,Saju,"2026-08-17 11:31:45",164.7,1,sajutr
7074,16681056,"Aryan Jhingan","2026-08-11 18:53:48",164.4,2,aryanjhingan
7075,16654556,anjipoo,"2026-08-05 15:33:04",163.8,2,anjana0812
7076,16770924,rohit,"2026-09-01 15:55:43",161.3,2,rohitsrinivasan31
7077,16663334,"sameer mughal","2026-08-29 20:12:57",160.7,2,sameermughal109
7078,16717600,"Collistus Kibe","2026-08-21 22:13:38",160.6,2,collistuskibe
7079,16640468,"Sohangkumar Patel","2026-08-26 15:00:44",160.4,2,samsamurai
7080,16654384,"Alladi Sai Kalyan Raman 24BCE1509","2026-08-30 09:33:11",159.8,2,alladisaikalyanraman
7081,16802348,Shergill_17,"2026-09-01 11:17:15",159.6,2,shergill17
7082,16662123,hannhu40022,"2026-08-04 18:45:07",159.6,2,hannhu40022
7083,16750391,"Batuhan Yerebasmaz","2026-08-20 18:34:21",159.4,2,batuhanyerebasmaz
7084,16737040,"Joseph Djian","2026-08-30 21:18:34",159.0,2,djian55
7085,16662714,"Amilcar Rodriguez","2026-09-01 04:22:39",158.8,2,amilcarskt
7086,16661969,"Raja T","2026-09-02 13:11:29",158.5,2,rajathiagaraj
7087,16621770,"Rudraksh Zodage","2026-07-30 20:07:49",158.1,2,rudrakshzodage
7088,16636855,"Wynn Koo","2026-08-01 14:03:04",157.5,1,yongfenggg
7089,16661160,"Roobhasridevi P","2026-08-04 14:31:22",157.4,1,roobhasridevi
7090,16737641,"PATIL ATHARV VIJAYKUMAR","2026-09-01 18:05:10",156.3,2,"atharv095022,patilsarthakvilas,sonuretusharsuresh"
7091,16683220,Kongali,"2026-08-10 01:24:37",156.3,2,kongali
7092,16808545,"Qinyong Wang","2026-09-02 11:53:03",156.0,2,magicwqy
7093,16658189,"Zale John","2026-08-26 00:48:24",154.3,2,zalejohn
7094,16716402,"Shashvat Singham","2026-08-13 10:56:39",154.0,1,shashvatsingham
7095,16771841,"Panagiotis Alimisis","2026-08-25 18:00:11",154.0,1,palimisis6
7096,16657486,"Turhan TAS","2026-08-10 09:21:40",153.3,1,turhantas
7097,16633190,Gigrise,"2026-09-02 04:57:09",153.0,2,gigrais
7098,16743822,Surya,"2026-08-19 16:21:21",152.4,1,suryapandian
7099,16793648,Sarda___,"2026-08-30 16:51:21",152.3,2,brainnotfound3
7100,16754111,"Kalpana Patki","2026-08-22 16:05:10",152.2,1,kalpanapatki
7101,16656235,"Zain Ul Abideen Samo","2026-08-06 15:22:02",151.3,2,zainulabideensamo
7102,16662809,"Chukwu Excellent","2026-08-08 22:06:34",150.7,2,chukwuexcellent
7103,16656643,"Willetta Dettore","2026-08-05 15:33:52",150.3,2,willettadettore
7104,16697716,ZEO,"2026-08-09 19:43:41",150.1,1,anuppatil29
7105,16656240,"SACHIN KUMAR","2026-08-10 03:13:24",149.1,2,sackm123
7106,16670547,"Maduako Prince","2026-08-05 22:53:03",148.5,2,maduakoprince
7107,16626159,"Cảnh Đinh Tiến","2026-08-02 09:17:36",148.3,2,tourist110406
7108,16748612,"Priyadharshini B","2026-08-24 12:06:18",148.1,1,priyadh29
7109,16680165,"Radwa ALkalifa","2026-08-23 08:39:37",147.8,2,radwahamada
7110,16713435,"Visruti Patidar","2026-08-16 11:18:23",147.4,2,visrutipatidar
7111,16657303,"Tejas Tiwari","2026-08-04 07:32:17",147.2,1,tejaat
7112,16707146,kaganou,"2026-08-11 13:19:53",146.8,1,kaganou
7113,16723068,"Clara Lima Silva","2026-08-21 21:39:57",146.2,1,claralimasilva
7114,16690499,SuperAI@2615,"2026-08-11 16:42:48",145.1,2,superai2615
7115,16679847,"Julio Contreras","2026-08-21 20:29:09",144.3,2,juliocontreras
7116,16726311,"Prince Diwakar","2026-08-16 12:55:18",144.2,2,princediwaker
7117,16654363,"NIKHIL YADAV","2026-08-17 21:20:32",143.9,2,nikhilyadav232223
7118,16723583,"varun chindage","2026-08-31 21:54:42",143.9,1,stormy420
7119,16659871,"Abel Kpoton","2026-08-04 20:41:20",143.4,2,abelkpoton
7120,16719809,"Milanto FR","2026-08-14 05:37:48",143.0,2,milantofr
7121,16674328,daniel,"2026-08-06 09:34:23",142.5,1,dkamgamegasoft
7122,16662230,"Angus Mc Gregor","2026-08-13 21:25:46",142.4,2,angusmcgregor
7123,16659840,"Dasari Giri Gabrelu","2026-08-05 13:41:11",142.1,2,giridasari
7124,16660340,"pawan sondhiya","2026-08-07 06:22:38",141.7,2,pawansondhiya
7125,16794281,"adilio freitas","2026-08-30 22:25:36",140.9,1,adiliofreitas
7126,16739102,"Mithulya Kumarapeli","2026-08-30 03:53:39",140.3,1,sandalim
7127,16749071,snc5656,"2026-09-02 02:49:33",140.1,1,jamm1412
7128,16662295,"benja cooper","2026-08-04 17:41:28",139.4,2,benjacooper
7129,16775483,"Parv Malav","2026-08-26 16:20:27",139.3,2,parvmalav
7130,16756264,query_stop,"2026-08-27 00:24:14",139.1,2,jaared
7131,16623660,"Taylor S. Amarel","2026-07-31 23:36:48",138.7,1,taylorsamarel
7132,16623953,"Denuwan Wijesinghe","2026-08-01 07:57:04",138.7,2,denuwanwijesinghe
7133,16640323,"KOUSHIK KUMAR DINDA","2026-08-29 01:55:31",138.2,2,koushikkumardinda
7134,16659582,"Srikanth Adivanna","2026-08-04 11:25:45",137.8,1,srikanthadivanna
7135,16661098,"Muhammad aufa azmi","2026-08-04 15:18:35",137.5,2,muhammadaufaazmi
7136,16782192,"Marcelo Correa","2026-08-28 04:15:07",137.4,1,mvcorrea
7137,16693087,osprey2k,"2026-08-22 22:01:34",136.7,2,osprey2k
7138,16762458,"Promise Matorofa","2026-08-24 10:00:04",136.4,2,promisematorofa
7139,16756344,"Pasindu Perera","2026-08-21 19:21:11",135.4,1,amavinperera
7140,16658297,"Charishma Pillapalem","2026-08-11 12:46:56",135.4,2,charishmapillapalem
7141,16770096,Program,"2026-09-01 19:36:25",135.3,2,panagiotapanora
7142,16621565,"salih chindo","2026-08-12 19:45:58",134.8,1,salihchindo
7143,16662547,"hiteshsinh solanki","2026-08-05 07:59:16",134.6,2,hiteshsinhsolanki2
7144,16723091,"Naiely Silva","2026-08-28 00:53:34",133.3,1,naielysilva
7145,16731986,Vugar3,"2026-08-17 10:51:29",132.9,2,vuqarxudvrdyev001342
7146,16659451,anero98,"2026-08-22 20:47:29",132.7,2,anero98
7147,16725070,"Mehak Iftikhar","2026-08-15 13:21:30",132.7,2,mehakiftikhar
7148,16659097,noril09,"2026-08-04 11:56:35",130.9,2,noril09
7149,16677441,"ERREGUI YOUSSEF","2026-08-06 18:02:39",130.0,2,erreguiyoussef
7150,16791131,"Maria Carolina BRAY","2026-09-01 18:24:29",129.6,2,mariacarolinabray
7151,16662455,"Nenavath Shashi","2026-08-04 18:04:52",129.5,2,nenavathshashi
7152,16670552,"Harsh Chaudhary ml","2026-08-05 22:16:25",128.4,1,harshchaudharyml
7153,16633511,"joshan gladston","2026-08-01 01:19:57",128.4,2,joshangladston
7154,16654559,"Kerem Ali AVCIOĞLU","2026-08-03 19:28:49",127.1,2,keremaliavciolu
7155,16657561,Roshdibenrojo83,"2026-08-04 07:19:05",125.8,2,roshdibenrojo83
7156,16664199,SomyaSingh_07,"2026-09-01 07:03:52",125.5,2,somyasingh07
7157,16656685,"Shravani Hibare","2026-08-05 10:15:36",124.6,2,shrahib4725
7158,16659308,Attaerabi,"2026-08-05 07:52:52",123.4,2,attaerabi
7159,16727876,"Harrison Wachira","2026-08-16 08:50:03",123.1,1,harrisonwachira254
7160,16658666,"VMax Agents","2026-08-04 10:57:49",122.7,1,"akhiildheep,mithun5353"
7161,16746655,"Charan Reddy321","2026-08-25 06:27:38",121.7,1,charanreddy321
7162,16621519,Ᏸ𐍂Ꭷ,"2026-07-30 17:30:30",121.5,2,dheerajkannaujiya
7163,16670368,"Gary Gitton","2026-08-19 17:03:04",121.5,2,garygitton
7164,16707468,"SBJ 2205","2026-08-12 09:59:33",120.9,1,sbj2205
7165,16676977,"Akash Babu","2026-08-28 06:26:25",120.5,2,akashbabu17
7166,16791873,Sanjay,"2026-09-02 03:42:30",120.0,1,sanjay6727
7167,16662142,"Adnan Khan","2026-08-30 06:22:52",119.6,2,iamadnankhan313
7168,16626218,"Srishti Gauraha","2026-08-08 05:40:23",118.6,1,srishtigauraha
7169,16623094,"Claudia Arias Gonzalez","2026-08-27 10:07:23",118.0,2,claudiaariasgonzalez
7170,16691542,Tushar_SVC,"2026-08-11 04:12:09",117.9,2,tusharsvc
7171,16789546,"lsm jii","2026-08-29 08:48:51",117.6,2,lsmjii
7172,16731873,"Abhishek Singh Solanki","2026-08-19 07:24:47",116.3,1,realabhi5hek
7173,16735064,"Harshada Thorat 129","2026-08-18 03:58:34",115.8,1,harshadathorat129
7174,16735237,"YASH CHIMAN","2026-08-18 04:20:24",115.3,1,yashchiman
7175,16668691,BeltusTebid,"2026-08-05 16:01:45",115.1,1,beltustebid
7176,16693819,"Hossein Shad Manaman","2026-08-12 03:14:58",114.9,2,hosseinshadmanaman
7177,16666072,Abinash,"2026-08-05 15:07:52",114.8,2,abinashsinha1726
7178,16659041,"uma mahesh23","2026-08-04 11:50:03",114.6,2,umamahesh23
7179,16655748,revathip,"2026-08-06 06:00:14",114.5,2,revathiprakash
7180,16658577,farmercode261,"2026-08-20 07:15:35",113.4,2,hifnikhakim
7181,16667489,"Cornol Lieto","2026-08-05 12:31:14",113.4,1,lietocornol
7182,16658695,"Muskan Zahid","2026-08-04 14:14:02",113.3,2,artificial52
7183,16730708,ysakuragi,"2026-08-19 01:30:12",111.9,1,ysakuragi
7184,16691729,"ADOLF FAUSTINE","2026-08-18 02:42:39",110.9,2,adolffaustine
7185,16806568,"Mumtaz Ahmad Maitla","2026-09-02 06:08:22",110.6,2,mumtazahmadmaitla
7186,16654509,"Shruti Kondabathula","2026-08-07 18:17:56",110.4,2,shrutikondabathula
7187,16794173,"Kamran Arshad","2026-08-31 07:19:49",110.4,2,kamranarshad
7188,16654711,"Rupam Bhattacharjee1","2026-08-14 16:43:07",110.3,1,rupambhattacharjee1
7189,16799001,"Trịnh Quang Minh","2026-09-01 05:16:32",110.0,1,trnhquangminh140
7190,16744618,"Roberth Douglas UFC","2026-08-27 16:33:10",109.9,2,roberthdouglasufc
7191,16755807,PokeTrader,"2026-08-23 14:59:36",109.6,2,poketrader
7192,16665345,saurabh10june,"2026-08-05 11:53:47",108.8,2,saurabh10june
7193,16658898,"SRI shiva","2026-08-07 17:21:07",108.7,2,srishiva
7194,16700316,"Pranav Waghmare","2026-08-11 16:29:05",108.0,1,waghmarepranav6
7195,16662243,"Cepeda Braxton","2026-08-04 19:31:54",107.8,2,cepedabraxton
7196,16661419,"Shivansh Soni","2026-08-04 15:08:01",105.9,2,shivanshsonii
7197,16798631,dzlabs,"2026-09-01 09:57:10",105.5,2,dzlabs
7198,16665079,"Maguluri Keerthi","2026-08-05 06:16:03",105.3,2,magulurikeerthi
7199,16698958,"Shanjaya SK","2026-08-28 15:25:11",105.0,1,"payuu03,shanjayask"
7200,16736939,"Flandre 29","2026-08-26 08:23:01",104.5,2,flandre29
7201,16785053,"Rinosh Bethala","2026-08-28 17:52:26",103.6,1,rinoshbethala
7202,16659675,"M.Athallah Rafif Aldera","2026-08-06 12:40:14",103.5,2,mathallahrafifaldera
7203,16641109,zzgtylors,"2026-08-06 06:21:50",101.3,2,zzgtylors
7204,16668599,"Hafsa Anwaar","2026-08-05 17:43:21",100.9,2,hafsaanwaar
7205,16657055,RedKiwi,"2026-08-05 05:57:34",100.1,2,tnmthai
7206,16663406,"Elshan Kazim","2026-08-16 08:38:43",100.0,1,elsnkazm
7207,16658100,"Nanda Riansyah","2026-08-04 08:55:54",99.5,2,nandariansyah
7208,16663897,jayaBhavagan,"2026-08-05 19:34:36",99.4,1,jayabhavagan
7209,16728931,Sathwik2006,"2026-08-16 14:25:36",97.6,2,sathwik2006
7210,16767147,"Hacker Trinity","2026-08-25 11:21:37",96.4,2,hackertrinity
7211,16785477,"ASHMIL P URK25CS7129","2026-08-28 18:26:11",95.9,1,ashmilpurk25cs7129
7212,16735323,"Souvik Routh","2026-08-18 04:30:21",95.0,1,souvikrouth
7213,16678283,"Ajinkya Digurkar","2026-08-21 10:56:03",94.6,2,"ajinkyadigurkar,sakshiagrawal8818"
7214,16660886,"Dr.Eldirdiri Fadol ","2026-08-05 05:30:48",94.4,2,dreldirdirifadol
7215,16667773,ShashankJha,"2026-08-11 15:41:47",92.7,2,shankinfy
7216,16663161,"Pial Mahmud","2026-08-17 10:38:21",90.7,2,pialgroup
7217,16633018,purelilyth,"2026-08-20 19:43:09",90.4,2,purelilyth
7218,16687628,ruchit,"2026-08-28 11:22:16",90.1,1,ruchitkhade
7219,16778494,"Agda Niya","2026-08-28 06:43:07",90.0,2,agdaniya
7220,16803074,"fumihito mori","2026-09-01 14:00:16",88.8,1,fumihitomori
7221,16656777,"Salam Alqerem","2026-08-31 10:59:33",88.4,2,salamalqerem
7222,16654087,Gabriela_Fernandes4,"2026-08-04 19:12:33",88.2,1,gabrielafernandes4
7223,16680428,"Surabhi veda","2026-08-07 01:49:35",88.0,1,surabhiveda
7224,16663277,"Mariana Mejía","2026-08-24 23:58:54",86.2,2,marianameja
7225,16658299,"Bakar Prabowo!","2026-09-02 04:20:00",84.2,2,"galihrattn,kingki19,ranggacarkawan"
7226,16794292,"Taylor Clark","2026-09-02 03:15:03",83.6,2,taylorclark637
7227,16666836,"Emir Ayvaz","2026-08-07 05:57:00",82.4,2,emirayvaz
7228,16675209,lavica,"2026-08-11 13:23:03",81.4,2,lavica
7229,16710773,Openaiskrip,"2026-08-12 07:54:38",80.2,2,openaiskrip
7230,16761521,"Artificial Silicon","2026-08-29 10:17:46",80.0,1,artificialsilicon
7231,16739908,"Asfam Parvez Kawser","2026-08-18 22:25:36",79.8,2,asfamparvezkawser
7232,16679410,"Leke Glean","2026-08-07 17:29:04",79.5,2,lekeglean
7233,16780027,rotto,"2026-09-01 13:18:33",74.9,2,pirotototo4023
7234,16731524,"Tsyrenov Mergen","2026-08-17 09:42:39",73.3,1,tsyrenovmergen
7235,16624064,"Hemant Ahlawat","2026-07-31 15:52:56",71.1,2,happyahlawat
7236,16665139,"Siddharaj Kulkarni","2026-08-16 05:23:21",71.0,2,siddharajkulkarni
7237,16684847,"M.Harshavardhan Raju","2026-08-09 16:15:49",69.6,2,mharshavardhanraju
7238,16644474,"Vihaan Ahluwalia","2026-08-05 13:16:21",68.7,2,vihaanahluwalia
7239,16661711,"Wild Star217","2026-08-30 18:00:18",67.7,2,wildstar217
7240,16632413,"Varun Patil","2026-07-31 18:41:34",67.4,1,varunpatil262005
7241,16698953,Locked_in_hell,"2026-08-13 18:31:55",67.0,2,stealthknight
7242,16754882,vvs,"2026-08-30 14:34:02",66.3,2,marvelworld
7243,16724806,rin2401,"2026-08-15 09:39:51",66.1,1,rin2401
7244,16716079,shaurya_pandey@19,"2026-08-13 09:27:49",65.8,2,shauryapandey19
7245,16656753,"TAMAL SINGHA ROY","2026-08-05 07:57:48",65.6,2,tamalsingharoy
7246,16719441,Gatranova,"2026-08-14 04:11:54",65.1,2,rafiabiyyuairlangga
7247,16640594,Win2207,"2026-08-07 12:05:07",65.1,2,win2207
7248,16666273,"Wondu Zerihun","2026-09-01 06:43:22",63.0,1,zerihun369
7249,16761007,"Pankaj Nakhat","2026-08-23 11:48:21",61.5,2,pankajnakhat
7250,16667339,"Victor Chege","2026-09-01 13:56:51",60.8,2,victorchege0
7251,16738778,"DILIP BAVISKAR","2026-08-27 09:44:22",59.7,2,dilipbdilipb
7252,16716562,"Ananya Maurya","2026-08-13 10:01:25",59.2,2,ananyamaurya
7253,16675819,RohitS001,"2026-08-11 18:05:54",55.5,2,rohits001
7254,16673372,"Hadyan Adira","2026-08-14 03:16:30",55.4,2,hadyanadira
7255,16714192,"Nishanth Palugula","2026-08-14 06:51:09",53.5,2,nishanthpalugula
7256,16756174,"Mateo Coelho","2026-08-28 18:56:26",50.9,2,mathsco
7257,16633932,omikbop,"2026-08-02 12:36:52",50.7,2,omikbop
7258,16768100,Nathael,"2026-08-25 10:58:51",48.6,2,nathaeldias
7259,16669011,"Siddiqui Rehan Ahmed Furqan","2026-08-07 05:24:38",47.4,2,siddiquirehanahmed
7260,16696104,"Harshit Meesari","2026-08-09 14:31:00",46.4,1,harshitmeesari
7261,16708290,"Hrishikesh Thakare","2026-08-12 14:45:08",46.4,1,hrishikeshthakare
7262,16633250,Myst19,"2026-08-03 13:25:15",46.3,2,jakeschweikhart
7263,16721495,"404 Crop Not Found","2026-09-01 08:45:29",45.8,2,"aiprojector,boazx15"
7264,16676428,wayzhengong27,"2026-08-08 06:34:59",44.7,2,"kkkuek,wayzhengong27"
7265,16705637,"Vedant Ghodekar","2026-08-11 05:28:57",43.6,1,vedantghodekar
7266,16742172,"Felisitas Mellania","2026-08-25 18:57:18",42.8,2,felisitasmellania
7267,16784650,LukasM1,"2026-08-28 14:15:24",40.5,1,lukasm1
7268,16624553,"Abiram Bharathi S.A","2026-08-22 05:13:32",37.0,2,abirambharathisa
7269,16662721,"Manish Sharma","2026-08-12 17:44:16",36.4,2,themihirsharma
7270,16771156,"Ronald Ayamba","2026-08-25 19:16:26",33.5,1,ronaldayamba
7271,16664822,"Prateek Singh","2026-08-05 05:30:22",32.2,2,pra73ek
7272,16689555,"kelvin waruingi","2026-08-09 22:45:23",29.0,2,kelvinwaruingi
7273,16661152,"Dr.Abdulbaset Musleh","2026-08-19 20:09:26",27.0,2,drabdulbasetaledresi
7274,16654026,"joju shaji","2026-08-09 16:36:43",24.7,2,jojushaji
7275,16805234,Ryuzaki2325,"2026-09-01 19:44:54",21.1,1,ryuzaki2325
7276,16632708,__Taichicchi__,"2026-08-31 17:07:08",17.5,2,hutch1221
7277,16720136,"Roaring Cotton","2026-08-20 07:33:15",16.2,2,daviddavidelijah
7278,16673732,"Async Null","2026-08-06 16:55:26",15.3,1,asyncnull
7279,16804924,"Kevin L.","2026-09-01 19:00:43",10.7,1,zorgis
7280,16658745,"Shabby farms 2.0","2026-08-16 03:10:28",10.2,2,rahulk5418
7281,16644519,"Shambhu Shekhar Sinha","2026-08-12 18:55:43",9.7,2,shambhushekharsinha
7282,16657568,"Manpreet Singh","2026-08-08 13:45:41",5.2,2,manpreet1994
7283,16659501,Duckey,"2026-08-04 13:02:16",5.1,2,bokangletsapo
7284,16644439," علي ساجد","2026-08-02 21:40:07",4.5,2,jdvdjdv97171ushd
7285,16674526,"Imdadul hasan hamim","2026-08-13 07:32:37",-0.1,1,imdadulhasanhamim
7286,16676890,luciferingstar256,"2026-08-20 15:40:55",-6.7,1,luciferingstar256
7287,16659057,"Jolvin James","2026-08-07 08:04:22",-7.6,2,jolvinjames
7288,16732320,"Malik Muhammad Arbaz","2026-08-18 13:05:51",-8.8,1,malikmuhammadarbaz
7289,16654404,"Madhan Sidmal","2026-08-11 21:28:45",-10.4,2,madhansidmal
7290,16792531,"subash jayakumar","2026-08-30 20:14:56",-12.1,2,subashjayakumar
7291,16624666,"Avik Das","2026-08-21 08:57:10",-12.4,2,avikdas567
7292,16689681,"Prakash Rajan","2026-08-09 16:37:56",-17.3,2,prakashai
7293,16780318,"Piyush Darinda","2026-08-27 17:28:07",-21.7,2,piyushdarinda
7294,16679250,srskat,"2026-08-16 08:26:30",-24.7,2,srskat
7295,16731488,"James Kimani","2026-08-27 13:18:20",-25.7,1,jaykim122
7296,16755427,"Daksh Jain","2026-08-21 15:18:57",-30.5,1,dakshu081
7297,16735078,"SUDHANSHU PATIL","2026-08-18 04:37:33",-32.6,2,sudhanshupatil10
7298,16710428,"Mansi Aggarwal","2026-08-31 18:21:35",-33.6,2,mansiaggarwal88
7299,16622991,"Fedor Grigorev","2026-08-27 15:30:57",-44.7,1,fedorgrigorev
7300,16663728,"Al'Humairah Ali","2026-08-10 17:28:01",-46.7,1,alhumairahali
7301,16794008,HyperPlanz,"2026-08-31 13:08:38",-48.5,2,domiandr000
7302,16758417,AthulJenson,"2026-08-22 14:21:26",-56.8,1,athuljenson
7303,16683041,Abhishektyagi649,"2026-08-07 08:37:09",-58.2,2,abhishektyagi649
7304,16685888,LeulYT,"2026-08-10 05:35:44",-61.7,2,leulyt
7305,16662922,BrandonDucar,"2026-08-05 16:38:12",-64.8,2,brandonducar
7306,16629006,ymym_tymblack,"2026-08-22 09:44:39",-72.3,2,ymymtymblack
7307,16713011,"Tasmayu Swain","2026-08-14 15:49:35",-77.1,1,tasmayuswain
7308,16731829,"Alexandra Tricia","2026-08-19 07:03:33",-81.8,2,alexandratricia
7309,16657035,"Christvin Mathew","2026-08-04 08:55:56",-82.3,2,christvinmathew
7310,16675801,"Neeraj Jha","2026-08-06 13:43:18",-95.1,1,neerajjha1996
7311,16719181,SaltyCode,"2026-08-16 04:56:22",-108.9,1,saltycode
7312,16659864,"Twin Titans","2026-08-08 07:50:33",-153.2,2,"sivahokage,solaisararaju"
7313,16728276,"ROHAAN ASIF","2026-08-16 11:20:59",-155.8,2,ordinarydev007
7314,16695221,"Muhammad Daud Abbas","2026-08-12 20:04:32",-157.6,2,muhammaddaudabbas
7315,16665495,"sai chand Boppudi","2026-08-07 04:19:58",-160.4,2,saichandboppudi
7316,16668701,"Nihal Jamadar","2026-08-09 04:28:26",-161.1,2,nihaljamadar313
7317,16660261,"YO_ONE CHAUHAN","2026-08-08 23:49:54",-164.0,2,yoonechauhan
7318,16717416,"Timofey Kalyak","2026-08-20 07:04:06",-175.5,1,timofeytweaky
7319,16692837,"Sai Uttam Gite","2026-08-09 11:36:32",-179.3,1,saiuttamgite
